,F1,F2,F3,F4,F5,F6,F7,F8,F9,F10,F11,F12,F13,F14,F15,F16,F17,F18
1,-99.98535418032542,113.64893222155439,23.364073770540134,-127.95186806261395,78.02286698968916,8.847475306739874,-15.456162867553896,74.84685265249014,-42.09896951871149,27.073914643844635,24.97569087468562,83.91138676546385,125.26006461876901,27.872064778855002,-19.837032274179347,79.75333885894749,-30.00378139403336,-71.11755328534956
2,-143.12154157438903,113.76385766248868,23.654054848148633,-135.02115832381543,90.65479569056444,-17.441585216453475,-5.983936094759836,-90.56434588385213,-43.60120787680797,30.704037813963286,26.588280862169203,314.8068831413058,138.30104667794447,33.27327095790894,-25.805059603627832,115.65403388425224,-38.56397708477823,-86.99753912431272
4,-206.696337529875,46.905841377593845,50.306639764719655,-171.60770106003557,107.56793298761531,2.2223283321682716,-0.5251277640440923,-142.89419343602847,-14.910502929925062,16.9214425411807,29.67080501880043,114.07357195725486,178.23974470082382,45.45981490020301,7.193699563032401,135.6642958926506,-123.64519746210097,-132.6246367909757
5,-140.37137942331498,132.8128994986332,-2.005551375903665,-143.79776814869,81.56942609568708,-15.022439101991221,-27.95748402070881,-99.42997520156588,-69.66853585133744,28.409394027989975,2.0891187306810504,147.5531959642832,144.96692211383007,18.975373319870055,-43.058706896798235,125.15366369975071,-243.47100126671344,-59.35612722905851
6,-60.331425467785536,47.00111622713702,9.726306134888167,-7.996827924551483,31.57222888270865,-1.4794835930332932,174.25472427111038,-32.998076043218155,-18.39298258578282,12.866452454967742,11.858091169258723,40.028010701230926,51.576799992278104,9.874477347709878,-15.381899571622222,36.85906040690989,-6.322866420605619,-20.074851220310038
7,-141.75830079407348,137.26091660430515,-1.550152164490534,-145.1190805849621,82.33272288225957,-15.03529228931417,-28.08590689023701,-103.70085811951006,-70.2228898207134,28.440312563999544,2.520004560005448,146.70881326975356,145.36434247309236,18.920192622054905,-43.6600332589803,125.32715695734564,-244.5646534451985,-59.857859307531044
8,-184.80582659555247,293.1781850637757,36.97227281282418,-163.08924633573002,93.65941933279576,-2.312031080348526,-10.310048291214736,-127.42518593137709,-57.362134830759054,12.754445777883008,14.378991681341427,48.43411039929674,125.02637055807973,27.246259787916564,-41.33646871435419,124.89103479212635,-74.80201479715042,-108.41086111071989
9,-108.09020261800715,66.2599477852776,10.837189624944637,65.77747308337433,46.02300598549053,-10.316169015927477,-12.057955440324054,-61.47633099276895,-36.533430444664546,11.509906158462783,-1.7140012834528098,69.8997028283992,72.70725973441742,7.500817024031264,-5.906688619697573,171.97805887821576,-31.529248560267792,-45.848899224069335
11,-210.81589081489346,52.210316426476865,44.93008950231376,-171.82834722077033,105.98736026567033,1.8328844867916212,-5.909680230970474,-145.05668713959875,-51.97833876032167,17.862645253020037,25.108144423215936,112.76627937524292,187.29596607712864,38.83430776438491,-1.8919857266844735,130.94913298397069,-169.44691383803584,-129.8758291205315
12,-151.32901686507412,22.327494538975667,9.946426473078686,-164.30954143479929,95.27455579233431,0.0818359308275591,-20.033233362602363,-110.01986286753365,-63.01259663298476,20.397484846536685,2.1299912977625644,66.63721705019705,64.90638509971605,38.95815286374492,-40.021791381700695,139.76445650240493,24.24001437092522,-96.87051287780521
13,-152.4805948265475,81.18324507182047,-2.833199403528804,-155.83673495017428,50.87235770892783,-47.73157751494817,-36.73214733145514,-124.302552267286,-99.75692109499487,-0.1259723443211394,-15.832605403894647,78.16745187512907,162.03202853515603,-30.186630426887895,-85.4846775294175,110.42605311567733,43.64252991065431,-19.28397589326819
14,-96.75930372282718,64.52938588616833,12.433468615606996,27.80701064268226,44.16146170822062,-8.437909312154668,-11.28495639684365,-56.53848873839683,-33.64918376486544,11.856996555878164,1.2973844994830863,63.851521763463744,73.93640889701537,3.099944836102379,-4.239822316891229,219.56887938842732,-31.084981787887795,-43.803549367822804
15,-129.2271297910792,124.62670977290453,18.041949104282594,-135.4779418994818,79.5145599301581,3.874635999278606,-18.789505692098103,58.932080670364634,-51.864928010871296,27.78537004668007,16.213012821737614,91.18746526046735,130.73841067789198,26.008447365148477,-27.545326351509335,91.72839532791073,-80.88747122755278,-67.54468661992223
16,-184.52494908848436,283.1461688471184,35.994746987586566,-165.27296717366673,93.30585753674488,-12.101493940096631,-12.489756192459703,-92.99275719243464,-60.21468315116941,14.482513005548538,15.150485530821335,51.08451768445012,110.36066624876588,22.406187565976808,-46.629750793895646,119.97499207357718,-77.44530322138995,-91.7636257867465
17,-71.97581785965035,40.231129828507775,3.479311571772579,-59.297328035668755,203.36564138711597,2.5449336841099583,-12.706046932544245,-49.29573281946195,-55.5824363506183,10.77093758964111,2.219250564274766,50.91516517298624,30.270590543886478,-2.021623615505842,-26.971059429273275,46.24630663838316,-4.430652704821544,-35.051684220705155
19,-138.8935145862716,102.25758127312268,27.77829963468592,-131.4657906516033,88.36762511230735,28.647421991375143,-4.304297295084364,-87.7971021021077,-39.568481619770225,33.05028493222447,27.750906541528735,291.87015573932416,121.49635438909938,34.183487753215026,-33.543453856477186,116.47163919516854,-49.49840040148335,-97.91511055915477
20,-81.48550821412115,45.34602033536161,-4.938391489896077,-82.3325283880966,36.877950736939205,-45.41577102161188,-22.919776807786747,-53.11850938127574,-60.908869531615856,8.252257408551516,0.5201340543627833,116.09672284158809,73.55570203584544,-12.697902759544078,-38.281322840922485,65.22334791113597,-8.599572450359055,-278.64579214333764
21,-10.155477146027762,81.4775340454632,23.866974501521625,29.26013841964782,66.95980180088509,8.91208321058735,-7.147603381611468,-67.88139111270064,-22.741739314372825,23.678895747239494,21.652580804128856,59.870533151207376,100.46540192134452,-1.8457252070114951,-9.17659719797996,62.17851072027339,-22.087275605267067,-57.14746000089419
22,-109.93748913928377,125.90811614826906,11.15684263926363,-91.73087831284919,61.1407507193161,-6.004900149375608,-16.0714795146227,-99.13658295402793,-53.920633140858236,20.981501574092377,10.003379181086538,103.68001550471317,-93.95495942873536,11.605938408849118,-6.144319624035218,93.79905623483492,-15.429754854484104,-53.847834267407336
23,-110.19185315232565,153.9270677492755,0.3400878913059995,-103.81338653188455,58.363875896416545,-27.57285104628755,-12.333950159755014,-86.55546333832675,-58.92707617667346,8.977550199940039,9.78716847672932,130.48600670775278,196.85498463647815,19.404775582292235,32.32248426777345,75.79737444689071,19.89017313175236,-8.044252995209474
24,39.121832842383064,77.31284921238746,24.723446742346542,-62.50744356171443,70.15732605474761,14.733647968544407,-11.681074109442157,-38.18358206819194,-17.313519839758285,23.903176744623494,45.49496442693411,59.95539591880143,113.42301828059585,18.50289386094057,0.1674538429806094,51.438761143316604,13.89051927243924,-67.15918175011433
25,-115.94073082537476,60.84843219198727,13.26340987840656,-99.43846690701038,55.2807342234118,-11.521233850807489,-6.150470858852618,120.53628824620122,-35.73120218756354,13.14023959915921,-6.311926223171861,97.3517899510305,91.20092537393377,24.896407460534576,-17.309939169964498,110.82457735401692,-23.42941603572666,-67.27216958879093
26,-180.96008266156755,288.9262037732531,31.172798399113624,-158.86149605231742,88.67342044728639,-19.885576554132527,-12.27698797938057,-122.07246027660037,-66.46234939150438,10.881621508830994,13.013595750492907,58.59707776145226,123.6279460310108,19.526225092985484,-36.18830915644398,116.13430709163221,-65.89831815037684,-77.06587247064667
27,-131.7114551230498,126.34495388152757,-1.6199988555154041,-110.9791149085224,72.46267727108777,-15.0136484766333,-29.609024221308736,-96.73564555486914,-68.8779614757537,24.10769788028713,-4.065471407064639,100.3055538459696,135.49439107630727,12.575375069675726,-36.91785861819857,137.0856164628734,-239.87521684958102,-47.615807964036705
28,3.1914226829587773,84.13251395439471,21.286070597762684,20.188828532688262,64.11817715681191,1.840166966213325,-6.2937091458128345,-85.8099986856796,-29.6257623546951,20.72567190897014,8.011820182571741,70.07851607622173,94.32820385224365,-0.5733809817499393,-15.748058586377358,77.48755863126021,-34.83196266918161,-56.953104197024736
29,-184.4664705642404,285.42972839317434,33.61366279218083,-162.8054006772208,89.52934674282658,-14.831690203115414,-12.835689559063676,-125.73411227348538,-62.25335302726109,13.29678928441933,13.324742728943717,55.20093395933542,67.43205319863192,20.27532115784119,-43.404096156763,122.5333861580906,-72.92782698075455,-88.94777355945257
30,83.06420822852205,103.28992250199083,3.5880802920129544,-140.92451276245825,56.936355330000055,-24.253457767699576,-14.399423434664845,-130.03305293246996,-62.899384930307875,9.449398270885466,-27.725239732103816,98.5256879142936,94.05784812427572,26.714984680299477,-38.350568830252115,137.1876082983416,-110.97096618758107,-60.3509070824908
31,-112.65436557204448,52.15902401168616,11.50099124383813,-68.8301106132678,50.09539423836072,-14.723797458867445,-5.607582302496606,94.73001149170486,-34.33417724398137,10.504428846601204,-10.06304133589348,94.74657013796636,83.15862733807553,20.410616703521672,-13.46555264791769,130.96773059571802,-22.44051349793299,-63.23810194256898
32,-120.86553114716916,136.419925659268,29.207128023613016,-135.69592005879602,91.01970216684907,-9.213476544450618,-1.534292145853289,-98.03825375620062,115.27725014805402,21.576444846640555,23.568139998734562,100.74607172683399,88.85759111304522,48.1022125996515,-4.216409337195874,148.9810485243408,-25.109104952627312,-78.36612698556115
33,-147.39459038992786,118.4882813186249,30.097915307827023,-139.71865863871835,96.19479445224154,2.0845764210843107,-3.798447552353355,-96.51181883360404,-33.489858364868695,32.78495366846553,28.10538745200089,303.5146971833552,139.85485170802107,41.85108728561014,-31.525236890194726,125.38373132924573,-48.45697335897109,-121.82530427994963
34,-61.186160933710234,35.2099564213634,-5.823771886473634,-56.23803137628323,33.76322979467512,146.66745484215653,-18.717422943844664,-38.67121011496334,-43.11770707389797,-1.3199963175761613,-15.501223191757372,113.06537905616302,46.36977264736625,-7.654506543310562,-33.434286890118386,50.928589860247214,-7.263656424797928,-33.4430383785684
35,-141.71662883522916,106.91937872598963,-6.0727402187190025,-142.33678737511397,42.646930794755484,-56.11651250646433,-35.71062327526919,-117.94960411202177,-97.13917789470968,-2.32803986965071,-14.75020053156279,91.17179721965142,175.28086303241054,-35.55332987321462,-71.1902980234023,96.92005999471726,45.64772849051013,4.2265303876633595
36,-108.05692204896913,83.08520639015838,13.304330110196537,-115.53081518210547,67.07107374018115,4.393344690381847,-9.985390523978541,-85.63267895823292,-38.01902459799633,197.37816788778036,10.951702707638088,44.8462289618061,117.63995017916066,39.25083515491545,-33.33796085967369,105.902706892546,-17.19774152018438,-42.433500549780405
37,-150.8159718595168,16.673625108786528,13.742922968084144,-167.8031127547492,98.54252901350455,0.5786398661231446,-16.96449227147755,-110.08684430845979,-28.820175638419176,20.95611883017349,5.269267675104117,67.14368063402821,102.61230475835917,45.66616000510777,-38.18305716885322,150.00495428901792,22.24796651910257,-102.28538625117613
38,-184.4664705642404,285.42972839317434,33.61366279218083,-162.8054006772208,89.52934674282658,-14.831690203115414,-12.835689559063676,-125.73411227348538,-62.25335302726109,13.29678928441933,13.324742728943717,55.20093395933542,67.43205319863192,20.27532115784119,-43.404096156763,122.5333861580906,-72.92782698075455,-88.94777355945257
39,-180.9008176652304,280.13402145953154,36.35426240227491,-163.70001411513962,94.39541028198623,-14.659974043791097,-10.045334888426595,-123.72820664980085,-30.536523849035643,13.67387651680104,15.740781244333707,54.25841041758641,99.68167766471144,25.88154404036516,-41.794314770823405,130.33238524080744,-72.77510006611246,-91.87408863543523
40,-150.8159718595168,16.673625108786528,13.742922968084144,-167.8031127547492,98.54252901350455,0.5786398661231446,-16.96449227147755,-110.08684430845979,-28.820175638419176,20.95611883017349,5.269267675104117,67.14368063402821,102.61230475835917,45.66616000510777,-38.18305716885322,150.00495428901792,22.24796651910257,-102.28538625117613
41,-186.0299003356838,285.9734903504061,30.77485730264133,-166.54308669830803,93.12972372768229,-15.939980695293064,-15.27100253889837,-125.7573661671291,-64.8394436742395,14.377406796341488,11.315753034191205,54.14509512869984,113.96636027128204,20.167925046034963,-49.87701291284917,126.50291200757124,-117.6233496017546,-88.07558681045387
42,-158.74872124567395,142.11552653141896,30.511286019222077,-147.29524296820628,97.68515088803703,-12.400949732979633,-6.098911849025419,-99.00338001827357,-46.98210880201042,31.621624326818807,27.110898204434143,299.1039521465859,124.7803075388269,34.296624521067876,-41.62138338467226,125.1996055047824,-62.2649920627585,-107.11600074900295
43,-154.19338615611625,24.172280658499254,7.163911994557337,-169.2612235797182,95.88059707828937,-0.7226886595269265,-22.6241635093351,-111.1203424996637,-66.46136307902005,25.230190264430263,0.2763993630926777,65.92193524358956,112.072821216297,39.2232732646968,-47.06730084482796,144.69924786686553,-20.621437718635242,-96.21639442107902
44,-66.17238550881787,47.437656136351926,12.575016780833845,-56.54566394676112,41.13892937921286,-5.2831380429222,-5.742872363436883,-39.624935627031896,-22.359221356984712,231.3666948195844,3.265738261142099,72.33009520258915,41.99522252285632,-4.273346618488513,-3.6953258337487376,55.73501862278943,-35.6441286257205,-56.00976426586244
45,-125.13645210487084,108.870753127548,21.06412154692915,-129.0227184766094,74.02693130028672,3.9348808940969175,-14.009860569848216,98.34308674565872,-44.61299280851639,24.71317493765369,14.821445399222085,88.3675705909962,119.15205441133081,27.67389394501794,-22.91536734132839,93.94890509759527,-36.960228799266865,-69.83090631044843
46,-140.6014399212976,154.90801525782987,25.54386108196533,-142.73315484587172,82.18818006591123,3.5268458113303844,-15.534776970307352,54.3168235734138,-51.02388164290562,25.164582408034565,18.924089375352686,81.45681954888639,120.04150730098151,27.256763302226876,-28.720270558011414,92.470501806192,-47.895216933520736,-75.26778829912449
47,-169.85398443466428,6.845406698359603,17.429251965640027,-176.0498162494366,101.01998796663875,1.6606872486096311,-17.801530215581124,-119.90631418812845,-63.02759276861412,19.403104324365998,5.352631454022114,67.84105189070583,120.62966542463495,42.641024748946165,-39.73253766931125,146.1127019907254,3.1063236909186775,-111.88361016529952
48,82.70438946157742,103.03298520354814,3.6931064017371686,-141.00827915286277,57.23909399247285,-24.56979709760142,-14.205835506279538,-133.0994104965164,-62.81337729219601,9.576377874237307,-27.55748557613268,102.88074224390886,94.05955551488734,26.855996696899908,-38.595645253273155,137.8342513206144,-111.16897064492383,-60.98961570498636
49,-78.32031163537319,92.58787233434992,8.156753704110972,-58.67146125896091,202.71763905803272,-0.4563521786624627,-11.263777486757466,-52.185133257348994,-55.885386238217556,9.298512702214564,4.38564866056415,48.342098060659275,30.76926760775656,-5.884626038694709,-27.655210679910667,42.41750789767504,-23.879853317119196,-33.27506631210529
50,-139.76846220792459,2.21991325680248,6.504358753457851,-152.7287367463217,87.19871568760898,28.608198337474892,-20.814505730081073,-97.65328926659424,-62.35280107801467,16.456366194262547,-2.659781749884557,72.6490429488782,89.75636069402687,33.0151490851815,-46.638773959041494,130.31378623419562,25.525941262634362,-89.83346655496233
52,-213.09461978207116,50.8689359785692,44.699541662845576,-175.61393058131105,106.54747206220243,1.7404251042802725,-6.161202271786465,-145.67867434644225,-52.667039870242036,17.81545906239196,24.859884778664004,112.75208102261028,187.43218016976124,39.675283177373274,-2.4984648030671597,132.35266452877175,-168.4869458995656,-130.73173327921515
53,-213.57046208343485,46.091277640853114,51.013324369073295,-173.0747885729877,108.7293267197641,2.2751503532417465,-1.1826316928259568,-142.24206639494795,-46.41988727870526,22.704677060868747,30.38767998759329,153.57816684546395,182.5548810636896,42.39891228825979,-0.875189597016682,130.6214029913013,-131.4468378089391,-139.97399324595366
54,-107.47360126144679,74.09668264595831,14.933453261236641,17.88959290348093,54.71917477650577,-10.83401471869723,-10.50893111396825,-67.0265824688795,-6.790432941523115,13.757560623553008,2.2439857084184474,77.53370673215935,79.13510401283982,10.15977565727,-0.17031152282451872,200.96406879947807,-30.87330109642605,-51.07082499028931
55,-186.42608399112936,286.5619022319219,30.47034623485309,-166.4436852052059,92.589050001109,-15.959060268551323,-15.581041946746934,-125.98024456976071,-68.36353580515345,14.335508214965742,11.047304310258983,54.24981996667196,110.38306866393987,19.545011392421188,-50.055877511286894,125.63635655393603,-117.64031925893705,-87.75044069090025
56,-44.20449100299093,41.714005336419405,7.906894400476351,-32.78379906802844,26.671264586630524,-1.804988009406826,210.28000898964032,-26.547804847822512,-15.964978684086347,11.397918795096821,9.418942691735976,33.80497871697998,45.48282321431301,3.867907178913051,-12.02701463553868,37.7758599574964,-2.1280876087695297,-14.530047031227573
58,-184.80582659555247,293.1781850637757,36.97227281282418,-163.08924633573002,93.65941933279576,-2.312031080348526,-10.310048291214736,-127.42518593137709,-57.362134830759054,12.754445777883008,14.378991681341427,48.43411039929674,125.02637055807973,27.246259787916564,-41.33646871435419,124.89103479212635,-74.80201479715042,-108.41086111071989
59,-113.23073929143821,140.76661474540285,-6.089841406146401,-107.8062907579975,50.81643106980093,-48.91499250372477,-18.774047245343603,-88.07933322497883,-75.30541963087067,5.092430181237905,3.682385345650881,132.46654108451273,191.43937170925992,1.4971384297899433,16.04676834175739,72.1430032324985,32.82273687514045,22.153086260740352
60,-185.20529957885617,292.72840900617473,37.46317572065992,-163.7282078184011,94.11609336174529,-1.403791186636408,-10.334563330308068,-124.55825748640764,-57.00408246273868,13.10768731178346,14.57923949912026,47.6205926299955,123.89888605066464,27.548797705458494,-42.38327684419595,125.22660387070434,-75.98428770439392,-110.05967646843256
61,-133.51549507349293,164.55343339950002,31.395400678507887,-128.66274883793656,86.91578732683477,55.7743106743582,-2.2697486267411464,-111.57010108235235,-14.41749557889422,21.566188783530887,18.83980790277746,116.07452092024562,190.7602819105417,57.161856528116445,-3.459619850212909,123.37129105270006,-32.61426755135208,-173.62892671127202
62,-143.49213998417204,106.25394969889203,28.92259934119436,-139.83782009199936,96.311088725301,-10.917666383026756,-3.7846651816600483,-92.6305108915238,-10.342524894470442,33.42781666422029,29.181054753469883,309.8455981814297,116.34721301973907,39.774006607716586,-31.43770487897319,129.36711783726227,-45.716503001935635,-103.59615555012806
63,-135.62513947058542,169.2352302485965,32.223453166840685,-130.30791040271515,88.07968428848189,56.37595498875104,-2.0264804913446643,-112.96160024326998,-14.444958046685308,21.708346187523507,19.266809103373,115.62088472381386,191.47912288164915,57.87369098317362,-3.6842026049591894,124.55759058344384,-34.02575755216507,-169.9961120815455
64,-125.89699232534704,163.52224711482413,31.009166063742327,-126.3515333684664,85.51862717392136,56.398303442940446,-1.4511671987125554,-111.41909649662234,17.924679473034878,19.529654842640728,18.021010780510714,75.59314551925715,183.64751102771336,59.85000649011425,4.005445001507507,128.12880945083705,-25.94705016546458,-167.67744945455868
65,-184.86850207211037,285.7897843200846,33.54726014393317,-162.95275583376326,89.36632409564511,-14.577750150071793,-13.111135630251843,-122.68285516801193,-65.57357817056585,13.373463075156506,13.238868285199258,54.89401716981901,68.14162289630315,19.865494145040977,-43.905526218914,121.41099129600404,-73.39654426200055,-88.90421266262834
66,-98.7110939092256,64.29029797752314,13.332487022711723,22.385651137306297,45.46501649777834,-8.277096969394135,-11.15094599997663,-58.20410040806148,-34.02361321237702,11.978693693468394,1.7759042353338985,64.80320663800903,76.48895667916682,3.188155951686562,-3.6436998046571505,221.74711241396918,-33.279736999892656,-45.571521031938566
67,35.15991732742948,76.54381759284051,24.65093925950423,-57.76740047374476,69.83940909330364,15.094534421160267,-11.648803034845036,-36.76289539809827,-16.728691944000996,23.95121795708047,46.07450100377547,59.29822656071106,112.74558655981164,18.668899455146416,0.29604928120611607,49.14285267749507,14.91084001695234,-66.78718802843183
68,-125.57447563508946,130.03331909825758,12.109007407219769,-123.64219112959307,62.971991373933875,-8.795000906628387,-14.96554716889961,-102.8116301503959,-24.546381554800874,21.39576986644697,12.014961381683985,116.61837577721981,-94.08665306588605,22.423172394430857,-3.623252428992057,110.2177407600085,-13.878651013027246,-58.501757134105006
69,-169.55009582075303,8.16145199874686,18.072244895385268,-175.65052582682532,101.77473244930032,3.7949013943533543,-17.157520507022266,-119.75392719946325,-61.389758423194394,19.791616326236213,5.963109767129958,67.64299845302983,121.17122671735677,44.431788464196394,-38.104966076709644,146.47813911216465,1.8130673165798714,-114.9033440908945
70,-135.8946055226108,122.88776789601467,-4.33370822939094,-136.84439286242792,74.58165024097546,-15.304871495370172,-27.864590161335755,-67.60303196871097,-68.40254579187625,24.249983878143368,-4.197954488824607,105.22346837023827,139.5197862339375,17.08686152946745,-38.75281618217515,123.9037442448828,-240.07186352676683,-53.33848070567756
71,-181.23838602981627,279.5118386277533,36.10286103020235,-164.17684973621473,94.11564272593468,-15.47679229319128,-10.411687366991076,-124.06813387030563,-31.317408623672648,13.25878693859352,15.264340052617964,53.72912140128006,104.71584268742578,24.859110681156682,-43.26966142595321,130.34850937683825,-71.74061803601299,-90.96990109042065
72,-212.9808956060223,52.62700879394062,45.0186526148578,-175.07410002317746,106.52098539816042,1.5151426712183174,-5.8917619330724555,-145.3456604750654,-52.293454879910655,18.06329537659769,25.345330058475664,117.60651806665444,187.81535858324878,39.56683218640141,-2.3597477302938943,131.95047930663003,-169.89069401951184,-130.78851282664903
73,89.16363600183247,87.51544164377799,6.807034569465297,-128.8893851717669,51.89288573938557,-24.196891484773527,-9.474533419957126,-94.22011379903353,-55.50868436557158,6.490656603805593,-29.279310150122146,95.85685879692787,82.64423222873857,27.545169425510792,-33.38944371747006,135.22953619144926,-67.0023862844957,-62.7903230324532
74,-212.29244031374463,52.01500527435319,44.73738464167674,-171.9294980033987,105.6997127371825,1.511225640314167,-6.0310610058221625,-144.8599305864686,-52.239760023664296,17.672734697990048,24.80246439123237,112.99094175573278,187.00942138905137,38.97724109409969,-1.7302326550681684,133.31815160852727,-169.5937993083897,-129.74639743953125
75,-109.72417420980425,52.94405875144792,3.2628452021296637,128.51466961308097,35.705185434185275,-5.616289320909622,-9.328102472328741,-54.901622835031745,-27.4526483752632,12.734739590602297,1.2137177479652816,59.21984409523264,48.428546593384205,32.91789926903851,-24.938762400991184,36.18215533281232,-18.56335394089068,-40.706471292886015
76,-133.32040313066594,90.02043539690624,22.421282892592707,-125.50608729269517,85.73466647021615,17.406475961235355,-7.260630651577765,-80.98749523917944,-40.43933405625287,28.644528510460045,21.530602528471867,311.3227576109878,108.20400428012206,27.861414532788388,-38.95641383520618,110.68027696692353,-43.99474299608829,-92.0772962009845
77,-9.684967055385691,79.98556193685107,24.02770787087205,34.08150177106215,66.20331639894387,9.094284513096719,-6.745892634612068,-67.01909390176581,-21.907102029543243,23.369254734696767,21.735436949970623,59.04436681453264,98.6834358449262,-1.4535928626167651,-8.934926685822187,60.13190045445334,-17.645904607435405,-56.99491508441988
78,-126.52219813966632,172.72164374535276,26.07690626854299,-122.37226624454915,80.38415492783356,50.59419478072183,-3.5101378473262352,-110.33025467876136,-15.24746062372346,17.097560223859976,15.773715123829405,81.26912533585158,202.35892766850174,53.984855889296796,10.188281606677897,115.19191606667839,-19.01509022643034,-146.76016589208572
79,-133.19574076598812,164.60742089016244,35.14363319577389,-128.26149053375147,87.12477472462771,56.73341097483573,-1.730671312097076,-111.39032327439001,-13.519846526712657,21.90089727161846,19.69536787024634,115.14217134205359,190.72179843813274,57.73469172673858,-2.725111745544428,123.29159912614341,-32.639510145375084,-168.90765980451056
80,-196.30043979029708,34.656437253499355,81.70805434842363,-158.12204947098172,98.58360386298219,5.339157369227364,0.5438279884733113,-132.6417405549467,-41.01882805200001,17.025146345038905,32.31102296267778,96.71542394287269,172.11056896802629,38.55795480175253,6.315618255823444,122.24466075660025,-122.59371912670045,-126.29484682543392
81,6.477549583658003,83.6297779783307,21.21308826993445,21.13835877897522,63.67545434168081,2.307915029488218,-6.434200203716677,-84.76462038762124,-29.181185982967563,20.539570865952083,8.383111148657134,65.24462387846467,94.16036511399562,-0.8028430958223673,-15.04952218359223,76.21148611417692,-33.57426387209593,-56.28522731450754
82,-168.27664135678435,5.992830717062666,17.57101960969608,-174.1385034062679,104.08799578192455,2.6708611645118374,-17.31516441068525,-118.42229059613386,-62.140071098274184,19.61944488057004,5.720878111629849,67.29640484975911,118.10291691306954,43.21371696214977,-38.5584552803327,144.83967856807294,2.1004013090836984,-112.22952849330309
83,-143.7504355635754,105.83110678597134,-5.601380059006038,-143.21115063808224,43.013364154284275,-55.90340748367045,-35.72847283723481,-118.97812236274758,-100.46167125300346,-2.4498205747867354,-14.65817234327768,91.29645671243051,177.1215838380665,-35.70663967803011,-71.1786612730568,96.58207988575191,43.40782235705447,3.023468434475409
84,-133.32040313066594,90.02043539690624,22.421282892592707,-125.50608729269517,85.73466647021615,17.406475961235355,-7.260630651577765,-80.98749523917944,-40.43933405625287,28.644528510460045,21.530602528471867,311.3227576109878,108.20400428012206,27.861414532788388,-38.95641383520618,110.68027696692353,-43.99474299608829,-92.0772962009845
85,-113.62544601531908,140.37743771733125,-0.46359334478510006,-106.88299550587138,60.44449071300475,-40.954724612660634,-13.098150147955742,-82.93529545072172,-64.97141061762171,11.451009403754973,11.464636344585621,172.33912122479947,183.66023002487916,15.370909586986516,24.985098952939023,76.29198323254721,17.384143880029004,3.9650519057790037
86,-105.8932190911243,141.10432424802676,-0.5307170075384329,-104.03194947826766,59.02084389604931,-40.55601427714035,-12.010128381213145,-82.4512769936149,-32.25565057536125,9.66231177707054,11.131284502130534,136.71218286785515,176.93063755553837,17.950608558012462,32.58888087743272,80.64731640854247,22.647613145970276,9.859749615058472
87,-152.4805948265475,81.18324507182047,-2.833199403528804,-155.83673495017428,50.87235770892783,-47.73157751494817,-36.73214733145514,-124.302552267286,-99.75692109499487,-0.1259723443211394,-15.832605403894647,78.16745187512907,162.03202853515603,-30.186630426887895,-85.4846775294175,110.42605311567733,43.64252991065431,-19.28397589326819
88,-153.04123648349108,121.25740596464624,2.347313583470889,-147.92965184493306,83.81693723252233,-12.209320170481979,-27.45990676047894,-112.72735223727578,-70.64807351638443,25.190489696089873,2.3474291235291966,107.9702002409112,156.18615315972673,19.76350269494317,-35.241953630742145,128.05324121965552,-259.45843074146194,-65.12932753387332
89,-211.2996704550462,51.476800870719345,48.087465905012614,-173.50492403467655,105.52776226543995,1.7977525040877218,-5.721166147960198,-144.396337421351,-51.77222333902931,17.860767657744262,25.505083355166285,112.0160609296173,186.72472343263183,39.14998367861935,-1.6077890687161371,130.7037931974005,-169.04561855400536,-129.46561921132025
90,-108.43175428740918,152.70040118548394,-0.17063690287408606,-102.23736876706324,57.00769610135894,-27.682313715674365,-12.538847430669348,-85.52937026956852,-58.761617486153334,8.409806442010602,9.21275561185026,125.34839158576779,195.62669808270033,24.143293354681877,32.50555702432789,74.29680966737952,20.570076057184746,-6.388467687012897
91,-145.1506926437372,119.04748106960722,16.783985542872863,-132.15470221232874,66.49660895393035,-6.601551401831356,-15.062184645752897,-113.08171219908097,-54.537097632545745,19.974309420997702,12.853363552308378,113.81683316491191,-76.3907220976093,21.1588893424758,-2.7603784403650127,107.31369151016874,-35.61099060899506,-69.93722894031319
92,-80.08289849117742,58.381629252907544,-3.8344225862552515,-81.55389596987632,36.22398394186302,-31.80234623618059,-22.304382171746838,-58.04965700457322,-55.544951435072456,6.126796715504185,-6.603066374685772,74.65745678119896,87.95854488590355,-7.901913030799371,-31.399215529902964,66.55827035578733,-5.607792121087174,-292.33911657725474
93,-206.4289004466397,44.26608357921877,48.346111366347074,-168.75828946995452,103.4624493949877,5.148138548080862,-2.043632628494391,-141.52642164618086,-46.2067163418927,52.06041767378771,27.479729816222648,101.87571700607351,182.72925181418645,43.4151768524923,-0.3473439142611176,127.57211477317985,-126.06263849042969,-127.43256190000825
94,-162.90468532389238,86.28338529379047,3.9334294487089334,-156.76743537116332,52.674433830686525,-47.279580715636826,-33.73110705549385,-130.42618755426966,-97.18913885992029,-0.8243524094949358,-11.372261601063805,86.54608284564884,175.6456277129022,-30.12314262317594,-77.41293475480025,108.04633169403708,16.8501372773361,-25.266219867822596
95,-9.67634549597479,80.3258610771043,24.21272160655931,32.4479860014862,66.45888118328624,8.975675525300996,-6.815189891332,-67.18555789068084,-22.139560767707597,23.4258252929044,21.66094254251971,59.303953425475996,99.3006027155071,-2.070478030718601,-8.467432333879927,63.540034051044096,-17.970580713451234,-57.11285713390126
96,-146.080237563376,109.98514639048784,25.501416979461286,-137.50009322483987,90.33331558797553,-8.258876265250692,-6.953620340073757,-93.49440279023705,-45.421444201965535,32.56821075832498,25.973126143186867,310.9463101499317,82.92493851896364,32.914233152338426,-33.81724362037985,119.61277912214805,-45.69875088171125,-99.48543992727569
97,-112.65460392467554,60.345696215923255,13.190427550578324,-98.48893666072341,54.838011408280714,-11.053485787532596,-6.29096191675646,121.58166654425959,-35.286625815836004,12.954138556141151,-5.940635257086469,92.51789775327343,91.03308663568575,24.66694534646215,-16.61140276717937,109.54850483693363,-22.171717238640984,-66.60429270627371
98,-162.03166939759518,88.74817146520554,3.65661138316121,-155.5048769399541,51.888534475222166,-48.09676371250905,-33.63073960607182,-129.8937445638158,-97.25961387572114,-1.056737232541495,-11.254818295002108,87.85898332937897,177.15458324319326,-30.675143548290162,-75.98233312916418,106.66193437104452,16.826666521976115,-23.035475435048234
99,-126.8464320886211,128.8419285297717,12.541744105456178,-124.28543284561431,63.19870871817131,-8.519496606976281,-14.901538588062365,-103.82504794254871,-24.63465740790174,21.07033576722193,12.025109857742416,112.69489772990006,-92.95720934851293,22.538677585815154,-2.8651091934745145,110.35551249085685,-15.451835407894151,-59.10967136162163
100,-150.8159718595168,16.673625108786528,13.742922968084144,-167.8031127547492,98.54252901350455,0.5786398661231446,-16.96449227147755,-110.08684430845979,-28.820175638419176,20.95611883017349,5.269267675104117,67.14368063402821,102.61230475835917,45.66616000510777,-38.18305716885322,150.00495428901792,22.24796651910257,-102.28538625117613
101,-216.00205014653335,30.18925560128327,47.47067879870415,-180.08319554597685,109.66902042899228,4.375551112398054,-4.340752252949973,-146.78486918802687,-51.09295156945459,16.8223442529933,25.45192391106637,105.50311689292536,180.7538163436131,43.93488651347154,-3.0300703581577806,135.9169907879082,-121.47501119380615,-139.28833003343377
102,-212.9808956060223,52.62700879394062,45.0186526148578,-175.07410002317746,106.52098539816042,1.5151426712183174,-5.8917619330724555,-145.3456604750654,-52.293454879910655,18.06329537659769,25.345330058475664,117.60651806665444,187.81535858324878,39.56683218640141,-2.3597477302938943,131.95047930663003,-169.89069401951184,-130.78851282664903
103,-134.11511564214968,165.65451018491615,32.03619644414252,-129.59954497530532,87.97828184205683,56.51320041882455,-1.8194089544064747,-112.32454586953142,-10.806860562401093,21.899771596382873,19.45373486132905,116.68449093899189,191.10115650046686,58.420355230720425,-2.7305639219501434,125.01403707518665,-32.81786387229278,-169.635405694168
104,-120.63203578269548,128.42500092596893,-2.151679852916134,-112.82755039644923,77.2615024704625,-11.507523680713739,-28.07586789424462,-101.20258864183056,-66.75612449883313,26.503456031946374,0.42710215364931436,99.49469206359532,141.63317183636448,11.98830284462115,-38.01713778953155,115.43216011352969,-241.158864084022,-51.57337781216646
105,-211.2996704550462,51.476800870719345,48.087465905012614,-173.50492403467655,105.52776226543995,1.7977525040877218,-5.721166147960198,-144.396337421351,-51.77222333902931,17.860767657744262,25.505083355166285,112.0160609296173,186.72472343263183,39.14998367861935,-1.6077890687161371,130.7037931974005,-169.04561855400536,-129.46561921132025
106,-91.61544465729168,87.42751177258614,24.53430422252959,-112.3603345250906,115.05765174351329,-8.770054042906784,0.6744574774807744,-78.9952378536504,128.91829455369634,20.876410185080527,21.809788080952718,97.09160917088228,84.75509950556763,47.24705097471369,4.935462711648172,134.41627984950543,-13.81178525198894,-65.15556086531943
107,-129.2271297910792,124.62670977290453,18.041949104282594,-135.4779418994818,79.5145599301581,3.874635999278606,-18.789505692098103,58.932080670364634,-51.864928010871296,27.78537004668007,16.213012821737614,91.18746526046735,130.73841067789198,26.008447365148477,-27.545326351509335,91.72839532791073,-80.88747122755278,-67.54468661992223
108,-147.8046098113645,16.197386806757812,12.59098005673219,-165.48563606254032,97.06438605580996,3.196041120429649,-17.32524319728856,-107.91631233276271,-28.859772409395035,20.595380861795913,4.385349391925986,67.17720956800214,99.59893391800729,44.56591923706906,-38.96445127466579,148.38759476558587,24.658351687424712,-99.89792375111846
109,-136.7731917538686,135.38227248305998,-3.0558124731458065,-142.96010424464487,78.54203947095904,-11.859045802972771,-29.89336330456189,-68.76639956110128,-70.52861223245604,27.13959799447157,0.41157717096970814,104.00265266813052,144.94984820771398,17.56525315386573,-40.60794266658778,118.68723347702223,-241.4909566932859,-52.96904100410284
110,-86.9024011811379,89.98431405182126,20.525909374570194,-86.14582964401545,47.256507004947494,196.380603377429,-3.7738452721067204,-70.66715125724873,-25.427732090828655,21.0511665798112,16.2723548862276,18.91545777789578,102.86934965178298,23.22877604668279,-6.236288691643742,82.31037198229808,-33.40322344466426,-53.680108864285764
111,-103.60237012610203,113.26732374495674,16.42270435831429,-107.11112485878772,64.1323822710837,15.093376518528855,-7.047158519446566,-86.0713933429424,-32.2907027553908,196.85866776865373,13.357120096563458,47.18964882094177,136.12036471723405,41.5962773011323,-24.206743822189136,100.33046716694955,-26.611889721979583,-53.26144512313682
113,-169.85398443466428,6.845406698359603,17.429251965640027,-176.0498162494366,101.01998796663875,1.6606872486096311,-17.801530215581124,-119.90631418812845,-63.02759276861412,19.403104324365998,5.352631454022114,67.84105189070583,120.62966542463495,42.641024748946165,-39.73253766931125,146.1127019907254,3.1063236909186775,-111.88361016529952
114,-126.8464320886211,128.8419285297717,12.541744105456178,-124.28543284561431,63.19870871817131,-8.519496606976281,-14.901538588062365,-103.82504794254871,-24.63465740790174,21.07033576722193,12.025109857742416,112.69489772990006,-92.95720934851293,22.538677585815154,-2.8651091934745145,110.35551249085685,-15.451835407894151,-59.10967136162163
115,-130.7533867650707,124.07298646990911,17.823746266635112,-137.8796261460797,79.24657470720939,3.494901217812963,-18.768377918807218,62.2920363376766,-52.02957014017561,27.560022831299772,15.750507157490224,91.76034289113164,130.52707211764928,26.51830323363311,-27.618894190773695,92.57555374104604,-80.77877117182726,-67.72119690927335
117,-141.92195112099267,112.79517847044235,23.423796359455537,-134.4244448241717,89.58584106409153,-17.18116158017467,-6.0532877974312544,-89.46979029368059,-46.257950867092426,30.51991712230233,26.52604645535035,313.37853207609146,137.80250577357458,32.515680968934724,-26.192284607203177,118.00081429796963,-38.58248039255723,-86.25283180080842
118,-138.59600804582647,132.46498907740187,1.1926808762951688,-142.42513510631014,80.6754038808669,-14.974478167591794,-28.21603349381167,-101.59294444083739,-69.41491003821726,28.013304666363545,1.3631852653683234,146.46131695518642,143.55376301828156,18.47128599269296,-43.21300937045583,123.40889344390077,-242.8441639608022,-58.03696183521433
119,-216.21137378875804,29.649586152511816,48.09769387692289,-180.03994998391724,109.98937247237136,4.443060458015852,-3.869039689920798,-146.5747658546039,-50.544467879035714,16.959834477265847,26.003151316700517,109.55211347811564,180.39495433197305,44.29972478206616,-2.950420569283473,135.9108418167816,-117.65521101311245,-140.29584255355857
120,-168.12198382453101,5.755629713298024,17.51306307279729,-174.32748590358935,100.6239654694973,2.324723125023036,-17.411893742885272,-118.33251595480684,-61.79137467773596,19.496002120108844,5.604988217017695,67.17613848715395,118.66178254376781,48.75607453795828,-38.641760144361314,144.9868166890049,2.101992504845301,-112.05230624734246
121,-134.33022014372415,113.48377722921924,9.304132501863048,-131.35171218039912,64.63401816726758,-7.166169344591082,-18.47853198406829,-106.29277344989427,-60.624406510043755,20.953940665279823,7.979305705834112,108.55538073776657,-90.80566631793332,20.81953234215164,-12.475488008445133,109.48207458328866,-6.5083871994524625,-63.88543891647964
122,-212.29244031374463,52.01500527435319,44.73738464167674,-171.9294980033987,105.6997127371825,1.511225640314167,-6.0310610058221625,-144.8599305864686,-52.239760023664296,17.672734697990048,24.80246439123237,112.99094175573278,187.00942138905137,38.97724109409969,-1.7302326550681684,133.31815160852727,-169.5937993083897,-129.74639743953125
123,-169.85398443466428,6.845406698359603,17.429251965640027,-176.0498162494366,101.01998796663875,1.6606872486096311,-17.801530215581124,-119.90631418812845,-63.02759276861412,19.403104324365998,5.352631454022114,67.84105189070583,120.62966542463495,42.641024748946165,-39.73253766931125,146.1127019907254,3.1063236909186775,-111.88361016529952
124,-63.07611462839693,62.50022436215678,7.404967769966509,-52.42261770289476,38.089092896905484,-3.58091794868325,170.03430914752937,-40.1219004718168,-26.597384724731445,15.897736001012388,10.476515567539323,47.5975758043764,67.46107984489093,5.248057620076553,-17.927232853491752,58.555063636159275,-48.86649729293322,-19.95027077041881
125,-169.00618711367963,6.861680485925995,17.761429759108793,-175.2611851193346,101.3512909544544,2.70744779317211,-17.266952070670907,-119.15348708696192,-61.859284705840025,23.350751514905305,5.890158180018471,67.17712062229495,119.77863827362818,44.02670786448592,-38.68937060090946,146.0154754640835,1.844720139632793,-112.3706618974935
126,-153.10784100367314,23.22109862914893,7.157388152256269,-169.07570708220348,95.30078074662563,-0.6731277451521612,-22.55170147050369,-110.21580838752232,-65.98143722652766,21.555410541813266,0.42152814592543547,65.58207962512029,110.97443404756176,38.725347173005076,-46.84348166323756,147.99368612482922,-20.39584984804537,-96.21396902994891
127,-100.41477835523804,115.15901734078503,23.043824642512913,-128.83918218048285,78.50412530174889,8.841958927014415,-15.931084905975938,70.98782031628852,-42.79792719941504,27.36242175853004,25.12415476855859,84.1297512410208,126.34965769677187,27.729895063792263,-20.31087622739871,79.91367573959808,-34.37606181192857,-70.84621418199112
128,-125.05921330282186,91.98327573917445,15.531121637695154,-104.22073456909281,56.71631451771265,-15.110265768841783,-5.454219076221405,84.76282950282575,-38.332451082449516,10.071473517443797,-7.4665534843332795,84.30840708910125,86.67507421639161,23.03926012029418,-21.4727438969483,120.3065933109855,-30.172961591179824,-69.97498738163239
129,-136.99364227981732,138.8931849980178,-5.235156828084237,-141.25283991360368,75.26440037000671,-14.21090977019737,-30.43609407494404,-102.0903260808842,-72.80376373694425,26.25289200894847,-0.8822284873719234,108.0313756741478,102.75025883333126,15.516043282661554,-37.53140577077916,120.75317244878683,-237.32795623250925,-50.25065357107973
131,-213.3347264336486,45.5626854357115,50.56959718392962,-172.9674094263937,108.47308021849389,5.083141681354909,-1.4713786477544766,-142.0875129572913,-46.93649059979866,18.752025551720536,29.98383430769744,154.20653480521156,182.3428113438699,42.230479295693165,-1.5865007118458532,130.40940180278076,-130.85549143911948,-139.08408975535625
132,-40.44437808072011,90.74991532545903,18.672394102654287,22.520227918020517,67.68258890080645,3.623101436374086,-10.12740494258532,-79.74037420549438,-32.07016138917171,23.911933480359536,12.435758825324317,67.1529095511438,104.56761021438736,-3.4242395759404927,-16.249294250474275,76.36224893314264,-68.74557049124513,-53.716500757825024
133,-100.41477835523804,115.15901734078503,23.043824642512913,-128.83918218048285,78.50412530174889,8.841958927014415,-15.931084905975938,70.98782031628852,-42.79792719941504,27.36242175853004,25.12415476855859,84.1297512410208,126.34965769677187,27.729895063792263,-20.31087622739871,79.91367573959808,-34.37606181192857,-70.84621418199112
134,-132.95970695296344,164.51357711241062,31.45542128605711,-128.07952052461937,86.7178364998782,56.444532355970075,-2.021902083762522,-111.3616804637888,-13.734246713520504,21.507590165498566,24.495901854936324,115.46434297838897,190.22116693680306,57.49786749205351,-3.1605094760805654,123.11093922720683,-32.56658856848383,-168.48975433947683
135,61.41253295260659,79.41364115691776,21.97654672100887,-91.37654647091324,68.12966789227154,9.658221166866069,-12.440265444002064,-47.700777220628474,-22.837633628178313,21.252475813372115,38.19846461456806,65.55560206753326,111.38649973973031,23.84720999343753,-3.7415766239825556,62.74990258740303,6.307748292779059,-68.28076167092217
136,18.880199458320742,75.61761876412476,21.488668266351375,-47.69911227408641,65.44580984145563,12.87449772423609,-12.22484979426816,-34.40483777032401,-17.708350769285712,21.538459258571166,43.962210548058614,58.712403422764226,104.79826433090766,25.961941106165487,-3.1305164431739128,40.81146959991797,15.526003615150524,-65.23906682192074
137,-99.98535418032542,113.64893222155439,23.364073770540134,-127.95186806261395,78.02286698968916,8.847475306739874,-15.456162867553896,74.84685265249014,-42.09896951871149,27.073914643844635,24.97569087468562,83.91138676546385,125.26006461876901,27.872064778855002,-19.837032274179347,79.75333885894749,-30.00378139403336,-71.11755328534956
139,-92.31284424625656,90.5578422402679,13.8277298404845,-94.442095010195,56.78871917792808,4.287978941302035,-7.4033232151451305,-72.6873514200598,-33.06301028464709,232.4528492875806,10.97250263097612,47.58481105530335,106.74559499053956,30.14871610674686,-25.096827347565586,88.71999443433204,-29.052422684712315,-35.89524846570961
141,39.121832842383064,77.31284921238746,24.723446742346542,-62.50744356171443,70.15732605474761,14.733647968544407,-11.681074109442157,-38.18358206819194,-17.313519839758285,23.903176744623494,45.49496442693411,59.95539591880143,113.42301828059585,18.50289386094057,0.1674538429806094,51.438761143316604,13.89051927243924,-67.15918175011433
142,-145.15534830273526,112.6755857224704,24.125415007861598,-135.8955215867837,91.02122905009323,-17.228480193659593,-6.001785656725451,-91.59286413457794,-46.923701235101746,30.58225710882726,26.68030905045431,314.9315426340849,140.14176748360043,33.119961153093456,-25.79342285328233,115.3160537752869,-40.803883218233885,-88.20060107750068
143,-130.7533867650707,124.07298646990911,17.823746266635112,-137.8796261460797,79.24657470720939,3.494901217812963,-18.768377918807218,62.2920363376766,-52.02957014017561,27.560022831299772,15.750507157490224,91.76034289113164,130.52707211764928,26.51830323363311,-27.618894190773695,92.57555374104604,-80.77877117182726,-67.72119690927335
144,-86.9024011811379,89.98431405182126,20.525909374570194,-86.14582964401545,47.256507004947494,196.380603377429,-3.7738452721067204,-70.66715125724873,-25.427732090828655,21.0511665798112,16.2723548862276,18.91545777789578,102.86934965178298,23.22877604668279,-6.236288691643742,82.31037198229808,-33.40322344466426,-53.680108864285764
145,-127.84606638670297,113.4201523832747,21.481636758320413,-130.32779740366297,75.19728837318468,3.537211827744605,-14.147580404114986,96.61147678174865,-45.59434730251614,24.705870220455274,14.69675404808489,88.73231544103255,120.02856169688296,27.88481968644535,-23.48178102076209,91.14567819213511,-38.14961917136015,-70.9363200213302
146,-185.19945172643176,292.9567649607803,37.225067301119346,-163.4814511687565,93.73844228235346,-1.6768108129382862,-10.369156666968465,-127.8323929945127,-57.20794945034784,12.989114939670538,14.396665218932496,48.03223425748403,119.60602474565124,27.335711064644933,-42.06071138048268,125.48244327915567,-75.53254008033038,-109.77809124570317
147,-149.05108606074558,113.37569293989148,23.43027473144522,-142.65903638052944,94.97970537103379,-10.899356711443444,-9.04271500998601,-95.07008904332324,-47.31258727980554,34.06287078604768,24.621614940787257,309.1096652765329,132.62433033440368,34.205804315814376,-39.54704268196486,125.05265040786091,-90.84049653899956,-101.5880539861735
148,-148.13204400971932,168.8162668196629,-0.31747892322025006,-149.3305091187228,81.68516209999011,-15.392568338349905,-29.406415365840296,-106.23208579195347,-73.943817270647,24.757623734112236,-0.06699882761019928,96.34806514264646,142.36283871857577,16.278537343331212,-45.27914661649229,124.85426206771092,-249.23719645940758,-57.10917864039076
149,-110.94002670594682,157.40466918448828,0.4887211525276097,-104.29063041234734,58.32556232755025,-27.647697199502836,-12.459163553890345,-87.17741725349228,-59.33095615576476,8.582471396991654,9.518363006546597,125.3742629524759,196.52167392937764,19.12692633094521,32.11535206993645,75.81667979496163,19.349001190468822,-7.809811656915617
150,-116.01327043972334,75.53748431989199,9.047281795238375,14.010144450235943,46.96401990059931,-20.107716422228947,-17.45442930752213,-73.56486562991095,-50.86173651807326,9.09523197621805,-5.428801302765646,75.22301699381612,95.97943327601756,-6.248469412320439,-15.779820987233729,188.6550112690522,-19.96611843347939,-37.82981941357483
151,-214.0338577301889,46.568131874969936,44.74751536611169,-175.3820423397654,99.36352016136694,-6.13664989441615,-7.289046628174554,-148.5222496673924,-57.96027198543452,12.351560945348053,22.221905862320778,109.82793017391243,192.74847885454537,29.00634477198052,-9.348412972642919,127.15998271660663,-113.47007373293079,-120.33130014529387
152,-85.16299558651725,88.31668518130667,19.80670316145465,-84.4715946678278,46.00508139149034,199.2735089313876,-4.0705876170804896,-69.51003707370445,-25.55560471490538,20.364994512208586,15.398585079107903,15.025508664549957,100.98542252880422,22.244040470028374,-6.259539561938775,80.8307841897144,-32.566022671209026,-51.900560591744714
153,-99.16266093789686,47.45796237395374,11.586228012475603,-91.766658798201,46.081698415205985,-11.393998741597457,-4.00766903088227,100.98437355175498,-25.862163152167515,10.328641381088895,-6.1574055661424465,82.08930965395204,78.40854226523983,21.687592694994315,-15.42138209903597,145.9920819518699,-18.260554562467913,-59.66555759631894
154,-135.24693477987705,135.93599578605543,-2.8376096354983256,-140.558419998047,78.81002469390774,-11.479311021507128,-29.914491077852777,-72.12635522841323,-70.36397010315173,27.364945209851868,0.8740828352171001,103.42977503746621,145.16118676795668,17.055397285381098,-40.534374827323425,117.84007506388693,-241.59965674901142,-52.79253071475173
155,-120.86553114716916,136.419925659268,29.207128023613016,-135.69592005879602,91.01970216684907,-9.213476544450618,-1.534292145853289,-98.03825375620062,115.27725014805402,21.576444846640555,23.568139998734562,100.74607172683399,88.85759111304522,48.1022125996515,-4.216409337195874,148.9810485243408,-25.109104952627312,-78.36612698556115
156,-116.68890437899593,64.32603362720008,13.412043139628171,-99.91571078747317,55.242420654545505,-11.596080004022776,-6.275684252987949,119.91433433103568,-36.13508216665485,12.745160796210824,-6.580731693354586,92.24004619575365,90.86761466683322,24.61855820918755,-17.517071367801503,110.84388270208783,-23.9705879770102,-67.03772825049705
157,-188.12313675793075,280.5767958626916,37.04500808482871,-166.1106310777119,96.33324416147293,-15.264887239115081,-10.553876908606622,-123.65633283289924,-59.3546067700508,15.752309039066944,16.828027090532675,94.63506098060279,110.37774015488196,23.816307731981137,-49.08051502410609,126.44142229630565,-79.4253477948175,-98.15071201170218
158,-114.22836076519945,59.86674600525747,12.949498239208763,-97.69157101702154,54.1552391708437,-11.347572422935333,-2.565154874948342,121.61763105634145,-35.30663053468575,12.779305525994616,-6.588296723587291,92.12044458468363,89.93940226042369,24.33732898243841,-16.875735938415428,109.46708732541792,-22.58805439028444,-65.68416128292529
159,-132.55423056609803,130.09408971247433,12.18847607179381,-125.10933804325394,63.56754117140849,-9.48098664110297,-15.780919121535334,-99.31370573334726,-56.7380826164453,23.006306468379176,12.134067204443612,152.83239011746107,-87.70461324942056,19.512353878901184,-10.69412311636742,105.30603445234748,-19.993388161713234,-63.717060974051954
160,-152.4805948265475,81.18324507182047,-2.833199403528804,-155.83673495017428,50.87235770892783,-47.73157751494817,-36.73214733145514,-124.302552267286,-99.75692109499487,-0.1259723443211394,-15.832605403894647,78.16745187512907,162.03202853515603,-30.186630426887895,-85.4846775294175,110.42605311567733,43.64252991065431,-19.28397589326819
161,-169.85398443466428,6.845406698359603,17.429251965640027,-176.0498162494366,101.01998796663875,1.6606872486096311,-17.801530215581124,-119.90631418812845,-63.02759276861412,19.403104324365998,5.352631454022114,67.84105189070583,120.62966542463495,42.641024748946165,-39.73253766931125,146.1127019907254,3.1063236909186775,-111.88361016529952
163,-185.43027976702712,284.87241356499,30.1340615370067,-165.60629056093927,92.06722921246023,-16.67887043975942,-15.721342211233042,-125.00292137995002,-68.45007869073264,14.043823983489498,10.701826075639614,53.53512510995359,113.62548568135688,18.909426343430987,-50.606068841111934,124.86016598508465,-117.4197532808139,-92.06910782755787
164,-134.63231692565063,4.576683798926649,10.471306234269425,-150.67681823217373,123.22806969489045,-0.5634969558620141,-16.80860845555977,-96.38585389256917,-48.23761271732521,18.463610785155797,1.5496299894766765,52.72849643351721,100.44875615704845,39.497665709517356,-38.579208700445136,131.21370080571998,23.706255554473742,-91.47882205152122
165,-147.58257467777418,16.793217856758485,13.04130431967808,-166.3320359921372,97.10714102750286,0.6259584796080649,-17.01599441218335,-107.96377046756245,-28.154425270409856,20.89377884364856,5.115005080000159,65.59067007603474,100.27304304833334,45.06187982094904,-38.581918922774065,152.68971481170067,24.46936934477923,-100.33761697448388
166,18.593228143849508,83.81572454428179,24.864027884026765,-90.91962958071846,72.6914861063066,15.283559423127413,-13.353415821586173,-9.3522736543456,-20.710966995831168,24.9344042725762,47.000001421194064,64.18499440912726,118.82614927355527,23.824205011490548,-1.6250652443516773,53.72900065339416,12.275292139958072,-69.77431259513286
167,-120.86553114716916,136.419925659268,29.207128023613016,-135.69592005879602,91.01970216684907,-9.213476544450618,-1.534292145853289,-98.03825375620062,115.27725014805402,21.576444846640555,23.568139998734562,100.74607172683399,88.85759111304522,48.1022125996515,-4.216409337195874,148.9810485243408,-25.109104952627312,-78.36612698556115
168,-214.58382583821256,46.40108796769773,44.716429305452905,-176.14801577490064,99.8025808094102,-5.612258676223676,-7.591686301911753,-148.93178211989238,-58.064695669721154,12.694291858327798,22.038680430436592,109.32047014903618,191.9815637493819,29.085056437528266,-10.719947314380033,128.14834378858401,-118.67015127821075,-121.61131160537725
169,-158.74872124567395,142.11552653141896,30.511286019222077,-147.29524296820628,97.68515088803703,-12.400949732979633,-6.098911849025419,-99.00338001827357,-46.98210880201042,31.621624326818807,27.110898204434143,299.1039521465859,124.7803075388269,34.296624521067876,-41.62138338467226,125.1996055047824,-62.2649920627585,-107.11600074900295
170,-185.01899719683033,286.07251647041335,33.02527117543865,-163.07976778622742,89.34871071473886,-14.961598825591437,-13.389260264895709,-125.95931606548136,-66.03605422287285,13.3629524542358,12.855395035536244,55.20007491424398,68.50219229855476,19.641667893046794,-44.23025243080935,122.06378328940345,-77.41434890003701,-88.53540876499906
171,-184.20364750232952,291.26727629384834,36.88878260327295,-162.64405652448988,93.2166214937047,-2.396620984146386,-10.509456931454572,-126.85506980470201,-57.29449233592703,12.697430708194293,14.051186984313127,47.31753940076566,122.84844176306825,26.70012601565473,-42.61090271030772,124.7062527103043,-75.31197410220722,-114.09675838236079
172,-162.90468532389238,86.28338529379047,3.9334294487089334,-156.76743537116332,52.674433830686525,-47.279580715636826,-33.73110705549385,-130.42618755426966,-97.18913885992029,-0.8243524094949358,-11.372261601063805,86.54608284564884,175.6456277129022,-30.12314262317594,-77.41293475480025,108.04633169403708,16.8501372773361,-25.266219867822596
173,-132.72477881106101,112.49431166919233,8.851364244581745,-129.58671191825636,66.7418686846372,-6.929493974489093,-18.5866999227826,-105.35645502246307,-60.807644240061855,20.509639667811587,7.520782735567208,103.53803197838677,-92.59281850240943,20.01569253873277,-12.209110387862072,107.83437168284547,-5.830075469781675,-62.406875854243694
174,-135.60217659725578,112.29238666073337,9.736869200099456,-131.99495389642036,64.86073551150503,-6.890665044938976,-18.414523403231044,-107.30619124204706,-60.71268236314462,20.628506566054785,7.989454181892544,104.63190269044682,-89.6762226005602,20.935037533535933,-11.71734477292759,109.61984631413702,-8.081571594319367,-64.49335314399625
175,-121.26225748225124,153.71567467454673,25.280627634507297,-118.15148967909454,76.09589255221421,49.68589646588499,-5.58608239252746,-104.64419387058368,-17.80525318059618,16.73106292106182,12.57754786577306,74.15155289063966,181.29091680666963,48.25470317047869,-3.302564838029424,112.86834340864401,-24.781405015586994,-204.21428633416613
176,-144.15244405363532,117.92393313428323,16.31188421016933,-130.80980599445445,65.28014517416408,-6.773413348076393,-15.34894005947009,-112.07071958889574,-57.60585644721853,19.610219057157284,12.360830399655994,112.72735558302578,-76.90773156310429,25.628592118665658,-3.32381216898261,105.33737489084385,-35.597809422151414,-68.87659135778794
177,-153.72969177576874,121.86940948423367,2.6285815566519464,-151.0742538647118,84.63820989350026,-12.205403139577829,-27.320607687729233,-113.21308212587259,-70.70176837263078,25.581050374697515,2.890294790772493,112.58577655183286,156.99209035392417,20.35309378724489,-35.87146870596787,126.68556891775827,-259.75532545258403,-66.17144292099108
178,-216.21137378875804,29.649586152511816,48.09769387692289,-180.03994998391724,109.98937247237136,4.443060458015852,-3.869039689920798,-146.5747658546039,-50.544467879035714,16.959834477265847,26.003151316700517,109.55211347811564,180.39495433197305,44.29972478206616,-2.950420569283473,135.9108418167816,-117.65521101311245,-140.29584255355857
179,-207.42772883067798,41.00716048188419,48.43750020375804,-142.96450265784657,101.3720632068806,2.2134650952130186,-2.485768887474918,-138.37222779629423,-43.03745190806545,15.328937439157714,25.3470677301575,107.89258326924174,175.45608943659153,37.588118945530134,5.478407395878479,146.0414644541508,-128.05702336276474,-129.84733643104838
180,-184.80582659555247,293.1781850637757,36.97227281282418,-163.08924633573002,93.65941933279576,-2.312031080348526,-10.310048291214736,-127.42518593137709,-57.362134830759054,12.754445777883008,14.378991681341427,48.43411039929674,125.02637055807973,27.246259787916564,-41.33646871435419,124.89103479212635,-74.80201479715042,-108.41086111071989
181,-38.94804839293154,87.58229468191807,23.707270051912257,25.42386321223775,67.60315792552669,7.580197179366241,-7.27686133942672,-46.809301241884896,-27.212942127937243,23.960469131358952,16.34498572940536,63.832745495950704,100.3447493212903,-0.5690918878968101,-13.469526483463014,66.42619540255787,-28.242848004864648,-57.28659768463628
182,-140.2482769656377,133.68019654062476,-1.7374088871887017,-144.41071515755226,82.23132043583452,-14.898046859240658,-27.87883535329882,-103.06380374577152,-66.58479233642919,28.63173797285891,2.7069303179614974,147.7724194849316,144.98637609191007,19.466856869601713,-42.70639457597125,125.78360344908843,-243.35675976532622,-59.49715292015357
183,-212.9808956060223,52.62700879394062,45.0186526148578,-175.07410002317746,106.52098539816042,1.5151426712183174,-5.8917619330724555,-145.3456604750654,-52.293454879910655,18.06329537659769,25.345330058475664,117.60651806665444,187.81535858324878,39.56683218640141,-2.3597477302938943,131.95047930663003,-169.89069401951184,-130.78851282664903
184,-149.44853950809937,81.14796907651477,-3.7766608959452985,-153.61747546933174,49.28946056963277,-48.11654448398709,-37.001053183206714,-122.26304140637497,-99.50318655137387,-0.36828200302553293,-16.417166744832137,76.95331480046386,159.67429826400507,-25.56361784588255,-86.05974800838061,108.78771660531778,45.89561723095361,-17.020276357554994
185,-142.11840100892044,104.10102757532916,28.546527657343603,-138.49410815586083,95.74005285370848,-8.068080532668114,-3.8532262615881123,-91.26561876392091,-10.180522892826138,32.98719657208244,28.657613382509084,309.8990617702106,118.75785459238533,39.14336968847617,-32.02859763600253,128.2783336585001,-45.52905430988669,-102.73690112281196
186,21.06997260054101,84.04914587145183,24.5588167705448,-94.12730768174056,72.46619075492038,14.71962311182982,-13.437770414315052,-10.409739782394105,-21.324757416766726,24.6398819468816,46.18927921982006,64.80723953676411,118.59986943568133,24.41801791510132,-2.059401962903139,54.98579414718154,11.432762031106941,-69.89893258633371
187,89.17693111308326,90.366047596738,10.21939074226878,-107.560627345978,51.236664683763905,-23.65126411759554,-10.7111048183726,-125.1917552226039,-56.27036028466237,6.843145612032922,-27.314114895533553,91.62448784955785,81.32092830589596,24.19161995204679,-30.752037950695073,150.20279851909197,-69.15694626125905,-59.320693419728265
188,-214.31228175345464,47.12719567775849,51.25017993556862,-174.4105228556343,109.58478981665972,2.252635404254526,-1.0927781599778486,-143.22952668226247,-43.57440047052902,19.23454422523413,30.775724402590463,154.04834637845855,183.51546137856582,43.48402986854736,-0.8167433563787796,132.36474143517816,-131.02597047398598,-140.26849030222596
189,-113.01812899158847,102.1292045601885,27.37766088213212,-130.59295821411882,90.72244811364739,-8.421695308697782,-0.510339469545684,-92.02649254860381,119.026175313246,25.281680900659644,25.905866264402903,147.92009657747596,87.89612948842573,50.5266064557078,-1.5774454720915212,148.39719142981025,-19.047633458385658,-79.79024652327475
190,-127.84606638670297,113.4201523832747,21.481636758320413,-130.32779740366297,75.19728837318468,3.537211827744605,-14.147580404114986,96.61147678174865,-45.59434730251614,24.705870220455274,14.69675404808489,88.73231544103255,120.02856169688296,27.88481968644535,-23.48178102076209,91.14567819213511,-38.14961917136015,-70.9363200213302
191,-116.37671478178949,121.06673115419676,7.928935987695761,-108.07228243068887,85.30794068525219,-6.989840697332529,-16.783949841268445,-93.58435000324086,-55.486716401718056,18.78564043856571,8.166649089055007,102.87812604431139,-105.55668111610161,11.965439394444198,-7.678034589709834,89.45894519725336,-13.09602936361813,-49.0724560427875
192,-149.51591715120196,17.72812609854242,12.715650368510381,-167.30618361975394,97.35565437135095,-0.4703629793291793,-17.62303459592498,-109.62113168087038,-29.802659185676344,20.620911375726248,4.432349571171043,66.59445696291489,102.22245736807537,44.174122797101,-39.84890517276625,149.49250308037887,25.505385025475242,-99.85299063341999
193,-138.79967923015167,6.5264176955651125,8.550549481335883,-153.4797873130381,86.01145785631303,-1.353084619121111,-19.814196846683863,-98.94839995588181,-56.185270426853194,17.43699589690533,0.25190796029517387,56.12424532238788,95.60148929775328,90.51649757182186,-43.82903120537469,130.5797682047342,24.619684520994618,-90.47594847273575
194,-140.7390735154231,105.35486848394262,-6.753322970357991,-140.89367394587336,41.535221196589674,-53.28600622936395,-36.08922376304582,-116.8075903870505,-100.50126802397932,-2.810558543164308,-15.542090626455815,91.32998564640444,174.10821299771462,-36.80688044606882,-71.96005537886938,94.96472036231987,45.81820752537662,5.410930934533078
195,-126.40943754080415,109.33054742847447,21.05173552391775,-126.7059515034214,74.41432928107307,3.608140950055741,-14.161666082729363,97.719160585511,-45.13677246717848,24.71038834479602,14.422693851024313,89.22848288538775,119.5559352097861,27.573077845490655,-22.64513374769936,92.49404514596145,-37.31155251895449,-70.12864597250629
196,-127.25846316881835,164.72644252870782,31.688585290853503,-127.5194510527822,86.72083770443477,57.07479391054857,-1.0826856691807427,-112.18864174237443,18.301096984335096,20.06689104958173,18.716817451288982,80.25125307810225,184.69966270592136,60.83969019651845,3.9879944445982316,129.29580363350993,-26.81736822499403,-164.279076163126
197,-25.893045551266923,76.68803193880538,21.45768138782602,37.2337948566665,60.13207942651495,5.97121685655999,30.110467036469707,-67.52174599188203,-22.941786502870332,21.930565445774143,15.175966139120652,55.89600146530929,89.52855816872385,-5.141888847248885,-11.81992891034053,61.36433560511629,-26.250647121701626,-47.94614576740995
198,-184.80582659555247,293.1781850637757,36.97227281282418,-163.08924633573002,93.65941933279576,-2.312031080348526,-10.310048291214736,-127.42518593137709,-57.362134830759054,12.754445777883008,14.378991681341427,48.43411039929674,125.02637055807973,27.246259787916564,-41.33646871435419,124.89103479212635,-74.80201479715042,-108.41086111071989
199,-146.79496982127114,117.38720453320879,29.4571195421924,-138.78186250134956,95.13229993701948,1.345686676617951,-4.248787224688027,-95.75737404642496,-37.10049338136182,32.45137085561354,27.4914604934493,302.90472716460897,139.5139771180959,40.59258858300616,-32.25429281845748,123.74098530675914,-48.25337703803039,-125.81882529705364
200,-59.47032817154837,48.01137668943782,10.888727023419737,-46.69407854398477,34.0977824372862,-3.5218371205245114,174.9228286044995,-2.0173069983974052,-19.661502773942377,13.40322553276597,9.534742296052883,50.02950735972864,57.371086259059744,7.259345863005667,-13.818308396523808,55.58402252775614,-5.440587825103199,-23.70577719112091
201,-109.39514254857271,107.67599955928026,24.33790714715692,-127.3652730120915,84.39352762161104,-6.671102376354582,-2.5144948900083604,-94.29181222102953,116.98437862681844,22.799583569674727,22.536619024206043,107.75862710222624,50.52616884761186,47.753950237609594,4.251198332723373,144.8707165490652,-12.808886988562058,-72.70285445160557
202,-132.43112810842075,130.9613867544659,12.456618560508774,-125.72228505211619,64.22943551155595,-9.356594398352406,-15.702270454125342,-102.94753427755289,-53.65433910153706,23.22865041324811,12.751878791724058,153.05161363810947,-87.68515927134054,20.003837428632842,-10.341810795540438,105.93597420168521,-19.87914666032599,-63.85808666514701
203,-141.65726406568967,112.09131516474297,23.114671144939727,-133.3176038603935,89.18831828762995,-17.474552660238302,-6.206580282826197,-89.29729582869939,-46.40057061623322,30.32102306238698,25.96755201756166,313.124664116104,137.00011254196318,32.16463279369836,-20.782360323904413,113.31175063967095,-38.35870857999345,-85.822733686758
204,-108.05692204896913,83.08520639015838,13.304330110196537,-115.53081518210547,67.07107374018115,4.393344690381847,-9.985390523978541,-85.63267895823292,-38.01902459799633,197.37816788778036,10.951702707638088,44.8462289618061,117.63995017916066,39.25083515491545,-33.33796085967369,105.902706892546,-17.19774152018438,-42.433500549780405
205,-133.75026653678606,91.30270974703112,22.50836338247715,-125.48423099805686,85.66896967025288,18.704792284320636,-7.2930128294319525,-81.39791387365062,-43.106476616384086,28.576052352746995,21.396190925931744,310.7001399949776,110.19643898821604,28.006831235216364,-38.983053496172104,110.19528277075835,-44.27048699751008,-93.8676964620113
206,-48.67404149005015,43.00704656615212,3.7884409708157785,-35.435277218357626,227.29626236127024,0.006149896139629585,-8.744988455574838,-32.91923895216715,-38.7202497016613,8.640376622030283,2.895745466714526,44.58291066673546,30.25006760762114,-6.116874010018743,-18.324474032628885,28.719294676474902,-12.565563959298354,-20.38964631141719
207,-136.66612365399686,3.488411858908367,10.942666393982389,-151.551181495142,123.59450305441923,-0.350391933068133,-16.826458017525386,-97.41437214329498,-51.56010607561899,18.341830080019772,1.6416581777617831,52.8531559262963,102.2894769627044,39.34435590470187,-38.567571950099634,130.87572069675463,21.466349421018087,-92.68188400470918
208,-126.40943754080415,109.33054742847447,21.05173552391775,-126.7059515034214,74.41432928107307,3.608140950055741,-14.161666082729363,97.719160585511,-45.13677246717848,24.71038834479602,14.422693851024313,89.22848288538775,119.5559352097861,27.573077845490655,-22.64513374769936,92.49404514596145,-37.31155251895449,-70.12864597250629
209,-111.93802301996213,65.30411947807042,12.953647022493062,22.547986229491407,49.53561936103303,-12.125255759687787,-11.243915647362359,-32.81137086772049,-38.29361845861482,11.59646116138858,-3.779867569282058,76.89448208366892,81.27982594206547,5.849220344112155,-3.2945729771734915,191.9799107834181,-34.23711893597517,-51.608337356030944
210,-132.43112810842075,130.9613867544659,12.456618560508774,-125.72228505211619,64.22943551155595,-9.356594398352406,-15.702270454125342,-102.94753427755289,-53.65433910153706,23.22865041324811,12.751878791724058,153.05161363810947,-87.68515927134054,20.003837428632842,-10.341810795540438,105.93597420168521,-19.87914666032599,-63.85808666514701
211,-125.57447563508946,130.03331909825758,12.109007407219769,-123.64219112959307,62.971991373933875,-8.795000906628387,-14.96554716889961,-102.8116301503959,-24.546381554800874,21.39576986644697,12.014961381683985,116.61837577721981,-94.08665306588605,22.423172394430857,-3.623252428992057,110.2177407600085,-13.878651013027246,-58.501757134105006
212,-85.16299558651725,88.31668518130667,19.80670316145465,-84.4715946678278,46.00508139149034,199.2735089313876,-4.0705876170804896,-69.51003707370445,-25.55560471490538,20.364994512208586,15.398585079107903,15.025508664549957,100.98542252880422,22.244040470028374,-6.259539561938775,80.8307841897144,-32.566022671209026,-51.900560591744714
213,61.41253295260659,79.41364115691776,21.97654672100887,-91.37654647091324,68.12966789227154,9.658221166866069,-12.440265444002064,-47.700777220628474,-22.837633628178313,21.252475813372115,38.19846461456806,65.55560206753326,111.38649973973031,23.84720999343753,-3.7415766239825556,62.74990258740303,6.307748292779059,-68.28076167092217
214,-151.20863837301584,82.37463564030634,-3.2659361017652127,-155.19349323415304,50.64564036469038,-48.007081814600284,-36.796155912292384,-123.2891344751332,-99.668645241894,0.19946175490390175,-15.842753879953078,82.09092992244882,160.9025848177829,-30.30213561827219,-86.24282076493505,110.28828138482898,45.215714305521225,-18.676061665751572
215,-153.8434159518176,120.11133666886224,2.309470604639717,-151.6140844228454,84.66469655754229,-11.980120706515873,-27.59004802644324,-113.54609599724942,-71.07535336296216,25.333214060491784,2.404849510960831,107.7313395077887,156.6089119404366,20.46154477821675,-36.01018577874114,127.08775413989999,-258.3515773326378,-66.11466337355722
216,17.471784931094604,81.47977288702502,25.60907786778694,-94.96497158578572,75.49357737964843,11.556229812811369,-11.50189113046197,-41.07331542285872,-20.464681035648116,25.909677980400005,47.866820779531395,108.35778283291677,118.61694334179741,25.82813808110565,-4.510166193113588,61.45222436991001,9.452717457679384,-76.2860188112894
217,-180.5071925343511,280.35544156252695,36.10146791397975,-163.30780928211314,94.31638733242853,-15.295194311201337,-9.986226512672866,-123.32099958666524,-30.69070922944685,13.43920735501351,15.723107706742638,54.660286559399125,105.10202347713994,25.79209276363679,-41.070072104694916,129.7409767537781,-72.0445747829325,-90.50685850045195
218,-34.98613287797795,88.35132630146502,23.77977753475457,20.683820124268074,67.92107488697066,7.21931072675038,-7.309132414023842,-48.22998791197857,-27.797770023694532,23.912427918901976,15.76544915256401,64.48991485404109,101.02218104207451,-0.7350974821026574,-13.598121921688522,68.72210386837938,-29.263168749377748,-57.658591406318784
219,-174.9382917293379,269.8171160739795,30.33789630360137,-154.40959793991578,84.24544205637568,-20.73147559211114,-14.271074381778934,-116.37129900984966,-65.78592444318419,10.311470811943824,9.735548780209887,47.4313677761415,101.84865808089587,14.064887370367163,-48.93264911597926,114.28648627341154,-70.99791120094476,-133.92484518705572
220,-135.62513947058542,169.2352302485965,32.223453166840685,-130.30791040271515,88.07968428848189,56.37595498875104,-2.0264804913446643,-112.96160024326998,-14.444958046685308,21.708346187523507,19.266809103373,115.62088472381386,191.47912288164915,57.87369098317362,-3.6842026049591894,124.55759058344384,-34.02575755216507,-169.9961120815455
221,-123.24767882156189,122.9960376313352,-5.1446677678816215,-126.32880924880176,70.31447557000608,-13.285824823269651,7.895675818333935,-88.6165471001636,-65.42281932255955,24.800053296344032,-0.6745862734732376,95.23974230081436,132.35169097872924,13.384588538908387,-38.71667458130753,111.57876341376064,-235.05738481229122,-43.476044170402204
222,-212.9808956060223,52.62700879394062,45.0186526148578,-175.07410002317746,106.52098539816042,1.5151426712183174,-5.8917619330724555,-145.3456604750654,-52.293454879910655,18.06329537659769,25.345330058475664,117.60651806665444,187.81535858324878,39.56683218640141,-2.3597477302938943,131.95047930663003,-169.89069401951184,-130.78851282664903
223,-136.36837799263193,133.60004412879863,-2.0925596517381484,-144.60376200311424,81.61211596724955,-15.206640631823172,-28.062966386728576,-103.84739699692635,-70.11768414296868,28.340218917675678,1.740902193554437,147.60256346125576,144.9519808361988,19.0593303549962,-43.419475776085335,125.56329878040277,-244.4222314312901,-59.30423693090827
224,-163.83605512005877,95.14287434410362,33.8743093578646,-148.8282093713266,100.35307339998064,-8.513596528786069,-3.928567464655797,-99.6415578906768,-43.363591489799056,32.328581984972956,30.283910916508713,310.6805514817321,139.0472823813121,38.45399520037531,-31.64390283923145,125.7314773391575,-68.56731196055573,-115.90836030473697
225,-24.843451466794352,21.55358283408003,-1.796974212730598,-37.10828877677419,14.545847811905611,-5.183421595698093,208.67220637926928,-25.995810720127672,-13.872231101787076,2.514644947490031,-6.68313922687118,27.6240574155216,25.531300901112864,3.4833675277078364,-7.238880611117978,25.133048084052078,-3.9399470861285453,-16.9127454237027
226,-35.66168313960128,78.89288650161694,21.94485141734383,56.032219505980315,62.4178179404756,4.3776335713062835,-6.733972783070709,-72.61557799638126,-25.815917184355065,21.324658378800944,12.593870616683745,61.22752568288656,92.30245128543206,-5.054882644909715,-9.625139961416203,86.56934864425897,-27.253945467070974,-53.25253003841432
227,-215.44952351394343,29.54646752404423,48.059070415446335,-179.8088284369702,109.84965645708002,4.505459734874077,-3.787181547117939,-146.55966539603082,-47.310250373842806,16.75618108317683,25.921271604473844,105.50397593801681,179.68367724369023,44.56853977826594,-2.2039140841114317,136.38659365659532,-116.98848927452369,-139.70069482788725
228,-166.7509694597105,266.94880820965335,33.55400582817317,-147.44808285553242,119.4473843229009,-15.589005842982374,-9.907300634474431,-111.05573448463603,-53.276454286235456,11.059587766647324,12.113171746991373,39.9678857098545,99.35884986905667,19.55973993995926,-42.17882955206982,111.20315164854414,-73.55671716419694,-82.27058638896825
229,-126.32264918871063,133.51092053347037,12.257640668441379,-124.11943501005587,62.933677805067575,-8.869847059843673,-15.09076056303494,-103.43358406556143,-24.950261533892178,21.000691063498586,11.746155911501262,111.50663202194295,-94.4199637729866,22.14532314308383,-3.830384626829061,110.2370461080794,-14.419822954310781,-58.26731579581116
230,-184.20364750232952,291.26727629384834,36.88878260327295,-162.64405652448988,93.2166214937047,-2.396620984146386,-10.509456931454572,-126.85506980470201,-57.29449233592703,12.697430708194293,14.051186984313127,47.31753940076566,122.84844176306825,26.70012601565473,-42.61090271030772,124.7062527103043,-75.31197410220722,-114.09675838236079
231,-126.32264918871063,133.51092053347037,12.257640668441379,-124.11943501005587,62.933677805067575,-8.869847059843673,-15.09076056303494,-103.43358406556143,-24.950261533892178,21.000691063498586,11.746155911501262,111.50663202194295,-94.4199637729866,22.14532314308383,-3.830384626829061,110.2370461080794,-14.419822954310781,-58.26731579581116
232,-154.4778653293899,125.34701091944646,2.777214817873558,-151.55149774517463,84.59989632463396,-12.280249292793116,-27.445821081864565,-113.83503604103814,-71.10564835172208,25.185971571749132,2.62148932058977,107.474032796556,156.6587796468236,20.075244535897863,-36.078600903804876,126.70487426582918,-260.2964973938676,-65.93700158269722
233,-188.12569528249702,281.3866278472028,36.48770252874531,-165.61902475158328,95.71354748534195,-15.91918707978358,-10.804807940701457,-123.47200417239523,-63.03288428137595,15.475741295903669,16.541904829009383,95.14166196038761,112.21479435996828,23.103942801638993,-48.53513695641533,124.9834583556411,-78.71179216882,-96.45833575716529
234,-128.1060076815088,124.54066616430427,18.057529888998396,-137.77416445560198,79.6054622475171,4.024642246980195,-18.912078452103927,59.68848563295632,-51.735467758732746,27.799919127239665,16.82148942308274,91.19381175412181,131.08996444576414,26.511509673092558,-27.314551952333623,91.45366913348677,-80.07355261194309,-67.78949344352255
235,102.26120095061893,93.46936704119604,9.077626058484142,-108.11829550819532,55.10636310136269,-20.7172854856904,-9.667892854967976,-128.10864380761976,-54.17737919211745,8.944778881186245,-24.417067872388497,94.96832118169644,85.2770103372857,23.179135162681003,-33.12152732843588,127.75929838275546,-68.5331670232269,-61.9379038450596
236,-99.98535418032542,113.64893222155439,23.364073770540134,-127.95186806261395,78.02286698968916,8.847475306739874,-15.456162867553896,74.84685265249014,-42.09896951871149,27.073914643844635,24.97569087468562,83.91138676546385,125.26006461876901,27.872064778855002,-19.837032274179347,79.75333885894749,-30.00378139403336,-71.11755328534956
237,-215.52291849648037,29.037582632924387,47.81642590374183,-176.89534796413847,109.16809981139343,4.439143427111702,-4.008338762670505,-146.0890359660071,-50.490773022789355,16.569273798658205,25.460285649457223,104.93653716719398,179.58901713777564,43.71013368976443,-2.3209054940577474,137.27851411867888,-117.35831630199031,-139.25372716644083
238,-133.32296165523218,90.8302673814175,21.86397733650931,-125.01448096656657,85.11496979408517,16.75217612056686,-7.511561683672601,-80.80316657867543,-44.11761156757802,28.367960767296772,21.244480266948575,311.82935859077264,110.04105848520838,27.149049602446244,-38.41103576751543,109.22231302625902,-43.2811873700908,-90.38491994644761
239,-109.5511535940899,105.37297692434015,20.73143841609399,-129.68170189857642,86.94789180826422,-6.247202914517125,-5.296026179765495,-92.7626337552308,113.70334041070161,23.466158565796338,19.870150837100628,107.48359431435392,93.89539117747206,46.24758685052121,-2.9648361178639364,147.36989696231362,-57.058186573273815,-68.85586689471037
240,-126.88856919085713,110.48222039683337,20.705988418880064,-129.8937990852598,74.91524989867192,3.5445486353420934,-14.49407957300883,97.0233273634912,-45.73895101384372,24.963458799131114,14.414332112633463,89.79506261111914,120.72073441562353,27.79783066919776,-23.35429861179939,91.13252181519076,-41.428247410770325,-70.16324883949922
241,-97.41103920091075,65.34479896727903,12.305214423137961,22.88258027230158,44.27814185562472,-9.326099814846458,-11.809488324424061,-57.73838778047207,-35.00609675963419,11.643486239021154,0.9389861314008269,64.25398296689569,76.09910928888301,1.696118743679795,-5.3095478085701835,221.23466120533013,-30.022318493519982,-43.13912541418242
242,-67.20186948359472,49.82100727189291,13.30289303635291,-57.46060378949157,42.13572709447164,-3.24593197537056,-5.324914868956398,-40.789799048682156,-21.415728900622806,231.63180147472335,3.7452536171535695,72.31744760532516,44.32853182087547,-2.86943121345656,-2.992909566451899,56.89277044911085,-36.123468948082994,-53.80664350978522
243,18.593228143849508,83.81572454428179,24.864027884026765,-90.91962958071846,72.6914861063066,15.283559423127413,-13.353415821586173,-9.3522736543456,-20.710966995831168,24.9344042725762,47.000001421194064,64.18499440912726,118.82614927355527,23.824205011490548,-1.6250652443516773,53.72900065339416,12.275292139958072,-69.77431259513286
244,81.43243300804576,101.84159463506226,4.125843099973578,-141.65152086888403,57.465811336710296,-24.294292797949314,-14.141826925442292,-134.11282828866922,-62.901653145296876,9.250943775012265,-27.547337100074248,98.95726419658911,95.18899923226044,26.971501888284205,-37.83750201775562,137.9720230514628,-112.74215503979073,-61.59752993250299
245,-216.21137378875804,29.649586152511816,48.09769387692289,-180.03994998391724,109.98937247237136,4.443060458015852,-3.869039689920798,-146.5747658546039,-50.544467879035714,16.959834477265847,26.003151316700517,109.55211347811564,180.39495433197305,44.29972478206616,-2.950420569283473,135.9108418167816,-117.65521101311245,-140.29584255355857
246,-180.62773646746214,278.6783125360241,36.39063098134818,-163.1864685993795,94.27418966841208,-14.765286713283402,-9.813944147988021,-119.8714997029636,-30.09617523302994,13.49343115330785,15.391418380985483,53.93446205896591,103.2455152939736,26.012974144247277,-41.96776249321266,130.56900094510493,-72.87237191031724,-92.05820906389378
247,-198.26188051850804,35.72823507401327,81.97693629859329,-158.94988451757249,99.79227450474646,5.0163344560903385,0.5313215483418705,-133.7513966036912,-41.59630256690846,17.412920430788873,32.45513708172331,102.19191254818591,173.320386960679,39.04672979452697,5.956336774226751,119.42212850306917,-123.24193755751023,-127.63470187460956
248,-127.25846316881835,164.72644252870782,31.688585290853503,-127.5194510527822,86.72083770443477,57.07479391054857,-1.0826856691807427,-112.18864174237443,18.301096984335096,20.06689104958173,18.716817451288982,80.25125307810225,184.69966270592136,60.83969019651845,3.9879944445982316,129.29580363350993,-26.81736822499403,-164.279076163126
249,-99.98535418032542,113.64893222155439,23.364073770540134,-127.95186806261395,78.02286698968916,8.847475306739874,-15.456162867553896,74.84685265249014,-42.09896951871149,27.073914643844635,24.97569087468562,83.91138676546385,125.26006461876901,27.872064778855002,-19.837032274179347,79.75333885894749,-30.00378139403336,-71.11755328534956
250,-134.11511564214968,165.65451018491615,32.03619644414252,-129.59954497530532,87.97828184205683,56.51320041882455,-1.8194089544064747,-112.32454586953142,-10.806860562401093,21.899771596382873,19.45373486132905,116.68449093899189,191.10115650046686,58.420355230720425,-2.7305639219501434,125.01403707518665,-32.81786387229278,-169.635405694168
251,-132.02187921990273,171.0512046726307,25.766045661955133,-130.03200059590148,84.77476140826619,55.83810696264657,-6.536534584698223,-114.42557920376129,-16.29169746658981,20.524869353657422,13.941460804987582,76.19452508708895,194.689776616867,54.77197254477426,-3.527061810693218,125.07552678645224,-71.01586567922988,-159.56028049291976
252,-152.0484666247926,120.71920156101238,5.697394846806758,-149.50507787621092,83.6449867607798,-11.922793306708424,-27.150011902616974,-112.26375907215817,-70.18053683174944,25.378522655844087,3.0500480874631086,106.99531941479573,155.9014552033072,19.93624527946283,-35.11951004439012,125.43888280852875,-258.9102499870776,-64.8485493056623
253,-142.11840100892044,104.10102757532916,28.546527657343603,-138.49410815586083,95.74005285370848,-8.068080532668114,-3.8532262615881123,-91.26561876392091,-10.180522892826138,32.98719657208244,28.657613382509084,309.8990617702106,118.75785459238533,39.14336968847617,-32.02859763600253,128.2783336585001,-45.52905430988669,-102.73690112281196
254,-9.72605297111514,79.96744892623256,24.187223629548846,30.147452537516692,66.47854348882537,8.917599590312808,-6.672681343189425,-64.02235877649903,-22.042781633669282,23.39038863255409,21.504116910255885,59.65216867565043,99.37580884334166,-1.703555491948756,-8.702753244760592,62.018173839622804,-17.714995187371855,-57.41879910425263
255,-142.14649224134928,108.2016530761145,-5.98565972883456,-142.31493108047567,42.581233994792214,-54.81819618337905,-35.74300545312338,-118.36002274649296,-99.8063204548409,-2.3965160273637607,-14.884612134102913,90.54917960364118,177.27329774050452,-35.40791317078665,-71.21693768436825,96.43506579855209,45.37198448908834,2.4361301266365682
256,-169.12023241463288,6.879177648621994,17.98516440550082,-175.6723821214636,101.8404292492636,2.4965850712680737,-17.12513832916808,-119.34350856499206,-58.722615863063176,19.860092483949263,6.097521369670079,68.26561606904006,119.1787920092628,44.286371761768415,-38.07832641574372,146.96313330832982,2.0888113180016594,-113.1129438298677
257,-162.10250585556585,87.42945458957446,3.9712724275401046,-153.08300279325096,51.82667450566658,-47.50878017960293,-33.600965789529546,-129.607443794296,-96.76185901334256,-0.9670767738968468,-11.42968198849544,86.78494357877133,175.22286893219234,-30.82118470644952,-76.64470260680126,109.01181877379261,15.743283868511993,-24.280884028138704
258,-169.8820826894475,6.982296277089584,18.02378786697738,-175.90350366841062,101.98014526455492,2.4341857944098493,-17.20699647197094,-119.35860902356507,-61.956833368256085,20.06374587803828,6.179401081896754,72.31375360913891,119.89006909754563,44.017556765568635,-38.82483290091576,146.48738146851613,1.4220895794129151,-113.70809155553904
259,-95.2741326645651,65.06499617854526,12.811187211931275,26.274645655734677,44.70467402105082,-8.234859453472936,-11.232872878711893,-56.901709280442,-33.62022123968717,12.103477669115783,1.5285701240157377,63.88644599391724,74.84012045567354,2.3401263382857582,-3.9340810365652725,220.60799436046148,-31.262772423549762,-44.050923098304445
260,-214.31228175345464,47.12719567775849,51.25017993556862,-174.4105228556343,109.58478981665972,2.252635404254526,-1.0927781599778486,-143.22952668226247,-43.57440047052902,19.23454422523413,30.775724402590463,154.04834637845855,183.51546137856582,43.48402986854736,-0.8167433563787796,132.36474143517816,-131.02597047398598,-140.26849030222596
261,-214.31228175345464,47.12719567775849,51.25017993556862,-174.4105228556343,109.58478981665972,2.252635404254526,-1.0927781599778486,-143.22952668226247,-43.57440047052902,19.23454422523413,30.775724402590463,154.04834637845855,183.51546137856582,43.48402986854736,-0.8167433563787796,132.36474143517816,-131.02597047398598,-140.26849030222596
262,-139.9128636446324,165.73740110659378,13.942951172724882,-130.49472385674426,63.84629982289298,-10.105055930505275,-16.95440439547865,-109.1670734292083,-57.6931388924501,19.277862383764266,10.063824089896821,101.93417608534077,-91.01826634234607,17.22534491516255,-12.413132773910483,106.12902768239425,-25.290866073161357,-61.513673282208444
263,-155.40241928921458,17.669535398156743,13.185696090433211,-167.8950687433768,98.35679202712292,-0.4303198714980183,-18.05197955125772,-108.19833803327876,-60.908616146727276,22.750343112359253,5.503503456433374,106.41091896035148,107.36734537003656,47.60102262411532,-46.22319249953674,143.60909938052137,17.83383645351437,-105.97316397217628
264,-110.47530297088834,109.97444527283577,24.438083379970646,-128.09549473413966,84.56062686799937,-8.10666412951337,-2.689184249092363,-94.5184479602969,116.01342370266545,22.676634318528407,22.48410486879012,107.31763850305848,48.911700520700165,47.06186928763481,3.3241993106802554,144.89926425348762,-13.741036667012555,-71.27316057795625
265,-112.81672082631106,120.24340854932682,9.767799058812235,-117.44393458620867,52.142729093913424,-6.128365266982152,-15.577206052810935,-91.85097379010753,-47.87959395245255,19.35090955574841,11.310737601268803,98.28672758497719,-99.78333919786772,15.116087500888467,-6.748995979573497,134.161296736996,-13.396962352228437,-50.45953617339068
266,21.06997260054101,84.04914587145183,24.5588167705448,-94.12730768174056,72.46619075492038,14.71962311182982,-13.437770414315052,-10.409739782394105,-21.324757416766726,24.6398819468816,46.18927921982006,64.80723953676411,118.59986943568133,24.41801791510132,-2.059401962903139,54.98579414718154,11.432762031106941,-69.89893258633371
267,-169.51641607007844,7.467589530137861,17.68065333771259,-175.57298062836153,101.29975552269029,2.477505498009816,-17.435177737016645,-119.56638696762367,-62.24670799397712,19.818193902573515,5.829072645737857,68.37034090701218,115.59550040192063,43.66345810815464,-38.25719101418145,146.09657785469463,2.0718416608192056,-112.78779771031408
268,-107.06856114676847,100.57931310669771,10.637161106829735,-111.57377911639097,57.138937320635776,-4.296148775154602,-13.268706750794507,-88.19001052456967,-47.65791125839413,193.18163933540183,7.404047624468185,48.04096460190667,130.86013229302347,24.54642178140014,-41.05447747686187,97.64906569705667,-14.668625606010776,-26.546882382750667
269,-46.25494449495075,43.402676371764606,13.101588013350254,-92.41599916694142,29.799286962187235,3.9986364195771573,-3.635790441339356,-0.5865446096090082,-8.78214216721631,11.857571509408144,16.06568165232138,33.724207871312466,59.2450652136452,11.043335125291925,-16.817889408970604,265.06088847407415,-14.431026818137857,-35.518292299949415
270,-212.9808956060223,52.62700879394062,45.0186526148578,-175.07410002317746,106.52098539816042,1.5151426712183174,-5.8917619330724555,-145.3456604750654,-52.293454879910655,18.06329537659769,25.345330058475664,117.60651806665444,187.81535858324878,39.56683218640141,-2.3597477302938943,131.95047930663003,-169.89069401951184,-130.78851282664903
271,102.26120095061893,93.46936704119604,9.077626058484142,-108.11829550819532,55.10636310136269,-20.7172854856904,-9.667892854967976,-128.10864380761976,-54.17737919211745,8.944778881186245,-24.417067872388497,94.96832118169644,85.2770103372857,23.179135162681003,-33.12152732843588,127.75929838275546,-68.5331670232269,-61.9379038450596
272,-212.9808956060223,52.62700879394062,45.0186526148578,-175.07410002317746,106.52098539816042,1.5151426712183174,-5.8917619330724555,-145.3456604750654,-52.293454879910655,18.06329537659769,25.345330058475664,117.60651806665444,187.81535858324878,39.56683218640141,-2.3597477302938943,131.95047930663003,-169.89069401951184,-130.78851282664903
273,-169.85398443466428,6.845406698359603,17.429251965640027,-176.0498162494366,101.01998796663875,1.6606872486096311,-17.801530215581124,-119.90631418812845,-63.02759276861412,19.403104324365998,5.352631454022114,67.84105189070583,120.62966542463495,42.641024748946165,-39.73253766931125,146.1127019907254,3.1063236909186775,-111.88361016529952
274,-145.99223617533423,112.45363436663709,-0.1861853151240106,-146.5426813638883,47.56723288030159,-37.24465070959505,-33.77606576495755,-123.71274840126968,-90.70610589409554,-0.5236917583117459,-13.519216203254393,80.38621224148565,178.67172226757344,-27.68787847585555,-76.36509724227845,105.19179349904623,36.468287842314766,-28.908858513436652
275,-146.66071647217296,122.62820113328759,16.971242265571032,-132.86306763973857,66.59801140035539,-6.7387968319048674,-15.269256182691086,-113.71876657281952,-58.17519511682996,19.782884012138336,12.66643779435233,112.7532269497339,-76.01275571642701,20.61222509492899,-3.714017123374059,106.85724501842596,-36.81888428886734,-70.29793532769067
276,-108.09020261800715,66.2599477852776,10.837189624944637,65.77747308337433,46.02300598549053,-10.316169015927477,-12.057955440324054,-61.47633099276895,-36.533430444664546,11.509906158462783,-1.7140012834528098,69.8997028283992,72.70725973441742,7.500817024031264,-5.906688619697573,171.97805887821576,-31.529248560267792,-45.848899224069335
278,-126.40943754080415,109.33054742847447,21.05173552391775,-126.7059515034214,74.41432928107307,3.608140950055741,-14.161666082729363,97.719160585511,-45.13677246717848,24.71038834479602,14.422693851024313,89.22848288538775,119.5559352097861,27.573077845490655,-22.64513374769936,92.49404514596145,-37.31155251895449,-70.12864597250629
279,-98.4590972063339,114.20265552454981,23.582276608187616,-125.55018381601609,78.29085221263787,9.227210088205517,-15.477290640844783,71.48689698517818,-41.93432738940718,27.299261859224934,25.43819653893301,83.33850913479955,125.4714031790117,27.36220891037037,-19.763464434914987,78.90618044581218,-30.11248144975888,-70.94104299599844
280,-184.4664705642404,285.42972839317434,33.61366279218083,-162.8054006772208,89.52934674282658,-14.831690203115414,-12.835689559063676,-125.73411227348538,-62.25335302726109,13.29678928441933,13.324742728943717,55.20093395933542,67.43205319863192,20.27532115784119,-43.404096156763,122.5333861580906,-72.92782698075455,-88.94777355945257
281,-216.21137378875804,29.649586152511816,48.09769387692289,-180.03994998391724,109.98937247237136,4.443060458015852,-3.869039689920798,-146.5747658546039,-50.544467879035714,16.959834477265847,26.003151316700517,109.55211347811564,180.39495433197305,44.29972478206616,-2.950420569283473,135.9108418167816,-117.65521101311245,-140.29584255355857
282,-132.43112810842075,130.9613867544659,12.456618560508774,-125.72228505211619,64.22943551155595,-9.356594398352406,-15.702270454125342,-102.94753427755289,-53.65433910153706,23.22865041324811,12.751878791724058,153.05161363810947,-87.68515927134054,20.003837428632842,-10.341810795540438,105.93597420168521,-19.87914666032599,-63.85808666514701
283,-154.4778653293899,125.34701091944646,2.777214817873558,-151.55149774517463,84.59989632463396,-12.280249292793116,-27.445821081864565,-113.83503604103814,-71.10564835172208,25.185971571749132,2.62148932058977,107.474032796556,156.6587796468236,20.075244535897863,-36.078600903804876,126.70487426582918,-260.2964973938676,-65.93700158269722
284,-85.16299558651725,88.31668518130667,19.80670316145465,-84.4715946678278,46.00508139149034,199.2735089313876,-4.0705876170804896,-69.51003707370445,-25.55560471490538,20.364994512208586,15.398585079107903,15.025508664549957,100.98542252880422,22.244040470028374,-6.259539561938775,80.8307841897144,-32.566022671209026,-51.900560591744714
285,-113.49751978700638,99.8858384917688,27.401684459384676,-131.46331181230153,91.42932451955404,-8.239732579235792,-0.5515985432139876,-92.15172847592204,118.94246494863566,25.279396561918674,25.770749420750136,147.0090722355585,91.80751977056318,50.98915610409365,-2.2838044315990946,149.19018026577345,-18.293637419845723,-80.65376082106584
286,-143.7504355635754,105.83110678597134,-5.601380059006038,-143.21115063808224,43.013364154284275,-55.90340748367045,-35.72847283723481,-118.97812236274758,-100.46167125300346,-2.4498205747867354,-14.65817234327768,91.29645671243051,177.1215838380665,-35.70663967803011,-71.1786612730568,96.58207988575191,43.40782235705447,3.023468434475409
287,-80.83107204479859,61.85923068812034,-3.685789325033641,-82.03113985033912,36.185670372996725,-31.877192389395876,-22.42959556588217,-58.67161091973876,-55.94883141416376,5.731717912555801,-6.871871844868497,69.5457130259221,87.625234178803,-8.179762282146397,-31.60634772773997,66.57757570385823,-6.14896406237071,-292.1046752389609
288,103.94242610159503,92.31915911797475,12.146439348638953,-106.54911951969443,54.11313996864223,-20.434675652821,-9.497297069855717,-127.15932075390536,-53.656147651236104,8.742251162332817,-24.25731457569788,89.3778640446593,84.18637518666873,22.762286654898944,-32.36956866685812,126.51261227352595,-67.68809155772043,-60.61501022973083
289,-184.80326807098623,292.36835307926447,37.52957836890757,-163.58085266185864,94.27911600892675,-1.657731239680028,-10.059117259119901,-127.6095145918811,-53.6838573194339,13.031013521046283,14.665113942864718,47.927509419511914,123.18931635299342,27.958624718258708,-41.881846782044946,126.34899873279089,-75.51557042314792,-110.10323736525679
290,-142.09770773862462,104.54198988205218,28.75500907627906,-138.59232536722718,95.63529867210802,-11.070448756013537,-3.761381187528677,-91.39663987870696,-9.887191578229283,33.10562488175562,28.956970324749726,308.65139576157145,119.41349516158625,44.86662303752023,-31.822274009153055,128.25735667157258,-45.68635215790954,-102.86066408715644
291,-214.7421451595748,48.409470027883366,51.33726042545306,-174.388666560996,109.51909301669644,3.550951727339807,-1.1251603378320356,-143.63994531673367,-46.24154303066024,19.16606806752108,30.641312800050343,153.4257287624483,185.5078960866598,43.62944657097534,-0.8433830173447063,131.879747239013,-131.30171447540775,-142.05889056325273
292,-214.9068736564861,44.103345703554844,45.02433343165942,-176.64460077097462,100.14941951683129,-5.319466897543923,-7.389414077596587,-149.05469265784626,-57.88979696963366,12.583945768394614,22.10446255625908,108.5150296901823,191.23952332425432,29.55834569709474,-10.77901459827899,128.5443800395992,-113.44660297757082,-122.56204457806822
293,-67.66130070088911,60.42142444428512,3.2630993764995453,-51.46414565202448,197.003753733956,0.907269118952061,-12.334715269529513,-48.168609473597954,-54.82904306912516,10.791496638309829,3.4353021571496596,59.11438425024317,-4.931921995350503,-6.184570450978512,-20.613828793705107,39.109407114714166,-11.216617051680952,-27.280055540585344
294,-144.30710158588866,118.16113413804788,16.36984074706812,-130.620823497133,68.74417548659132,-6.427275308587592,-15.252210727270066,-112.16049423022277,-57.95455286775675,19.73366181761848,12.476720294268148,112.84762194563095,-77.46659719380257,20.086234542857152,-3.240507304953995,105.19023676991185,-35.59940061791302,-69.05381360374858
295,-134.66764227473956,166.29729826215518,31.447804827400322,-129.87391208431197,87.79764581396911,56.38329179634853,-2.3729796602385083,-112.54974966152741,-14.589561758012877,21.965934766199346,18.984387167921575,116.68363189390044,192.17129560038973,57.78670196592603,-3.5567201959964927,124.5444342064995,-37.30438579157524,-169.22304089971453
296,-114.65575206448915,100.45252073865434,28.153532109633314,-131.56672297018918,91.62955519974946,-8.189510712645642,-0.21814962366273402,-92.83213239669801,119.22777408586617,25.201798776899363,26.26634317662023,147.94003123228293,93.32014190142387,50.996210304506086,-1.3869441233082884,148.92576677448008,-21.27056993465886,-81.31845459601632
297,-167.7052475940809,5.560656323634178,17.705138748090647,-174.04718899550292,104.34562665335505,2.403681891348946,-17.111334903772864,-118.07626134847558,-60.99660890678315,19.59866360893389,5.734760419935846,66.83656359826688,119.14650922969733,43.654191351727825,-38.11677789386836,145.0502099491035,2.010649608193214,-112.152593605221
298,-109.51780577504248,107.03651328639444,23.662435040530294,-127.66149641573645,84.2785883934866,-8.099327321915885,-3.035683417986207,-94.10659737855433,115.86881999133789,22.934222897204247,22.20168293333869,108.38038567314504,49.603873239440716,46.974880270387224,3.4516817196429512,144.88610787654326,-17.019664906422726,-70.50008939612528
299,-35.78898464943975,75.47178208846599,20.25422981914802,68.4333279681943,60.137397186933406,5.387038526479596,-5.96778892444875,-67.9542029819643,-23.627009406837537,20.780086694581975,13.107494651478165,59.23946143457083,86.82315557803854,0.864006406776659,-14.067910039777228,54.37428606352088,-24.07627498684912,-52.49699356343325
300,-116.02578170716362,58.2022462299701,12.308897193505532,12.597989608491273,57.05624707911364,-9.210264254223642,-14.052340667166392,-71.32840848165571,-43.13081629208546,13.502855384558185,-1.8847414836456287,70.1069616066078,83.1065162473251,8.312386175748708,-8.914066580264866,196.40452404656784,-23.70747553218504,-56.881678115722075
301,-196.50178165359156,34.501568510221716,81.46621150441321,-157.37386675275118,98.43609470968883,4.906871786703526,0.3264242774275362,-132.725303534933,-41.43084387638834,16.84517667285944,31.880724216844243,97.05429742620095,172.09210040690118,43.78524756691661,6.139409530781196,117.92156372355798,-122.56203463207783,-125.97891656641298
302,-142.11840100892044,104.10102757532916,28.546527657343603,-138.49410815586083,95.74005285370848,-8.068080532668114,-3.8532262615881123,-91.26561876392091,-10.180522892826138,32.98719657208244,28.657613382509084,309.8990617702106,118.75785459238533,39.14336968847617,-32.02859763600253,128.2783336585001,-45.52905430988669,-102.73690112281196
303,-137.10230916672563,95.46460194772634,22.26184719655299,-130.07765388528517,85.60712062352275,-18.941784095100584,-8.228953529253035,-84.67885595659742,-46.603060439812914,29.85731937391284,23.024111630362892,304.14777413577985,118.35881293291584,27.099568304948484,-38.00402149547234,112.34824912536703,-42.95001450934865,-142.16413558618487
304,-184.80582659555247,293.1781850637757,36.97227281282418,-163.08924633573002,93.65941933279576,-2.312031080348526,-10.310048291214736,-127.42518593137709,-57.362134830759054,12.754445777883008,14.378991681341427,48.43411039929674,125.02637055807973,27.246259787916564,-41.33646871435419,124.89103479212635,-74.80201479715042,-108.41086111071989
305,-215.1878562043181,45.47224149085465,50.96969244503295,-175.18147496071492,109.75099249599307,2.4155185604582563,-1.4440766414947166,-143.5776410122124,-47.18220296605331,19.19036130511742,30.372158835005475,153.24204687451322,183.8435600533611,43.32366586331944,-1.7019669143240859,132.29117481750617,-130.28894409262847,-140.8068584804634
306,-92.54844789636108,54.51505008778424,5.379269588540189,129.83338913657545,38.76779221403305,-2.2052147916224465,-8.194830183015732,-56.02893200487799,-24.491408032525456,11.160738461017107,4.931051935764629,57.275961079421,51.23758555982642,31.249952758900953,-25.99321901437541,11.68780257459562,-16.25943100048625,-42.670340878416894
307,-150.4493466227675,83.08134899634999,-3.861865119325165,-154.4707653610774,49.88622767326805,-48.598982378410554,-36.96522880158436,-123.08970535605619,-100.11270524802623,-0.28075938234838815,-16.210755853703045,78.5493933621348,162.0283619345864,-30.745685552414557,-84.95093621207224,109.30606928397815,46.595991670107466,-16.388537685543344
308,-150.1312464830612,115.67413865344699,23.530450964258943,-143.38925810257757,95.1468046174221,-12.334918464602236,-9.217404369070014,-95.29672478259059,-48.28354220395854,33.939921534901366,24.56910078537133,308.6686766773651,131.009862007492,33.51372336583959,-40.47404170400798,125.0811981122833,-91.77264621745006,-100.15836011252419
310,-154.77780841397237,22.557743923945203,10.697812290201828,-166.80909782372828,93.13579174777162,0.38784413354056774,-20.064886349963192,-112.31562833477594,-64.06109694755855,20.537133016416032,2.5847804357819046,68.19092901374935,66.77938868493749,39.437023468970025,-39.97170315323055,141.33939975266588,22.07826994727801,-99.03392505563987
311,-141.94667037297864,164.6491291665755,14.414311332437848,-131.36908711971253,64.21273318242177,-9.891950907711394,-16.972253957444266,-110.19559167993411,-61.01563225074388,19.15608167862824,10.155852278181928,102.05883557811987,-89.17754553669012,17.072035110347066,-12.401496023564983,105.7910475734289,-27.530772206617012,-62.7167352353964
312,-212.9808956060223,52.62700879394062,45.0186526148578,-175.07410002317746,106.52098539816042,1.5151426712183174,-5.8917619330724555,-145.3456604750654,-52.293454879910655,18.06329537659769,25.345330058475664,117.60651806665444,187.81535858324878,39.56683218640141,-2.3597477302938943,131.95047930663003,-169.89069401951184,-130.78851282664903
313,-45.55568024936784,45.662192343589524,181.57998678930625,-31.60647671446269,43.07087861577619,5.655421598376467,3.503828368960594,-42.42795482623023,-13.73057077114019,23.439525177854772,35.414761388194904,22.296145933382164,68.38773201778264,8.907447425270034,2.725491708679826,52.65878333600356,-10.161697559840807,-34.188896304327706
314,-45.75786974354724,46.98679788048215,13.356567783454887,-69.41066452724631,29.60266390679595,4.579395769459044,-5.0608759227651055,-32.21853575142714,-9.74993350759946,12.211938112911248,17.633937974959625,30.24205536956805,58.4930039352994,7.374109737593474,-14.464680300163938,280.27949058828716,-16.986882078931675,-32.458872596435754
315,-63.10569948649409,45.95180779398996,3.7725942469556424,-63.34814732040466,29.89925912533357,-17.01479262094966,-14.848110155405353,-41.476862039342976,-34.41176542039304,7.077162708638707,1.2792086317837132,93.4462174831697,62.04565621367602,274.0117452652008,-29.74913190297138,49.58136046356485,-18.388574116203685,-26.758367397012552
316,-135.45049884279493,135.28089033300526,-3.0179284731239404,-142.97633775386336,78.13497918463356,-11.474229923943405,-29.884066339823317,-71.30567251513538,-70.10161170783226,27.17782124767955,0.9671543514313036,102.79352512356452,144.4707612814241,17.29914671462317,-40.64285534933615,121.66395364007735,-241.39521849967764,-52.3653593716936
317,-63.74417934584018,23.315280576322976,-6.346965632029063,-58.53668824518947,35.67764193192995,133.1226981195797,-19.130324450528526,-34.702927897408486,-45.55423901932196,1.1976458063554845,-13.420189756316086,155.72479307715508,32.84691936097197,-11.528008533388356,-39.88644864700749,51.49676526357568,-10.50671205787876,-20.89536529934245
318,-209.83700437732386,57.77781982182581,51.15397506156209,-170.36071998909512,106.27021632193491,15.791123340835114,-0.8005116398471755,-146.2198430355017,-40.831037171031525,16.121067276329157,33.65497824852978,106.12064685676476,195.4470480130135,46.703859116158014,5.951979331551945,130.36922002368357,-126.86491779850742,-151.07536430108937
319,-147.78391654106866,16.63834911348084,12.79946147566765,-165.58385327390667,96.9596318742095,0.19367289708422605,-17.233398123229126,-108.04733344754877,-28.566441094798176,20.713809171469094,4.684706334166626,65.929543559363,100.25457448720822,50.28917258611312,-38.758127647816316,148.36661777865837,24.501053839401866,-100.02168671546293
321,-141.75830079407348,137.26091660430515,-1.550152164490534,-145.1190805849621,82.33272288225957,-15.03529228931417,-28.08590689023701,-103.70085811951006,-70.2228898207134,28.440312563999544,2.520004560005448,146.70881326975356,145.36434247309236,18.920192622054905,-43.6600332589803,125.32715695734564,-244.5646534451985,-59.857859307531044
322,-152.4805948265475,81.18324507182047,-2.833199403528804,-155.83673495017428,50.87235770892783,-47.73157751494817,-36.73214733145514,-124.302552267286,-99.75692109499487,-0.1259723443211394,-15.832605403894647,78.16745187512907,162.03202853515603,-30.186630426887895,-85.4846775294175,110.42605311567733,43.64252991065431,-19.28397589326819
323,-169.12023241463288,6.879177648621994,17.98516440550082,-175.6723821214636,101.8404292492636,2.4965850712680737,-17.12513832916808,-119.34350856499206,-58.722615863063176,19.860092483949263,6.097521369670079,68.26561606904006,119.1787920092628,44.286371761768415,-38.07832641574372,146.96313330832982,2.0888113180016594,-113.1129438298677
324,-191.7428589660047,41.91318270836725,53.47198556175959,-140.6149403900091,103.39503137432979,5.650264115998741,-1.183223496648636,-139.40557073245432,-43.13622523895075,17.22916866469321,28.64550105891047,104.10363986740488,177.94217825503017,35.47312214440044,3.8663288561211373,120.62884025954153,-126.40981493230841,-130.41390735139345
325,-180.93449741590499,280.8278839281406,36.74585395994759,-163.77755931360343,94.87038720859624,-13.342578147447558,-9.767677658432218,-123.91574688164042,-29.67957427825292,13.647298940463733,15.874818365725808,53.53106796360406,105.2574039801476,26.64987439640691,-41.642089833351605,130.71394649827747,-73.03387441035179,-93.98963501601564
326,-110.69292484383351,51.08722619117224,11.232109293668474,-68.00227556667704,48.886723596596475,-14.40097454573042,-5.5950758623651655,95.8396675404494,-33.75670272907292,10.116654760851233,-10.207155454939006,89.27008153265314,81.94880934542282,19.921841710747238,-13.106271166320996,133.7902628492491,-21.792295067123238,-61.89824689339335
327,-105.89687807062855,98.26112071966746,10.313225050449972,-110.25990112838267,56.34917102370344,-5.571950149252662,-13.326178105788427,-86.7921316027839,-47.83625550643915,196.72024832874948,7.150414812011135,48.19340268492234,127.90711727005325,23.315887498684585,-41.08628405653385,96.390721449345,-14.81374893954213,-24.46198506545158
328,-169.85398443466428,6.845406698359603,17.429251965640027,-176.0498162494366,101.01998796663875,1.6606872486096311,-17.801530215581124,-119.90631418812845,-63.02759276861412,19.403104324365998,5.352631454022114,67.84105189070583,120.62966542463495,42.641024748946165,-39.73253766931125,146.1127019907254,3.1063236909186775,-111.88361016529952
329,-36.15013633159388,75.64906413315265,21.874885382926458,31.393369096709254,62.87000578020926,3.678265233628674,-5.378184558364891,-41.150050843478155,-25.08058458213627,21.026862333505473,10.95111988659458,64.96926479557435,93.67167943435875,-2.0025424253130995,-11.510854718280605,74.75888012663678,-25.022766312292987,-56.42989179140936
330,-158.74872124567395,142.11552653141896,30.511286019222077,-147.29524296820628,97.68515088803703,-12.400949732979633,-6.098911849025419,-99.00338001827357,-46.98210880201042,31.621624326818807,27.110898204434143,299.1039521465859,124.7803075388269,34.296624521067876,-41.62138338467226,125.1996055047824,-62.2649920627585,-107.11600074900295
331,-154.3074314570695,24.189777821195253,7.387646640949368,-169.6724205818472,96.36973537309855,-0.933551381430963,-22.48234976783227,-111.31036397769385,-63.32469423624322,21.73953123347422,0.48376255274428576,67.01043069033467,111.47297495193165,39.482937161979294,-46.45625665966221,145.64690571111186,-20.377346540266377,-96.95867635345321
332,-128.1060076815088,124.54066616430427,18.057529888998396,-137.77416445560198,79.6054622475171,4.024642246980195,-18.912078452103927,59.68848563295632,-51.735467758732746,27.799919127239665,16.82148942308274,91.19381175412181,131.08996444576414,26.511509673092558,-27.314551952333623,91.45366913348677,-80.07355261194309,-67.78949344352255
333,-93.44205609830422,70.96094525599666,14.434056750561803,48.035905458082084,50.78008360451837,-8.280589331546436,-11.506695520977027,-64.28785369994273,-35.981446797562384,13.787593328666654,0.6909264780879057,69.6126952190325,81.05394983446661,0.146381475107124,-2.957756338450737,186.1930871747477,-33.10271666755369,-47.89546518582759
334,-109.09715264923342,103.60128077197959,26.38926634097371,-126.941215330344,87.55417856980606,-5.305538744183452,-2.357336561102766,-60.6694090754838,118.50966841409479,23.86687616399836,24.035787473607158,103.69738967252835,91.36768708373724,48.880993854815735,0.9351919466103443,143.68923712280053,-17.420446255242275,-73.28133875642628
335,-147.3971489144941,119.29811330313615,29.540609751743627,-139.22705231258973,95.57509777611055,1.4302765804158117,-4.04937858444819,-96.32749017310003,-37.168135876193844,32.50838592530226,27.8192651904776,304.02129816314005,141.6919059131074,41.138722355267994,-30.979858822503964,123.9257673885812,-47.7434177329736,-120.13292802541274
336,-215.44952351394343,29.54646752404423,48.059070415446335,-179.8088284369702,109.84965645708002,4.505459734874077,-3.787181547117939,-146.55966539603082,-47.310250373842806,16.75618108317683,25.921271604473844,105.50397593801681,179.68367724369023,44.56853977826594,-2.2039140841114317,136.38659365659532,-116.98848927452369,-139.70069482788725
338,-125.46461232913663,88.7595899518223,31.741396443569478,-136.51182985857122,92.86840094244764,-5.771964981669038,0.36113707926533484,-98.30396352329466,118.58376539824303,21.846894544916044,25.657988161639,108.36136774565789,102.75440429141912,51.81308847343286,5.8305391606946495,150.01152444259125,-34.876749251259504,-86.0535092268995
339,-108.43175428740918,152.70040118548394,-0.17063690287408606,-102.23736876706324,57.00769610135894,-27.682313715674365,-12.538847430669348,-85.52937026956852,-58.761617486153334,8.409806442010602,9.21275561185026,125.34839158576779,195.62669808270033,24.143293354681877,32.50555702432789,74.29680966737952,20.570076057184746,-6.388467687012897
340,-163.86388701830896,96.06509276731822,34.02779249599669,-148.65899792014582,100.45039924719883,-7.4692202587444125,-3.6855035713218167,-103.10323363062145,-42.710508906625506,32.18343203652273,30.235373757713052,310.3648506552383,140.33014739173484,39.009238915603504,-31.16911243804638,126.36887800507886,-68.37433868073153,-117.74232146258801
341,-91.61544465729168,87.42751177258614,24.53430422252959,-112.3603345250906,115.05765174351329,-8.770054042906784,0.6744574774807744,-78.9952378536504,128.91829455369634,20.876410185080527,21.809788080952718,97.09160917088228,84.75509950556763,47.24705097471369,4.935462711648172,134.41627984950543,-13.81178525198894,-65.15556086531943
342,-169.12023241463288,6.879177648621994,17.98516440550082,-175.6723821214636,101.8404292492636,2.4965850712680737,-17.12513832916808,-119.34350856499206,-58.722615863063176,19.860092483949263,6.097521369670079,68.26561606904006,119.1787920092628,44.286371761768415,-38.07832641574372,146.96313330832982,2.0888113180016594,-113.1129438298677
343,-56.52186025313984,22.87250617316294,-7.037711314582854,-56.12607128261723,33.73980805244325,133.72761131490367,-18.6217824303485,-34.7748017143101,-16.736156098306797,-0.8807867159104212,-14.507435602515056,115.34814251413867,22.150856870801455,-9.462772225004333,-32.600248393724804,55.38772820807746,-3.8564643291737166,-14.618741923075486
344,-142.5922032860926,105.2644245390858,-6.353227709254675,-143.1077394801946,42.81313347408886,-55.953629350260606,-36.06192175678606,-118.29771844197161,-100.74698039023397,-2.3722227897674246,-15.153766099147777,90.3654977157061,175.60896170720582,-35.71369387844254,-72.07552158134762,96.84649337704528,46.384754871867614,3.688162209425898
345,61.41253295260659,79.41364115691776,21.97654672100887,-91.37654647091324,68.12966789227154,9.658221166866069,-12.440265444002064,-47.700777220628474,-22.837633628178313,21.252475813372115,38.19846461456806,65.55560206753326,111.38649973973031,23.84720999343753,-3.7415766239825556,62.74990258740303,6.307748292779059,-68.28076167092217
346,-109.30463517376461,114.14218187975668,27.609436677915827,-127.67097496523905,88.58929701154351,4.550240423327031,0.043528555694765506,-95.57246724445005,124.54273938345173,22.325716220851454,23.725279579143873,101.61442115819777,106.12805149896568,54.579472165256995,6.34546543609812,147.71335937926614,-14.40733080353613,-90.37554174184608
347,-118.6886960518026,134.99828570581258,28.888478904726284,-133.8396053858883,93.38518355564919,-9.243980447511522,-1.4386305776552137,-96.75590608111114,116.23747460952696,21.11136257753617,23.123499336773655,95.26888171596195,88.1140312451969,47.73884718581069,-3.508354330148473,147.54387700492816,-24.520544923847012,-76.81062903524311
348,-184.80582659555247,293.1781850637757,36.97227281282418,-163.08924633573002,93.65941933279576,-2.312031080348526,-10.310048291214736,-127.42518593137709,-57.362134830759054,12.754445777883008,14.378991681341427,48.43411039929674,125.02637055807973,27.246259787916564,-41.33646871435419,124.89103479212635,-74.80201479715042,-108.41086111071989
349,-185.28679936329897,283.249287475586,36.03337044906312,-165.50408872061374,93.44557355203624,-12.163893216954856,-12.571614335262563,-93.00785765100764,-63.44890065636232,14.686166399637555,15.23236524304801,55.13265522454898,111.07194333704872,22.137372569777025,-47.37625727906769,119.49924023376347,-78.11202495997871,-92.35877351241784
350,-149.67551884998426,16.49865348182654,11.505576504163836,-163.69114273345895,93.6511460654126,2.6872670851635085,-18.382629686505815,-108.18662952815828,-60.18686406618766,55.86270913973394,3.195635778588034,56.25872616657702,108.61076740201284,43.069521032282836,-44.293499020510666,140.5283758465546,19.807054735413875,-94.86256692743429
351,-63.76045818221515,56.21061085425271,13.39806548373591,-53.37747937760797,40.67730759570171,-2.803684712070845,178.43666154608076,-37.37593719609883,-20.674731636959883,17.08138403330215,15.867221157164519,87.30082033436541,62.901149958328574,8.921489568803299,-17.203128571859175,55.39494358591578,-10.143817019997167,-29.52977066968905
352,-137.72400033975308,133.28057919302833,-1.7717677535403802,-143.69230645821233,81.92831363599478,-14.49269807282399,-28.10118455400552,-102.03352590628616,-69.37443346989457,28.64929032392987,3.1601009962735636,146.98666482727336,145.5298144419449,18.968579759329508,-42.75436465835816,124.03177909219144,-242.76578270682927,-59.42442376330769
353,-109.72712941726716,106.49684383762298,24.289450118749034,-127.61825085367684,84.59894043686567,-8.031817976298086,-2.5639708549570326,-93.89649404513135,116.41730368175675,23.07171312147679,22.75291033897284,112.42938225833532,49.24501122780071,47.33971853898184,3.531331508517259,144.87995890541671,-13.199864725729018,-71.50760191625012
354,-169.85398443466428,6.845406698359603,17.429251965640027,-176.0498162494366,101.01998796663875,1.6606872486096311,-17.801530215581124,-119.90631418812845,-63.02759276861412,19.403104324365998,5.352631454022114,67.84105189070583,120.62966542463495,42.641024748946165,-39.73253766931125,146.1127019907254,3.1063236909186775,-111.88361016529952
355,-91.30650786154959,131.44786879009112,-5.709510013800416,-143.31155944436193,74.33910879723167,-16.954643030066883,-29.123913460274494,-109.71845383210442,-72.36117648336031,23.69756583120738,-7.318977370063783,104.80672918952668,138.07309100200385,17.58146457527216,-42.420111807778596,126.58625080347186,-246.75328198058074,-51.543786614141354
356,-170.52214810876598,268.310130224776,31.937760143027834,-150.3504534294989,82.77144621089677,-16.35951393298322,-12.602849617749964,-113.39540214531706,-57.7000198648495,10.074871459772597,11.083898441742091,43.258909760753056,98.09487461710367,71.20148545587752,-47.24978745856165,111.43577450119356,-72.62631854049361,-81.59285892973641
357,-169.51641607007844,7.467589530137861,17.68065333771259,-175.57298062836153,101.29975552269029,2.477505498009816,-17.435177737016645,-119.56638696762367,-62.24670799397712,19.818193902573515,5.829072645737857,68.37034090701218,115.59550040192063,43.66345810815464,-38.25719101418145,146.09657785469463,2.0718416608192056,-112.78779771031408
358,-113.77572603424592,60.43173982452352,13.17484676586252,-96.19271410460324,54.74710909092172,-11.203492035234186,-6.168389156750636,120.8252615816679,-35.416086067974554,12.939589475581558,-6.549111858431591,92.51155125961897,90.68153286781362,24.16388303851807,-16.84217716635508,109.8232310313576,-22.985635854250678,-66.35948588267341
360,-75.47786280694416,54.83636131842861,-10.229826017525752,-76.60341781338808,30.478572364931296,-49.967792273774855,-24.44039474920465,-52.4975022307195,-65.08922600195002,3.7737513091998798,-8.336464279284257,81.27888758304046,87.6858974756381,-16.06549765987281,-24.959171419129955,56.819330554442345,4.6761818902726455,-258.7066039569733
361,-214.58382583821256,46.40108796769773,44.716429305452905,-176.14801577490064,99.8025808094102,-5.612258676223676,-7.591686301911753,-148.93178211989238,-58.064695669721154,12.694291858327798,22.038680430436592,109.32047014903618,191.9815637493819,29.085056437528266,-10.719947314380033,128.14834378858401,-118.67015127821075,-121.61131160537725
362,-98.72714221734024,106.63199131889316,9.895353689084683,-101.96843473264464,58.149585670315524,-4.517375022806794,-9.432055702092883,-79.55380426651543,-42.33440977249805,194.72073684446278,11.512208809703466,57.365263780361275,132.38863089214595,32.472327201169264,-19.761000531575768,90.41598764013399,-17.228852752843512,-24.119577239140806
363,-45.147022375855286,51.208349749688956,15.514870411784933,-97.93252224670165,35.75633602351424,5.11816660433223,-2.927952434649436,-33.29100150745973,18.971549466957836,13.858667013228564,21.625985937845396,35.697219557147974,59.42015101636535,15.466687072876846,-13.647078521527762,270.7303462181137,-13.402853305652648,-36.78752351980498
364,18.593228143849508,83.81572454428179,24.864027884026765,-90.91962958071846,72.6914861063066,15.283559423127413,-13.353415821586173,-9.3522736543456,-20.710966995831168,24.9344042725762,47.000001421194064,64.18499440912726,118.82614927355527,23.824205011490548,-1.6250652443516773,53.72900065339416,12.275292139958072,-69.77431259513286
365,-89.89028299938799,79.37191255690571,20.089796118899212,-88.42263021828336,49.105222342239045,184.13416297793745,-4.219128956644769,-67.10928767416507,-30.531406596383864,23.500332546029792,18.218976719128765,60.95225418287756,91.33893107348267,19.500690759032974,-12.715090109498778,82.39355318946139,-36.922023079166884,-42.922836046086616
366,-150.4493466227675,83.08134899634999,-3.861865119325165,-154.4707653610774,49.88622767326805,-48.598982378410554,-36.96522880158436,-123.08970535605619,-100.11270524802623,-0.28075938234838815,-16.210755853703045,78.5493933621348,162.0283619345864,-30.745685552414557,-84.95093621207224,109.30606928397815,46.595991670107466,-16.388537685543344
367,-153.72969177576874,121.86940948423367,2.6285815566519464,-151.0742538647118,84.63820989350026,-12.205403139577829,-27.320607687729233,-113.21308212587259,-70.70176837263078,25.581050374697515,2.890294790772493,112.58577655183286,156.99209035392417,20.35309378724489,-35.87146870596787,126.68556891775827,-259.75532545258403,-66.17144292099108
368,-118.77706822000657,58.17594057909287,14.275047514172144,-100.04500926410851,58.1684048328485,-14.622227872967715,-4.1327334321966775,89.88781306430963,-31.636908301252028,14.2063822385886,-4.716264375687194,136.85419570708433,90.50672219176701,26.575342622738688,-19.014196915002906,117.76675941655908,-24.742738870565468,-73.06410808807524
369,-98.32851419589507,106.6095201689853,10.064048122015775,-101.56033465213913,57.9956164057713,-3.9503472245854696,-9.268471443475406,-79.29725644350928,-41.792533570677705,194.69022929347435,11.633602615602674,56.885756217221406,132.21249601657615,38.2005286799631,-19.5953783319306,90.08241704329568,-17.419267886940577,-19.06541863951155
370,-184.92113274392992,283.7345807286342,35.69023591979833,-165.1735656805646,92.76518381017159,-12.12057351335489,-12.799795600308267,-93.21563559506625,-63.738775282083346,14.440614424172793,14.882036806889113,51.189242522422234,106.7773746414237,21.783273912363033,-46.80861539233337,119.10843661994197,-77.4622728785724,-91.43847966719288
371,-216.00205014653335,30.18925560128327,47.47067879870415,-180.08319554597685,109.66902042899228,4.375551112398054,-4.340752252949973,-146.78486918802687,-51.09295156945459,16.8223442529933,25.45192391106637,105.50311689292536,180.7538163436131,43.93488651347154,-3.0300703581577806,135.9169907879082,-121.47501119380615,-139.28833003343377
372,-129.38546707156425,134.17354781613176,10.817965846524453,-125.15898825707767,61.02141285874017,-6.323109721809981,-18.191720443810457,-72.50916242908428,-58.29711667826746,22.025017549546178,10.604989538605244,109.50021129686536,-86.63209407753378,17.960063997834116,-8.717202839376338,98.9999411102696,-22.385624006180894,-57.05863564573785
373,-74.9313412664963,48.64381404798782,15.198597859519714,-62.96884943752153,47.427472480218235,-8.015758030544808,-5.143316376437208,-41.67615499306342,-23.334707981145325,198.4966384509141,6.158167279924928,123.69642507102883,43.10953076203098,-4.364857607661371,-5.049948833811706,60.45407866711577,-39.870434227919304,-69.38406084631762
374,-184.64805154616164,282.2788718051268,35.7266044988716,-164.66002016480448,92.64396319659744,-12.225886182847196,-12.568404859869695,-89.358928648229,-63.29842666607765,14.260169060679603,14.532673943540889,50.86529416380173,110.34121227068587,21.91470401624515,-46.98206311472263,119.34505232423946,-77.5595447227772,-91.62260009565144
375,-184.80582659555247,293.1781850637757,36.97227281282418,-163.08924633573002,93.65941933279576,-2.312031080348526,-10.310048291214736,-127.42518593137709,-57.362134830759054,12.754445777883008,14.378991681341427,48.43411039929674,125.02637055807973,27.246259787916564,-41.33646871435419,124.89103479212635,-74.80201479715042,-108.41086111071989
377,-140.20525626585206,154.319603376314,25.84837214975356,-142.83255633897383,82.72885379248451,3.545925384588642,-15.224737562458786,54.539701976045414,-47.499789511991686,25.206480989410313,19.192538099284906,81.35209471091427,123.62479890832367,27.87967695584065,-28.541405959573684,93.33705725982722,-47.87824727633828,-75.59293441867811
378,-168.12198382453101,5.755629713298024,17.51306307279729,-174.32748590358935,100.6239654694973,2.324723125023036,-17.411893742885272,-118.33251595480684,-61.79137467773596,19.496002120108844,5.604988217017695,67.17613848715395,118.66178254376781,48.75607453795828,-38.641760144361314,144.9868166890049,2.101992504845301,-112.05230624734246
379,-184.92113274392992,283.7345807286342,35.69023591979833,-165.1735656805646,92.76518381017159,-12.12057351335489,-12.799795600308267,-93.21563559506625,-63.738775282083346,14.440614424172793,14.882036806889113,51.189242522422234,106.7773746414237,21.783273912363033,-46.80861539233337,119.10843661994197,-77.4622728785724,-91.43847966719288
380,-215.52291849648037,29.037582632924387,47.81642590374183,-176.89534796413847,109.16809981139343,4.439143427111702,-4.008338762670505,-146.0890359660071,-50.490773022789355,16.569273798658205,25.460285649457223,104.93653716719398,179.58901713777564,43.71013368976443,-2.3209054940577474,137.27851411867888,-117.35831630199031,-139.25372716644083
381,-184.4664705642404,285.42972839317434,33.61366279218083,-162.8054006772208,89.52934674282658,-14.831690203115414,-12.835689559063676,-125.73411227348538,-62.25335302726109,13.29678928441933,13.324742728943717,55.20093395933542,67.43205319863192,20.27532115784119,-43.404096156763,122.5333861580906,-72.92782698075455,-88.94777355945257
382,-162.51464873602728,93.73572912243966,37.04814875774362,-147.34279977323027,99.66258892973299,-8.54732602581851,-3.564383751158231,-101.75859240100884,-42.756352310805845,32.25303386947137,30.611418369170465,309.44514867431025,137.95835462130674,38.17815870919368,-31.137020600674738,125.1314342522008,-67.92024095239204,-115.22417531190376
383,-213.31403316335278,46.003647742434524,50.77807860286509,-173.06562663776003,108.36832603689344,2.080773458009488,-1.3795335736950418,-142.21853407207735,-46.643159285201804,18.870453861393717,30.28319124993808,152.95886879657243,182.99845191307082,47.95373264473722,-1.380177084996376,130.38842481585326,-131.0127892871423,-139.20785271970072
384,-126.41805910021506,108.99024828822124,20.86672178823049,-125.07243573384545,74.1587644967307,3.7267499378514635,-14.092368826009432,97.88562457442603,-44.90431372901413,24.653817786588387,14.497188258475232,88.96889627444439,118.9387683392052,28.18996301359249,-23.112628099641622,89.08591154937072,-36.98687641293866,-70.01070392302492
385,-140.31489515250237,166.09745703350404,13.876548524477224,-130.64207901328672,63.68327717571153,-9.851115877461654,-17.229850466666818,-106.11581632373485,-61.013364035754876,19.35453617450144,9.977949646152362,101.62725929582435,-90.30869664467484,16.815517902362338,-12.91456283606148,105.0066328203077,-25.759583354407354,-61.470112385384205
386,-120.86553114716916,136.419925659268,29.207128023613016,-135.69592005879602,91.01970216684907,-9.213476544450618,-1.534292145853289,-98.03825375620062,115.27725014805402,21.576444846640555,23.568139998734562,100.74607172683399,88.85759111304522,48.1022125996515,-4.216409337195874,148.9810485243408,-25.109104952627312,-78.36612698556115
387,35.15991732742948,76.54381759284051,24.65093925950423,-57.76740047374476,69.83940909330364,15.094534421160267,-11.648803034845036,-36.76289539809827,-16.728691944000996,23.95121795708047,46.07450100377547,59.29822656071106,112.74558655981164,18.668899455146416,0.29604928120611607,49.14285267749507,14.91084001695234,-66.78718802843183
388,-143.7504355635754,105.83110678597134,-5.601380059006038,-143.21115063808224,43.013364154284275,-55.90340748367045,-35.72847283723481,-118.97812236274758,-100.46167125300346,-2.4498205747867354,-14.65817234327768,91.29645671243051,177.1215838380665,-35.70663967803011,-71.1786612730568,96.58207988575191,43.40782235705447,3.023468434475409
389,-99.93564670518506,114.00734437242613,23.389571747550598,-125.65133459864445,78.00320468415003,8.905551241728062,-15.59867141569647,71.68365353830832,-42.195748652749806,27.109351304194945,25.132516506949443,83.56317151528941,125.18485849093445,27.505142240085156,-19.60171136329868,81.27519907036877,-30.25936692011274,-70.81161131499819
390,-146.41703507012178,116.92377107657789,29.417332556188036,-138.2755452094777,95.08308485407572,4.915082698184694,-4.177048040129983,-95.36980510863276,-36.851948494138334,32.30243499495194,27.313497357107867,303.6728856101082,138.68220167332515,40.59753671275595,-32.2949942456618,123.42839169684835,-48.2864943241046,-120.64090373307991
391,-183.80501948088434,291.2448051439405,37.05747703620405,-162.23595644398435,93.06265222916048,-1.8295931859250658,-10.345872672837094,-126.59852198169587,-56.75261613410669,12.666923157205863,14.172580790212333,46.8380318376258,122.67230688749842,32.42832749444856,-42.44528051066255,124.37268211346598,-75.50238923630428,-109.04259978273154
392,-162.90468532389238,86.28338529379047,3.9334294487089334,-156.76743537116332,52.674433830686525,-47.279580715636826,-33.73110705549385,-130.42618755426966,-97.18913885992029,-0.8243524094949358,-11.372261601063805,86.54608284564884,175.6456277129022,-30.12314262317594,-77.41293475480025,108.04633169403708,16.8501372773361,-25.266219867822596
393,113.68174568854741,93.14860040396488,8.606418827423452,-131.12376663145668,55.69503423157357,-19.284732354292313,-11.365333018055392,-120.75469751512587,-53.43126036115077,8.952779462509625,-18.883529264571433,90.98278953305078,89.15141002764707,27.844919973527187,-30.893433125553116,125.01818540964246,-64.21378104782364,-63.37845956093777
394,-142.11840100892044,104.10102757532916,28.546527657343603,-138.49410815586083,95.74005285370848,-8.068080532668114,-3.8532262615881123,-91.26561876392091,-10.180522892826138,32.98719657208244,28.657613382509084,309.8990617702106,118.75785459238533,39.14336968847617,-32.02859763600253,128.2783336585001,-45.52905430988669,-102.73690112281196
395,-140.32835872352933,153.4523063343224,25.580229661038594,-142.21960933011158,82.06695945233707,3.421533141838078,-15.303386229868778,58.17353052025105,-50.58353302689992,24.984137044541377,18.57472651200446,81.13287119026587,123.60534493024365,27.388193406108993,-28.893718280400666,92.70711751048948,-47.99248877772553,-75.45190872758306
396,-174.510986847784,269.3446737083658,29.693510257633534,-153.9398479084255,83.69144218020797,-22.68409175586492,-14.489623236019582,-115.77655171487447,-66.79705939437811,10.1033792264936,9.583838121226718,48.560586371936566,101.69327757788821,13.207105737597043,-48.36063138732257,113.31351652891217,-70.00861157352546,-130.44206867149205
397,-184.80582659555247,293.1781850637757,36.97227281282418,-163.08924633573002,93.65941933279576,-2.312031080348526,-10.310048291214736,-127.42518593137709,-57.362134830759054,12.754445777883008,14.378991681341427,48.43411039929674,125.02637055807973,27.246259787916564,-41.33646871435419,124.89103479212635,-74.80201479715042,-108.41086111071989
398,-43.99843478940838,54.088279168163574,12.443740321675804,-22.72048164006571,36.45728262339417,0.20800134851412247,174.23983830856147,-35.826967004939995,-18.563565171318128,15.519207462296425,13.608571532892656,40.251734467895375,59.843333873126724,1.7959489095647525,-13.16227979275451,47.118587367529585,-10.347388563052098,-20.93316177748498
399,-207.5693534561722,44.44105520617875,50.583457830267385,-172.87025949124478,108.35383234307966,3.0395113290405,-0.6254952134661254,-143.42663642648233,-14.840027914124203,17.153827364227258,29.55336171273873,112.76067147352472,176.73078917053277,46.011815825317235,5.763097937396331,137.04869321564314,-123.621726706741,-134.85538122375007
400,-93.30753037833355,89.43381238954692,9.143941803123658,-97.96172643148316,54.164405118495885,-5.278684156987541,-11.226733464251412,-74.42275912643979,-41.72562731900987,194.2076012172643,8.561966536448748,47.316124793581594,112.78727173704253,27.55712325081279,-31.230906495157523,88.75294890373537,-21.81848649835463,-75.29265268390898
401,-45.75786974354724,46.98679788048215,13.356567783454887,-69.41066452724631,29.60266390679595,4.579395769459044,-5.0608759227651055,-32.21853575142714,-9.74993350759946,12.211938112911248,17.633937974959625,30.24205536956805,58.4930039352994,7.374109737593474,-14.464680300163938,280.27949058828716,-16.986882078931675,-32.458872596435754
402,-146.02626709460066,117.39252688270338,16.50349805233719,-132.92565431740934,66.66281163326371,-6.438668245627626,-15.413483127269764,-113.4298265290308,-58.144900128070034,19.930126500880988,12.449797984723391,113.01053366096659,-76.06262342281403,20.998525337247877,-3.6456019983103203,107.24012489249677,-34.87396422763757,-70.47559711855065
403,-150.4493466227675,83.08134899634999,-3.861865119325165,-154.4707653610774,49.88622767326805,-48.598982378410554,-36.96522880158436,-123.08970535605619,-100.11270524802623,-0.28075938234838815,-16.210755853703045,78.5493933621348,162.0283619345864,-30.745685552414557,-84.95093621207224,109.30606928397815,46.595991670107466,-16.388537685543344
404,-149.54401540598514,17.865015677272396,13.310186269847735,-167.15987103872797,98.31581166926712,0.3031355664710393,-17.028500852314792,-109.07342651630698,-28.73189978531831,21.28155292939853,5.259119199045685,71.06715868134798,101.48286104098605,45.550654813723476,-38.94120040437076,149.8671825581696,23.821150913969475,-101.67747202365952
405,-187.84471273466502,280.01773205990304,30.542343515371773,-167.082150561843,86.11197450618015,-23.654172537785758,-16.750145376803328,-128.94905581802908,-73.74047828495625,8.869325759180871,8.274208550262987,50.414644776056704,119.61075763086149,9.338622635414268,-57.61218464037024,121.23666357773412,-61.86945105376233,-78.21352185477006
406,18.593228143849508,83.81572454428179,24.864027884026765,-90.91962958071846,72.6914861063066,15.283559423127413,-13.353415821586173,-9.3522736543456,-20.710966995831168,24.9344042725762,47.000001421194064,64.18499440912726,118.82614927355527,23.824205011490548,-1.6250652443516773,53.72900065339416,12.275292139958072,-69.77431259513286
407,-215.845707169389,30.134879405560095,47.7545593476581,-179.7094269438681,109.30898273050671,4.486380161615819,-4.097220954966504,-146.78254379866252,-50.83434250475674,16.714282501801087,25.652822880541624,105.60870077598892,176.10038563634808,43.945626124652165,-2.382778682549164,135.5200382029601,-117.00545893170614,-139.3755487083336
408,-135.45049884279493,135.28089033300526,-3.0179284731239404,-142.97633775386336,78.13497918463356,-11.474229923943405,-29.884066339823317,-71.30567251513538,-70.10161170783226,27.17782124767955,0.9671543514313036,102.79352512356452,144.4707612814241,17.29914671462317,-40.64285534933615,121.66395364007735,-241.39521849967764,-52.3653593716936
409,-113.01812899158847,102.1292045601885,27.37766088213212,-130.59295821411882,90.72244811364739,-8.421695308697782,-0.510339469545684,-92.02649254860381,119.026175313246,25.281680900659644,25.905866264402903,147.92009657747596,87.89612948842573,50.5266064557078,-1.5774454720915212,148.39719142981025,-19.047633458385658,-79.79024652327475
410,-216.21137378875804,29.649586152511816,48.09769387692289,-180.03994998391724,109.98937247237136,4.443060458015852,-3.869039689920798,-146.5747658546039,-50.544467879035714,16.959834477265847,26.003151316700517,109.55211347811564,180.39495433197305,44.29972478206616,-2.950420569283473,135.9108418167816,-117.65521101311245,-140.29584255355857
411,-169.6727590472228,7.521965725861038,17.39677278875864,-175.94674923047026,101.65979322117586,2.366676448792051,-17.678709035000114,-119.56871235698804,-62.50531705867496,19.926255653765732,5.628173676262607,68.26475702394863,120.24893110918565,43.65271849697402,-38.904482689790065,146.49353043964268,-2.3977106012807976,-112.7005790354142
412,-181.26648428459944,279.6487282064833,36.6973969315397,-164.03053715518877,95.07580002385087,-14.703293747391063,-9.817153623380891,-123.52042870574225,-30.246649223314613,13.919428492265801,16.0911096804926,58.201823119713154,103.97624636033646,26.235642697779152,-42.36195665755772,130.72318885462894,-73.42485214751876,-92.79438248066019
413,-142.5922032860926,105.2644245390858,-6.353227709254675,-143.1077394801946,42.81313347408886,-55.953629350260606,-36.06192175678606,-118.29771844197161,-100.74698039023397,-2.3722227897674246,-15.153766099147777,90.3654977157061,175.60896170720582,-35.71369387844254,-72.07552158134762,96.84649337704528,46.384754871867614,3.688162209425898
414,-115.25227553309709,60.236428672399846,12.982141905225502,-96.2938648872316,54.45946156243389,-11.52515088171164,-6.289769931602325,121.02201813479805,-35.67750733131718,12.749678920551569,-6.854791890415157,92.73621364010883,90.39498817973634,24.306816368232855,-16.680424094738775,112.19224965591418,-23.13252132460454,-66.23005420167316
415,-169.85398443466428,6.845406698359603,17.429251965640027,-176.0498162494366,101.01998796663875,1.6606872486096311,-17.801530215581124,-119.90631418812845,-63.02759276861412,19.403104324365998,5.352631454022114,67.84105189070583,120.62966542463495,42.641024748946165,-39.73253766931125,146.1127019907254,3.1063236909186775,-111.88361016529952
416,-143.09851485329276,106.47536980188741,28.669804852899194,-139.44561525897285,96.23206577574332,-11.552886650436996,-3.725556805906319,-92.22330382838818,-10.496710274881648,33.19314750243276,29.163381215878815,310.2474743232424,121.76755883216757,39.684555330988225,-30.713462212844693,128.77570935023297,-44.985977718755684,-102.22892541514479
417,-36.15013633159388,75.64906413315265,21.874885382926458,31.393369096709254,62.87000578020926,3.678265233628674,-5.378184558364891,-41.150050843478155,-25.08058458213627,21.026862333505473,10.95111988659458,64.96926479557435,93.67167943435875,-2.0025424253130995,-11.510854718280605,74.75888012663678,-25.022766312292987,-56.42989179140936
418,-184.80326807098623,292.36835307926447,37.52957836890757,-163.58085266185864,94.27911600892675,-1.657731239680028,-10.059117259119901,-127.6095145918811,-53.6838573194339,13.031013521046283,14.665113942864718,47.927509419511914,123.18931635299342,27.958624718258708,-41.881846782044946,126.34899873279089,-75.51557042314792,-110.10323736525679
419,-184.86850207211037,285.7897843200846,33.54726014393317,-162.95275583376326,89.36632409564511,-14.577750150071793,-13.111135630251843,-122.68285516801193,-65.57357817056585,13.373463075156506,13.238868285199258,54.89401716981901,68.14162289630315,19.865494145040977,-43.905526218914,121.41099129600404,-73.39654426200055,-88.90421266262834
420,-106.59907066171031,135.8785857580984,-3.5516980259207953,-75.04345733097603,51.245120141267414,-41.99267590056431,-14.816234280348992,-78.29268785794005,-65.13163646518481,7.1325973782120125,5.6946553240896804,126.56509344119375,176.72363282348175,7.990015656374955,30.511262009574054,89.19184155158744,20.63357698280977,16.153907619762276
421,-55.85035034859657,52.39675852264831,-2.4380973007164393,-56.59770421072357,22.025364655058766,-23.750616508452573,-16.90519152688959,-39.822498069077696,-39.63325025635241,1.8598617579082886,-2.8772522974316805,57.50156286372306,78.3375924044252,268.55381256456866,-18.30563302947314,39.77536359108739,-3.551318440241769,-2.9789400499156855
422,-140.6014399212976,154.90801525782987,25.54386108196533,-142.73315484587172,82.18818006591123,3.5268458113303844,-15.534776970307352,54.3168235734138,-51.02388164290562,25.164582408034565,18.924089375352686,81.45681954888639,120.04150730098151,27.256763302226876,-28.720270558011414,92.470501806192,-47.895216933520736,-75.26778829912449
424,-133.32040313066594,90.02043539690624,22.421282892592707,-125.50608729269517,85.73466647021615,17.406475961235355,-7.260630651577765,-80.98749523917944,-40.43933405625287,28.644528510460045,21.530602528471867,311.3227576109878,108.20400428012206,27.861414532788388,-38.95641383520618,110.68027696692353,-43.99474299608829,-92.0772962009845
425,-162.03166939759518,88.74817146520554,3.65661138316121,-155.5048769399541,51.888534475222166,-48.09676371250905,-33.63073960607182,-129.8937445638158,-97.25961387572114,-1.056737232541495,-11.254818295002108,87.85898332937897,177.15458324319326,-30.675143548290162,-75.98233312916418,106.66193437104452,16.826666521976115,-23.035475435048234
426,-110.06392692401295,113.43546852371303,28.205365695475777,-128.39370283831468,89.34870970296585,5.142140987137303,0.2126014449867416,-95.77189636352706,124.98679938958396,22.80593735810374,24.093281552893835,105.1559577185118,105.0022743821622,55.02302209939936,5.053580883235316,148.69557148011697,-15.787608168122375,-92.66306572205431
427,-180.96008266156755,288.9262037732531,31.172798399113624,-158.86149605231742,88.67342044728639,-19.885576554132527,-12.27698797938057,-122.07246027660037,-66.46234939150438,10.881621508830994,13.013595750492907,58.59707776145226,123.6279460310108,19.526225092985484,-36.18830915644398,116.13430709163221,-65.89831815037684,-77.06587247064667
428,-134.464934836767,129.87311481444763,12.92797872022174,-126.59664831508445,64.59586887108473,-9.143489375558525,-15.720120016090956,-103.9760525282787,-56.97683245983084,23.106869708112086,12.843906980009166,153.17627313088855,-85.84443846568458,19.850527623817356,-10.330174045194937,105.59799409271986,-22.119052793781645,-65.06114861833494
429,-85.16299558651725,88.31668518130667,19.80670316145465,-84.4715946678278,46.00508139149034,199.2735089313876,-4.0705876170804896,-69.51003707370445,-25.55560471490538,20.364994512208586,15.398585079107903,15.025508664549957,100.98542252880422,22.244040470028374,-6.259539561938775,80.8307841897144,-32.566022671209026,-51.900560591744714
430,-150.8159718595168,16.673625108786528,13.742922968084144,-167.8031127547492,98.54252901350455,0.5786398661231446,-16.96449227147755,-110.08684430845979,-28.820175638419176,20.95611883017349,5.269267675104117,67.14368063402821,102.61230475835917,45.66616000510777,-38.18305716885322,150.00495428901792,22.24796651910257,-102.28538625117613
431,-106.49924268818081,95.52387611126589,24.908115679586338,-99.47746105638019,83.19011124573291,-8.504185321339259,-1.6751489319970485,-86.96141571857697,119.85299850143062,21.62162609004799,20.827538028128835,105.70774617038587,84.13132624207643,44.984794190104566,4.150063393431428,162.46471806260436,-16.72843842857073,-70.2893864973221
432,-168.12198382453101,5.755629713298024,17.51306307279729,-174.32748590358935,100.6239654694973,2.324723125023036,-17.411893742885272,-118.33251595480684,-61.79137467773596,19.496002120108844,5.604988217017695,67.17613848715395,118.66178254376781,48.75607453795828,-38.641760144361314,144.9868166890049,2.101992504845301,-112.05230624734246
433,-169.00618711367963,6.861680485925995,17.761429759108793,-175.2611851193346,101.3512909544544,2.70744779317211,-17.266952070670907,-119.15348708696192,-61.859284705840025,23.350751514905305,5.890158180018471,67.17712062229495,119.77863827362818,44.02670786448592,-38.68937060090946,146.0154754640835,1.844720139632793,-112.3706618974935
434,113.68174568854741,93.14860040396488,8.606418827423452,-131.12376663145668,55.69503423157357,-19.284732354292313,-11.365333018055392,-120.75469751512587,-53.43126036115077,8.952779462509625,-18.883529264571433,90.98278953305078,89.15141002764707,27.844919973527187,-30.893433125553116,125.01818540964246,-64.21378104782364,-63.37845956093777
435,-115.57506420600573,61.33372544503555,12.920275349141772,-99.10794386696126,54.60034448154716,-11.477914147207523,-6.378652123898323,120.32851030214262,-36.02107681328457,12.894687623694448,-6.662254659330758,93.40837724890378,86.90635667830875,24.542308803120584,-16.74229728323019,110.43377374019542,-22.779663954320373,-66.35187574356596
436,-127.84606638670297,113.4201523832747,21.481636758320413,-130.32779740366297,75.19728837318468,3.537211827744605,-14.147580404114986,96.61147678174865,-45.59434730251614,24.705870220455274,14.69675404808489,88.73231544103255,120.02856169688296,27.88481968644535,-23.48178102076209,91.14567819213511,-38.14961917136015,-70.9363200213302
437,-132.8609915145409,132.24366110459079,12.543699050393217,-125.70042875747788,64.16373871159267,-8.058278075267124,-15.734652631979529,-103.35795291202407,-56.32148166166828,23.16017425553506,12.617467189183937,152.42899602209923,-85.69272456324656,20.149254131060818,-10.368450456506364,105.45098000552004,-20.154890661747782,-65.64848692617379
438,-162.10250585556585,87.42945458957446,3.9712724275401046,-153.08300279325096,51.82667450566658,-47.50878017960293,-33.600965789529546,-129.607443794296,-96.76185901334256,-0.9670767738968468,-11.42968198849544,86.78494357877133,175.22286893219234,-30.82118470644952,-76.64470260680126,109.01181877379261,15.743283868511993,-24.280884028138704
439,17.06697116985798,83.26200124128637,24.645825046379283,-93.32131382731633,72.4235008833579,14.90382464166177,-13.332288048295286,-5.992317987033639,-20.87560912513548,24.7090570571959,46.53749575694667,64.75787203979155,118.61481071331258,24.334060879975176,-1.6986330836160382,54.57615906652947,12.383992195683591,-69.95082288448396
440,-211.22079674110583,51.400342230149064,44.507927820677715,-173.49808225835616,105.16480560310279,1.4056800018315059,-6.09665920398679,-144.31956740630721,-52.12799618939053,17.49555161866825,24.77091719359661,112.46890294466948,186.58707202947096,44.305349958791055,-2.1766749737394493,130.44991452711884,-169.21079109407944,-129.13272751845244
441,59.247528161477746,79.83033352438152,22.06510983355291,-94.62229927332037,68.66329302476163,9.340479351292766,-12.422347146104046,-47.98975055609515,-23.152749747767295,21.453125936949764,38.43565024982779,70.39584075894477,111.90589224585048,24.579734415454038,-4.209338627591977,63.75124891006237,5.863968111303073,-69.1934453770397
442,-215.1878562043181,45.47224149085465,50.96969244503295,-175.18147496071492,109.75099249599307,2.4155185604582563,-1.4440766414947166,-143.5776410122124,-47.18220296605331,19.19036130511742,30.372158835005475,153.24204687451322,183.8435600533611,43.32366586331944,-1.7019669143240859,132.29117481750617,-130.28894409262847,-140.8068584804634
443,-130.7533867650707,124.07298646990911,17.823746266635112,-137.8796261460797,79.24657470720939,3.494901217812963,-18.768377918807218,62.2920363376766,-52.02957014017561,27.560022831299772,15.750507157490224,91.76034289113164,130.52707211764928,26.51830323363311,-27.618894190773695,92.57555374104604,-80.77877117182726,-67.72119690927335
445,-148.31652450314343,11.70436894556008,10.61485920263307,-137.19723126381962,90.29157457063715,-0.037204598015684924,-19.22756656770901,-103.25747616732421,-59.95965175987538,19.024705998462306,0.5051455298339452,59.91628236780642,99.32644198918736,36.47781893593402,-39.75183302223723,161.60891943253628,20.77109907011296,-95.8679403600196
446,-142.35870145317594,200.5336431655116,33.56115251783518,-134.60310532688044,87.73486216868523,55.70233960981346,-3.153401038562644,-118.55918547975985,-18.07987785850705,18.152636960988044,16.847559871728492,69.61519092632204,188.47932651774417,55.373047721050355,-5.548392385492233,124.73133871608198,-38.896305023716884,-167.8861400369008
447,-212.9808956060223,52.62700879394062,45.0186526148578,-175.07410002317746,106.52098539816042,1.5151426712183174,-5.8917619330724555,-145.3456604750654,-52.293454879910655,18.06329537659769,25.345330058475664,117.60651806665444,187.81535858324878,39.56683218640141,-2.3597477302938943,131.95047930663003,-169.89069401951184,-130.78851282664903
448,-129.06685453595006,124.39652155466894,20.930694244889573,-134.7548871338547,76.30809206250112,4.727583952741176,-16.254416271562526,58.68146168711468,-46.35973597828894,26.701749264246544,18.377308439523183,93.0354052424156,84.01221902307917,27.117182895170995,-20.79366511386055,89.23596764090313,-35.96900704943997,-68.73440934936708
449,-155.11460592071816,29.496368610035265,14.613727866928576,-167.5845498083661,97.8855610138718,13.561803096975957,-17.28831405001942,-114.19103065317164,-55.49160123973137,20.271357253042986,3.925151649702904,60.91750447392583,122.53665183929897,47.120327029387546,-38.44945377851249,145.15501232736617,19.490526504884652,-120.18938886144409
450,-125.3855227729065,108.9608647613321,21.019091857901007,-128.10365763321136,74.11010688948288,3.7857194088320485,-10.43705102607538,98.31477350705443,-44.76589567054705,24.740014950239065,14.689189017852183,88.61271382996254,119.10034929047343,27.603590459696214,-22.840445591376014,89.76888281546519,-36.767085584634394,-69.58275305375844
451,-123.8117659323826,109.43981497199789,21.26002116927057,-128.9010232769132,74.7928791269199,4.079806044234782,-14.1628580678835,98.27880899497255,-44.745890951697305,24.914847980385602,15.336850484353002,89.01016699855235,120.1940336657355,27.93320682371995,-22.576112420139957,89.8503003269809,-36.35074843299094,-70.50288447710685
452,-216.21137378875804,29.649586152511816,48.09769387692289,-180.03994998391724,109.98937247237136,4.443060458015852,-3.869039689920798,-146.5747658546039,-50.544467879035714,16.959834477265847,26.003151316700517,109.55211347811564,180.39495433197305,44.29972478206616,-2.950420569283473,135.9108418167816,-117.65521101311245,-140.29584255355857
453,-147.3971489144941,119.29811330313615,29.540609751743627,-139.22705231258973,95.57509777611055,1.4302765804158117,-4.04937858444819,-96.32749017310003,-37.168135876193844,32.50838592530226,27.8192651904776,304.02129816314005,141.6919059131074,41.138722355267994,-30.979858822503964,123.9257673885812,-47.7434177329736,-120.13292802541274
454,-49.549615940913625,41.35209237924828,3.5079534802801065,-36.20622932343823,227.4624650406036,0.1690330523433603,-9.096286937091707,-33.26735328211698,-42.32805219718559,8.596193701913569,2.4921798991295385,43.77661116279014,30.578166282416415,-6.277238015246666,-19.209697590574194,28.64572805880292,-11.828537577940875,-20.928014489654654
455,-99.32676278599696,107.73306810430927,10.536149454719304,-102.90523087001341,59.21208018553758,-3.7784852783404337,-8.981716029758212,-80.3082490536945,-38.72377475600492,195.05431965731478,12.126135768255057,57.975233799107535,132.72950548207115,33.730825903773244,-19.031944603313004,92.05873366262058,-17.432449073784216,-20.126056222036794
456,-109.37931183336815,66.55602436157777,10.66339462962009,63.174038830043244,45.927776807880065,-10.36064883273852,-12.099992741126004,-61.56018239163247,-36.75099790183747,14.997561918907465,-1.766058550071364,69.60330853296676,73.11522141662012,8.242492544965057,-6.2389883233006955,172.5074991964425,-31.550398181523896,-45.42415327214132
457,-146.36078763384546,95.90429545744193,27.017045681545913,-134.68211475944724,90.59925240992865,-11.929404214480256,-4.27896200987701,-57.09786529756165,-40.97836127093266,31.124495091770644,23.36341579288275,307.67329762975277,121.57668565193703,35.328774959198306,-34.770326738459765,123.59629568855487,-49.081854492081284,-103.71410671191902
458,-85.16299558651725,88.31668518130667,19.80670316145465,-84.4715946678278,46.00508139149034,199.2735089313876,-4.0705876170804896,-69.51003707370445,-25.55560471490538,20.364994512208586,15.398585079107903,15.025508664549957,100.98542252880422,22.244040470028374,-6.259539561938775,80.8307841897144,-32.566022671209026,-51.900560591744714
459,-126.88856919085713,110.48222039683337,20.705988418880064,-129.8937990852598,74.91524989867192,3.5445486353420934,-14.49407957300883,97.0233273634912,-45.73895101384372,24.963458799131114,14.414332112633463,89.79506261111914,120.72073441562353,27.79783066919776,-23.35429861179939,91.13252181519076,-41.428247410770325,-70.16324883949922
460,-127.84606638670297,113.4201523832747,21.481636758320413,-130.32779740366297,75.19728837318468,3.537211827744605,-14.147580404114986,96.61147678174865,-45.59434730251614,24.705870220455274,14.69675404808489,88.73231544103255,120.02856169688296,27.88481968644535,-23.48178102076209,91.14567819213511,-38.14961917136015,-70.9363200213302
461,-143.82990615409574,100.57668890617775,26.80066529193758,-110.80241685678386,90.03619599500858,-11.561749887392248,-5.686197929337145,-87.70133818865395,-38.623659253022026,31.60064240040977,24.83964392723589,304.06648563522924,118.98390356793527,31.81285937631534,-32.4287543799986,139.15287791173313,-49.39780361941945,-99.4516250552174
462,-214.4611626117428,47.04057424058356,45.39190141207953,-175.8517923712557,99.91752003753464,-4.184033730662372,-7.070497773933906,-149.11699696236758,-56.949137034240586,12.559652530798278,22.373616521303944,108.69871157811738,192.90385935755305,29.86412640475064,-9.92043070129961,128.132952461106,-114.45937336035007,-123.81407666085755
463,-109.72712941726716,106.49684383762298,24.289450118749034,-127.61825085367684,84.59894043686567,-8.031817976298086,-2.5639708549570326,-93.89649404513135,116.41730368175675,23.07171312147679,22.75291033897284,112.42938225833532,49.24501122780071,47.33971853898184,3.531331508517259,144.87995890541671,-13.199864725729018,-71.50760191625012
464,113.47242204632272,92.60893095519342,9.233433905642189,-131.08052106939707,56.01538627495263,-19.217223008674512,-10.893620455026218,-120.54459418170289,-52.88277667073189,9.090269686782172,-18.332301858937285,95.03178611824106,88.79254801600707,28.2097582421218,-30.81378333667881,125.01203643851589,-60.39398086712994,-64.38597208106258
465,-91.28336027147972,88.17449110472691,13.099853584965436,-93.52715516746454,55.7919214626693,2.2507728737503965,-7.821280709625616,-71.52248799840955,-34.006502741009,232.18774263244165,10.492987274964648,47.59745865256733,104.41228569252041,28.744800701714908,-25.799243614862423,87.56224260801062,-28.573082362349822,-38.098369221786825
466,-134.57547401627474,94.25515261561866,22.784793886284703,-129.85085151207383,85.923810499814,-17.882135468015417,-8.200371697864902,-83.83290677761605,-45.71442406195314,30.15143946814707,23.76340457019825,302.8554184983368,117.06519707786434,27.31365612501842,-38.59736964555002,112.05438870913457,-43.07259307684921,-143.7837826838759
467,-55.85286335771723,44.43532825626577,3.7294941614548707,-61.36745489098362,29.182488714284798,-16.43411955596738,-13.801347462331055,-41.11807950955436,-1.779715742742908,5.2861807432133086,0.8107399456758625,56.90825478430795,59.22745402647268,277.05399388461257,-22.851708937985276,54.72968247552333,-12.37110881172248,-21.727183985524174
468,-133.3916244923064,132.75212888441646,-2.085020040477705,-142.33062123502916,80.97387629821246,-14.336453367516638,-27.14211206807309,-102.92789961861452,-37.476834789693015,26.79885742605777,1.9700129079214244,111.33918162404193,138.58488229736457,21.886191835399735,-35.98783620942287,130.0653700074117,-237.35626411802747,-54.14082338911157
469,-153.72969177576874,121.86940948423367,2.6285815566519464,-151.0742538647118,84.63820989350026,-12.205403139577829,-27.320607687729233,-113.21308212587259,-70.70176837263078,25.581050374697515,2.890294790772493,112.58577655183286,156.99209035392417,20.35309378724489,-35.87146870596787,126.68556891775827,-259.75532545258403,-66.17144292099108
470,-188.12569528249702,281.3866278472028,36.48770252874531,-165.61902475158328,95.71354748534195,-15.91918707978358,-10.804807940701457,-123.47200417239523,-63.03288428137595,15.475741295903669,16.541904829009383,95.14166196038761,112.21479435996828,23.103942801638993,-48.53513695641533,124.9834583556411,-78.71179216882,-96.45833575716529
471,-127.04913952659366,165.26611197747928,31.061570212634763,-127.56269661484181,86.4004856610557,57.00728456493078,-1.5543982322099175,-112.39874507579741,17.752613293916227,19.929400825309187,18.165590045654834,76.20225649291197,185.0585247175614,60.47485192792383,3.9083446557239236,129.30195260463648,-30.637168405687742,-163.2715636430012
472,-169.85398443466428,6.845406698359603,17.429251965640027,-176.0498162494366,101.01998796663875,1.6606872486096311,-17.801530215581124,-119.90631418812845,-63.02759276861412,19.403104324365998,5.352631454022114,67.84105189070583,120.62966542463495,42.641024748946165,-39.73253766931125,146.1127019907254,3.1063236909186775,-111.88361016529952
473,-110.06392692401295,113.43546852371303,28.205365695475777,-128.39370283831468,89.34870970296585,5.142140987137303,0.2126014449867416,-95.77189636352706,124.98679938958396,22.80593735810374,24.093281552893835,105.1559577185118,105.0022743821622,55.02302209939936,5.053580883235316,148.69557148011697,-15.787608168122375,-92.66306572205431
474,4.903792743134086,83.15082776766491,20.972158958564886,21.93572442267709,62.9926821042438,2.0138283940854826,-2.7083931619085604,-84.72865587553937,-29.20119070181731,20.36473783580555,7.735449682156311,64.84717070987486,93.06668073873357,-1.1324594598461073,-15.313855354828288,76.13006860266121,-33.99060102373939,-55.365095891159115
475,-185.20529957885617,292.72840900617473,37.46317572065992,-163.7282078184011,94.11609336174529,-1.403791186636408,-10.334563330308068,-124.55825748640764,-57.00408246273868,13.10768731178346,14.57923949912026,47.6205926299955,123.89888605066464,27.548797705458494,-42.38327684419595,125.22660387070434,-75.98428770439392,-110.05967646843256
476,-90.524683947389,81.6230236869053,-2.9376863678422285,-88.7723467999531,37.59223774327344,-45.84162443786666,-24.244863690972178,-57.24965683320031,-65.34050831471424,4.770324600689158,-7.295962084816184,65.89251645990588,71.81215422617495,-14.963734547147663,-40.4241293273131,66.19710437773828,-14.731284448249369,-277.40346921826597
477,-133.1134704277076,94.43005846413647,24.506097081947292,-126.48825940635862,84.68712465421154,-12.617206272218873,-6.342179910983417,-82.29770638704001,-37.5060209102843,29.82881160719184,24.52417195087827,298.84609752459636,114.7604099721313,85.09394802322896,-36.893177566711415,110.47050709764841,-45.56772147631678,-93.31492584442925
478,-133.51549507349293,164.55343339950002,31.395400678507887,-128.66274883793656,86.91578732683477,55.7743106743582,-2.2697486267411464,-111.57010108235235,-14.41749557889422,21.566188783530887,18.83980790277746,116.07452092024562,190.7602819105417,57.161856528116445,-3.459619850212909,123.37129105270006,-32.61426755135208,-173.62892671127202
479,-143.30056786579928,92.07725578277488,-3.206617265465728,-118.88899801316299,42.19453377853299,-50.07379402119938,-35.76418359136336,-115.43471074677343,-95.76943176644804,-1.4756182033209375,-16.902403034081086,79.6251002096296,156.29181859719665,-37.17410546003614,-78.69921635771841,120.34533740452619,35.550928337226395,-8.765923721478785
480,-154.9200948780881,16.455508354134572,7.48217992107011,-170.10637727186705,88.90272820125448,-7.73301974697636,-23.779913276313813,-113.59182669892638,-71.20419432591929,16.323897247815918,-2.3338940764794933,61.34502829269232,114.78177720205488,28.608409692726532,-55.12403145844939,144.1854016356567,34.6444930739494,-88.044280328802
481,35.16853888684038,76.88411673309375,24.83595299519149,-59.4009162433207,70.09497387764601,14.975925433364544,-11.718100291564967,-36.92935938701329,-16.96115068216535,24.0077885152881,46.000006596324546,59.557813171654416,113.36275343039254,18.05201428704458,0.763543633148378,52.55098627408583,14.58616391093651,-66.9051300779132
482,-184.92113274392992,283.7345807286342,35.69023591979833,-165.1735656805646,92.76518381017159,-12.12057351335489,-12.799795600308267,-93.21563559506625,-63.738775282083346,14.440614424172793,14.882036806889113,51.189242522422234,106.7773746414237,21.783273912363033,-46.80861539233337,119.10843661994197,-77.4622728785724,-91.43847966719288
483,-150.52018308073818,81.7626321207189,-3.54720407494627,-152.04889121437427,49.82436770371247,-48.01099884550443,-36.935454985042085,-122.80340458653637,-99.61495038564765,-0.1910989237037395,-16.385619547196377,77.47535361152715,160.09664762358548,-30.891726710573913,-85.61330568970932,111.65595368672624,45.512609016643346,-17.633946278633815
484,-146.79496982127114,117.38720453320879,29.4571195421924,-138.78186250134956,95.13229993701948,1.345686676617951,-4.248787224688027,-95.75737404642496,-37.10049338136182,32.45137085561354,27.4914604934493,302.90472716460897,139.5139771180959,40.59258858300616,-32.25429281845748,123.74098530675914,-48.25337703803039,-125.81882529705364
485,-115.79299382497797,82.87179258494005,24.962422589511032,-136.96502855152508,91.89442184016976,-5.936686382026094,-2.912553010802825,-96.16227111046638,115.49192418255241,22.723435634842062,21.41189037850361,99.3956607918412,89.48835776654825,52.08072021422466,-2.774114851040941,152.94761899589724,-7.23308873519658,-80.75065912167763
486,-153.70159352098554,121.7325199055037,2.0340456553145927,-151.22056644573777,83.67805259558408,-12.978901685378046,-27.91514143133942,-113.76078729043599,-71.77252777298882,24.920408821025237,2.0635251628978533,108.11307483339978,157.73168668101349,18.97656177062242,-36.77917347436336,126.31088943996757,-258.0710913410783,-64.34696153075156
487,-134.11767416671591,166.4643421694274,31.478890888059112,-129.10793864917673,87.35858516592585,55.85890057815605,-2.0703399865013097,-112.14021720902743,-14.48513807372624,21.623203853219604,19.16761259980576,117.1910919187767,192.9382107055532,57.70799030037828,-2.185185854259381,123.55607313452211,-32.10430824629529,-167.9430294396311
488,-143.1868436897504,93.8353285981463,-2.8875063134534997,-118.3491674550294,42.16804711449096,-50.29907645426134,-35.49474325264936,-115.1016968753966,-95.39584677611666,-1.2277818891152072,-16.416957754269422,84.47953725367375,156.6749970106842,-37.282556451008,-78.56049928494515,119.94315218238447,34.147180217280166,-8.822703268912656
489,-136.7731917538686,135.38227248305998,-3.0558124731458065,-142.96010424464487,78.54203947095904,-11.859045802972771,-29.89336330456189,-68.76639956110128,-70.52861223245604,27.13959799447157,0.41157717096970814,104.00265266813052,144.94984820771398,17.56525315386573,-40.60794266658778,118.68723347702223,-241.4909566932859,-52.96904100410284
490,-124.93288804195296,109.52585858059815,21.244440384554764,-126.60480072079304,74.70197680956089,3.9297997965331954,-14.040285307877674,97.52240403238088,-44.875351203835855,24.90029889982601,14.728373883007883,89.00382050489789,119.84247989786336,27.430144515775872,-22.806886819315665,90.12502652140486,-37.16466704860063,-70.25807765350656
491,-212.9808956060223,52.62700879394062,45.0186526148578,-175.07410002317746,106.52098539816042,1.5151426712183174,-5.8917619330724555,-145.3456604750654,-52.293454879910655,18.06329537659769,25.345330058475664,117.60651806665444,187.81535858324878,39.56683218640141,-2.3597477302938943,131.95047930663003,-169.89069401951184,-130.78851282664903
492,-59.11050940460373,48.2683139878805,10.783700913695522,-46.61031215358027,33.7950437748134,-3.2054977906226663,174.7292406761142,1.0490505656490554,-19.747510412054236,13.27624592941413,9.36698814008175,45.67445303011337,57.36937886844814,7.118333846405235,-13.573231973502763,54.93737950548329,-5.242583367760444,-23.06706856862534
493,-120.66147050678741,178.0906806064878,1.390307247851124,-110.86262591078051,59.82945554504515,-40.56775297793195,-14.031367785646372,-89.21713890689848,-68.06955047314167,7.47592813667479,9.045735607803248,121.40536555996586,181.99145898717234,12.898197781172124,23.772360871548358,76.07360913476305,10.959654084414366,5.057433205928245
494,-114.22836076519945,59.86674600525747,12.949498239208763,-97.69157101702154,54.1552391708437,-11.347572422935333,-2.565154874948342,121.61763105634145,-35.30663053468575,12.779305525994616,-6.588296723587291,92.12044458468363,89.93940226042369,24.33732898243841,-16.875735938415428,109.46708732541792,-22.58805439028444,-65.68416128292529
495,-146.79496982127114,117.38720453320879,29.4571195421924,-138.78186250134956,95.13229993701948,1.345686676617951,-4.248787224688027,-95.75737404642496,-37.10049338136182,32.45137085561354,27.4914604934493,302.90472716460897,139.5139771180959,40.59258858300616,-32.25429281845748,123.74098530675914,-48.25337703803039,-125.81882529705364
496,-110.81210047763412,116.91306995892582,28.35399895669739,-128.87094671877753,89.31039613409955,5.067294833922016,0.08738805085141059,-96.39385027869261,124.58291941049266,22.410858555155357,23.824476082711115,100.04421396323495,104.66896367506165,54.745172848052334,4.846448685398311,148.71487682818787,-16.328780109405905,-92.42862438376045
497,-216.21137378875804,29.649586152511816,48.09769387692289,-180.03994998391724,109.98937247237136,4.443060458015852,-3.869039689920798,-146.5747658546039,-50.544467879035714,16.959834477265847,26.003151316700517,109.55211347811564,180.39495433197305,44.29972478206616,-2.950420569283473,135.9108418167816,-117.65521101311245,-140.29584255355857
498,-134.93934185213615,137.31792160788464,-2.2386644163527087,-139.11990470581907,73.87150646222054,-14.541281131592127,-30.49784614426872,-103.67072388142353,-72.31365629542755,25.557784911715927,-2.1400990962206365,107.02718993391903,100.60807606203153,14.93029941855301,-37.53659050311274,119.50085730568571,-236.34664314673927,-48.83402338296472
499,-133.51549507349293,164.55343339950002,31.395400678507887,-128.66274883793656,86.91578732683477,55.7743106743582,-2.2697486267411464,-111.57010108235235,-14.41749557889422,21.566188783530887,18.83980790277746,116.07452092024562,190.7602819105417,57.161856528116445,-3.459619850212909,123.37129105270006,-32.61426755135208,-173.62892671127202
500,-140.32835872352933,153.4523063343224,25.580229661038594,-142.21960933011158,82.06695945233707,3.421533141838078,-15.303386229868778,58.17353052025105,-50.58353302689992,24.984137044541377,18.57472651200446,81.13287119026587,123.60534493024365,27.388193406108993,-28.893718280400666,92.70711751048948,-47.99248877772553,-75.45190872758306
501,-106.91968028848031,100.66593454387265,16.495439630318817,-110.13250960076958,66.80620709976085,2.1405203597622955,-7.290987136838451,-82.30254024446457,-34.28317469468256,199.85653102983767,15.80615550575471,93.39059940224782,121.47173431403627,38.166325245196866,-31.950790131941044,101.88085467112884,-31.23522271964666,-43.00129602411911
502,-140.32167194817464,133.17131164950493,-1.9800533988932023,-141.49723468472052,81.54976379014795,-14.964363167003034,-28.099992568851384,-102.5931743157477,-69.76531498537575,28.444830688340286,2.2459443629448756,147.20498071410876,144.8917159859955,18.60845078110021,-42.82338598591756,126.675523911172,-243.72658679279283,-59.05018525870714
503,-215.1878562043181,45.47224149085465,50.96969244503295,-175.18147496071492,109.75099249599307,2.4155185604582563,-1.4440766414947166,-143.5776410122124,-47.18220296605331,19.19036130511742,30.372158835005475,153.24204687451322,183.8435600533611,43.32366586331944,-1.7019669143240859,132.29117481750617,-130.28894409262847,-140.8068584804634
504,-127.84606638670297,113.4201523832747,21.481636758320413,-130.32779740366297,75.19728837318468,3.537211827744605,-14.147580404114986,96.61147678174865,-45.59434730251614,24.705870220455274,14.69675404808489,88.73231544103255,120.02856169688296,27.88481968644535,-23.48178102076209,91.14567819213511,-38.14961917136015,-70.9363200213302
505,-198.26188051850804,35.72823507401327,81.97693629859329,-158.94988451757249,99.79227450474646,5.0163344560903385,0.5313215483418705,-133.7513966036912,-41.59630256690846,17.412920430788873,32.45513708172331,102.19191254818591,173.320386960679,39.04672979452697,5.956336774226751,119.42212850306917,-123.24193755751023,-127.63470187460956
506,-73.08965803264054,43.22343801067229,3.9710793622589775,-60.10509495618067,204.00771756011432,2.4267678272947046,-12.60307906163387,-49.709908790568875,-55.696441703988576,10.621410762157486,2.3007735302509387,49.74683411983611,34.23184853241093,-1.9453742094388762,-27.745833513844588,46.656415600275565,-5.621576727511374,-35.73753672763626
507,-86.30702441626872,88.82440840340956,13.33451879591875,-100.50926291698778,53.503036902352044,5.196887544887516,-7.452678149241236,-70.19498714683398,-31.577188360270817,195.61469980849753,13.872481162647071,37.53623576722942,108.8565449220141,37.748278093642355,-28.921409044591705,128.12986058711473,-24.739857224705464,-28.542107949837515
508,-65.91138185804661,48.15040990408266,182.8171539649935,-62.45390334688074,47.7323028718691,2.6304270141066746,4.146728520924706,-44.105024101586416,-15.944517579594486,28.849996079449426,37.86792101920249,70.22921235959437,71.55093766418514,15.781227329941927,-1.1844182940059287,61.39851098740724,-10.533844790271338,-43.433601103683976
509,-186.43193184355377,286.3335462773164,30.70845465439367,-166.6904418548505,92.96670108050083,-15.686040642249443,-15.546448610086538,-122.70610906165565,-68.15966881754429,14.454080587078664,11.229878590446747,53.83817833918343,114.67592996895327,19.75809803323475,-50.37844297500016,125.38051714548469,-118.0920668830006,-88.03202591362964
510,-147.59653045228072,153.843723128525,36.402186887983156,-136.26308368246492,90.38517129972259,59.20584413848738,-1.2611812888368885,-122.47382424963251,-14.923836598602684,18.849083998221477,19.63709933414005,81.49784800589318,203.10687076248095,59.3065921483636,4.104361948053232,125.91600254385648,-49.216429559550576,-176.30969569500553
512,-95.86459121578045,130.75921419766928,-5.203790987735772,-144.90433140667014,75.0085489566002,-17.146886793689667,-28.919413821533404,-111.77724992231559,-72.89402870818873,23.5582327750004,-7.680119860090743,105.717143339964,139.370373457625,17.926431880728884,-42.36050497504618,128.0000950514035,-249.58416517253332,-52.819577724175176
513,-35.739277174299396,75.83019423933773,20.279727796158483,70.73386143216382,60.11773488139428,5.445114461467786,-6.110297472591325,-71.11740209614611,-23.72378854087585,20.815523354932285,13.264320283741988,58.891246184396394,86.74794945020398,0.49708386800681353,-13.832589128896563,55.89614627494217,-24.3318605129285,-52.19105159308188
514,21.06997260054101,84.04914587145183,24.5588167705448,-94.12730768174056,72.46619075492038,14.71962311182982,-13.437770414315052,-10.409739782394105,-21.324757416766726,24.6398819468816,46.18927921982006,64.80723953676411,118.59986943568133,24.41801791510132,-2.059401962903139,54.98579414718154,11.432762031106941,-69.89893258633371
515,-180.5302192554474,287.6439294231282,31.08571790922918,-158.88335234695575,88.73911724724967,-21.183892877217808,-12.244605801526383,-121.66204164212918,-63.79520683137317,10.950097666544044,13.148007353033028,59.2196953774625,121.63551132291681,19.380808390557508,-36.16166949547805,116.61930128779738,-65.62257414895504,-75.27547220961988
516,-120.50040720743667,153.61255604607916,25.24200417303074,-117.92036813214752,75.95617653692285,49.74829574274322,-5.504224249724601,-104.62909341201066,-14.571035675403262,16.527409526972807,12.495668153546385,70.10341535054083,180.5796397183868,48.52351816667847,-2.556058352857382,113.34409524845772,-24.114683276998246,-203.6191386084948
517,-181.7356585865576,270.8726391580998,33.9773485829135,-157.66994551961926,88.3171406070851,-15.884816898038476,-10.521782154677942,-87.16704280511289,-57.849866867204085,11.492335649487428,9.831114095461468,51.9614503731304,103.07042949125344,21.589622196662354,-45.1385733806555,124.89954320106537,-73.90054542280245,-90.78897784403821
518,-189.26037851841954,262.99606770897736,33.85389856470643,-171.5089366590478,96.59811080189323,-13.012062908495528,-13.248280295746712,-126.9864715466676,-63.090456673364585,13.273945897009641,11.973574292416059,46.090690540161056,106.54595602000634,24.900817641699714,-50.46768575183875,130.46327451772282,-65.38786659535522,-97.58291653736347
519,-180.96008266156755,288.9262037732531,31.172798399113624,-158.86149605231742,88.67342044728639,-19.885576554132527,-12.27698797938057,-122.07246027660037,-66.46234939150438,10.881621508830994,13.013595750492907,58.59707776145226,123.6279460310108,19.526225092985484,-36.18830915644398,116.13430709163221,-65.89831815037684,-77.06587247064667
520,-75.53096183515301,49.74489083340393,15.839393625154335,-63.90564557489029,48.48996699544029,-7.27686828607845,-4.692976704102536,-42.4305997802425,-19.724072964652198,198.8302212637661,6.772094238476521,124.30639508977508,43.45040535195616,-3.106358905057395,-4.32089290554894,62.096824689602364,-40.07403054886001,-65.39053982921362
521,-162.79096114784352,88.0414581091619,4.252540400721161,-156.22760481302973,52.64794716664449,-47.50486314869878,-33.461666716779845,-130.0931736828928,-96.81555386958891,-0.5765160952892054,-10.886816321252143,91.400519889693,176.02880612638975,-30.2315936141478,-77.27421768202699,107.64414647189535,15.446389157389868,-25.322999415256465
522,-118.72133151202652,128.64597582399563,-2.891182501344063,-111.34024012461872,76.23317477078628,-11.845020946258185,-28.136666999688998,-96.54024184689911,-66.5173746554476,26.402892792213464,-0.2827376219162384,99.15080905016784,139.7729970526285,11.650129099704978,-38.38108686070403,115.14020047315731,-239.0331994519536,-50.22929016788345
523,-205.96345132197865,39.33461798413847,47.898116500549136,-141.26094819442463,99.9055858039461,2.1804976514281917,-2.7084130755412787,-137.1051777411416,-45.83681464749069,14.945922687581412,24.726338885549957,106.21036424403994,174.15515530061023,36.47948078131955,10.501106675601893,143.6991812095695,-127.85175485797996,-128.67253099349364
524,-54.79208118293074,48.802561601092826,-7.155376576823886,-55.99795605648803,25.40376765702695,-12.29800731154723,-15.05993172175685,-46.789895443796155,-32.6263703742931,4.217824989958243,272.86241880064233,46.44266735023484,52.90928383463304,1.2234406852139648,-23.680719718572483,53.83236408675476,-46.904806551148376,-13.960761660208894
525,-150.4493466227675,83.08134899634999,-3.861865119325165,-154.4707653610774,49.88622767326805,-48.598982378410554,-36.96522880158436,-123.08970535605619,-100.11270524802623,-0.28075938234838815,-16.210755853703045,78.5493933621348,162.0283619345864,-30.745685552414557,-84.95093621207224,109.30606928397815,46.595991670107466,-16.388537685543344
527,-96.11766589306374,125.45922182755689,-7.336544523928316,-89.60081518586136,47.90374791439117,-12.250951506136495,-15.796133258979426,-71.03113974390214,-65.87655186805762,4.837125041934564,3.212383553200294,138.2940671353854,165.20413720857917,5.41510282947047,24.891307322761968,61.09392008456852,24.352403494635162,21.70375508375565
528,-94.76474900937788,71.0623274060514,14.396172750539938,48.05213896730059,51.18714389084384,-8.6654052105758,-11.515992485715602,-61.74858074590863,-36.40844732218616,13.749370075458675,0.1353492976263102,70.82182276359849,81.53303676075647,0.4124879143496839,-2.922843655702371,183.2163670116926,-33.19845486116195,-48.49914681823683
529,82.70438946157742,103.03298520354814,3.6931064017371686,-141.00827915286277,57.23909399247285,-24.56979709760142,-14.205835506279538,-133.0994104965164,-62.81337729219601,9.576377874237307,-27.55748557613268,102.88074224390886,94.05955551488734,26.855996696899908,-38.595645253273155,137.8342513206144,-111.16897064492383,-60.98961570498636
530,-184.80582659555247,293.1781850637757,36.97227281282418,-163.08924633573002,93.65941933279576,-2.312031080348526,-10.310048291214736,-127.42518593137709,-57.362134830759054,12.754445777883008,14.378991681341427,48.43411039929674,125.02637055807973,27.246259787916564,-41.33646871435419,124.89103479212635,-74.80201479715042,-108.41086111071989
531,-86.14055090632333,89.88119542335367,20.48728591309364,-85.91470809706843,47.11679098965615,196.44300265428723,-3.691987129303861,-70.65205079867573,-22.193514585635743,20.847513185722185,16.19047517400093,14.867320237796932,102.15807256350014,23.497591042882572,-5.489782206471701,82.78612382211179,-32.736501706075515,-53.08496113861443
532,-134.62264906907913,124.07915846450054,-4.766444927627349,-136.20115114640666,74.35493289673802,-15.580375795022276,-27.928598742172998,-66.58961417655816,-68.31426993877538,24.57541797736841,-4.2081029648830395,109.14694641755803,138.3903425165644,16.971356338083154,-39.510959417692696,123.76597251403446,-238.4986791318999,-52.73056647816094
533,-132.83315961629071,131.3214426813762,12.390215912261116,-125.8696402086587,64.06641286437448,-9.102654345308785,-15.97771652531351,-99.89627717207945,-56.97456424484184,23.305324203985286,12.666004347979598,152.74469684859304,-86.97558957366931,19.594010415832628,-10.843240857691436,104.81357933959866,-20.347863941571983,-63.81452576832278
534,-212.8317087522263,44.78962069841236,45.074562433501995,-175.27693516625027,98.914262211025,-5.221926417468852,-7.107467298751137,-147.61202273772489,-56.938737464393824,12.444007996850374,22.445793717025214,107.89297812891324,190.41288374508915,28.961119713348445,-10.28101604390903,130.96472707098854,-114.20213266670727,-121.27896907632646
535,-119.63198653201054,175.70732947094683,0.6624309923320594,-109.94768606805005,58.83265782978637,-42.60495904548358,-14.449325280126857,-88.05227548524822,-69.01304292950358,7.21082148153585,8.56622025179178,121.41801315722984,179.6581496891532,11.494282376140173,23.06994460425152,74.91585730844164,11.43899440677686,2.85431244985103
536,-50.67228870175423,57.636230522079394,9.63095424436312,-100.67619333676794,33.949975742637,3.8190803795720045,-8.463659492969775,-35.5430394274196,-18.855462489159986,14.520298711393268,16.93250900377067,35.68862910623353,70.12154201559377,9.130154424932876,-21.908641261991253,266.0343175312423,-58.268072498477245,-32.66387557527001
537,-134.11767416671591,166.4643421694274,31.478890888059112,-129.10793864917673,87.35858516592585,55.85890057815605,-2.0703399865013097,-112.14021720902743,-14.48513807372624,21.623203853219604,19.16761259980576,117.1910919187767,192.9382107055532,57.70799030037828,-2.185185854259381,123.55607313452211,-32.10430824629529,-167.9430294396311
538,-97.55286163174283,63.723615730637576,12.580639372463086,22.48906229519396,45.26478581758293,-8.327318835984284,-11.484394919527883,-57.52369648728551,-34.308922349607535,12.056291478487704,1.2803104794638045,63.8722476412846,74.97633454830613,3.1811017512741238,-4.540560112947958,222.01152590526254,-30.30280448507952,-44.90682725698808
539,-92.31284424625656,90.5578422402679,13.8277298404845,-94.442095010195,56.78871917792808,4.287978941302035,-7.4033232151451305,-72.6873514200598,-33.06301028464709,232.4528492875806,10.97250263097612,47.58481105530335,106.74559499053956,30.14871610674686,-25.096827347565586,88.71999443433204,-29.052422684712315,-35.89524846570961
540,-66.78572625002565,62.07637863118895,3.5435868670352177,-50.693193546943874,196.83755105462262,0.74438596274833,-11.983416788012644,-47.82049514364812,-51.22124057360087,10.835679558426543,3.838867724734647,59.920683754188495,-5.260020670145774,-6.024206445750591,-19.728605235759797,39.182973732386145,-11.953643433038431,-26.741687362347882
541,-79.3236067409291,59.08834260895121,-4.430351603815204,-80.8311680968007,35.4645712504407,-32.39424679999085,-22.473455061038816,-57.85022788549622,-55.989011441204696,5.646575578251896,-6.971068348435738,71.11592022088493,89.08432200270704,-8.34546296494173,-30.10733097704016,65.5760582549365,-4.22751475650093,-290.0515925970465
542,-88.4828642734618,76.52512796473383,19.32213287737578,-87.00137308368105,48.05920954403651,185.66635293195256,-4.565347266567209,-65.55685531472261,-31.22635416552228,23.086290030229243,17.56149822677586,61.733060225640834,88.17384633069277,18.1017234837508,-13.458207803999924,80.92320775322916,-36.4758000428786,-39.9480352381901
543,-100.20233723686043,106.07811391740543,10.25566196418363,-103.67618297509401,59.378282864870954,-3.615602122136703,-9.333014511275081,-80.65636338364433,-42.33157725152921,195.01013673719805,11.72257020067007,57.16893429516221,133.0576041568664,33.57046189854532,-19.91716816125831,91.9851670449486,-16.69542269242674,-20.664424400274257
544,-108.45310570441468,83.67361827167426,12.999819042408305,-115.43141368900338,66.53040001360785,4.374265117123589,-10.295429931827107,-85.85555736086454,-41.54311672891027,197.33626930640463,10.683253983705868,44.950953799778205,114.05665857181849,38.62792150130167,-33.51682545811143,105.03615143891079,-17.214711177366834,-42.108354430226775
545,-152.4805948265475,81.18324507182047,-2.833199403528804,-155.83673495017428,50.87235770892783,-47.73157751494817,-36.73214733145514,-124.302552267286,-99.75692109499487,-0.1259723443211394,-15.832605403894647,78.16745187512907,162.03202853515603,-30.186630426887895,-85.4846775294175,110.42605311567733,43.64252991065431,-19.28397589326819
546,-139.9128636446324,165.73740110659378,13.942951172724882,-130.49472385674426,63.84629982289298,-10.105055930505275,-16.95440439547865,-109.1670734292083,-57.6931388924501,19.277862383764266,10.063824089896821,101.93417608534077,-91.01826634234607,17.22534491516255,-12.413132773910483,106.12902768239425,-25.290866073161357,-61.513673282208444
547,-35.739277174299396,75.83019423933773,20.279727796158483,70.73386143216382,60.11773488139428,5.445114461467786,-6.110297472591325,-71.11740209614611,-23.72378854087585,20.815523354932285,13.264320283741988,58.891246184396394,86.74794945020398,0.49708386800681353,-13.832589128896563,55.89614627494217,-24.3318605129285,-52.19105159308188
548,-108.5491961924673,114.97704800195218,23.442049545745373,-104.88418081093454,77.47273135640692,7.877153858891214,-14.374135800792365,64.67925232185297,-43.099469658654186,27.168320134188605,19.961907126826922,83.2813906919094,122.30741926816248,22.834648138873654,-21.840434027496354,81.37871619562779,-37.43774899024613,-68.73778158359576
549,-143.12154157438903,113.76385766248868,23.654054848148633,-135.02115832381543,90.65479569056444,-17.441585216453475,-5.983936094759836,-90.56434588385213,-43.60120787680797,30.704037813963286,26.588280862169203,314.8068831413058,138.30104667794447,33.27327095790894,-25.805059603627832,115.65403388425224,-38.56397708477823,-86.99753912431272
550,-132.43112810842075,130.9613867544659,12.456618560508774,-125.72228505211619,64.22943551155595,-9.356594398352406,-15.702270454125342,-102.94753427755289,-53.65433910153706,23.22865041324811,12.751878791724058,153.05161363810947,-87.68515927134054,20.003837428632842,-10.341810795540438,105.93597420168521,-19.87914666032599,-63.85808666514701
551,82.35055863395112,95.96866184531902,9.244050970808997,-138.901588556079,59.19118881280634,-21.001798087464827,-9.785452220961558,-129.84126297874226,-57.45641301208401,10.265108049360148,-22.918981326910906,139.48075898246597,88.5870082755085,29.519643806191667,-37.82239823482511,136.29317381676515,-72.1337680645315,-69.28519263369358
552,-111.83049668829408,140.9853026094814,2.92433089738194,-104.7739889592369,59.42478091624226,-40.897397212853186,-12.658114024129477,-81.65295852563047,-64.076594086409,11.496317999107276,12.109834921087899,171.60310113180648,182.95277328774975,14.845610088232597,25.875774687290047,74.64311190117597,16.825471225589226,5.23116597367391
553,-184.80326807098623,292.36835307926447,37.52957836890757,-163.58085266185864,94.27911600892675,-1.657731239680028,-10.059117259119901,-127.6095145918811,-53.6838573194339,13.031013521046283,14.665113942864718,47.927509419511914,123.18931635299342,27.958624718258708,-41.881846782044946,126.34899873279089,-75.51557042314792,-110.10323736525679
554,-126.88856919085713,110.48222039683337,20.705988418880064,-129.8937990852598,74.91524989867192,3.5445486353420934,-14.49407957300883,97.0233273634912,-45.73895101384372,24.963458799131114,14.414332112633463,89.79506261111914,120.72073441562353,27.79783066919776,-23.35429861179939,91.13252181519076,-41.428247410770325,-70.16324883949922
555,-82.64347542787364,47.296785392378375,-4.914921887894076,-83.36094651265395,37.518699402986854,-46.00140279942591,-22.968214710525537,-53.89704612651437,-61.65976089182159,8.367871096272555,-4.808155200767779,117.82347178197581,76.27274580459559,-12.487779951219302,-37.305999219101295,65.66848181845127,-8.137292128170511,-278.09906724349196
556,-59.480560600206395,38.345930229658705,46.56614998817902,-48.44500723682845,38.69745168352703,-4.5131692342426355,-3.0688769957828175,-32.95246970167126,-17.745975061031633,197.00859746932085,8.451506917609358,72.44996125950247,33.25533093406934,-7.543658979077789,2.4521872250565884,49.154211757493385,-32.289997632384264,-52.75675140159719
557,-134.11511564214968,165.65451018491615,32.03619644414252,-129.59954497530532,87.97828184205683,56.51320041882455,-1.8194089544064747,-112.32454586953142,-10.806860562401093,21.899771596382873,19.45373486132905,116.68449093899189,191.10115650046686,58.420355230720425,-2.7305639219501434,125.01403707518665,-32.81786387229278,-169.635405694168
558,-99.98535418032542,113.64893222155439,23.364073770540134,-127.95186806261395,78.02286698968916,8.847475306739874,-15.456162867553896,74.84685265249014,-42.09896951871149,27.073914643844635,24.97569087468562,83.91138676546385,125.26006461876901,27.872064778855002,-19.837032274179347,79.75333885894749,-30.00378139403336,-71.11755328534956
559,-163.43658213675508,95.5926504017046,33.38340645002886,-148.18924788865553,99.89639937103112,-9.421836422498187,-3.904052425562465,-102.50848633564625,-43.72164385781943,31.975340451072498,30.083663098729886,311.49406925103335,140.1747668887272,38.151457282833384,-30.59709470938969,125.39590826057952,-67.38503905331224,-114.25954494702431
560,-108.05692204896913,83.08520639015838,13.304330110196537,-115.53081518210547,67.07107374018115,4.393344690381847,-9.985390523978541,-85.63267895823292,-38.01902459799633,197.37816788778036,10.951702707638088,44.8462289618061,117.63995017916066,39.25083515491545,-33.33796085967369,105.902706892546,-17.19774152018438,-42.433500549780405
561,-137.48609586034542,99.41079668095081,27.010636393162486,-130.04453351700099,87.32161231410481,30.179611945390246,-4.650515605006804,-86.24466974266524,-40.263429188908646,32.636242416423926,27.093428049175834,292.6509617820874,118.3312696463095,32.78452047793286,-34.28657155097833,115.00129375893633,-49.052177365195064,-94.94030975125825
562,-110.09072877731536,81.9969344501401,13.775690269909502,-116.40517844507373,67.43750709970993,4.606449713175728,-10.003240085944157,-86.66119720895873,-41.34151795629011,197.25638718264435,11.043730895923195,44.970888454585186,119.48067098481663,39.097525350099964,-33.3263241093282,105.56472678358065,-19.437647653640035,-43.63656250296836
563,-180.9066655176548,279.905665504926,36.592370821815486,-163.94677076478422,94.77306136137805,-14.386954417489218,-10.010741551766198,-120.45407114169579,-30.33265686142647,13.792448888913961,15.92335552452147,53.84676879009788,103.97453896972485,26.09463068117872,-42.11688023453667,130.0765458323561,-73.226847690176,-92.15567385816462
564,-136.7731917538686,135.38227248305998,-3.0558124731458065,-142.96010424464487,78.54203947095904,-11.859045802972771,-29.89336330456189,-68.76639956110128,-70.52861223245604,27.13959799447157,0.41157717096970814,104.00265266813052,144.94984820771398,17.56525315386573,-40.60794266658778,118.68723347702223,-241.4909566932859,-52.96904100410284
565,35.15991732742948,76.54381759284051,24.65093925950423,-57.76740047374476,69.83940909330364,15.094534421160267,-11.648803034845036,-36.76289539809827,-16.728691944000996,23.95121795708047,46.07450100377547,59.29822656071106,112.74558655981164,18.668899455146416,0.29604928120611607,49.14285267749507,14.91084001695234,-66.78718802843183
566,-103.31941127886286,103.29950345706784,24.995020011849128,-140.42457661148057,89.54800816785878,-11.15401825849325,-5.6945365958856735,-99.10155127546918,-45.50944095822099,30.072006020250097,18.997332138438484,308.20050153345244,118.41390203527263,35.068104542421025,-39.15940963714337,126.07528697164352,-56.183770969525646,-100.80774123035896
567,-67.20186948359472,49.82100727189291,13.30289303635291,-57.46060378949157,42.13572709447164,-3.24593197537056,-5.324914868956398,-40.789799048682156,-21.415728900622806,231.63180147472335,3.7452536171535695,72.31744760532516,44.32853182087547,-2.86943121345656,-2.992909566451899,56.89277044911085,-36.123468948082994,-53.80664350978522
568,-181.26648428459944,279.6487282064833,36.6973969315397,-164.03053715518877,95.07580002385087,-14.703293747391063,-9.817153623380891,-123.52042870574225,-30.246649223314613,13.919428492265801,16.0911096804926,58.201823119713154,103.97624636033646,26.235642697779152,-42.36195665755772,130.72318885462894,-73.42485214751876,-92.79438248066019
569,-126.49917141857001,165.4331558847515,31.092656273293553,-126.79672317970658,85.96142501301243,56.4828933467383,-1.2517585584727189,-111.98921262329742,17.85703697820286,19.586669912329445,18.34881547753902,76.70971651778822,185.82543982272486,60.39614026237608,5.279878997461035,128.31359153265913,-25.43709086040779,-161.99155218291776
570,-45.09731490071494,51.566761900560714,15.540368388795395,-95.63198878273215,35.7366737179751,5.176242539320419,-3.0704609827920106,-36.45420062164154,18.87477033291952,13.894103673578876,21.78281157010922,35.349004306973534,59.34494488853077,15.099764534107,-13.411757610647095,272.252206429535,-13.658438831732031,-36.48158154945361
571,-122.62615802024334,160.03621163432945,30.152694026672386,-119.06987641392236,78.3023971648311,95.32248638860692,-1.879975012599435,-107.16769272111878,-11.78180931174741,19.715936893923224,17.152632117955733,63.003153089979044,184.27307775984553,54.48084098597513,1.7300205296224194,116.01876373394614,-30.34049128030241,-156.48248479157232
572,-198.05255687628335,36.267904522784725,81.34992122037455,-158.9931300796321,99.47192246136738,4.948825110472541,0.05960898531269575,-133.96149993711418,-42.14478625732734,17.27543020651633,31.90390967608915,98.14291596299563,173.67924897231904,38.68189152593235,5.8766869853524435,119.42827747419574,-127.06173773820393,-126.62718935448471
573,-142.14649224134928,108.2016530761145,-5.98565972883456,-142.31493108047567,42.581233994792214,-54.81819618337905,-35.74300545312338,-118.36002274649296,-99.8063204548409,-2.3965160273637607,-14.884612134102913,90.54917960364118,177.27329774050452,-35.40791317078665,-71.21693768436825,96.43506579855209,45.37198448908834,2.4361301266365682
574,-215.1878562043181,45.47224149085465,50.96969244503295,-175.18147496071492,109.75099249599307,2.4155185604582563,-1.4440766414947166,-143.5776410122124,-47.18220296605331,19.19036130511742,30.372158835005475,153.24204687451322,183.8435600533611,43.32366586331944,-1.7019669143240859,132.29117481750617,-130.28894409262847,-140.8068584804634
575,-110.06392692401295,113.43546852371303,28.205365695475777,-128.39370283831468,89.34870970296585,5.142140987137303,0.2126014449867416,-95.77189636352706,124.98679938958396,22.80593735810374,24.093281552893835,105.1559577185118,105.0022743821622,55.02302209939936,5.053580883235316,148.69557148011697,-15.787608168122375,-92.66306572205431
576,-216.21137378875804,29.649586152511816,48.09769387692289,-180.03994998391724,109.98937247237136,4.443060458015852,-3.869039689920798,-146.5747658546039,-50.544467879035714,16.959834477265847,26.003151316700517,109.55211347811564,180.39495433197305,44.29972478206616,-2.950420569283473,135.9108418167816,-117.65521101311245,-140.29584255355857
577,-150.4493466227675,83.08134899634999,-3.861865119325165,-154.4707653610774,49.88622767326805,-48.598982378410554,-36.96522880158436,-123.08970535605619,-100.11270524802623,-0.28075938234838815,-16.210755853703045,78.5493933621348,162.0283619345864,-30.745685552414557,-84.95093621207224,109.30606928397815,46.595991670107466,-16.388537685543344
578,-145.12976305707272,104.57726587735787,29.698470568695555,-140.8115848480697,97.21819581140308,-10.685481786974618,-3.4924753357770983,-93.43615073961799,-10.14092612185028,33.34793454046001,29.541531665687213,309.8655328362367,121.77122543273721,40.24361045651488,-31.247203530189957,129.89569318193213,-47.93943947820883,-105.12436362286964
579,-149.31210486227872,100.66207715006428,-0.6707555992028813,-149.0724597797415,49.62136103284776,-50.85180670903011,-34.27082541444427,-119.75956664228782,-96.37685534471247,2.1976037597089157,-11.356303055586423,127.0937638025765,165.860146069462,-31.830195462133133,-83.5637654843396,105.28421706256098,32.55851047064519,-16.956333159882046
580,-184.80582659555247,293.1781850637757,36.97227281282418,-163.08924633573002,93.65941933279576,-2.312031080348526,-10.310048291214736,-127.42518593137709,-57.362134830759054,12.754445777883008,14.378991681341427,48.43411039929674,125.02637055807973,27.246259787916564,-41.33646871435419,124.89103479212635,-74.80201479715042,-108.41086111071989
581,-109.84085359331606,104.73877102225156,23.970339166736803,-128.15808141181043,84.62542710090769,-7.806535543236132,-2.8334111936710418,-94.22950791650818,116.04371869142537,22.823876807271063,22.26746505916118,107.57494521429116,48.86183281431315,47.4481695299537,3.392614435743994,145.2821441275584,-11.796116605782789,-71.45082236881625
582,-208.33914635820196,52.4437377536469,44.624878388831796,-175.0360253217924,105.7620649142841,1.2689481754940286,-5.994034823699352,-146.11415326764717,-52.592129181257235,17.56812292732544,24.29742222184193,113.38852450287979,187.0696862392547,39.42812066799568,-2.3263224452359372,132.20592647775808,-170.28944394688696,-130.00044911173237
583,-184.86850207211037,285.7897843200846,33.54726014393317,-162.95275583376326,89.36632409564511,-14.577750150071793,-13.111135630251843,-122.68285516801193,-65.57357817056585,13.373463075156506,13.238868285199258,54.89401716981901,68.14162289630315,19.865494145040977,-43.905526218914,121.41099129600404,-73.39654426200055,-88.90421266262834
584,-156.11968533148448,17.4241875461809,7.712438409763208,-170.7030907715108,89.9716828277274,-7.993443383255163,-23.710561573642394,-114.68638228909792,-68.54745133563482,16.508017939476872,-2.2716596696606426,62.7733793579067,115.28031810642476,29.36599968170075,-54.736806454874035,141.8386212219393,34.6629963817284,-88.7889876523063
585,-143.55140498050918,115.04613201261355,23.74113533803308,-134.99930202917713,90.58909889060116,-16.143268893368194,-6.016318272614023,-90.97476451832331,-46.26835043693919,30.635561656250236,26.45386925962908,314.18426552529553,140.29348138603845,33.418687660336914,-25.83169926459376,115.16903968808707,-38.83972108620002,-88.78793938533951
586,-126.10336014627394,89.73000562228148,32.04816239376101,-137.3558984143805,93.67001129788643,-5.7099720157766995,0.3579276038724669,-101.95289252607328,118.43329140795836,22.272891883873992,26.35767946114612,112.62872880640512,103.48513535778199,52.035757026964745,5.43634499634959,150.16571235211526,-35.429229488461004,-86.7896826436659
587,-210.99497159107636,59.72858487884258,51.17744466356409,-171.38913811365245,106.91096498798255,15.20549156302109,-0.8489495425859633,-146.99837978074032,-41.58192853123727,16.236680964050198,28.326688993399216,107.84739579715247,198.16409178176363,46.91398192448278,6.92730295337313,130.81435393099886,-126.40263747631887,-150.52863940124362
588,-186.43193184355377,286.3335462773164,30.70845465439367,-166.6904418548505,92.96670108050083,-15.686040642249443,-15.546448610086538,-122.70610906165565,-68.15966881754429,14.454080587078664,11.229878590446747,53.83817833918343,114.67592996895327,19.75809803323475,-50.37844297500016,125.38051714548469,-118.0920668830006,-88.03202591362964
589,-138.49787882408043,164.41887978160597,13.662925515314706,-128.86953073078354,66.35149722698446,-10.197959110424403,-16.940600970083437,-107.89982621269182,-59.96713193617008,19.016433508748893,9.701063140162587,100.50512361456757,-91.05054912191154,16.59316450512196,-12.451584252035124,104.21610432316793,-25.369027782969805,-60.55332305756174
590,-108.43175428740918,152.70040118548394,-0.17063690287408606,-102.23736876706324,57.00769610135894,-27.682313715674365,-12.538847430669348,-85.52937026956852,-58.761617486153334,8.409806442010602,9.21275561185026,125.34839158576779,195.62669808270033,24.143293354681877,32.50555702432789,74.29680966737952,20.570076057184746,-6.388467687012897
591,-215.44952351394343,29.54646752404423,48.059070415446335,-179.8088284369702,109.84965645708002,4.505459734874077,-3.787181547117939,-146.55966539603082,-47.310250373842806,16.75618108317683,25.921271604473844,105.50397593801681,179.68367724369023,44.56853977826594,-2.2039140841114317,136.38659365659532,-116.98848927452369,-139.70069482788725
592,-110.06392692401295,113.43546852371303,28.205365695475777,-128.39370283831468,89.34870970296585,5.142140987137303,0.2126014449867416,-95.77189636352706,124.98679938958396,22.80593735810374,24.093281552893835,105.1559577185118,105.0022743821622,55.02302209939936,5.053580883235316,148.69557148011697,-15.787608168122375,-92.66306572205431
593,-153.46384039922097,23.303430889635923,6.973501845144623,-168.13854186665148,98.61730190575952,-0.7592752881871991,-22.672375849349443,-110.38914600883565,-66.74214947145421,21.498883630094998,0.1071192947040558,66.04121947105371,110.39709985573836,38.41028236236065,-46.9363855242512,143.52345097085498,-20.36575654918434,-96.0752610168886
594,-125.75479322398397,163.58740586333485,31.413106262881627,-125.95259522318857,85.72565859224781,57.15970813639402,-1.090681059225992,-111.18608099648684,18.689827681351765,23.33337049112733,18.246893324065137,75.73293600500884,183.02780530276232,60.02338761243065,4.6760546891323695,128.02821702944675,-26.57151382135842,-163.3894313811824
595,-126.88856919085713,110.48222039683337,20.705988418880064,-129.8937990852598,74.91524989867192,3.5445486353420934,-14.49407957300883,97.0233273634912,-45.73895101384372,24.963458799131114,14.414332112633463,89.79506261111914,120.72073441562353,27.79783066919776,-23.35429861179939,91.13252181519076,-41.428247410770325,-70.16324883949922
596,-35.66168313960128,78.89288650161694,21.94485141734383,56.032219505980315,62.4178179404756,4.3776335713062835,-6.733972783070709,-72.61557799638126,-25.815917184355065,21.324658378800944,12.593870616683745,61.22752568288656,92.30245128543206,-5.054882644909715,-9.625139961416203,86.56934864425897,-27.253945467070974,-53.25253003841432
597,-136.8596555797437,7.566220237221746,10.726333409735698,-158.04813402251185,86.80499274356009,2.903454898354904,-17.86131695177868,-97.6421407259948,-55.24563483191653,19.049785334181344,4.093909463613882,52.1680717182825,95.69151480308979,37.385163831679584,-42.18393536489852,174.70265899724063,23.933012547301658,-93.18828340149875
598,-125.13645210487084,108.870753127548,21.06412154692915,-129.0227184766094,74.02693130028672,3.9348808940969175,-14.009860569848216,98.34308674565872,-44.61299280851639,24.71317493765369,14.821445399222085,88.3675705909962,119.15205441133081,27.67389394501794,-22.91536734132839,93.94890509759527,-36.960228799266865,-69.83090631044843
600,-212.34214778888497,51.656593123481436,44.71188666466628,-174.23003146736818,105.71937504272162,1.4531497053259788,-5.888552457679587,-141.6967314722868,-52.14298088962598,17.637298037639738,24.645638758968545,113.33915700590721,187.08462751688594,39.34416363286953,-1.9655535659488343,131.796291397106,-169.33821378231033,-130.05233940988262
601,-180.96008266156755,288.9262037732531,31.172798399113624,-158.86149605231742,88.67342044728639,-19.885576554132527,-12.27698797938057,-122.07246027660037,-66.46234939150438,10.881621508830994,13.013595750492907,58.59707776145226,123.6279460310108,19.526225092985484,-36.18830915644398,116.13430709163221,-65.89831815037684,-77.06587247064667
602,-211.2996704550462,51.476800870719345,48.087465905012614,-173.50492403467655,105.52776226543995,1.7977525040877218,-5.721166147960198,-144.396337421351,-51.77222333902931,17.860767657744262,25.505083355166285,112.0160609296173,186.72472343263183,39.14998367861935,-1.6077890687161371,130.7037931974005,-169.04561855400536,-129.46561921132025
603,-185.28679936329897,283.249287475586,36.03337044906312,-165.50408872061374,93.44557355203624,-12.163893216954856,-12.571614335262563,-93.00785765100764,-63.44890065636232,14.686166399637555,15.23236524304801,55.13265522454898,111.07194333704872,22.137372569777025,-47.37625727906769,119.49924023376347,-78.11202495997871,-92.35877351241784
604,-127.84606638670297,113.4201523832747,21.481636758320413,-130.32779740366297,75.19728837318468,3.537211827744605,-14.147580404114986,96.61147678174865,-45.59434730251614,24.705870220455274,14.69675404808489,88.73231544103255,120.02856169688296,27.88481968644535,-23.48178102076209,91.14567819213511,-38.14961917136015,-70.9363200213302
605,-162.45897427914906,89.22061383081918,4.3009974291290485,-155.9746269714444,52.44253435138988,-46.14414754875527,-33.41219075183117,-130.488491858791,-96.24847892452722,-0.8486456470912717,-11.10310763601894,86.72976473358392,177.3099637462009,-29.817361915520046,-76.55435085782088,107.63490411554389,15.83736689455683,-26.518251950611926
606,21.06997260054101,84.04914587145183,24.5588167705448,-94.12730768174056,72.46619075492038,14.71962311182982,-13.437770414315052,-10.409739782394105,-21.324757416766726,24.6398819468816,46.18927921982006,64.80723953676411,118.59986943568133,24.41801791510132,-2.059401962903139,54.98579414718154,11.432762031106941,-69.89893258633371
607,-153.72969177576874,121.86940948423367,2.6285815566519464,-151.0742538647118,84.63820989350026,-12.205403139577829,-27.320607687729233,-113.21308212587259,-70.70176837263078,25.581050374697515,2.890294790772493,112.58577655183286,156.99209035392417,20.35309378724489,-35.87146870596787,126.68556891775827,-259.75532545258403,-66.17144292099108
608,-52.361440118491934,51.73793728905664,10.223888501891928,-102.31981053529375,28.213817537413288,-3.1164193795016293,-9.613222631369908,-42.552886283029295,-20.994476073643373,9.511129362264862,14.79489836864619,31.67080129445395,73.94833914816691,-0.49529950561401026,-29.8368787363761,262.85597279140745,-3.1134880750952254,-24.63521256521815
609,-169.6727590472228,7.521965725861038,17.39677278875864,-175.94674923047026,101.65979322117586,2.366676448792051,-17.678709035000114,-119.56871235698804,-62.50531705867496,19.926255653765732,5.628173676262607,68.26475702394863,120.24893110918565,43.65271849697402,-38.904482689790065,146.49353043964268,-2.3977106012807976,-112.7005790354142
610,-146.41703507012178,116.92377107657789,29.417332556188036,-138.2755452094777,95.08308485407572,4.915082698184694,-4.177048040129983,-95.36980510863276,-36.851948494138334,32.30243499495194,27.313497357107867,303.6728856101082,138.68220167332515,40.59753671275595,-32.2949942456618,123.42839169684835,-48.2864943241046,-120.64090373307991
611,-108.43506499444324,52.64798217514775,3.436640197454211,131.11810386641207,35.80041461179574,-5.571809504098579,-9.286065171526792,-54.81777143616822,-27.235080918090276,9.247083830157617,1.2657750145838358,59.51623839066507,48.02058491118152,32.17622374810472,-24.60646269738806,35.65271501458562,-18.542204319634575,-41.13121724481403
612,-136.1489223704959,164.56623824489785,32.507556603855484,-130.4739082382736,88.34471520158561,56.726305441618436,-1.8372585163720894,-113.35306412025724,-14.129353920694872,21.77799089124685,19.54576304961416,116.80915043177097,192.94187730612282,58.26704542590494,-2.718927171604643,124.6760569662213,-35.05777000574844,-170.83846764735594
613,-80.08289849117742,58.381629252907544,-3.8344225862552515,-81.55389596987632,36.22398394186302,-31.80234623618059,-22.304382171746838,-58.04965700457322,-55.544951435072456,6.126796715504185,-6.603066374685772,74.65745678119896,87.95854488590355,-7.901913030799371,-31.399215529902964,66.55827035578733,-5.607792121087174,-292.33911657725474
614,-120.86553114716916,136.419925659268,29.207128023613016,-135.69592005879602,91.01970216684907,-9.213476544450618,-1.534292145853289,-98.03825375620062,115.27725014805402,21.576444846640555,23.568139998734562,100.74607172683399,88.85759111304522,48.1022125996515,-4.216409337195874,148.9810485243408,-25.109104952627312,-78.36612698556115
615,-115.17888055056017,60.74531356351968,13.224786416930003,-99.20734536006336,55.14101820812046,-11.458834573949265,-6.068612716049758,120.55138870477423,-32.49698468237063,12.936586205070194,-6.393805935398536,93.30365241093166,90.48964828565093,25.16522245673436,-16.563432684792456,111.30032919383062,-22.762694297137916,-66.67702186311958
616,-142.28208369398394,132.5919246006065,-1.2660487274757364,-145.28507842052053,82.5977537953633,-14.684941836446777,-27.896684915264434,-104.09232199649733,-69.90728569472297,28.509957267722886,2.798958506246604,147.89707897771066,146.82709689756604,19.31354706478623,-42.69475782562575,125.44562334012309,-245.59666589878188,-60.70021487334152
617,-141.79002381776607,106.41049383486978,-6.315384730423504,-139.42330690228223,41.965374149068914,-56.18282881422671,-35.93178049082176,-117.47897468199795,-100.31970054365624,-2.514947154169336,-15.211186486579413,90.60435844882859,175.18620292649595,-36.411735961716126,-71.30728943334863,97.81198045680081,45.277901463043506,4.673498049109788
618,-169.12023241463288,6.879177648621994,17.98516440550082,-175.6723821214636,101.8404292492636,2.4965850712680737,-17.12513832916808,-119.34350856499206,-58.722615863063176,19.860092483949263,6.097521369670079,68.26561606904006,119.1787920092628,44.286371761768415,-38.07832641574372,146.96313330832982,2.0888113180016594,-113.1129438298677
619,-180.5302192554474,287.6439294231282,31.08571790922918,-158.88335234695575,88.73911724724967,-21.183892877217808,-12.244605801526383,-121.66204164212918,-63.79520683137317,10.950097666544044,13.148007353033028,59.2196953774625,121.63551132291681,19.380808390557508,-36.16166949547805,116.61930128779738,-65.62257414895504,-75.27547220961988
620,-214.86480838604456,47.76998375499753,50.66178831882643,-174.68488996464094,109.40415378857199,2.122726781778503,-1.6463488658098824,-143.45473047425853,-47.35710166614081,19.300707395050605,30.306376709182988,154.04748733336712,184.5856004784887,42.85037660375296,-1.642899630425128,131.89513856649103,-135.51249239326842,-139.85612550777248
621,-125.89403650404925,90.26967507105294,31.42114731554226,-137.39914397644012,93.34965925450736,-5.777481361394497,-0.11378495915670785,-102.16299585949626,117.8848077175395,22.13540165960145,25.806452055511972,108.57973222121484,103.84399736942198,51.67091875837013,5.3566952074752825,150.1718613232418,-39.249029669154716,-85.78217012354105
622,-142.3800612810314,7.810155793193251,9.60147501003669,-152.464325602792,121.01819434011422,2.321400798560782,-18.86475308664924,-100.87466461987776,-62.99472799052926,18.549642796381246,1.5028350947018145,57.451568441218626,91.85355379642644,34.93961200892133,-42.98434581474304,128.77040688644908,22.363866429922933,-93.45123288552998
623,-180.9008176652304,280.13402145953154,36.35426240227491,-163.70001411513962,94.39541028198623,-14.659974043791097,-10.045334888426595,-123.72820664980085,-30.536523849035643,13.67387651680104,15.740781244333707,54.25841041758641,99.68167766471144,25.88154404036516,-41.794314770823405,130.33238524080744,-72.77510006611246,-91.87408863543523
624,-45.09731490071494,51.566761900560714,15.540368388795395,-95.63198878273215,35.7366737179751,5.176242539320419,-3.0704609827920106,-36.45420062164154,18.87477033291952,13.894103673578876,21.78281157010922,35.349004306973534,59.34494488853077,15.099764534107,-13.411757610647095,272.252206429535,-13.658438831732031,-36.48158154945361
625,-214.9068736564861,44.103345703554844,45.02433343165942,-176.64460077097462,100.14941951683129,-5.319466897543923,-7.389414077596587,-149.05469265784626,-57.88979696963366,12.583945768394614,22.10446255625908,108.5150296901823,191.23952332425432,29.55834569709474,-10.77901459827899,128.5443800395992,-113.44660297757082,-122.56204457806822
626,-113.05180874226303,102.8230670287975,27.76925243980479,-130.6705034125826,91.1974250402574,-7.104299412354249,-0.23268223955130662,-92.21403278044339,119.88312488402873,25.255103324322338,26.039903385795,147.1927541234936,93.47185580386189,51.294936811749544,-1.4252205346197158,148.77875268728025,-19.306407802624992,-81.90579290385517
627,-96.67728718087936,65.37856991754141,12.861126862998757,23.260014400274564,45.09858313824956,-8.490201992188016,-11.133096438011016,-57.175582157335676,-30.70111985408324,12.100474398604419,1.683876047048792,64.67854714522993,74.64823587351086,3.341465756502047,-3.6553365550026506,222.08509252293453,-31.039830866437,-44.36845907875062
628,-142.47847911004374,107.02249735445722,-6.034116757242447,-142.567908922061,42.786646810046825,-56.17891178332256,-35.79248141807206,-117.96470457059478,-100.37339539990259,-2.1243864755616944,-14.668320819336115,95.21993475975026,175.99214012069336,-35.8221448694144,-71.93680450857435,96.44430815490355,44.981006751921385,3.631382661992028
629,-188.5530001640509,281.8590702128165,37.13208857471315,-166.08877478307357,96.26754736150966,-13.9665709160298,-10.586259086460808,-124.06675146737042,-62.021749330182026,15.683832881353894,16.693615487992552,94.01244336459254,112.37017486297594,23.961724434409113,-49.10715468507202,125.95642810014047,-79.7010917962393,-99.94111227272897
630,-205.69553041520686,44.97246145775863,50.391843988099524,-170.7544111682899,106.97116588398002,2.7047662265917314,-0.5609521456664505,-142.06752948634727,-14.300984233272697,16.833919920503554,29.464394127671337,112.47749339558392,175.8856810302425,50.64188260673502,6.084887766724042,135.14594321399022,-124.34557190125483,-133.2563754629874
631,-83.07078030942752,47.769227757992,-4.270535841926236,-83.83069654414425,38.07269927915457,-44.04878663567213,-22.74966585628489,-54.49179342148956,-60.64862594062767,8.575962681722778,-4.656444541784609,116.69425318618076,76.42812630760324,-11.629998318449182,-37.878016947757985,66.64145156295062,-9.126591755589798,-281.58184375905563
632,35.15991732742948,76.54381759284051,24.65093925950423,-57.76740047374476,69.83940909330364,15.094534421160267,-11.648803034845036,-36.76289539809827,-16.728691944000996,23.95121795708047,46.07450100377547,59.29822656071106,112.74558655981164,18.668899455146416,0.29604928120611607,49.14285267749507,14.91084001695234,-66.78718802843183
634,114.11116986346002,91.63851528473423,8.926667955450668,-130.23645251358778,55.21377591951385,-19.279215974566853,-10.89041097963335,-116.89566517892425,-52.732302680447226,8.66427234782422,-19.031993158444404,90.76442505749382,88.06181694964421,27.987089688589926,-30.41958917233375,124.85784852899188,-59.84150062992844,-63.649798664296206
635,-89.32125016388179,89.2091008904683,10.83088613243457,-93.880725626428,52.62471247305369,0.39159382522566816,-9.590890878076628,-71.85728089637838,-36.3068653008064,193.90252570738005,9.775904595440833,42.52104916218291,111.02592298134431,84.83913803875112,-29.574684498705835,85.41724293535222,-23.722637839325273,-24.751066687616426
636,-184.80582659555247,293.1781850637757,36.97227281282418,-163.08924633573002,93.65941933279576,-2.312031080348526,-10.310048291214736,-127.42518593137709,-57.362134830759054,12.754445777883008,14.378991681341427,48.43411039929674,125.02637055807973,27.246259787916564,-41.33646871435419,124.89103479212635,-74.80201479715042,-108.41086111071989
637,-133.7887258678021,3.6903368673673205,10.057161438464679,-149.142939516978,125.47563622755142,-0.3892208626182503,-16.998634537076942,-95.46463592371097,-51.65506795253622,18.222963181776574,1.1729867314364462,51.75928521423626,99.37288106085516,38.42501090989871,-39.05933756503413,129.0902460654631,23.71784554555578,-90.59540671495661
638,-142.47847911004374,107.02249735445722,-6.034116757242447,-142.567908922061,42.786646810046825,-56.17891178332256,-35.79248141807206,-117.96470457059478,-100.37339539990259,-2.1243864755616944,-14.668320819336115,95.21993475975026,175.99214012069336,-35.8221448694144,-71.93680450857435,96.44430815490355,44.981006751921385,3.631382661992028
639,-133.32040313066594,90.02043539690624,22.421282892592707,-125.50608729269517,85.73466647021615,17.406475961235355,-7.260630651577765,-80.98749523917944,-40.43933405625287,28.644528510460045,21.530602528471867,311.3227576109878,108.20400428012206,27.861414532788388,-38.95641383520618,110.68027696692353,-43.99474299608829,-92.0772962009845
640,-162.43577502208694,93.65927048186937,33.468610673408726,-147.33595799690985,99.29963226739582,-8.939398528074728,-3.939876807184823,-101.68182238596503,-43.11212516116707,31.887817830395356,29.877252207600794,309.89799068936236,137.82070321814587,43.33352498936539,-31.705906505698053,124.87755558191914,-68.0854134924661,-114.89128361903597
641,-133.37329597212985,164.61859214801075,31.799340877647186,-128.26381069265872,87.12281874516123,56.535715367811775,-1.909262487254583,-111.33708558221684,-13.652347370577337,25.36990443201749,19.065690446331878,116.21431140599731,190.14057618559065,57.33523765043285,-2.7890101625880463,123.27069863130978,-33.23873120724592,-169.34090863789572
642,-212.9808956060223,52.62700879394062,45.0186526148578,-175.07410002317746,106.52098539816042,1.5151426712183174,-5.8917619330724555,-145.3456604750654,-52.293454879910655,18.06329537659769,25.345330058475664,117.60651806665444,187.81535858324878,39.56683218640141,-2.3597477302938943,131.95047930663003,-169.89069401951184,-130.78851282664903
643,34.839902361507356,77.75305755112387,25.012194858648332,-62.461751872694954,70.61350787615112,15.296181794170542,-11.772389147200569,-34.34873171156366,-17.100853176523568,24.2713695905439,46.37511810759671,59.81833515296083,114.16698323397836,18.50059336274587,0.37910498094369727,50.53667094991572,14.487273657157141,-67.3085368425354
644,115.63742683745156,92.19223858772965,9.144870793098148,-127.83476826698991,55.48176114246255,-18.89948119310121,-10.911538752924235,-120.25562084623621,-52.56766055114291,8.88961956320452,-18.569487494197013,90.19154742682953,88.27315550988692,27.477233820105294,-30.34602133306939,124.01069011585656,-59.950200685653954,-63.4732883749451
645,-184.80582659555247,293.1781850637757,36.97227281282418,-163.08924633573002,93.65941933279576,-2.312031080348526,-10.310048291214736,-127.42518593137709,-57.362134830759054,12.754445777883008,14.378991681341427,48.43411039929674,125.02637055807973,27.246259787916564,-41.33646871435419,124.89103479212635,-74.80201479715042,-108.41086111071989
646,-142.11840100892044,104.10102757532916,28.546527657343603,-138.49410815586083,95.74005285370848,-8.068080532668114,-3.8532262615881123,-91.26561876392091,-10.180522892826138,32.98719657208244,28.657613382509084,309.8990617702106,118.75785459238533,39.14336968847617,-32.02859763600253,128.2783336585001,-45.52905430988669,-102.73690112281196
647,-99.98535418032542,113.64893222155439,23.364073770540134,-127.95186806261395,78.02286698968916,8.847475306739874,-15.456162867553896,74.84685265249014,-42.09896951871149,27.073914643844635,24.97569087468562,83.91138676546385,125.26006461876901,27.872064778855002,-19.837032274179347,79.75333885894749,-30.00378139403336,-71.11755328534956
648,-140.31489515250237,166.09745703350404,13.876548524477224,-130.64207901328672,63.68327717571153,-9.851115877461654,-17.229850466666818,-106.11581632373485,-61.013364035754876,19.35453617450144,9.977949646152362,101.62725929582435,-90.30869664467484,16.815517902362338,-12.91456283606148,105.0066328203077,-25.759583354407354,-61.470112385384205
649,-132.4576442779503,123.66246609703678,-4.855008040171389,-132.95539834399952,73.82130776424795,-15.262633979448973,-27.94651704007102,-66.30064084109148,-67.9991538191864,24.374767853790757,-4.445288600142768,104.3067077261465,137.87095001044423,16.238831916066648,-39.043197414083274,122.76462619137511,-238.05489895042393,-51.81788277204344
650,-107.70052837040382,82.04013374779319,9.118554856392253,23.5538388829975,48.37469886190255,-17.809298707906038,-13.235645145962378,-65.26685884382576,-43.98522387916291,10.811913519740806,-1.0475356526479886,82.9385900133358,97.48717750257791,8.26341911901265,5.107260429040859,182.06133235979055,-23.706060341828476,-33.831132185899406
651,-143.55140498050918,115.04613201261355,23.74113533803308,-134.99930202917713,90.58909889060116,-16.143268893368194,-6.016318272614023,-90.97476451832331,-46.26835043693919,30.635561656250236,26.45386925962908,314.18426552529553,140.29348138603845,33.418687660336914,-25.83169926459376,115.16903968808707,-38.83972108620002,-88.78793938533951
652,-113.47629872912655,70.36426343547122,6.541185352706637,102.10071130184924,41.671365540540855,7.752857957900528,-7.51969556939469,-63.431495527988154,-22.362701293279567,10.241484543183377,4.225838507365269,59.189112319280866,68.60498836319,42.357384987114294,-23.541192135967865,24.252587056654807,-17.74825952954008,-63.375464788546005
653,-145.12976305707272,104.57726587735787,29.698470568695555,-140.8115848480697,97.21819581140308,-10.685481786974618,-3.4924753357770983,-93.43615073961799,-10.14092612185028,33.34793454046001,29.541531665687213,309.8655328362367,121.77122543273721,40.24361045651488,-31.247203530189957,129.89569318193213,-47.93943947820883,-105.12436362286964
654,-213.09461978207116,50.8689359785692,44.699541662845576,-175.61393058131105,106.54747206220243,1.7404251042802725,-6.161202271786465,-145.67867434644225,-52.667039870242036,17.81545906239196,24.859884778664004,112.75208102261028,187.43218016976124,39.675283177373274,-2.4984648030671597,132.35266452877175,-168.4869458995656,-130.73173327921515
656,-212.29244031374463,52.01500527435319,44.73738464167674,-171.9294980033987,105.6997127371825,1.511225640314167,-6.0310610058221625,-144.8599305864686,-52.239760023664296,17.672734697990048,24.80246439123237,112.99094175573278,187.00942138905137,38.97724109409969,-1.7302326550681684,133.31815160852727,-169.5937993083897,-129.74639743953125
657,-213.3347264336486,45.5626854357115,50.56959718392962,-172.9674094263937,108.47308021849389,5.083141681354909,-1.4713786477544766,-142.0875129572913,-46.93649059979866,18.752025551720536,29.98383430769744,154.20653480521156,182.3428113438699,42.230479295693165,-1.5865007118458532,130.40940180278076,-130.85549143911948,-139.08408975535625
658,-115.94073082537476,60.84843219198727,13.26340987840656,-99.43846690701038,55.2807342234118,-11.521233850807489,-6.150470858852618,120.53628824620122,-35.73120218756354,13.14023959915921,-6.311926223171861,97.3517899510305,91.20092537393377,24.896407460534576,-17.309939169964498,110.82457735401692,-23.42941603572666,-67.27216958879093
659,-133.32040313066594,90.02043539690624,22.421282892592707,-125.50608729269517,85.73466647021615,17.406475961235355,-7.260630651577765,-80.98749523917944,-40.43933405625287,28.644528510460045,21.530602528471867,311.3227576109878,108.20400428012206,27.861414532788388,-38.95641383520618,110.68027696692353,-43.99474299608829,-92.0772962009845
660,-126.21708432232283,87.97193280691006,31.72905144174877,-137.8957289725141,93.69649796192844,-5.484689582714744,0.08848726515845784,-102.28590639745012,118.05970641762698,22.025055569668265,25.87223418133446,107.77429176236096,103.10195694429441,52.144208017936606,5.297627923576324,150.56789757425696,-34.025481368514775,-86.73290309623202
662,-205.71622368550268,44.531499151035604,50.18336256916406,-170.65619395692354,107.07592006558048,5.707134449937152,-0.6527972197258852,-141.93650837156122,-14.594315547869552,16.715491610830373,29.165037185430695,113.72515940422306,175.23004046104157,44.91862925769096,5.878564139874564,135.16692020091773,-124.18827405323198,-133.1326124986429
663,-183.80501948088434,291.2448051439405,37.05747703620405,-162.23595644398435,93.06265222916048,-1.8295931859250658,-10.345872672837094,-126.59852198169587,-56.75261613410669,12.666923157205863,14.172580790212333,46.8380318376258,122.67230688749842,32.42832749444856,-42.44528051066255,124.37268211346598,-75.50238923630428,-109.04259978273154
664,-113.05180874226303,102.8230670287975,27.76925243980479,-130.6705034125826,91.1974250402574,-7.104299412354249,-0.23268223955130662,-92.21403278044339,119.88312488402873,25.255103324322338,26.039903385795,147.1927541234936,93.47185580386189,51.294936811749544,-1.4252205346197158,148.77875268728025,-19.306407802624992,-81.90579290385517
665,-212.9808956060223,52.62700879394062,45.0186526148578,-175.07410002317746,106.52098539816042,1.5151426712183174,-5.8917619330724555,-145.3456604750654,-52.293454879910655,18.06329537659769,25.345330058475664,117.60651806665444,187.81535858324878,39.56683218640141,-2.3597477302938943,131.95047930663003,-169.89069401951184,-130.78851282664903
666,-169.85398443466428,6.845406698359603,17.429251965640027,-176.0498162494366,101.01998796663875,1.6606872486096311,-17.801530215581124,-119.90631418812845,-63.02759276861412,19.403104324365998,5.352631454022114,67.84105189070583,120.62966542463495,42.641024748946165,-39.73253766931125,146.1127019907254,3.1063236909186775,-111.88361016529952
667,39.121832842383064,77.31284921238746,24.723446742346542,-62.50744356171443,70.15732605474761,14.733647968544407,-11.681074109442157,-38.18358206819194,-17.313519839758285,23.903176744623494,45.49496442693411,59.95539591880143,113.42301828059585,18.50289386094057,0.1674538429806094,51.438761143316604,13.89051927243924,-67.15918175011433
668,-130.7533867650707,124.07298646990911,17.823746266635112,-137.8796261460797,79.24657470720939,3.494901217812963,-18.768377918807218,62.2920363376766,-52.02957014017561,27.560022831299772,15.750507157490224,91.76034289113164,130.52707211764928,26.51830323363311,-27.618894190773695,92.57555374104604,-80.77877117182726,-67.72119690927335
669,-149.05108606074558,113.37569293989148,23.43027473144522,-142.65903638052944,94.97970537103379,-10.899356711443444,-9.04271500998601,-95.07008904332324,-47.31258727980554,34.06287078604768,24.621614940787257,309.1096652765329,132.62433033440368,34.205804315814376,-39.54704268196486,125.05265040786091,-90.84049653899956,-101.5880539861735
670,-169.55009582075303,8.16145199874686,18.072244895385268,-175.65052582682532,101.77473244930032,3.7949013943533543,-17.157520507022266,-119.75392719946325,-61.389758423194394,19.791616326236213,5.963109767129958,67.64299845302983,121.17122671735677,44.431788464196394,-38.104966076709644,146.47813911216465,1.8130673165798714,-114.9033440908945
671,-180.5071925343511,280.35544156252695,36.10146791397975,-163.30780928211314,94.31638733242853,-15.295194311201337,-9.986226512672866,-123.32099958666524,-30.69070922944685,13.43920735501351,15.723107706742638,54.660286559399125,105.10202347713994,25.79209276363679,-41.070072104694916,129.7409767537781,-72.0445747829325,-90.50685850045195
672,-143.09851485329276,106.47536980188741,28.669804852899194,-139.44561525897285,96.23206577574332,-11.552886650436996,-3.725556805906319,-92.22330382838818,-10.496710274881648,33.19314750243276,29.163381215878815,310.2474743232424,121.76755883216757,39.684555330988225,-30.713462212844693,128.77570935023297,-44.985977718755684,-102.22892541514479
673,-108.43506499444324,52.64798217514775,3.436640197454211,131.11810386641207,35.80041461179574,-5.571809504098579,-9.286065171526792,-54.81777143616822,-27.235080918090276,9.247083830157617,1.2657750145838358,59.51623839066507,48.02058491118152,32.17622374810472,-24.60646269738806,35.65271501458562,-18.542204319634575,-41.13121724481403
674,35.118831411700036,76.525704582222,24.810455018181027,-61.70144970729021,70.11463618318514,14.917849498376356,-11.575591743422393,-33.76616027283148,-16.864371548127036,23.97235185493779,45.84318096406072,59.90602842182886,113.4379595582271,18.418936825814427,0.5282227222677117,51.02912606266454,14.841749437015892,-67.21107204826457
675,-125.57447563508946,130.03331909825758,12.109007407219769,-123.64219112959307,62.971991373933875,-8.795000906628387,-14.96554716889961,-102.8116301503959,-24.546381554800874,21.39576986644697,12.014961381683985,116.61837577721981,-94.08665306588605,22.423172394430857,-3.623252428992057,110.2177407600085,-13.878651013027246,-58.501757134105006
676,-184.4664705642404,285.42972839317434,33.61366279218083,-162.8054006772208,89.52934674282658,-14.831690203115414,-12.835689559063676,-125.73411227348538,-62.25335302726109,13.29678928441933,13.324742728943717,55.20093395933542,67.43205319863192,20.27532115784119,-43.404096156763,122.5333861580906,-72.92782698075455,-88.94777355945257
677,-114.32156049841939,80.6259455684035,9.011653093792964,15.162155322633167,53.319874781954006,-12.51791682248682,-16.053935137027164,-66.73934743480527,-45.044445422264715,14.380969068509733,-3.005068406117873,78.73424382581088,90.31558193835811,4.089349448568589,-8.396961580539646,193.29131994955156,-75.8342584828589,-47.55085867816359
678,-85.16299558651725,88.31668518130667,19.80670316145465,-84.4715946678278,46.00508139149034,199.2735089313876,-4.0705876170804896,-69.51003707370445,-25.55560471490538,20.364994512208586,15.398585079107903,15.025508664549957,100.98542252880422,22.244040470028374,-6.259539561938775,80.8307841897144,-32.566022671209026,-51.900560591744714
679,-141.65726406568967,112.09131516474297,23.114671144939727,-133.3176038603935,89.18831828762995,-17.474552660238302,-6.206580282826197,-89.29729582869939,-46.40057061623322,30.32102306238698,25.96755201756166,313.124664116104,137.00011254196318,32.16463279369836,-20.782360323904413,113.31175063967095,-38.35870857999345,-85.822733686758
680,-150.8159718595168,16.673625108786528,13.742922968084144,-167.8031127547492,98.54252901350455,0.5786398661231446,-16.96449227147755,-110.08684430845979,-28.820175638419176,20.95611883017349,5.269267675104117,67.14368063402821,102.61230475835917,45.66616000510777,-38.18305716885322,150.00495428901792,22.24796651910257,-102.28538625117613
681,36.192453654738024,76.51443406595138,24.803309329174752,-60.79862237311065,69.79075148605583,15.153503892140852,-7.993485234910986,-36.333746465469886,-16.59027388553392,24.03741512073115,46.26650176315242,58.94204411622921,112.90716751107988,18.082526901250137,0.5682317894717228,49.825823943589555,15.130630845256611,-66.35923715916533
682,-142.5922032860926,105.2644245390858,-6.353227709254675,-143.1077394801946,42.81313347408886,-55.953629350260606,-36.06192175678606,-118.29771844197161,-100.74698039023397,-2.3722227897674246,-15.153766099147777,90.3654977157061,175.60896170720582,-35.71369387844254,-72.07552158134762,96.84649337704528,46.384754871867614,3.688162209425898
683,-150.4493466227675,83.08134899634999,-3.861865119325165,-154.4707653610774,49.88622767326805,-48.598982378410554,-36.96522880158436,-123.08970535605619,-100.11270524802623,-0.28075938234838815,-16.210755853703045,78.5493933621348,162.0283619345864,-30.745685552414557,-84.95093621207224,109.30606928397815,46.595991670107466,-16.388537685543344
684,-184.4664705642404,285.42972839317434,33.61366279218083,-162.8054006772208,89.52934674282658,-14.831690203115414,-12.835689559063676,-125.73411227348538,-62.25335302726109,13.29678928441933,13.324742728943717,55.20093395933542,67.43205319863192,20.27532115784119,-43.404096156763,122.5333861580906,-72.92782698075455,-88.94777355945257
685,-214.3148402780209,47.93702766226974,50.69287437948522,-173.9189165295057,108.96509314052872,1.598335563586027,-1.3437091920726836,-143.04519802175855,-47.25267798185417,18.95797648207086,30.489602141067174,154.55494735824334,185.35251558365215,42.77166493820521,-0.2713652886880167,130.90677749451362,-130.31241484798846,-138.57611404768906
686,-109.72712941726716,106.49684383762298,24.289450118749034,-127.61825085367684,84.59894043686567,-8.031817976298086,-2.5639708549570326,-93.89649404513135,116.41730368175675,23.07171312147679,22.75291033897284,112.42938225833532,49.24501122780071,47.33971853898184,3.531331508517259,144.87995890541671,-13.199864725729018,-71.50760191625012
687,-153.3698730088241,122.12634678267635,2.523555446927732,-150.9904874743073,84.33547123102746,-11.889063809675983,-27.51419561611454,-110.14672456182613,-70.78777601074265,25.454070771345677,2.722540634801358,108.23072222221761,156.99038296331256,20.21208177064446,-35.62639228294683,126.03892589548542,-259.5573209952413,-65.53273429849551
688,-169.12023241463288,6.879177648621994,17.98516440550082,-175.6723821214636,101.8404292492636,2.4965850712680737,-17.12513832916808,-119.34350856499206,-58.722615863063176,19.860092483949263,6.097521369670079,68.26561606904006,119.1787920092628,44.286371761768415,-38.07832641574372,146.96313330832982,2.0888113180016594,-113.1129438298677
689,-169.85398443466428,6.845406698359603,17.429251965640027,-176.0498162494366,101.01998796663875,1.6606872486096311,-17.801530215581124,-119.90631418812845,-63.02759276861412,19.403104324365998,5.352631454022114,67.84105189070583,120.62966542463495,42.641024748946165,-39.73253766931125,146.1127019907254,3.1063236909186775,-111.88361016529952
690,-119.17325187545214,58.764352460608734,13.970536446383912,-99.94560777100642,57.627731106275206,-14.641307446225973,-4.442772840045243,89.66493466167802,-35.16100043216596,14.164483657212854,-4.984713099619416,136.95892054505643,86.92343058442484,25.952428969124913,-19.19306151344064,116.90020396292388,-24.759708527747925,-72.73896196852162
691,-133.4543245679563,113.36316143805566,9.04177439399446,-130.70939363132308,64.00516385716705,-6.892907345828821,-18.53848758276826,-106.08765151329112,-60.526857847627696,24.240946302146853,7.690062803955829,103.4187477509226,-90.91709714185079,20.828683441068925,-12.340025708438837,109.01016857885604,-6.085756639232581,-62.54800925843413
692,-66.17238550881787,47.437656136351926,12.575016780833845,-56.54566394676112,41.13892937921286,-5.2831380429222,-5.742872363436883,-39.624935627031896,-22.359221356984712,231.3666948195844,3.265738261142099,72.33009520258915,41.99522252285632,-4.273346618488513,-3.6953258337487376,55.73501862278943,-35.6441286257205,-56.00976426586244
693,-184.80582659555247,293.1781850637757,36.97227281282418,-163.08924633573002,93.65941933279576,-2.312031080348526,-10.310048291214736,-127.42518593137709,-57.362134830759054,12.754445777883008,14.378991681341427,48.43411039929674,125.02637055807973,27.246259787916564,-41.33646871435419,124.89103479212635,-74.80201479715042,-108.41086111071989
694,-131.77478419815478,90.55922676426421,24.501494767470845,-125.54995307284563,84.24957200459326,-10.327247060254143,31.14822019129357,-82.28055702449858,-37.56799077548735,29.566319590916766,23.71598744835822,296.32393190886916,111.11152667196862,31.91004219930558,-33.14105370075811,107.82859441298862,-46.390925092885574,-95.69843398862483
695,-36.4787728569269,76.51800495118277,22.0511272463833,28.332533467335,63.388539778714375,3.9985215944346697,-5.432473414000492,-38.569423168028514,-25.22028707649449,21.290443408761274,11.326231397866744,65.22978677688076,94.47590923794456,-1.5539633496118095,-11.895293370485286,72.74456480246668,-25.121656566072357,-56.83329855603156
696,-142.5922032860926,105.2644245390858,-6.353227709254675,-143.1077394801946,42.81313347408886,-55.953629350260606,-36.06192175678606,-118.29771844197161,-100.74698039023397,-2.3722227897674246,-15.153766099147777,90.3654977157061,175.60896170720582,-35.71369387844254,-72.07552158134762,96.84649337704528,46.384754871867614,3.688162209425898
697,-124.93288804195296,109.52585858059815,21.244440384554764,-126.60480072079304,74.70197680956089,3.9297997965331954,-14.040285307877674,97.52240403238088,-44.875351203835855,24.90029889982601,14.728373883007883,89.00382050489789,119.84247989786336,27.430144515775872,-22.806886819315665,90.12502652140486,-37.16466704860063,-70.25807765350656
698,-186.43193184355377,286.3335462773164,30.70845465439367,-166.6904418548505,92.96670108050083,-15.686040642249443,-15.546448610086538,-122.70610906165565,-68.15966881754429,14.454080587078664,11.229878590446747,53.83817833918343,114.67592996895327,19.75809803323475,-50.37844297500016,125.38051714548469,-118.0920668830006,-88.03202591362964
699,35.15991732742948,76.54381759284051,24.65093925950423,-57.76740047374476,69.83940909330364,15.094534421160267,-11.648803034845036,-36.76289539809827,-16.728691944000996,23.95121795708047,46.07450100377547,59.29822656071106,112.74558655981164,18.668899455146416,0.29604928120611607,49.14285267749507,14.91084001695234,-66.78718802843183
700,-106.6129668642297,93.76580329589447,24.589004727574107,-100.01729161451378,83.21659790977492,-8.278902888277305,-1.9445892707110575,-87.29442958995381,119.47941351109924,21.373789775842262,20.342092748317175,100.85330912634171,83.74814782858886,45.093245181076426,4.011346320658163,162.8669032847461,-15.324690308624502,-70.23260694988824
701,-146.66071647217296,122.62820113328759,16.971242265571032,-132.86306763973857,66.59801140035539,-6.7387968319048674,-15.269256182691086,-113.71876657281952,-58.17519511682996,19.782884012138336,12.66643779435233,112.7532269497339,-76.01275571642701,20.61222509492899,-3.714017123374059,106.85724501842596,-36.81888428886734,-70.29793532769067
702,-162.90468532389238,86.28338529379047,3.9334294487089334,-156.76743537116332,52.674433830686525,-47.279580715636826,-33.73110705549385,-130.42618755426966,-97.18913885992029,-0.8243524094949358,-11.372261601063805,86.54608284564884,175.6456277129022,-30.12314262317594,-77.41293475480025,108.04633169403708,16.8501372773361,-25.266219867822596
703,-182.00067246259974,282.74655149952196,35.960388121234885,-164.55455847432677,93.00285073690515,-11.696145153679963,-12.712105393166405,-91.96247935294927,-63.004324284634784,14.500065356619496,15.603656209133401,50.2987630267919,110.9041045988007,21.9079104557046,-46.67772087628256,118.22316771668018,-76.85432616289302,-91.69089662990062
704,-91.25044400413063,124.37889927056963,-5.9245540396275,-86.9964048440483,44.356069866704345,-40.8856887149886,-14.236570261876752,-69.78077644208754,-60.249277969613715,5.832164261307503,4.923996056055097,119.88999261583716,163.92129619572538,6.864226915906636,82.81587367466688,57.22448396272947,24.700298193818163,21.607803990605703
705,-132.43112810842075,130.9613867544659,12.456618560508774,-125.72228505211619,64.22943551155595,-9.356594398352406,-15.702270454125342,-102.94753427755289,-53.65433910153706,23.22865041324811,12.751878791724058,153.05161363810947,-87.68515927134054,20.003837428632842,-10.341810795540438,105.93597420168521,-19.87914666032599,-63.85808666514701
706,-128.1060076815088,124.54066616430427,18.057529888998396,-137.77416445560198,79.6054622475171,4.024642246980195,-18.912078452103927,59.68848563295632,-51.735467758732746,27.799919127239665,16.82148942308274,91.19381175412181,131.08996444576414,26.511509673092558,-27.314551952333623,91.45366913348677,-80.07355261194309,-67.78949344352255
708,-158.1534920598307,16.33591560616262,8.183798569476176,-171.57745403447905,90.33811618725619,-7.780338360461282,-23.72841113560801,-115.71490053982372,-71.86994469392862,16.38623723434085,-2.179631481375536,62.89803885068579,117.12103891208072,29.212689876885264,-54.72516970452854,141.50064111297397,32.42309024827274,-89.99204960549424
710,-95.91073319010542,129.86884489478706,-5.251730334573728,-90.58298729952482,46.85620609838655,-42.27463373959072,-14.877682518385077,-72.34135089176272,-62.943238722089056,6.021408138666358,6.2059529756066985,125.81740704899389,171.76054290058843,62.64763631991103,26.95454359125674,60.884150215293396,22.77942501440667,20.466125440310908
711,-105.66114242084228,97.73252851452584,9.869497865306304,-110.15252198178865,56.092924522433236,-2.763958821139497,-13.61492506071695,-86.63757816512721,-48.35285882753255,192.76759681960127,6.746569132115282,48.82177064466995,127.69504755023355,23.147454506117967,-41.79759517136302,96.17872026082446,-14.222402569722503,-23.572081574854156
712,-148.1261961572949,169.0446227742685,-0.5555873427608236,-149.08375246907823,81.30751102059827,-15.665587964651783,-29.441008702500696,-109.50622130005854,-74.14768425825616,24.639051361999318,-0.24957310779796096,96.75970677013498,138.06997741356238,16.06545070251765,-44.95658115277903,125.11010147616227,-248.78544883534403,-56.82759341766137
713,82.29237819030658,96.48608279261232,13.032070474079351,-139.00664754376575,59.44939129354303,-23.612093808554036,-9.31811409087553,-130.0490541085721,-56.80730884712594,10.748752398109334,-21.885458223100592,137.78025095877464,89.38030024787028,30.087530875064022,-37.04718870295232,136.52607550011933,-72.12589337248028,-69.74184729090587
714,-212.29244031374463,52.01500527435319,44.73738464167674,-171.9294980033987,105.6997127371825,1.511225640314167,-6.0310610058221625,-144.8599305864686,-52.239760023664296,17.672734697990048,24.80246439123237,112.99094175573278,187.00942138905137,38.97724109409969,-1.7302326550681684,133.31815160852727,-169.5937993083897,-129.74639743953125
715,-106.00694326717318,139.34625143265532,-0.8498279595506611,-104.57178003640125,59.04733056009134,-40.33073184407839,-12.279568719927152,-82.78429086499173,-32.62923556569263,9.414475462864809,10.645839222318871,131.85774582381097,176.54745914205083,18.059059548984322,32.450163804659454,81.04950163068419,24.0513612659165,9.916529162492342
716,-211.20814219235422,52.62291628548031,47.230443026178555,-171.37965956414985,102.60025636992563,2.5559238177781705,-3.9281615162669357,-145.53250991484464,-50.2558479233511,16.84518764040299,26.80309234759403,114.61336031209974,141.6399135222387,39.30939002961301,4.033519236917961,127.98710242827597,-129.01497157920548,-130.6531870555229
717,-34.71536240640175,75.46051157219537,20.247084130141744,69.33615530237387,59.81351248980409,5.622692920244093,-2.3856824159373433,-70.5217891746027,-23.352911744244423,20.84514996037533,13.530815450569857,58.27547712897119,86.29236353089131,0.5275964822123692,-14.027900972573217,53.1709839444459,-23.787393578608402,-51.64515867433401
718,-188.12313675793075,280.5767958626916,37.04500808482871,-166.1106310777119,96.33324416147293,-15.264887239115081,-10.553876908606622,-123.65633283289924,-59.3546067700508,15.752309039066944,16.828027090532675,94.63506098060279,110.37774015488196,23.816307731981137,-49.08051502410609,126.44142229630565,-79.4253477948175,-98.15071201170218
719,-97.22981381346925,66.02135799478046,12.272735246256577,22.985647291267934,44.91794711016183,-8.620110614664037,-11.68666714384305,-57.40078594933166,-34.483821049695024,12.166637568420889,1.2145283536413192,64.67768810013848,75.7183749734337,2.707812491707649,-4.481492829049,221.61548965424737,-35.52635278571946,-43.956094284297116
720,-169.8820826894475,6.982296277089584,18.02378786697738,-175.90350366841062,101.98014526455492,2.4341857944098493,-17.20699647197094,-119.35860902356507,-61.956833368256085,20.06374587803828,6.179401081896754,72.31375360913891,119.89006909754563,44.017556765568635,-38.82483290091576,146.48738146851613,1.4220895794129151,-113.70809155553904
721,-126.32264918871063,133.51092053347037,12.257640668441379,-124.11943501005587,62.933677805067575,-8.869847059843673,-15.09076056303494,-103.43358406556143,-24.950261533892178,21.000691063498586,11.746155911501262,111.50663202194295,-94.4199637729866,22.14532314308383,-3.830384626829061,110.2370461080794,-14.419822954310781,-58.26731579581116
722,-120.22678333003185,135.4495099888088,28.900362073421494,-134.85185150298676,90.21809181141028,-9.275469510342957,-1.531082670460421,-94.38932475342199,115.42772413833869,21.150447507682607,22.868448699227443,96.47871066608676,88.12686004668235,47.87954404611962,-3.8222151728508136,148.82686061481675,-24.55662471542581,-77.62995356879475
723,-143.55140498050918,115.04613201261355,23.74113533803308,-134.99930202917713,90.58909889060116,-16.143268893368194,-6.016318272614023,-90.97476451832331,-46.26835043693919,30.635561656250236,26.45386925962908,314.18426552529553,140.29348138603845,33.418687660336914,-25.83169926459376,115.16903968808707,-38.83972108620002,-88.78793938533951
724,-153.0909439586314,120.89899381377448,2.321815606460426,-150.23018530890255,83.83659953806148,-12.267396105470167,-27.317398212336364,-109.56415312309396,-70.55129438234611,25.155053035739563,2.1906034912653713,108.31841549108563,156.2613592875613,20.130425233713016,-35.47727454162281,126.53138100823423,-259.2028452153825,-65.43526950422469
725,-214.31228175345464,47.12719567775849,51.25017993556862,-174.4105228556343,109.58478981665972,2.252635404254526,-1.0927781599778486,-143.22952668226247,-43.57440047052902,19.23454422523413,30.775724402590463,154.04834637845855,183.51546137856582,43.48402986854736,-0.8167433563787796,132.36474143517816,-131.02597047398598,-140.26849030222596
726,-198.26188051850804,35.72823507401327,81.97693629859329,-158.94988451757249,99.79227450474646,5.0163344560903385,0.5313215483418705,-133.7513966036912,-41.59630256690846,17.412920430788873,32.45513708172331,102.19191254818591,173.320386960679,39.04672979452697,5.956336774226751,119.42212850306917,-123.24193755751023,-127.63470187460956
727,-208.33914635820196,52.4437377536469,44.624878388831796,-175.0360253217924,105.7620649142841,1.2689481754940286,-5.994034823699352,-146.11415326764717,-52.592129181257235,17.56812292732544,24.29742222184193,113.38852450287979,187.0696862392547,39.42812066799568,-2.3263224452359372,132.20592647775808,-170.28944394688696,-130.00044911173237
728,-144.40037588803614,96.48368250634039,26.30304101012845,-130.89427102364724,89.5512624047133,-12.208825545036513,-4.482269663463962,-55.59871761681201,-40.83639056158543,31.059368512388044,22.81040164958102,306.9811993661508,119.64130474036648,34.62367867551228,-34.898954898751576,124.82619625960378,-47.211775386092256,-102.06407709728462
729,-82.60376711993655,77.16157055057252,19.655104475725764,-86.36439259039855,47.913475004580256,183.39744014657617,-3.4500234935648493,-66.56296491253688,1.243693510483553,21.7359281569417,17.616470911628817,25.14163393799816,82.94500257084319,21.774609022403016,-5.969892081984471,87.16031394394983,-30.645783430446343,-35.77610625401782
730,-119.0002605622192,129.8733287928975,-2.6894426608767565,-112.10054229002345,76.73204646375225,-11.466688650464,-28.333464403467172,-97.12281328563128,-66.75385628384413,26.70191052781957,0.2491995216197483,99.06311578129981,140.50202072837976,11.731785636636422,-38.53020460202805,114.64774536040849,-239.38767523181235,-50.326754962154276
731,-153.72969177576874,121.86940948423367,2.6285815566519464,-151.0742538647118,84.63820989350026,-12.205403139577829,-27.320607687729233,-113.21308212587259,-70.70176837263078,25.581050374697515,2.890294790772493,112.58577655183286,156.99209035392417,20.35309378724489,-35.87146870596787,126.68556891775827,-259.75532545258403,-66.17144292099108
733,-131.01614328786877,129.6428654294781,12.176592903098598,-124.09709192615547,66.73463291564741,-9.449497578271533,-15.688467028730125,-101.68028706103642,-55.92833214525704,22.96722153823274,12.389117841989824,151.62256116733627,-87.71744205090602,19.37165701859225,-10.38026227366508,104.02305084245889,-19.957308370134438,-62.89773644050032
734,-112.65436557204448,52.15902401168616,11.50099124383813,-68.8301106132678,50.09539423836072,-14.723797458867445,-5.607582302496606,94.73001149170486,-34.33417724398137,10.504428846601204,-10.06304133589348,94.74657013796636,83.15862733807553,20.410616703521672,-13.46555264791769,130.96773059571802,-22.44051349793299,-63.23810194256898
735,-111.64439001633684,99.97628243662562,27.001589198281362,-129.2492462779803,90.15141224205486,-5.57210945833914,-0.5789005494737476,-90.66160042100093,119.18817731489031,24.84106080852179,25.3824248934421,147.97356016625685,90.30677106107198,49.895969536467376,-2.168338229120862,147.30840725104804,-18.860184766336715,-78.93099209595866
736,-136.78626059720676,8.075105128341583,10.9689779214402,-160.96161449534358,87.48654938924666,2.9697712061172785,-17.640159736226114,-98.11277015601863,-52.06511218296998,19.23669261869997,4.554895418630504,52.73551048910532,95.78617490900439,38.24356992018109,-42.0669439549522,173.81073853515707,24.30283957476828,-93.63525106294519
737,-158.1534920598307,16.33591560616262,8.183798569476176,-171.57745403447905,90.33811618725619,-7.780338360461282,-23.72841113560801,-115.71490053982372,-71.86994469392862,16.38623723434085,-2.179631481375536,62.89803885068579,117.12103891208072,29.212689876885264,-54.72516970452854,141.50064111297397,32.42309024827274,-89.99204960549424
738,-142.11840100892044,104.10102757532916,28.546527657343603,-138.49410815586083,95.74005285370848,-8.068080532668114,-3.8532262615881123,-91.26561876392091,-10.180522892826138,32.98719657208244,28.657613382509084,309.8990617702106,118.75785459238533,39.14336968847617,-32.02859763600253,128.2783336585001,-45.52905430988669,-102.73690112281196
739,-143.7504355635754,105.83110678597134,-5.601380059006038,-143.21115063808224,43.013364154284275,-55.90340748367045,-35.72847283723481,-118.97812236274758,-100.46167125300346,-2.4498205747867354,-14.65817234327768,91.29645671243051,177.1215838380665,-35.70663967803011,-71.1786612730568,96.58207988575191,43.40782235705447,3.023468434475409
740,-142.1776372342845,99.36148144295485,29.73075505542145,-108.81683680554174,88.48027944004096,-11.638181195743384,-6.023396069849992,-86.23047888371981,-41.45377695481009,30.982209093914406,23.495898874642716,302.75538310548404,117.55129049430676,30.817288499406587,-32.935369174483185,136.77816790654546,-48.88520781489546,-97.99143397027817
741,-216.00205014653335,30.18925560128327,47.47067879870415,-180.08319554597685,109.66902042899228,4.375551112398054,-4.340752252949973,-146.78486918802687,-51.09295156945459,16.8223442529933,25.45192391106637,105.50311689292536,180.7538163436131,43.93488651347154,-3.0300703581577806,135.9169907879082,-121.47501119380615,-139.28833003343377
742,-109.72712941726716,106.49684383762298,24.289450118749034,-127.61825085367684,84.59894043686567,-8.031817976298086,-2.5639708549570326,-93.89649404513135,116.41730368175675,23.07171312147679,22.75291033897284,112.42938225833532,49.24501122780071,47.33971853898184,3.531331508517259,144.87995890541671,-13.199864725729018,-71.50760191625012
743,-184.20364750232952,291.26727629384834,36.88878260327295,-162.64405652448988,93.2166214937047,-2.396620984146386,-10.509456931454572,-126.85506980470201,-57.29449233592703,12.697430708194293,14.051186984313127,47.31753940076566,122.84844176306825,26.70012601565473,-42.61090271030772,124.7062527103043,-75.31197410220722,-114.09675838236079
744,18.593228143849508,83.81572454428179,24.864027884026765,-90.91962958071846,72.6914861063066,15.283559423127413,-13.353415821586173,-9.3522736543456,-20.710966995831168,24.9344042725762,47.000001421194064,64.18499440912726,118.82614927355527,23.824205011490548,-1.6250652443516773,53.72900065339416,12.275292139958072,-69.77431259513286
745,-184.4664705642404,285.42972839317434,33.61366279218083,-162.8054006772208,89.52934674282658,-14.831690203115414,-12.835689559063676,-125.73411227348538,-62.25335302726109,13.29678928441933,13.324742728943717,55.20093395933542,67.43205319863192,20.27532115784119,-43.404096156763,122.5333861580906,-72.92782698075455,-88.94777355945257
746,-151.63234361506235,120.36448694445671,2.0702605150529187,-149.31696914024238,83.20163149752793,-12.107180390047557,-23.77467999221931,-112.08242229578765,-70.21025733280158,24.999235485654175,2.225860656812919,107.18347891899727,155.21484338956446,19.78855195772374,-35.314347237852644,124.95461088067762,-258.93375227546295,-64.63370223189527
747,-136.36837799263193,133.60004412879863,-2.0925596517381484,-144.60376200311424,81.61211596724955,-15.206640631823172,-28.062966386728576,-103.84739699692635,-70.11768414296868,28.340218917675678,1.740902193554437,147.60256346125576,144.9519808361988,19.0593303549962,-43.419475776085335,125.56329878040277,-244.4222314312901,-59.30423693090827
748,-47.6964861702441,41.44253632410513,3.1078582191767907,-33.992163789117,226.18455276310442,2.8366561732400144,-9.123588943351466,-31.77722522719587,-42.08233983093094,8.157857948516684,2.103855371821502,44.74109909348849,29.07741757292522,-7.370424582872943,-19.09423138809596,26.763955044077505,-12.395084924431865,-19.205245764547474
750,17.06697116985798,83.26200124128637,24.645825046379283,-93.32131382731633,72.4235008833579,14.90382464166177,-13.332288048295286,-5.992317987033639,-20.87560912513548,24.7090570571959,46.53749575694667,64.75787203979155,118.61481071331258,24.334060879975176,-1.6986330836160382,54.57615906652947,12.383992195683591,-69.95082288448396
751,-35.76422538883317,38.16426020828624,13.481911187344187,-47.8298533671246,215.22723433830564,-12.561027392887178,1.1013810991540904,-28.927303108156607,37.55469282580569,10.024176381517279,7.0305446214006535,34.81776658467776,83.13047761584797,21.681985321743063,3.190271388825503,57.918650828523184,-17.479425585610386,-26.507110541157694
752,-31.52526838829605,10.670084660188408,-2.5717942750390863,-12.72372012046213,8.510061303950433,-10.262020179967362,-13.01225560622942,-22.58281989218195,-19.94967977931161,1.9031447533033499,-10.783317067127417,16.459179788310948,17.85633288923364,-5.708596248034903,255.46810013615652,43.8499910540282,-5.785110263898906,-9.893329311389323
753,-114.65575206448915,100.45252073865434,28.153532109633314,-131.56672297018918,91.62955519974946,-8.189510712645642,-0.21814962366273402,-92.83213239669801,119.22777408586617,25.201798776899363,26.26634317662023,147.94003123228293,93.32014190142387,50.996210304506086,-1.3869441233082884,148.92576677448008,-21.27056993465886,-81.31845459601632
754,-188.24623921560803,279.7094988207,36.776865596113744,-165.49768406884965,95.67134982132549,-15.389279481865646,-10.632525576016613,-120.0225042886936,-62.43835028495904,15.529965094198008,16.21021550325223,94.41583745995439,110.35828617680195,23.32482418224948,-49.432827344933074,125.81148254696792,-79.53958929620475,-98.00968632060712
755,-197.57342522623037,35.116231554425845,81.69566832541223,-155.8052824977937,98.97100184376853,5.012417425186189,0.39202247559216363,-133.2656667150944,-41.542607710662104,17.022359752181234,31.912271414480003,97.57633623726424,172.5144497664816,38.457138702225244,6.585851849452477,120.78980080496643,-122.94504284638809,-126.59258648749179
756,-35.66168313960128,78.89288650161694,21.94485141734383,56.032219505980315,62.4178179404756,4.3776335713062835,-6.733972783070709,-72.61557799638126,-25.815917184355065,21.324658378800944,12.593870616683745,61.22752568288656,92.30245128543206,-5.054882644909715,-9.625139961416203,86.56934864425897,-27.253945467070974,-53.25253003841432
757,-125.52394954956442,171.59809581002878,25.60480493583946,-121.02737002667487,79.16769114806729,50.42233283447679,-3.7968932610434285,-109.31926206857615,-18.316219438396246,16.733469860019557,15.28118197117702,80.17964775396545,201.84191820300674,58.45455866548666,9.624847878060299,113.21559944735348,-19.0019090395867,-145.6995283095605
758,-214.86480838604456,47.76998375499753,50.66178831882643,-174.68488996464094,109.40415378857199,2.122726781778503,-1.6463488658098824,-143.45473047425853,-47.35710166614081,19.300707395050605,30.306376709182988,154.04748733336712,184.5856004784887,42.85037660375296,-1.642899630425128,131.89513856649103,-135.51249239326842,-139.85612550777248
759,-125.13645210487084,108.870753127548,21.06412154692915,-129.0227184766094,74.02693130028672,3.9348808940969175,-14.009860569848216,98.34308674565872,-44.61299280851639,24.71317493765369,14.821445399222085,88.3675705909962,119.15205441133081,27.67389394501794,-22.91536734132839,93.94890509759527,-36.960228799266865,-69.83090631044843
760,21.06997260054101,84.04914587145183,24.5588167705448,-94.12730768174056,72.46619075492038,14.71962311182982,-13.437770414315052,-10.409739782394105,-21.324757416766726,24.6398819468816,46.18927921982006,64.80723953676411,118.59986943568133,24.41801791510132,-2.059401962903139,54.98579414718154,11.432762031106941,-69.89893258633371
761,-45.89974892330937,41.37944123540081,-5.442590374642481,-74.55029722147496,33.091963459222015,-40.97821609859099,-24.306325290898886,-44.411185057589535,-57.06861146976054,6.491909354072007,-1.7751514027976272,68.80809280094446,72.72290896131781,-14.477562676206956,-31.57909445905488,54.145415919597156,2.6606685507248926,-272.9197586836115
762,-214.9068736564861,44.103345703554844,45.02433343165942,-176.64460077097462,100.14941951683129,-5.319466897543923,-7.389414077596587,-149.05469265784626,-57.88979696963366,12.583945768394614,22.10446255625908,108.5150296901823,191.23952332425432,29.55834569709474,-10.77901459827899,128.5443800395992,-113.44660297757082,-122.56204457806822
763,-110.06392692401295,113.43546852371303,28.205365695475777,-128.39370283831468,89.34870970296585,5.142140987137303,0.2126014449867416,-95.77189636352706,124.98679938958396,22.80593735810374,24.093281552893835,105.1559577185118,105.0022743821622,55.02302209939936,5.053580883235316,148.69557148011697,-15.787608168122375,-92.66306572205431
764,-140.32835872352933,153.4523063343224,25.580229661038594,-142.21960933011158,82.06695945233707,3.421533141838078,-15.303386229868778,58.17353052025105,-50.58353302689992,24.984137044541377,18.57472651200446,81.13287119026587,123.60534493024365,27.388193406108993,-28.893718280400666,92.70711751048948,-47.99248877772553,-75.45190872758306
765,-135.45049884279493,135.28089033300526,-3.0179284731239404,-142.97633775386336,78.13497918463356,-11.474229923943405,-29.884066339823317,-71.30567251513538,-70.10161170783226,27.17782124767955,0.9671543514313036,102.79352512356452,144.4707612814241,17.29914671462317,-40.64285534933615,121.66395364007735,-241.39521849967764,-52.3653593716936
766,-180.93449741590499,280.8278839281406,36.74585395994759,-163.77755931360343,94.87038720859624,-13.342578147447558,-9.767677658432218,-123.91574688164042,-29.67957427825292,13.647298940463733,15.874818365725808,53.53106796360406,105.2574039801476,26.64987439640691,-41.642089833351605,130.71394649827747,-73.03387441035179,-93.98963501601564
767,16.637546994945357,84.77208636051701,24.325575918352065,-94.20862794518521,72.90475919541763,14.898308261936311,-13.80721008671733,-9.851350323235264,-21.57456680583902,24.997564171881304,46.68595965081965,64.97623651534848,119.70440379131543,24.191891164912438,-2.1724770368354043,54.73649594718005,8.011711777788376,-69.67948378112551
768,-137.65227727474928,95.29755804045413,22.2307611358942,-130.8436273204204,86.04618127156601,-18.41739287690811,-8.531593202990233,-85.0883884090974,-46.70748412409956,30.200050286892584,22.84088619847871,303.64031411090355,117.59189782775236,27.17827997049623,-39.375555837209454,113.33661019734443,-48.1500920546286,-143.44414704626828
769,-152.4805948265475,81.18324507182047,-2.833199403528804,-155.83673495017428,50.87235770892783,-47.73157751494817,-36.73214733145514,-124.302552267286,-99.75692109499487,-0.1259723443211394,-15.832605403894647,78.16745187512907,162.03202853515603,-30.186630426887895,-85.4846775294175,110.42605311567733,43.64252991065431,-19.28397589326819
770,-216.21137378875804,29.649586152511816,48.09769387692289,-180.03994998391724,109.98937247237136,4.443060458015852,-3.869039689920798,-146.5747658546039,-50.544467879035714,16.959834477265847,26.003151316700517,109.55211347811564,180.39495433197305,44.29972478206616,-2.950420569283473,135.9108418167816,-117.65521101311245,-140.29584255355857
771,-80.08289849117742,58.381629252907544,-3.8344225862552515,-81.55389596987632,36.22398394186302,-31.80234623618059,-22.304382171746838,-58.04965700457322,-55.544951435072456,6.126796715504185,-6.603066374685772,74.65745678119896,87.95854488590355,-7.901913030799371,-31.399215529902964,66.55827035578733,-5.607792121087174,-292.33911657725474
772,-125.75479322398397,163.58740586333485,31.413106262881627,-125.95259522318857,85.72565859224781,57.15970813639402,-1.090681059225992,-111.18608099648684,18.689827681351765,23.33337049112733,18.246893324065137,75.73293600500884,183.02780530276232,60.02338761243065,4.6760546891323695,128.02821702944675,-26.57151382135842,-163.3894313811824
773,-106.6412562652146,100.1068707410841,9.992775060861897,-111.10402908490069,56.58493744446807,-6.248764938908382,-13.487255605035156,-87.59526322959448,-48.66904620958805,192.9735477499516,7.252336965485016,49.17018319770173,130.70475179001582,23.68864014863002,-40.48245974820518,96.67609595255732,-13.679325978591498,-23.064105867186978
774,-132.72477881106101,112.49431166919233,8.851364244581745,-129.58671191825636,66.7418686846372,-6.929493974489093,-18.5866999227826,-105.35645502246307,-60.807644240061855,20.509639667811587,7.520782735567208,103.53803197838677,-92.59281850240943,20.01569253873277,-12.209110387862072,107.83437168284547,-5.830075469781675,-62.406875854243694
775,-125.89699232534704,163.52224711482413,31.009166063742327,-126.3515333684664,85.51862717392136,56.398303442940446,-1.4511671987125554,-111.41909649662234,17.924679473034878,19.529654842640728,18.021010780510714,75.59314551925715,183.64751102771336,59.85000649011425,4.005445001507507,128.12880945083705,-25.94705016546458,-167.67744945455868
776,-36.341755225099085,88.03186136569472,24.100569432952337,21.59527566916999,68.23727255571589,7.9332532857495615,-7.3473505813007876,-46.41611682133837,-27.054519350620417,24.221499325156167,17.184647955283136,63.87401622005867,101.6000146478206,-0.8258480777693513,-12.933010803961352,67.19058418016805,-27.60672002491692,-57.77877823871822
777,-108.70462583821951,65.42371222604238,12.252028374086997,24.01906299210341,48.100231375031335,-12.077937146202867,-11.295417788068162,-30.68829702682314,-37.6278680906055,11.534121174863651,-3.934130164386015,75.34147152567544,78.94056423203963,5.244940159953422,-3.69343473109434,194.66467130610081,-32.015716110298506,-49.66056807933869
778,-40.77301460605313,91.61885614348915,18.84863596611113,19.459392288646256,68.20112289931157,3.9433577971800817,-10.181693798220921,-77.15974653004473,-32.20986388352993,24.175514555615337,12.810870336596482,67.4134315324502,105.37184001797317,-2.9756605002392016,-16.633732902678954,74.34793360897254,-68.8444607450245,-54.11990752244722
779,-110.2271091543528,66.53975057401138,10.331216836151324,62.38540769994123,45.596473820064425,-11.407409377300999,-12.634570886036224,-62.31300949279902,-37.91930596461157,11.049914728368154,-2.3035852760677207,70.26723980137764,73.9662485676269,6.856809429425301,-7.282155391702483,172.6047257230844,-30.28879463023801,-44.937101539947314
780,-72.828213921876,61.51646813010259,12.849276959335883,-71.93325829799227,36.79637902292212,211.70250291758003,-7.23602837133113,-55.14282766282415,-32.37720778221283,16.910741421805717,9.697569962698573,26.723518205528414,71.218502223884,9.239103293861033,-13.667465636655214,67.60691761997587,-28.940993081781457,-23.932100785320632
781,-17.342965704011675,54.37790045131548,9.460323223475875,-52.99673236375756,33.08810275693861,-5.265629669313739,177.41393263981178,-45.060865121917104,-23.661474650425646,12.129659540579658,5.388142790827172,45.120884696618745,55.44442651838753,7.534374384745951,-16.868875721279608,57.94941529719619,-14.131316293748625,-21.649133520522707
782,17.06697116985798,83.26200124128637,24.645825046379283,-93.32131382731633,72.4235008833579,14.90382464166177,-13.332288048295286,-5.992317987033639,-20.87560912513548,24.7090570571959,46.53749575694667,64.75787203979155,118.61481071331258,24.334060879975176,-1.6986330836160382,54.57615906652947,12.383992195683591,-69.95082288448396
783,-75.96082524127314,51.0271651835288,15.926474115038777,-63.88378928025198,48.424270195477014,-5.978551962993169,-4.725358881956724,-42.84101841471369,-22.39121552478342,198.76174510605304,6.637682635936399,123.68377747376483,45.44284006005013,-2.960942202629418,-4.347532566514867,61.61183049343719,-40.3497745502818,-67.18094009024041
784,-120.1770758548915,135.80792213968056,28.92586005043196,-132.55131803901725,90.19842950587115,-9.21739357535477,-1.673591218602996,-97.5525238676038,115.33094500430037,21.185884168032917,23.025274331491268,96.13049541591232,88.05165391884779,47.51262150734978,-3.586894261970148,150.34872082623804,-24.81221024150519,-77.32401159844338
785,-129.49430062832528,135.47173431062114,5.772322982516656,-124.62086195751661,63.273481610426266,-9.857411761286627,-20.609422165934262,-104.12734964292457,-62.556631240936795,21.613100567143437,6.862961477342356,111.59243656692557,-85.17241425113373,15.282799943068024,-11.61843754887249,103.8740091726939,-58.06555847618106,-52.8995461273341
786,-125.52394954956442,171.59809581002878,25.60480493583946,-121.02737002667487,79.16769114806729,50.42233283447679,-3.7968932610434285,-109.31926206857615,-18.316219438396246,16.733469860019557,15.28118197117702,80.17964775396545,201.84191820300674,58.45455866548666,9.624847878060299,113.21559944735348,-19.0019090395867,-145.6995283095605
787,-212.61522898665325,53.1123020469889,44.67551808559301,-174.74357698312832,105.84059565629578,1.5584623748182844,-6.119943198118161,-145.553438419124,-52.58332950563168,17.817743401132926,24.99500162231677,113.66310536452772,183.5207898876238,39.21273352898742,-1.7921058435595851,131.55967569280853,-169.24094193810552,-129.86821898142406
788,-214.31228175345464,47.12719567775849,51.25017993556862,-174.4105228556343,109.58478981665972,2.252635404254526,-1.0927781599778486,-143.22952668226247,-43.57440047052902,19.23454422523413,30.775724402590463,154.04834637845855,183.51546137856582,43.48402986854736,-0.8167433563787796,132.36474143517816,-131.02597047398598,-140.26849030222596
789,-126.0589676248088,172.2526206559149,25.92331714212488,-121.52730878066316,79.54231087387319,54.41896402852766,-3.5898667816681047,-109.82815977663581,-18.25575125333172,17.062464808294123,15.61729659049608,79.54431533703925,202.31626917389417,53.34897096824246,9.962484215180314,113.864212076722,-19.367402531961176,-145.98050675493033
790,17.06697116985798,83.26200124128637,24.645825046379283,-93.32131382731633,72.4235008833579,14.90382464166177,-13.332288048295286,-5.992317987033639,-20.87560912513548,24.7090570571959,46.53749575694667,64.75787203979155,118.61481071331258,24.334060879975176,-1.6986330836160382,54.57615906652947,12.383992195683591,-69.95082288448396
791,-74.61158695899148,48.69780153865024,18.946830376785705,-62.56759113333642,47.63645987801117,-7.056657730067271,-4.6042390617931375,-41.496377185101075,-22.43705892896376,198.8313469390017,7.0137272473938115,122.76407549283678,43.07104728962202,-3.792022409039236,-4.315440729143225,60.37438674055914,-39.89567682194231,-64.66279393955618
792,-112.82326654699253,141.52350701311525,-0.42575036595392884,-103.19856292795902,59.5967313879848,-41.18392407662674,-12.968008881991441,-82.11655169074807,-64.544130771044,11.308285039353063,11.407215957153985,172.57798195792196,183.23747124416929,14.672867503712935,25.753331100938013,77.25747031230274,16.2772904712049,4.950387745462893
793,-163.43402361218884,94.78281841719335,33.94071200611225,-148.68085421478412,100.51609604716211,-8.767536581829688,-3.6531213934676297,-102.69281499615026,-40.04336634649428,32.25190819423578,30.369785360253175,310.98746827124853,138.33771268364086,38.863822213175524,-31.142472777080453,126.85387220124403,-68.09859467930974,-115.9519212015612
794,-120.86553114716916,136.419925659268,29.207128023613016,-135.69592005879602,91.01970216684907,-9.213476544450618,-1.534292145853289,-98.03825375620062,115.27725014805402,21.576444846640555,23.568139998734562,100.74607172683399,88.85759111304522,48.1022125996515,-4.216409337195874,148.9810485243408,-25.109104952627312,-78.36612698556115
795,-152.96675389141865,30.567143387357547,13.91863306082358,-166.29898954326882,97.02998935953383,13.559560796086114,-17.412278229556634,-112.9724909244157,-55.30577672421444,23.883796989135053,3.6257602717661888,59.70434953440162,121.29577729800837,47.01397293692054,-39.07213471402374,144.5453345920852,21.48634145997144,-118.24404497588193
796,-120.86553114716916,136.419925659268,29.207128023613016,-135.69592005879602,91.01970216684907,-9.213476544450618,-1.534292145853289,-98.03825375620062,115.27725014805402,21.576444846640555,23.568139998734562,100.74607172683399,88.85759111304522,48.1022125996515,-4.216409337195874,148.9810485243408,-25.109104952627312,-78.36612698556115
797,15.283090872465843,87.31667571347596,19.627675201901358,-95.35173551736239,72.74623876726129,11.44367018225952,-16.31033179851213,-39.339498400460286,-25.73685127660212,24.902968583594962,43.23470040385253,67.73075621517323,122.94952841157999,22.17745489696478,-5.0950129438935745,60.6116238877747,-28.148529964539815,-66.36024870246219
799,-123.898114473775,158.84482106584358,30.585430724908793,-119.7131181299436,78.52911450906853,95.59799068825903,-1.8159664317621906,-108.18111051327159,-11.870085164848277,19.390502794698186,17.16278059401417,59.07967504265929,185.40252147721867,54.59634617735942,2.488163765139963,116.1565354647945,-31.913675675169316,-157.09039901908892
800,-150.18512078857592,98.1972909786492,-0.39393753365515727,-150.33501821095072,50.40726038831212,-50.03462371215788,-34.3711928638663,-120.29200963274167,-96.30638032891162,2.4299885827554752,-11.473746361648121,125.78086331884637,164.35119053917094,-31.27819453701891,-84.99436710997567,106.66861438555354,32.581981226005176,-19.187077592656408
801,-116.59614353493272,152.5386605156274,26.50129025494989,-109.29237108468465,73.47936246145173,55.47086640498976,-4.020241622382452,-101.42652176301041,-12.100337567981988,15.97885617436227,13.323114664972763,64.48131433737596,178.10646398619312,105.56401203421716,-1.4843221182942758,107.49217614556738,-26.063985539419686,-152.51264290127446
802,-174.50842832321774,268.5348417238546,30.250815813716926,-154.4314542345541,84.31113885633896,-22.02979191519642,-14.238692203924748,-115.96088037537848,-63.118781883052975,10.379946969656874,9.869960382750008,48.05398539215174,99.85622337280189,13.919470667939187,-48.90600945501333,114.77148046957672,-70.72216719952296,-132.13444492602895
803,-95.14611950478263,54.40578254426083,5.170983943187366,132.02846091006725,38.389242368186224,-2.6768798858014895,-8.193638197861596,-56.58858041433953,-24.882289548006636,10.956278825427525,4.016895302435941,57.4942769662564,50.59948710387701,30.889823780671655,-26.062240341934814,14.33154739357618,-17.220235086449804,-42.29610237381634
804,82.57259376754145,96.5644928953197,9.694375233754887,-139.74798848567588,59.233943784499246,-23.57188072828641,-9.476203435856348,-129.888721113542,-56.75106587309883,10.56350603121279,-22.189325638836735,137.89421949049859,89.26111740583454,30.015604390071648,-37.43986588293338,140.59529386287994,-72.32275040717697,-69.72488585705901
805,-108.63862905736111,51.99287672209759,3.2563213598285965,128.7001861105957,35.12536910252156,-5.566728406534857,-9.255640433497332,-53.99708872289036,-26.972722522770805,9.059959867985299,1.3588465307980393,58.87998847676338,47.330159424648954,32.41997317734678,-24.714943219400787,39.476593590776034,-18.337766070300805,-40.704045901755904
806,-133.32296165523218,90.8302673814175,21.86397733650931,-125.01448096656657,85.11496979408517,16.75217612056686,-7.511561683672601,-80.80316657867543,-44.11761156757802,28.367960767296772,21.244480266948575,311.82935859077264,110.04105848520838,27.149049602446244,-38.41103576751543,109.22231302625902,-43.2811873700908,-90.38491994644761
807,-133.32040313066594,90.02043539690624,22.421282892592707,-125.50608729269517,85.73466647021615,17.406475961235355,-7.260630651577765,-80.98749523917944,-40.43933405625287,28.644528510460045,21.530602528471867,311.3227576109878,108.20400428012206,27.861414532788388,-38.95641383520618,110.68027696692353,-43.99474299608829,-92.0772962009845
808,-169.8820826894475,6.982296277089584,18.02378786697738,-175.90350366841062,101.98014526455492,2.4341857944098493,-17.20699647197094,-119.35860902356507,-61.956833368256085,20.06374587803828,6.179401081896754,72.31375360913891,119.89006909754563,44.017556765568635,-38.82483290091576,146.48738146851613,1.4220895794129151,-113.70809155553904
809,-155.6719179871994,141.0731211065835,31.06531876961258,-146.3024671598597,97.56278011628501,-11.865692324086943,-5.767690343900088,-97.74789838679223,-45.98904873986401,31.573013508073295,28.033416576153684,298.3190565340192,124.25360678893888,34.43200067559007,-40.84319719301282,123.91738401657254,-57.18749308497912,-107.45563638661058
810,-143.4076060293377,95.94547810270653,29.653122273464316,-132.4696970549251,89.37931193297075,-11.922298681262957,-4.172374805601997,-55.135124451694416,-40.368853876950446,31.247401472142258,23.513020613514936,306.0063185400354,119.35660678394694,34.79642126003195,-34.77651131239955,122.21183784847699,-46.66359463170793,-101.78329886907362
811,19.577332621592063,72.21582452116958,22.830166482173528,-86.47859433867363,67.93365564666409,11.498833979514108,-11.561111414291702,-0.7491750384440601,-18.747274469566687,22.0178974367409,41.75006146512279,65.5471114596038,112.05359763155138,23.59915204759217,-0.3565734116999062,59.00825508126883,15.574274214412332,-69.0736397360465
812,-126.80550021186218,121.36034867834168,9.427582520070127,-117.51272104097059,56.35304797245944,-10.038923334134026,-15.752033842999522,-66.47334470833954,-55.383816703883255,19.17233041775761,5.836845508879522,114.42614057073591,-94.28119284668622,17.50833689711428,-7.146375637261881,103.91834326663123,-15.0210660268997,-57.091500223154384
813,-97.71862926805514,46.50135173310645,1.1420719874639258,115.43226131683733,30.451343270998688,-6.627265888925205,-9.942047153173064,-49.41413963455428,-26.11744257535254,7.475253036939682,0.9503030382262138,54.29585028003215,43.79709131537755,85.45731239501833,-29.070885884100868,6.970344200500879,-14.712122176531908,-34.99451803402588
814,-132.55423056609803,130.09408971247433,12.18847607179381,-125.10933804325394,63.56754117140849,-9.48098664110297,-15.780919121535334,-99.31370573334726,-56.7380826164453,23.006306468379176,12.134067204443612,152.83239011746107,-87.70461324942056,19.512353878901184,-10.69412311636742,105.30603445234748,-19.993388161713234,-63.717060974051954
815,-106.62716891649352,136.0154753368284,-2.9571621245834425,-74.89714474995006,52.20527743918359,-41.21917735476409,-14.221700536738805,-77.74498269337666,-64.06087706482678,7.793238931884292,6.52142495196432,131.03779515962682,175.9840364963924,9.366547672997426,31.418966777969548,89.56652102937814,18.949342871304005,14.32942622952275
816,-98.7015569716777,98.53367147378064,15.46840924991864,-106.88449799393067,64.34655243162538,2.0256233838781816,-6.922745381144532,-81.39709087155548,-5.551634659246581,197.48641427609553,14.373431424936367,52.29925398251308,114.01808884128276,39.595976504590695,-25.214781208483394,104.99562704677923,-24.36440901281846,-41.04333978450978
817,-60.42431065889565,35.10683779289581,-5.862395347950191,-56.006909829336216,33.623513779383785,146.72985411901473,-18.635564801041806,-38.656109656390335,-39.88348956870506,-1.523649711665177,-15.583102903984047,109.01724151606417,45.65849555908341,-7.385691547110783,-32.687780404946345,51.40434170006092,-6.596934686209178,-32.847890652897064
818,-86.9024011811379,89.98431405182126,20.525909374570194,-86.14582964401545,47.256507004947494,196.380603377429,-3.7738452721067204,-70.66715125724873,-25.427732090828655,21.0511665798112,16.2723548862276,18.91545777789578,102.86934965178298,23.22877604668279,-6.236288691643742,82.31037198229808,-33.40322344466426,-53.680108864285764
819,-138.10163460038314,142.11384913478793,-4.981497457138412,-141.813850184471,75.52882546361322,-14.602095253314502,-30.367719540694065,-105.7786375600962,-73.1216360779237,25.984792809351926,-0.9832798015835128,107.27468624848619,102.41865551684232,15.379206047914957,-37.98361439163721,121.41912081913058,-238.06713263113556,-50.65492085528144
820,-212.2190453312077,52.523890165473034,44.980029153381246,-174.84297847623043,106.38126938286908,1.5775419480765427,-5.809903790269597,-145.3305600164923,-49.059237374717746,17.85964198250867,25.26345034624899,113.55838052655561,187.10408149496595,39.83564718260119,-1.613241245121853,132.42623114644374,-169.22397228092308,-130.19336510097767
821,-141.4692726545778,112.54865019926577,26.584144611632503,-133.0355782725733,89.09887913559682,-17.518016524804615,-6.321134235272684,-89.09348657891799,-46.43132557859603,30.08560450746792,25.24453580957603,313.49578061156063,136.86843360431595,32.277700081000184,-26.311674398112412,113.27932387906458,-38.05138128025424,-85.53734803937348
822,-80.08289849117742,58.381629252907544,-3.8344225862552515,-81.55389596987632,36.22398394186302,-31.80234623618059,-22.304382171746838,-58.04965700457322,-55.544951435072456,6.126796715504185,-6.603066374685772,74.65745678119896,87.95854488590355,-7.901913030799371,-31.399215529902964,66.55827035578733,-5.607792121087174,-292.33911657725474
823,-151.8124328117679,120.62535778326055,2.0091829370899923,-149.32310786707885,83.23804853603028,-12.211671925574077,-27.44124267428242,-112.23511626155695,-70.39493701855729,24.985215549724188,7.8505820721530855,107.31749105113111,155.40082370197752,19.699421044777754,-35.55490777492626,125.25822290959215,-258.83732841018633,-64.43064384062856
824,-93.73483525988745,89.90625475516055,9.788327849091496,-98.43147646297345,54.718404994663594,-3.3260679932337607,-11.008184610010764,-75.01750642141498,-40.71449236781594,194.41569280271455,8.713677195431917,46.186906197786534,112.94265224005018,28.414904883582906,-31.802924223814212,89.72591864823472,-22.807786125773916,-78.77542919947267
825,-127.25846316881835,164.72644252870782,31.688585290853503,-127.5194510527822,86.72083770443477,57.07479391054857,-1.0826856691807427,-112.18864174237443,18.301096984335096,20.06689104958173,18.716817451288982,80.25125307810225,184.69966270592136,60.83969019651845,3.9879944445982316,129.29580363350993,-26.81736822499403,-164.279076163126
826,-80.13461633819742,37.3755408845969,187.41999997532946,-70.4531763366869,50.99465542643045,5.30055578478228,4.794809719342401,-55.24176276900209,-17.21600680761984,22.329175645653418,38.43932990701066,35.512748959490246,84.51723224107545,17.752581827872692,5.708953816635352,64.04381489995394,-26.51154314257601,-50.4023881607938
827,-112.65436557204448,52.15902401168616,11.50099124383813,-68.8301106132678,50.09539423836072,-14.723797458867445,-5.607582302496606,94.73001149170486,-34.33417724398137,10.504428846601204,-10.06304133589348,94.74657013796636,83.15862733807553,20.410616703521672,-13.46555264791769,130.96773059571802,-22.44051349793299,-63.23810194256898
828,-120.5029657320029,154.4223880305904,24.684698616947347,-117.42876180601891,75.33647986079187,49.09399590207472,-5.755155281819436,-104.44476475150667,-18.24931318672842,16.250841783809534,12.209545892023094,70.61001633032565,182.41669392347313,47.811153236336324,-2.0106802851666195,111.88613130779318,-23.401127651000753,-201.92676235395788
830,-85.16299558651725,88.31668518130667,19.80670316145465,-84.4715946678278,46.00508139149034,199.2735089313876,-4.0705876170804896,-69.51003707370445,-25.55560471490538,20.364994512208586,15.398585079107903,15.025508664549957,100.98542252880422,22.244040470028374,-6.259539561938775,80.8307841897144,-32.566022671209026,-51.900560591744714
831,-188.12313675793075,280.5767958626916,37.04500808482871,-166.1106310777119,96.33324416147293,-15.264887239115081,-10.553876908606622,-123.65633283289924,-59.3546067700508,15.752309039066944,16.828027090532675,94.63506098060279,110.37774015488196,23.816307731981137,-49.08051502410609,126.44142229630565,-79.4253477948175,-98.15071201170218
832,-105.89687807062855,98.26112071966746,10.313225050449972,-110.25990112838267,56.34917102370344,-5.571950149252662,-13.326178105788427,-86.7921316027839,-47.83625550643915,196.72024832874948,7.150414812011135,48.19340268492234,127.90711727005325,23.315887498684585,-41.08628405653385,96.390721449345,-14.81374893954213,-24.46198506545158
833,-121.26225748225124,153.71567467454673,25.280627634507297,-118.15148967909454,76.09589255221421,49.68589646588499,-5.58608239252746,-104.64419387058368,-17.80525318059618,16.73106292106182,12.57754786577306,74.15155289063966,181.29091680666963,48.25470317047869,-3.302564838029424,112.86834340864401,-24.781405015586994,-204.21428633416613
834,-111.19657527602921,114.50936830755703,23.208265923382086,-104.98964250141223,77.11384381609922,7.347412829723982,-14.230435267495654,67.28280302657323,-43.39357204009705,26.92842383824871,18.890924861234407,83.84792182891924,121.74452694004763,22.841441699414204,-22.14477626593642,82.50060080318706,-38.1429675501303,-68.66948504934658
835,-147.3971489144941,119.29811330313615,29.540609751743627,-139.22705231258973,95.57509777611055,1.4302765804158117,-4.04937858444819,-96.32749017310003,-37.168135876193844,32.50838592530226,27.8192651904776,304.02129816314005,141.6919059131074,41.138722355267994,-30.979858822503964,123.9257673885812,-47.7434177329736,-120.13292802541274
837,-72.21109314820848,61.53644804997676,16.323963909233207,-61.375867159037035,46.43583884289412,6.330287713356609,-4.1982170546158155,-46.38378153922435,-14.053323514035291,196.10892574574544,4.60918109080856,77.59884352868421,56.26198155006761,1.0359580812201783,2.877775336512206,62.0044011260876,-36.164253177190425,-77.34306518276823
838,-162.90468532389238,86.28338529379047,3.9334294487089334,-156.76743537116332,52.674433830686525,-47.279580715636826,-33.73110705549385,-130.42618755426966,-97.18913885992029,-0.8243524094949358,-11.372261601063805,86.54608284564884,175.6456277129022,-30.12314262317594,-77.41293475480025,108.04633169403708,16.8501372773361,-25.266219867822596
839,113.47242204632272,92.60893095519342,9.233433905642189,-131.08052106939707,56.01538627495263,-19.217223008674512,-10.893620455026218,-120.54459418170289,-52.88277667073189,9.090269686782172,-18.332301858937285,95.03178611824106,88.79254801600707,28.2097582421218,-30.81378333667881,125.01203643851589,-60.39398086712994,-64.38597208106258
840,-181.26648428459944,279.6487282064833,36.6973969315397,-164.03053715518877,95.07580002385087,-14.703293747391063,-9.817153623380891,-123.52042870574225,-30.246649223314613,13.919428492265801,16.0911096804926,58.201823119713154,103.97624636033646,26.235642697779152,-42.36195665755772,130.72318885462894,-73.42485214751876,-92.79438248066019
841,-35.78898464943975,75.47178208846599,20.25422981914802,68.4333279681943,60.137397186933406,5.387038526479596,-5.96778892444875,-67.9542029819643,-23.627009406837537,20.780086694581975,13.107494651478165,59.23946143457083,86.82315557803854,0.864006406776659,-14.067910039777228,54.37428606352088,-24.07627498684912,-52.49699356343325
842,-181.26648428459944,279.6487282064833,36.6973969315397,-164.03053715518877,95.07580002385087,-14.703293747391063,-9.817153623380891,-123.52042870574225,-30.246649223314613,13.919428492265801,16.0911096804926,58.201823119713154,103.97624636033646,26.235642697779152,-42.36195665755772,130.72318885462894,-73.42485214751876,-92.79438248066019
843,-147.39459038992786,118.4882813186249,30.097915307827023,-139.71865863871835,96.19479445224154,2.0845764210843107,-3.798447552353355,-96.51181883360404,-33.489858364868695,32.78495366846553,28.10538745200089,303.5146971833552,139.85485170802107,41.85108728561014,-31.525236890194726,125.38373132924573,-48.45697335897109,-121.82530427994963
844,-132.43112810842075,130.9613867544659,12.456618560508774,-125.72228505211619,64.22943551155595,-9.356594398352406,-15.702270454125342,-102.94753427755289,-53.65433910153706,23.22865041324811,12.751878791724058,153.05161363810947,-87.68515927134054,20.003837428632842,-10.341810795540438,105.93597420168521,-19.87914666032599,-63.85808666514701
845,-135.24693477987705,135.93599578605543,-2.8376096354983256,-140.558419998047,78.81002469390774,-11.479311021507128,-29.914491077852777,-72.12635522841323,-70.36397010315173,27.364945209851868,0.8740828352171001,103.42977503746621,145.16118676795668,17.055397285381098,-40.534374827323425,117.84007506388693,-241.59965674901142,-52.79253071475173
846,-125.52394954956442,171.59809581002878,25.60480493583946,-121.02737002667487,79.16769114806729,50.42233283447679,-3.7968932610434285,-109.31926206857615,-18.316219438396246,16.733469860019557,15.28118197117702,80.17964775396545,201.84191820300674,58.45455866548666,9.624847878060299,113.21559944735348,-19.0019090395867,-145.6995283095605
847,-140.2482769656377,133.68019654062476,-1.7374088871887017,-144.41071515755226,82.23132043583452,-14.898046859240658,-27.87883535329882,-103.06380374577152,-66.58479233642919,28.63173797285891,2.7069303179614974,147.7724194849316,144.98637609191007,19.466856869601713,-42.70639457597125,125.78360344908843,-243.35675976532622,-59.49715292015357
848,-184.80582659555247,293.1781850637757,36.97227281282418,-163.08924633573002,93.65941933279576,-2.312031080348526,-10.310048291214736,-127.42518593137709,-57.362134830759054,12.754445777883008,14.378991681341427,48.43411039929674,125.02637055807973,27.246259787916564,-41.33646871435419,124.89103479212635,-74.80201479715042,-108.41086111071989
851,-207.45562928012333,46.19912802155018,50.90256878227961,-172.3304289331112,108.32734567903765,2.8142288959785446,-0.3560548747521163,-143.09362255510547,-14.466442923792826,17.401663678432985,30.03880699255039,117.61510851756888,177.11396758402032,45.903364834345375,5.901815010169597,136.64650799350144,-125.02547482668723,-134.91216077118395
852,-134.62264906907913,124.07915846450054,-4.766444927627349,-136.20115114640666,74.35493289673802,-15.580375795022276,-27.928598742172998,-66.58961417655816,-68.31426993877538,24.57541797736841,-4.2081029648830395,109.14694641755803,138.3903425165644,16.971356338083154,-39.510959417692696,123.76597251403446,-238.4986791318999,-52.73056647816094
853,-140.6014399212976,154.90801525782987,25.54386108196533,-142.73315484587172,82.18818006591123,3.5268458113303844,-15.534776970307352,54.3168235734138,-51.02388164290562,25.164582408034565,18.924089375352686,81.45681954888639,120.04150730098151,27.256763302226876,-28.720270558011414,92.470501806192,-47.895216933520736,-75.26778829912449
854,-216.21137378875804,29.649586152511816,48.09769387692289,-180.03994998391724,109.98937247237136,4.443060458015852,-3.869039689920798,-146.5747658546039,-50.544467879035714,16.959834477265847,26.003151316700517,109.55211347811564,180.39495433197305,44.29972478206616,-2.950420569283473,135.9108418167816,-117.65521101311245,-140.29584255355857
855,18.593228143849508,83.81572454428179,24.864027884026765,-90.91962958071846,72.6914861063066,15.283559423127413,-13.353415821586173,-9.3522736543456,-20.710966995831168,24.9344042725762,47.000001421194064,64.18499440912726,118.82614927355527,23.824205011490548,-1.6250652443516773,53.72900065339416,12.275292139958072,-69.77431259513286
856,-10.004982021307816,81.19480189513443,24.38896347001615,29.387150372111947,66.97741518179134,9.295931886106994,-6.8694787469676015,-64.60493021523119,-22.279263262065815,23.6894063681602,22.036054053791872,59.56447540678241,100.10483251909291,-1.6218989550173104,-8.851870986084608,61.52571872687398,-18.069470967230604,-57.516263898523455
857,102.26120095061893,93.46936704119604,9.077626058484142,-108.11829550819532,55.10636310136269,-20.7172854856904,-9.667892854967976,-128.10864380761976,-54.17737919211745,8.944778881186245,-24.417067872388497,94.96832118169644,85.2770103372857,23.179135162681003,-33.12152732843588,127.75929838275546,-68.5331670232269,-61.9379038450596
858,-162.03166939759518,88.74817146520554,3.65661138316121,-155.5048769399541,51.888534475222166,-48.09676371250905,-33.63073960607182,-129.8937445638158,-97.25961387572114,-1.056737232541495,-11.254818295002108,87.85898332937897,177.15458324319326,-30.675143548290162,-75.98233312916418,106.66193437104452,16.826666521976115,-23.035475435048234
859,-216.00205014653335,30.18925560128327,47.47067879870415,-180.08319554597685,109.66902042899228,4.375551112398054,-4.340752252949973,-146.78486918802687,-51.09295156945459,16.8223442529933,25.45192391106637,105.50311689292536,180.7538163436131,43.93488651347154,-3.0300703581577806,135.9169907879082,-121.47501119380615,-139.28833003343377
860,-108.43506499444324,52.64798217514775,3.436640197454211,131.11810386641207,35.80041461179574,-5.571809504098579,-9.286065171526792,-54.81777143616822,-27.235080918090276,9.247083830157617,1.2657750145838358,59.51623839066507,48.02058491118152,32.17622374810472,-24.60646269738806,35.65271501458562,-18.542204319634575,-41.13121724481403
861,-58.61343465320024,51.85243549659804,11.038680683800154,-23.604977513885142,33.59842071942211,-2.624738440740778,173.30415519468843,-30.582940576169076,-20.715301752437377,13.630612532917235,10.935244462719997,42.19230052836894,56.617317590102346,3.449108458706785,-11.220022864696098,70.15598161969623,-7.798438628554262,-20.00764886511168
862,-109.08838160012985,105.5264281671638,23.982684168557512,-126.77418229786757,83.79733008142688,-8.093810942190421,-2.5607613795641644,-90.24756504235272,116.56777767204142,22.64571578251884,22.05321903946572,108.16202119758809,48.51428016143785,47.11704998544996,3.9255256728623205,144.72577099589267,-12.647384488527512,-70.77142849948372
864,-216.21137378875804,29.649586152511816,48.09769387692289,-180.03994998391724,109.98937247237136,4.443060458015852,-3.869039689920798,-146.5747658546039,-50.544467879035714,16.959834477265847,26.003151316700517,109.55211347811564,180.39495433197305,44.29972478206616,-2.950420569283473,135.9108418167816,-117.65521101311245,-140.29584255355857
865,112.72424849270155,96.0865323904062,9.382067166863798,-131.55776494985986,55.97707270608634,-19.2920691618898,-11.018833849161547,-121.16654809686842,-53.2866566498232,8.695190883833785,-18.60110732912001,89.9200423629642,88.45923730890651,27.931908990774772,-31.020915534515815,125.03134178658681,-60.935152808413484,-64.15153074276871
866,34.839902361507356,77.75305755112387,25.012194858648332,-62.461751872694954,70.61350787615112,15.296181794170542,-11.772389147200569,-34.34873171156366,-17.100853176523568,24.2713695905439,46.37511810759671,59.81833515296083,114.16698323397836,18.50059336274587,0.37910498094369727,50.53667094991572,14.487273657157141,-67.3085368425354
867,-198.26188051850804,35.72823507401327,81.97693629859329,-158.94988451757249,99.79227450474646,5.0163344560903385,0.5313215483418705,-133.7513966036912,-41.59630256690846,17.412920430788873,32.45513708172331,102.19191254818591,173.320386960679,39.04672979452697,5.956336774226751,119.42212850306917,-123.24193755751023,-127.63470187460956
868,-35.12977601126088,32.928585957702026,13.014166974110347,-47.892440044795386,215.29203457121397,-12.260898806609935,0.9571541545754124,-28.6383630643679,37.584987814565615,10.17141887025993,6.813904811771715,35.07507329591046,83.08060990946096,22.06828556406195,3.2586865138892422,58.30153070259399,-15.534505524380625,-26.68477233201768
869,-117.64770926898852,128.634705307725,-2.8983281903503384,-110.43741279043915,75.90929007365696,-11.609366552493688,-24.55456049117759,-99.10782803953752,-66.24327699285448,26.46795605800682,0.14058317717545385,98.1868247445682,139.24220500548128,11.313719175140688,-38.34107779350002,113.93689835408233,-238.7443180437129,-49.37745527878421
870,-133.51549507349293,164.55343339950002,31.395400678507887,-128.66274883793656,86.91578732683477,55.7743106743582,-2.2697486267411464,-111.57010108235235,-14.41749557889422,21.566188783530887,18.83980790277746,116.07452092024562,190.7602819105417,57.161856528116445,-3.459619850212909,123.37129105270006,-32.61426755135208,-173.62892671127202
871,-137.04627295163687,136.83798140656745,-3.092181052219074,-143.473649760405,78.66326008453318,-11.753733133480464,-30.124754045000465,-72.62310650793853,-70.96896084846173,27.32004335796476,0.7609400343179332,104.32660102675102,141.38601057845182,17.433823049983612,-40.43449494419853,118.45061777272477,-241.3936848490811,-52.78492057564427
872,-66.5937718341657,53.49475048868429,177.25521890901442,-65.09645651309174,45.75067889450286,2.145923631735351,-0.49839313848454864,-48.22203597385667,-21.90636103390074,23.883180295953338,32.835719566143304,30.3340855334651,77.94085890111741,13.064652419467851,-1.9108331917655992,62.86535903358433,-50.55088539571096,-34.85603491189592
873,-214.45127492384157,28.42291958872026,47.586969082742804,-178.46393221909594,108.63319267731373,4.3335977886290395,-4.073936960835133,-145.5486727858457,-50.37900918851559,16.392090719336412,25.428738451821463,104.41449835613068,179.16666777819523,49.0382425544558,-2.767347812729028,134.41027703727042,-116.97530808768005,-138.64005724536202
874,81.24990085646778,96.66587504537442,9.656491233733021,-139.73175497645735,59.64100407082471,-23.956696607315777,-9.48550040059492,-127.34944815950792,-57.17806639772262,10.52528277800481,-22.74490281929833,139.10334703506456,89.74020433212439,30.281710829314207,-37.40495320018501,137.61857369982485,-72.41848860078522,-70.32856748946824
875,-180.9008176652304,280.13402145953154,36.35426240227491,-163.70001411513962,94.39541028198623,-14.659974043791097,-10.045334888426595,-123.72820664980085,-30.536523849035643,13.67387651680104,15.740781244333707,54.25841041758641,99.68167766471144,25.88154404036516,-41.794314770823405,130.33238524080744,-72.77510006611246,-91.87408863543523
877,-38.98913430866099,87.56418167129956,23.866785810589054,21.48981397869229,67.87838501540818,7.40351225658233,-7.203650048004077,-43.81256611661811,-27.348621732063283,23.981603029216274,16.11366568969062,64.44054735706851,101.03712231970576,-0.819054517228801,-13.237353042401418,68.31246878772731,-28.311938584801098,-57.710481704469025
878,-106.6412562652146,100.1068707410841,9.992775060861897,-111.10402908490069,56.58493744446807,-6.248764938908382,-13.487255605035156,-87.59526322959448,-48.66904620958805,192.9735477499516,7.252336965485016,49.17018319770173,130.70475179001582,23.68864014863002,-40.48245974820518,96.67609595255732,-13.679325978591498,-23.064105867186978
879,-214.31228175345464,47.12719567775849,51.25017993556862,-174.4105228556343,109.58478981665972,2.252635404254526,-1.0927781599778486,-143.22952668226247,-43.57440047052902,19.23454422523413,30.775724402590463,154.04834637845855,183.51546137856582,43.48402986854736,-0.8167433563787796,132.36474143517816,-131.02597047398598,-140.26849030222596
880,-72.49622705318154,62.695623851759876,12.89773398774377,-71.68028045640693,36.5909662076675,213.06321851752352,-7.186552406382459,-55.53814583872234,-31.810132837151137,16.638611870003654,9.481278647931777,22.052763049419326,72.49965984369514,9.653334992488789,-12.9475988124491,67.59767526362441,-28.5500153446145,-25.12735332067609
881,-134.23354455807615,123.12430908786655,24.549296260235614,-138.7684829617556,83.21339192757252,4.157141486667997,-14.179675158043667,60.122186753962275,-47.099087205362856,28.96584361003479,21.693667043156093,131.40592604850494,127.33587236051149,30.111505221764133,-27.423722664212686,92.68755728737538,-43.67442154337519,-78.29805418899416
882,-112.7498715644556,142.0323919042351,-0.18310585424942744,-106.11204340079077,60.27828803367138,-41.11760776886437,-12.746851666438875,-82.58718112077189,-61.363608122097446,11.495192323871688,11.868201912170608,173.1454207287448,183.33213135008387,15.531273592214438,25.870322510884336,76.3655498502192,16.647117498671527,4.503420084016465
883,-72.49622705318154,62.695623851759876,12.89773398774377,-71.68028045640693,36.5909662076675,213.06321851752352,-7.186552406382459,-55.53814583872234,-31.810132837151137,16.638611870003654,9.481278647931777,22.052763049419326,72.49965984369514,9.653334992488789,-12.9475988124491,67.59767526362441,-28.5500153446145,-25.12735332067609
884,-135.35420985901214,88.93216345688796,22.892643052305672,-126.38045055566343,86.10109982974494,17.619580984029238,-7.2784802135433795,-82.01601348990525,-43.761827414546644,28.52274780532402,21.622630716756973,311.4474171037669,110.04472508577803,27.708104727972906,-38.94477708486068,110.34229685795819,-46.234649129543946,-93.28035815417246
885,-111.62599945094183,116.01945342678766,22.88801679535487,-105.87695661928112,77.59510212815894,7.341896449998524,-14.705357305917696,63.42377069037161,-44.0925297208006,27.216930952934117,19.039388755107378,84.06628630447618,122.8341200180505,22.699271984351466,-22.618620219155787,82.66093768383764,-42.51524796802551,-68.39814594598813
886,-110.1229530329912,114.4980977912864,23.20112023437581,-104.08681516723267,76.7899591189699,7.583067223488479,-10.648328758984247,64.71521683393483,-43.119474377503934,26.993487104042067,19.3142456603261,82.88393752331959,121.2137348929004,22.505031774849915,-22.10476719873241,81.29729868411208,-37.85408614188958,-67.81765016024734
887,-125.8389678068637,113.42355382831185,21.54935980572688,-106.61409733655805,74.89926287136835,4.255216607700002,-15.365594348602546,65.61654001366907,-42.924041158615076,25.251662232817747,16.45193612867918,86.31376915446616,118.89853403735489,24.762258546293708,-20.174933228946383,106.82072679809083,-39.497580752281685,-67.51619393043909
888,-88.4828642734618,76.52512796473383,19.32213287737578,-87.00137308368105,48.05920954403651,185.66635293195256,-4.565347266567209,-65.55685531472261,-31.22635416552228,23.086290030229243,17.56149822677586,61.733060225640834,88.17384633069277,18.1017234837508,-13.458207803999924,80.92320775322916,-36.4758000428786,-39.9480352381901
889,-140.32835872352933,153.4523063343224,25.580229661038594,-142.21960933011158,82.06695945233707,3.421533141838078,-15.303386229868778,58.17353052025105,-50.58353302689992,24.984137044541377,18.57472651200446,81.13287119026587,123.60534493024365,27.388193406108993,-28.893718280400666,92.70711751048948,-47.99248877772553,-75.45190872758306
890,-184.52494908848436,283.1461688471184,35.994746987586566,-165.27296717366673,93.30585753674488,-12.101493940096631,-12.489756192459703,-92.99275719243464,-60.21468315116941,14.482513005548538,15.150485530821335,51.08451768445012,110.36066624876588,22.406187565976808,-46.629750793895646,119.97499207357718,-77.44530322138995,-91.7636257867465
891,-126.52219813966632,172.72164374535276,26.07690626854299,-122.37226624454915,80.38415492783356,50.59419478072183,-3.5101378473262352,-110.33025467876136,-15.24746062372346,17.097560223859976,15.773715123829405,81.26912533585158,202.35892766850174,53.984855889296796,10.188281606677897,115.19191606667839,-19.01509022643034,-146.76016589208572
892,-152.4805948265475,81.18324507182047,-2.833199403528804,-155.83673495017428,50.87235770892783,-47.73157751494817,-36.73214733145514,-124.302552267286,-99.75692109499487,-0.1259723443211394,-15.832605403894647,78.16745187512907,162.03202853515603,-30.186630426887895,-85.4846775294175,110.42605311567733,43.64252991065431,-19.28397589326819
893,-35.24836672011746,36.43054437121064,8.977185384110014,-84.11433496315762,25.301134382003518,33.547621618086644,-6.6353086450057255,-25.504692801952633,-11.565608310830298,9.25582422296152,14.324896576195602,37.49832734532662,47.71310464748618,3.42266489406652,-20.99233975537152,251.80688964347755,-11.583821455600518,-25.084543742202854
894,-149.24719764480488,81.30283781979243,-3.5348180519348666,-154.36565818756227,49.436969722926136,-47.68425890146325,-36.78364947216094,-122.17947842638866,-99.09117072698554,-0.18831233084606872,-15.986867998998605,76.6144413171356,159.69276682513018,-30.790910611046627,-85.88353928333835,113.11081363836006,45.86393273633097,-17.33620661657594
895,-188.52516826580072,280.93685178960186,36.97860543658105,-166.25798623425436,96.17022151429147,-15.01094718607146,-10.829322979794789,-120.60507572742578,-62.674831913355575,15.82898282980412,16.742152646788217,94.32814419108637,111.08730985255319,23.406480719180923,-49.581945086257086,125.3190274342191,-79.8940650760635,-98.10715111487795
896,-85.16299558651725,88.31668518130667,19.80670316145465,-84.4715946678278,46.00508139149034,199.2735089313876,-4.0705876170804896,-69.51003707370445,-25.55560471490538,20.364994512208586,15.398585079107903,15.025508664549957,100.98542252880422,22.244040470028374,-6.259539561938775,80.8307841897144,-32.566022671209026,-51.900560591744714
897,-169.51641607007844,7.467589530137861,17.68065333771259,-175.57298062836153,101.29975552269029,2.477505498009816,-17.435177737016645,-119.56638696762367,-62.24670799397712,19.818193902573515,5.829072645737857,68.37034090701218,115.59550040192063,43.66345810815464,-38.25719101418145,146.09657785469463,2.0718416608192056,-112.78779771031408
898,-85.16299558651725,88.31668518130667,19.80670316145465,-84.4715946678278,46.00508139149034,199.2735089313876,-4.0705876170804896,-69.51003707370445,-25.55560471490538,20.364994512208586,15.398585079107903,15.025508664549957,100.98542252880422,22.244040470028374,-6.259539561938775,80.8307841897144,-32.566022671209026,-51.900560591744714
899,-125.57447563508946,130.03331909825758,12.109007407219769,-123.64219112959307,62.971991373933875,-8.795000906628387,-14.96554716889961,-102.8116301503959,-24.546381554800874,21.39576986644697,12.014961381683985,116.61837577721981,-94.08665306588605,22.423172394430857,-3.623252428992057,110.2177407600085,-13.878651013027246,-58.501757134105006
900,-140.31489515250237,166.09745703350404,13.876548524477224,-130.64207901328672,63.68327717571153,-9.851115877461654,-17.229850466666818,-106.11581632373485,-61.013364035754876,19.35453617450144,9.977949646152362,101.62725929582435,-90.30869664467484,16.815517902362338,-12.91456283606148,105.0066328203077,-25.759583354407354,-61.470112385384205
901,-121.26225748225124,153.71567467454673,25.280627634507297,-118.15148967909454,76.09589255221421,49.68589646588499,-5.58608239252746,-104.64419387058368,-17.80525318059618,16.73106292106182,12.57754786577306,74.15155289063966,181.29091680666963,48.25470317047869,-3.302564838029424,112.86834340864401,-24.781405015586994,-204.21428633416613
902,-108.48678545508926,84.36748074028326,13.39141060008098,-115.50895888746716,67.00537694021787,5.691661013467128,-10.01777270183273,-86.0430975927041,-40.68616715812755,197.30969173006733,10.817291105097967,44.22361134579586,119.63238488725464,39.39625185734342,-33.36460052063962,105.41771269638082,-17.473485521606168,-44.2239008108072
903,-126.49917141857001,165.4331558847515,31.092656273293553,-126.79672317970658,85.96142501301243,56.4828933467383,-1.2517585584727189,-111.98921262329742,17.85703697820286,19.586669912329445,18.34881547753902,76.70971651778822,185.82543982272486,60.39614026237608,5.279878997461035,128.31359153265913,-25.43709086040779,-161.99155218291776
904,-214.9068736564861,44.103345703554844,45.02433343165942,-176.64460077097462,100.14941951683129,-5.319466897543923,-7.389414077596587,-149.05469265784626,-57.88979696963366,12.583945768394614,22.10446255625908,108.5150296901823,191.23952332425432,29.55834569709474,-10.77901459827899,128.5443800395992,-113.44660297757082,-122.56204457806822
905,-35.702769055330734,78.87477349099844,22.104367176020627,52.09817027243486,62.6930450303571,4.200948648522372,-6.660761491648066,-69.61884287111447,-25.951596788481105,21.345792276658266,12.362550576969003,61.83532754400435,92.99482428384752,-5.304845274241706,-9.392966520354607,88.45562202942843,-27.323036047007424,-53.67641405824707
906,-197.57342522623037,35.116231554425845,81.69566832541223,-155.8052824977937,98.97100184376853,5.012417425186189,0.39202247559216363,-133.2656667150944,-41.542607710662104,17.022359752181234,31.912271414480003,97.57633623726424,172.5144497664816,38.457138702225244,6.585851849452477,120.78980080496643,-122.94504284638809,-126.59258648749179
907,-125.57447563508946,130.03331909825758,12.109007407219769,-123.64219112959307,62.971991373933875,-8.795000906628387,-14.96554716889961,-102.8116301503959,-24.546381554800874,21.39576986644697,12.014961381683985,116.61837577721981,-94.08665306588605,22.423172394430857,-3.623252428992057,110.2177407600085,-13.878651013027246,-58.501757134105006
908,-180.9008176652304,280.13402145953154,36.35426240227491,-163.70001411513962,94.39541028198623,-14.659974043791097,-10.045334888426595,-123.72820664980085,-30.536523849035643,13.67387651680104,15.740781244333707,54.25841041758641,99.68167766471144,25.88154404036516,-41.794314770823405,130.33238524080744,-72.77510006611246,-91.87408863543523
909,-148.62122265462546,112.0934185897666,23.343194241560777,-142.68089267516774,95.04540217099706,-12.197673034528725,-9.010332832131823,-94.65967040885205,-44.64544471967432,34.13134694376073,24.75602654332738,309.73228289254314,130.6318956263097,34.060387613386396,-39.520403020998934,125.53764460402608,-90.56475253757777,-99.79765372514672
910,-216.00205014653335,30.18925560128327,47.47067879870415,-180.08319554597685,109.66902042899228,4.375551112398054,-4.340752252949973,-146.78486918802687,-51.09295156945459,16.8223442529933,25.45192391106637,105.50311689292536,180.7538163436131,43.93488651347154,-3.0300703581577806,135.9169907879082,-121.47501119380615,-139.28833003343377
911,-197.6231327013707,34.75781940355409,81.67017034840177,-158.1058159617632,98.99066414930766,4.954341490198,0.5345310237347384,-130.1024676009126,-41.44582857662379,16.986923091830924,31.755445782216178,97.92455148743868,172.58965589431617,38.824061240995086,6.3505309385718105,119.26794059354515,-122.68945732030872,-126.89852845784316
912,-169.8820826894475,6.982296277089584,18.02378786697738,-175.90350366841062,101.98014526455492,2.4341857944098493,-17.20699647197094,-119.35860902356507,-61.956833368256085,20.06374587803828,6.179401081896754,72.31375360913891,119.89006909754563,44.017556765568635,-38.82483290091576,146.48738146851613,1.4220895794129151,-113.70809155553904
913,-125.3855227729065,108.9608647613321,21.019091857901007,-128.10365763321136,74.11010688948288,3.7857194088320485,-10.43705102607538,98.31477350705443,-44.76589567054705,24.740014950239065,14.689189017852183,88.61271382996254,119.10034929047343,27.603590459696214,-22.840445591376014,89.76888281546519,-36.767085584634394,-69.58275305375844
914,-35.66168313960128,78.89288650161694,21.94485141734383,56.032219505980315,62.4178179404756,4.3776335713062835,-6.733972783070709,-72.61557799638126,-25.815917184355065,21.324658378800944,12.593870616683745,61.22752568288656,92.30245128543206,-5.054882644909715,-9.625139961416203,86.56934864425897,-27.253945467070974,-53.25253003841432
915,-150.44678809820124,82.27151701183875,-3.3045595632417686,-154.96237168720603,50.50592434939904,-47.944682537742054,-36.71429776948952,-123.2740340165602,-96.43442773670108,-0.004191639185114039,-15.924633592179752,78.04279238234999,160.19130772950007,-30.03332062207241,-85.496314279763,110.76403322464269,45.88243604410997,-18.08091394008024
916,-172.94429788216294,269.02718607551856,32.23683802148001,-149.23158056136515,117.57795201450254,-12.735250381891468,-11.986854777266592,-114.64126288853704,-64.79478656575608,11.265116144267823,11.83923182027864,43.65527388285938,92.83431698491616,15.617545692564569,-47.30196237622081,109.8908266742018,-71.90520411675217,-83.90344956758014
917,-48.2424621628728,36.848929559724525,176.89864679734583,-46.50929920014477,34.725868409356266,2.482824928298752,2.9483740454380736,-35.32792620431767,-13.264934735876148,19.625168388170536,87.94071796023226,22.064674425670276,57.31012854787767,10.06080248935834,1.293130771876128,48.39263750980921,-1.5997287699299374,-26.91525508200243
918,-152.4805948265475,81.18324507182047,-2.833199403528804,-155.83673495017428,50.87235770892783,-47.73157751494817,-36.73214733145514,-124.302552267286,-99.75692109499487,-0.1259723443211394,-15.832605403894647,78.16745187512907,162.03202853515603,-30.186630426887895,-85.4846775294175,110.42605311567733,43.64252991065431,-19.28397589326819
919,-85.16299558651725,88.31668518130667,19.80670316145465,-84.4715946678278,46.00508139149034,199.2735089313876,-4.0705876170804896,-69.51003707370445,-25.55560471490538,20.364994512208586,15.398585079107903,15.025508664549957,100.98542252880422,22.244040470028374,-6.259539561938775,80.8307841897144,-32.566022671209026,-51.900560591744714
920,-142.11840100892044,104.10102757532916,28.546527657343603,-138.49410815586083,95.74005285370848,-8.068080532668114,-3.8532262615881123,-91.26561876392091,-10.180522892826138,32.98719657208244,28.657613382509084,309.8990617702106,118.75785459238533,39.14336968847617,-32.02859763600253,128.2783336585001,-45.52905430988669,-102.73690112281196
921,-184.4664705642404,285.42972839317434,33.61366279218083,-162.8054006772208,89.52934674282658,-14.831690203115414,-12.835689559063676,-125.73411227348538,-62.25335302726109,13.29678928441933,13.324742728943717,55.20093395933542,67.43205319863192,20.27532115784119,-43.404096156763,122.5333861580906,-72.92782698075455,-88.94777355945257
922,-67.3128385183504,47.61262776331191,14.812363244754154,-60.657633968051385,46.03031232730483,-7.391765261962564,-4.324734948408617,-41.52515040733342,9.00746707078378,196.46010451002394,5.3393701576581805,83.21504967004034,35.99675987920264,-1.6767076456635708,2.4151160179087117,65.21159706525276,-33.20321684203181,-63.43258358960429
923,-117.98146285606776,59.15860804620531,11.770445227830834,9.308991244024531,57.26952016822465,-9.595515415414743,-14.506134932297549,-71.82748515054539,-43.99441610209332,13.56601528386329,-2.198783254020047,70.89820371282904,83.98477076508527,8.6800723291706,-9.461478372748592,197.41201934035374,-27.971055894354734,-56.78684930171475
924,-123.81437677017298,128.80665253446602,11.598282613039684,-122.06617336477177,61.61581157887627,-8.904463576015202,-15.170444439813943,-101.78553708163767,-24.38092286428074,20.828026108517538,11.440548516804926,111.48076065523485,-95.31493961966389,27.1616901668205,-3.440179672437612,108.7171759804973,-13.198748087594856,-56.845971825908435
925,-124.93288804195296,109.52585858059815,21.244440384554764,-126.60480072079304,74.70197680956089,3.9297997965331954,-14.040285307877674,97.52240403238088,-44.875351203835855,24.90029889982601,14.728373883007883,89.00382050489789,119.84247989786336,27.430144515775872,-22.806886819315665,90.12502652140486,-37.16466704860063,-70.25807765350656
926,-124.855649239904,92.63838119222459,15.71144047532077,-101.80281681327644,57.39136002698681,-15.115346866405504,-5.484643814250865,83.94214678954789,-38.59480947776898,10.258597479616116,-7.5596250005474825,84.94465700300294,87.36549970292417,22.795510691052108,-21.364263374935575,116.4827147347951,-30.377399840513593,-70.40215872469051
927,-62.43109180778281,44.804332109685525,-2.4255592547130496,-64.41906829763786,20.218663196614088,-25.384998346362078,-20.734339215753486,-46.54670662184128,-45.2735448043846,0.2360780101283789,-7.006161184553756,49.1210764406515,74.8619652969977,260.15697382224766,-38.101936920797776,45.24315719862853,-0.815707717966065,-7.146323359634061
928,-216.18327553397484,29.512696573781838,47.50315797558554,-180.1862625649432,109.02921517445517,3.6695619122156358,-4.4635734335309865,-147.12247101916722,-51.61522727939375,16.299192923593566,25.17638168882588,105.07941175968256,181.1345506590624,42.92319276544369,-3.8581253376789624,135.53616233899092,-115.97097690160666,-138.47136116331905
929,-214.31228175345464,47.12719567775849,51.25017993556862,-174.4105228556343,109.58478981665972,2.252635404254526,-1.0927781599778486,-143.22952668226247,-43.57440047052902,19.23454422523413,30.775724402590463,154.04834637845855,183.51546137856582,43.48402986854736,-0.8167433563787796,132.36474143517816,-131.02597047398598,-140.26849030222596
930,-185.5651183458008,292.47147170773206,37.56820183038413,-163.81197420880565,94.4188320242181,-1.7201305165382528,-10.140975401922761,-127.6246150504541,-56.918074824626814,13.2346669151353,14.746993655091392,51.97564695961077,123.90059344127626,27.689809722058925,-42.628353267216994,125.87324689297718,-76.18229216173668,-110.69838509092813
931,-162.90468532389238,86.28338529379047,3.9334294487089334,-156.76743537116332,52.674433830686525,-47.279580715636826,-33.73110705549385,-130.42618755426966,-97.18913885992029,-0.8243524094949358,-11.372261601063805,86.54608284564884,175.6456277129022,-30.12314262317594,-77.41293475480025,108.04633169403708,16.8501372773361,-25.266219867822596
932,-150.4493466227675,83.08134899634999,-3.861865119325165,-154.4707653610774,49.88622767326805,-48.598982378410554,-36.96522880158436,-123.08970535605619,-100.11270524802623,-0.28075938234838815,-16.210755853703045,78.5493933621348,162.0283619345864,-30.745685552414557,-84.95093621207224,109.30606928397815,46.595991670107466,-16.388537685543344
933,-45.75786974354724,46.98679788048215,13.356567783454887,-69.41066452724631,29.60266390679595,4.579395769459044,-5.0608759227651055,-32.21853575142714,-9.74993350759946,12.211938112911248,17.633937974959625,30.24205536956805,58.4930039352994,7.374109737593474,-14.464680300163938,280.27949058828716,-16.986882078931675,-32.458872596435754
934,-163.43658213675508,95.5926504017046,33.38340645002886,-148.18924788865553,99.89639937103112,-9.421836422498187,-3.904052425562465,-102.50848633564625,-43.72164385781943,31.975340451072498,30.083663098729886,311.49406925103335,140.1747668887272,38.151457282833384,-30.59709470938969,125.39590826057952,-67.38503905331224,-114.25954494702431
935,-182.00067246259974,282.74655149952196,35.960388121234885,-164.55455847432677,93.00285073690515,-11.696145153679963,-12.712105393166405,-91.96247935294927,-63.004324284634784,14.500065356619496,15.603656209133401,50.2987630267919,110.9041045988007,21.9079104557046,-46.67772087628256,118.22316771668018,-76.85432616289302,-91.69089662990062
936,-125.89699232534704,163.52224711482413,31.009166063742327,-126.3515333684664,85.51862717392136,56.398303442940446,-1.4511671987125554,-111.41909649662234,17.924679473034878,19.529654842640728,18.021010780510714,75.59314551925715,183.64751102771336,59.85000649011425,4.005445001507507,128.12880945083705,-25.94705016546458,-167.67744945455868
937,16.42822335272066,84.23241691174555,24.952590996570805,-94.1653823831256,73.2251112387967,14.96581760755411,-13.335497523688156,-9.641246989812279,-21.02608311542015,25.135054396153848,47.23718705645379,69.02523310053878,119.34554177967543,24.55672943350705,-2.0928272479610954,54.7303469760535,11.831511958482086,-70.68699630125036
938,-211.2996704550462,51.476800870719345,48.087465905012614,-173.50492403467655,105.52776226543995,1.7977525040877218,-5.721166147960198,-144.396337421351,-51.77222333902931,17.860767657744262,25.505083355166285,112.0160609296173,186.72472343263183,39.14998367861935,-1.6077890687161371,130.7037931974005,-169.04561855400536,-129.46561921132025
939,-127.25846316881835,164.72644252870782,31.688585290853503,-127.5194510527822,86.72083770443477,57.07479391054857,-1.0826856691807427,-112.18864174237443,18.301096984335096,20.06689104958173,18.716817451288982,80.25125307810225,184.69966270592136,60.83969019651845,3.9879944445982316,129.29580363350993,-26.81736822499403,-164.279076163126
940,-111.19657527602921,114.50936830755703,23.208265923382086,-104.98964250141223,77.11384381609922,7.347412829723982,-14.230435267495654,67.28280302657323,-43.39357204009705,26.92842383824871,18.890924861234407,83.84792182891924,121.74452694004763,22.841441699414204,-22.14477626593642,82.50060080318706,-38.1429675501303,-68.66948504934658
941,-130.7533867650707,124.07298646990911,17.823746266635112,-137.8796261460797,79.24657470720939,3.494901217812963,-18.768377918807218,62.2920363376766,-52.02957014017561,27.560022831299772,15.750507157490224,91.76034289113164,130.52707211764928,26.51830323363311,-27.618894190773695,92.57555374104604,-80.77877117182726,-67.72119690927335
942,-124.7565393158145,163.34727548786412,28.77181959982202,-122.23956334717613,80.6272442258294,58.5069306619808,-2.869304613740821,-109.51888171632083,-13.442008954733607,54.436245152201174,15.947378883994633,64.70819105180593,189.64597367136705,57.253367517289306,-2.1049968501499414,118.65223100837373,-28.387961949153276,-160.25463013081685
943,-162.90468532389238,86.28338529379047,3.9334294487089334,-156.76743537116332,52.674433830686525,-47.279580715636826,-33.73110705549385,-130.42618755426966,-97.18913885992029,-0.8243524094949358,-11.372261601063805,86.54608284564884,175.6456277129022,-30.12314262317594,-77.41293475480025,108.04633169403708,16.8501372773361,-25.266219867822596
944,-211.20814219235422,52.62291628548031,47.230443026178555,-171.37965956414985,102.60025636992563,2.5559238177781705,-3.9281615162669357,-145.53250991484464,-50.2558479233511,16.84518764040299,26.80309234759403,114.61336031209974,141.6399135222387,39.30939002961301,4.033519236917961,127.98710242827597,-129.01497157920548,-130.6531870555229
945,-127.28404841448089,172.82476237382033,26.11552973001955,-122.60338779149617,80.52387094312492,50.5317955038636,-3.5919959901290945,-110.34535513733438,-18.48167812891638,17.30121361794899,15.85559483605608,85.31726287595042,203.07020475678456,53.716040893097016,9.441775121505854,114.71616422686468,-19.681811965019087,-147.35531361775705
946,-212.62107683907766,52.883946092383304,44.913626505133585,-174.99033363277292,106.2182467356876,1.831482001120163,-6.085349861457764,-142.279302911019,-52.37946251802252,17.93631577324585,25.17757590250453,113.25146373703919,187.8136511926372,39.42582016980098,-2.1146713072728494,131.30383628435717,-169.69268956216908,-130.14980420415344
947,-122.03287093956224,121.86454356941583,28.900784363291944,-125.7043240170833,71.90517999143118,-11.816605991831539,-26.27265394287712,-93.2967003317336,-64.29157831321965,26.609464054836003,4.149157361834603,91.07574696324743,134.27190916790312,14.297032373564813,-35.4655524417563,111.83964419432012,-235.12894666737446,-45.95068078641964
948,-152.0484666247926,120.71920156101238,5.697394846806758,-149.50507787621092,83.6449867607798,-11.922793306708424,-27.150011902616974,-112.26375907215817,-70.18053683174944,25.378522655844087,3.0500480874631086,106.99531941479573,155.9014552033072,19.93624527946283,-35.11951004439012,125.43888280852875,-258.9102499870776,-64.8485493056623
949,-126.32264918871063,133.51092053347037,12.257640668441379,-124.11943501005587,62.933677805067575,-8.869847059843673,-15.09076056303494,-103.43358406556143,-24.950261533892178,21.000691063498586,11.746155911501262,111.50663202194295,-94.4199637729866,22.14532314308383,-3.830384626829061,110.2370461080794,-14.419822954310781,-58.26731579581116
950,-95.86459121578045,130.75921419766928,-5.203790987735772,-144.90433140667014,75.0085489566002,-17.146886793689667,-28.919413821533404,-111.77724992231559,-72.89402870818873,23.5582327750004,-7.680119860090743,105.717143339964,139.370373457625,17.926431880728884,-42.36050497504618,128.0000950514035,-249.58416517253332,-52.819577724175176
951,-112.7498715644556,142.0323919042351,-0.18310585424942744,-106.11204340079077,60.27828803367138,-41.11760776886437,-12.746851666438875,-82.58718112077189,-61.363608122097446,11.495192323871688,11.868201912170608,173.1454207287448,183.33213135008387,15.531273592214438,25.870322510884336,76.3655498502192,16.647117498671527,4.503420084016465
952,-185.28679936329897,283.249287475586,36.03337044906312,-165.50408872061374,93.44557355203624,-12.163893216954856,-12.571614335262563,-93.00785765100764,-63.44890065636232,14.686166399637555,15.23236524304801,55.13265522454898,111.07194333704872,22.137372569777025,-47.37625727906769,119.49924023376347,-78.11202495997871,-92.35877351241784
953,-195.57344892220843,34.75426328571554,48.280872943336405,-166.90312449480743,97.66428607835054,5.643747691828513,-1.3190122401803084,-132.48108052476704,-41.4074578169688,15.312620447617709,28.931017644550224,98.47716082138093,171.74538012683394,38.43591593557507,1.8908479016428508,160.51649735281697,-123.80675978453094,-127.40830798870711
955,-153.0909439586314,120.89899381377448,2.321815606460426,-150.23018530890255,83.83659953806148,-12.267396105470167,-27.317398212336364,-109.56415312309396,-70.55129438234611,25.155053035739563,2.1906034912653713,108.31841549108563,156.2613592875613,20.130425233713016,-35.47727454162281,126.53138100823423,-259.2028452153825,-65.43526950422469
956,-214.7084654089002,47.71560755927436,50.945668867780384,-174.3111213625322,109.04411609008642,2.2335558309962678,-1.402817567826413,-143.45240508489417,-47.098492601442956,19.192645643858388,30.507275678658242,154.15307121643065,179.93216977122367,42.86111621493359,-0.9956079548165117,131.49818598154295,-131.04294013116842,-139.94334418267232
957,-153.72969177576874,121.86940948423367,2.6285815566519464,-151.0742538647118,84.63820989350026,-12.205403139577829,-27.320607687729233,-113.21308212587259,-70.70176837263078,25.581050374697515,2.890294790772493,112.58577655183286,156.99209035392417,20.35309378724489,-35.87146870596787,126.68556891775827,-259.75532545258403,-66.17144292099108
958,35.118831411700036,76.525704582222,24.810455018181027,-61.70144970729021,70.11463618318514,14.917849498376356,-11.575591743422393,-33.76616027283148,-16.864371548127036,23.97235185493779,45.84318096406072,59.90602842182886,113.4379595582271,18.418936825814427,0.5282227222677117,51.02912606266454,14.841749437015892,-67.21107204826457
959,-213.09461978207116,50.8689359785692,44.699541662845576,-175.61393058131105,106.54747206220243,1.7404251042802725,-6.161202271786465,-145.67867434644225,-52.667039870242036,17.81545906239196,24.859884778664004,112.75208102261028,187.43218016976124,39.675283177373274,-2.4984648030671597,132.35266452877175,-168.4869458995656,-130.73173327921515
960,-134.11511564214968,165.65451018491615,32.03619644414252,-129.59954497530532,87.97828184205683,56.51320041882455,-1.8194089544064747,-112.32454586953142,-10.806860562401093,21.899771596382873,19.45373486132905,116.68449093899189,191.10115650046686,58.420355230720425,-2.7305639219501434,125.01403707518665,-32.81786387229278,-169.635405694168
961,-184.80582659555247,293.1781850637757,36.97227281282418,-163.08924633573002,93.65941933279576,-2.312031080348526,-10.310048291214736,-127.42518593137709,-57.362134830759054,12.754445777883008,14.378991681341427,48.43411039929674,125.02637055807973,27.246259787916564,-41.33646871435419,124.89103479212635,-74.80201479715042,-108.41086111071989
962,-98.4590972063339,114.20265552454981,23.582276608187616,-125.55018381601609,78.29085221263787,9.227210088205517,-15.477290640844783,71.48689698517818,-41.93432738940718,27.299261859224934,25.43819653893301,83.33850913479955,125.4714031790117,27.36220891037037,-19.763464434914987,78.90618044581218,-30.11248144975888,-70.94104299599844
963,-184.80582659555247,293.1781850637757,36.97227281282418,-163.08924633573002,93.65941933279576,-2.312031080348526,-10.310048291214736,-127.42518593137709,-57.362134830759054,12.754445777883008,14.378991681341427,48.43411039929674,125.02637055807973,27.246259787916564,-41.33646871435419,124.89103479212635,-74.80201479715042,-108.41086111071989
964,-103.00019103287907,111.35641497502938,16.339214148763066,-106.66593504754755,63.689584431992614,15.008786614730994,-7.2465671596864025,-85.50127721626734,-32.22306026055878,196.80165269896503,13.029315399535156,46.073077822410696,133.94243592222256,41.050143528870464,-25.481177818142665,100.14568508512748,-27.121849027036376,-58.94734239477772
965,34.839902361507356,77.75305755112387,25.012194858648332,-62.461751872694954,70.61350787615112,15.296181794170542,-11.772389147200569,-34.34873171156366,-17.100853176523568,24.2713695905439,46.37511810759671,59.81833515296083,114.16698323397836,18.50059336274587,0.37910498094369727,50.53667094991572,14.487273657157141,-67.3085368425354
966,-214.79314948043725,45.86141851892627,45.343444383671645,-176.10477021284103,100.12293285278928,-5.544749330605878,-7.119973738882578,-148.7216787864694,-57.51621197930228,12.831782082600345,22.58990783607074,113.36946673422646,191.62270173774186,29.44989470612288,-10.640297525505725,128.14219481745747,-114.85035109751705,-122.6188241255021
968,-17.342965704011675,54.37790045131548,9.460323223475875,-52.99673236375756,33.08810275693861,-5.265629669313739,177.41393263981178,-45.060865121917104,-23.661474650425646,12.129659540579658,5.388142790827172,45.120884696618745,55.44442651838753,7.534374384745951,-16.868875721279608,57.94941529719619,-14.131316293748625,-21.649133520522707
969,-184.52494908848436,283.1461688471184,35.994746987586566,-165.27296717366673,93.30585753674488,-12.101493940096631,-12.489756192459703,-92.99275719243464,-60.21468315116941,14.482513005548538,15.150485530821335,51.08451768445012,110.36066624876588,22.406187565976808,-46.629750793895646,119.97499207357718,-77.44530322138995,-91.7636257867465
970,-123.96903430242634,129.04385353823068,11.656239149938466,-121.87719086745034,65.0798418913035,-8.558325536526398,-15.07371510761392,-101.8753117229647,-24.729619284818973,20.951468868978733,11.55643841141708,111.60102701784001,-95.87380525036217,21.619332591011993,-3.356874808408997,108.5700378595653,-13.20033928335646,-57.02319407186906
971,-113.77572603424592,60.43173982452352,13.17484676586252,-96.19271410460324,54.74710909092172,-11.203492035234186,-6.168389156750636,120.8252615816679,-35.416086067974554,12.939589475581558,-6.549111858431591,92.51155125961897,90.68153286781362,24.16388303851807,-16.84217716635508,109.8232310313576,-22.985635854250678,-66.35948588267341
972,-152.4805948265475,81.18324507182047,-2.833199403528804,-155.83673495017428,50.87235770892783,-47.73157751494817,-36.73214733145514,-124.302552267286,-99.75692109499487,-0.1259723443211394,-15.832605403894647,78.16745187512907,162.03202853515603,-30.186630426887895,-85.4846775294175,110.42605311567733,43.64252991065431,-19.28397589326819
973,-125.96207026454098,112.55625678632026,21.281217317011915,-106.0011503276958,74.23736853122091,4.130824364949438,-15.444243016012537,69.25036855787471,-46.00778467352331,25.02931828794881,15.834124541398735,86.09454563381777,118.87908005927487,24.27077499656205,-20.527245549773365,106.1907870487531,-39.61182225366893,-67.37516823934402
974,-163.98655024477873,95.4256064944324,33.35232038937007,-148.95522132379077,100.33546001907438,-8.897445204305711,-4.206692099299664,-102.91801878814624,-43.826067542106074,32.31807136405225,29.9004376668457,310.98660922615704,139.40785178356373,38.23016894838113,-31.9686290511268,126.3842693325569,-72.58511659859221,-115.53955640710771
975,-108.43506499444324,52.64798217514775,3.436640197454211,131.11810386641207,35.80041461179574,-5.571809504098579,-9.286065171526792,-54.81777143616822,-27.235080918090276,9.247083830157617,1.2657750145838358,59.51623839066507,48.02058491118152,32.17622374810472,-24.60646269738806,35.65271501458562,-18.542204319634575,-41.13121724481403
976,-143.97153077958995,104.01058363047233,28.946622918446916,-140.70817369018206,97.01796513120766,-10.735703653564766,-3.8259242553283523,-92.75574681884203,-10.426235259080789,33.42553232547932,29.04593790981712,308.93457383951227,120.25860330187652,40.236556256102446,-32.144063838480754,130.1601066732255,-44.9625069633957,-104.45966984791914
977,-36.15013633159388,75.64906413315265,21.874885382926458,31.393369096709254,62.87000578020926,3.678265233628674,-5.378184558364891,-41.150050843478155,-25.08058458213627,21.026862333505473,10.95111988659458,64.96926479557435,93.67167943435875,-2.0025424253130995,-11.510854718280605,74.75888012663678,-25.022766312292987,-56.42989179140936
978,-142.14649224134928,108.2016530761145,-5.98565972883456,-142.31493108047567,42.581233994792214,-54.81819618337905,-35.74300545312338,-118.36002274649296,-99.8063204548409,-2.3965160273637607,-14.884612134102913,90.54917960364118,177.27329774050452,-35.40791317078665,-71.21693768436825,96.43506579855209,45.37198448908834,2.4361301266365682
979,-65.49779283888019,48.04539486848251,182.47323437340341,-62.26961317884141,47.32732062658608,2.5392440022649816,4.034088924416767,-44.12961898315837,-16.026416922537653,24.9876818129305,43.298132427806934,69.47924393198603,71.63152841539755,15.943857171562591,-1.5559176074984487,61.23875158330429,-9.86170215150925,-42.582446805265086
980,-215.1878562043181,45.47224149085465,50.96969244503295,-175.18147496071492,109.75099249599307,2.4155185604582563,-1.4440766414947166,-143.5776410122124,-47.18220296605331,19.19036130511742,30.372158835005475,153.24204687451322,183.8435600533611,43.32366586331944,-1.7019669143240859,132.29117481750617,-130.28894409262847,-140.8068584804634
981,-158.1534920598307,16.33591560616262,8.183798569476176,-171.57745403447905,90.33811618725619,-7.780338360461282,-23.72841113560801,-115.71490053982372,-71.86994469392862,16.38623723434085,-2.179631481375536,62.89803885068579,117.12103891208072,29.212689876885264,-54.72516970452854,141.50064111297397,32.42309024827274,-89.99204960549424
982,-125.68819981113835,128.27524628288614,11.78989645520754,-124.18202168772666,62.99847803797591,-8.56971847356643,-15.234987507613617,-103.14464402177273,-24.919966545132255,21.14793355224124,11.529516101872323,111.76393873317565,-94.46983147937362,22.531623385402717,-3.7619695017653223,110.61992598215022,-12.474902893081017,-58.444977586671136
983,-180.9008176652304,280.13402145953154,36.35426240227491,-163.70001411513962,94.39541028198623,-14.659974043791097,-10.045334888426595,-123.72820664980085,-30.536523849035643,13.67387651680104,15.740781244333707,54.25841041758641,99.68167766471144,25.88154404036516,-41.794314770823405,130.33238524080744,-72.77510006611246,-91.87408863543523
984,-188.5530001640509,281.8590702128165,37.13208857471315,-166.08877478307357,96.26754736150966,-13.9665709160298,-10.586259086460808,-124.06675146737042,-62.021749330182026,15.683832881353894,16.693615487992552,94.01244336459254,112.37017486297594,23.961724434409113,-49.10715468507202,125.95642810014047,-79.7010917962393,-99.94111227272897
985,-149.1783487866161,18.350308930320676,12.967051740582948,-166.82934799867886,97.63542192740249,0.3464552700710059,-17.256682117360498,-109.2812044603656,-29.02177441103934,21.03600095393377,4.908790762886788,67.12374597922124,97.18829234536105,45.19655615630948,-38.373558517636454,149.47637894434806,24.47090299537577,-100.75717817843456
986,-139.9128636446324,165.73740110659378,13.942951172724882,-130.49472385674426,63.84629982289298,-10.105055930505275,-16.95440439547865,-109.1670734292083,-57.6931388924501,19.277862383764266,10.063824089896821,101.93417608534077,-91.01826634234607,17.22534491516255,-12.413132773910483,106.12902768239425,-25.290866073161357,-61.513673282208444
987,-80.13461633819742,37.3755408845969,187.41999997532946,-70.4531763366869,50.99465542643045,5.30055578478228,4.794809719342401,-55.24176276900209,-17.21600680761984,22.329175645653418,38.43932990701066,35.512748959490246,84.51723224107545,17.752581827872692,5.708953816635352,64.04381489995394,-26.51154314257601,-50.4023881607938
988,-188.52516826580072,280.93685178960186,36.97860543658105,-166.25798623425436,96.17022151429147,-15.01094718607146,-10.829322979794789,-120.60507572742578,-62.674831913355575,15.82898282980412,16.742152646788217,94.32814419108637,111.08730985255319,23.406480719180923,-49.581945086257086,125.3190274342191,-79.8940650760635,-98.10715111487795
990,-207.45562928012333,46.19912802155018,50.90256878227961,-172.3304289331112,108.32734567903765,2.8142288959785446,-0.3560548747521163,-143.09362255510547,-14.466442923792826,17.401663678432985,30.03880699255039,117.61510851756888,177.11396758402032,45.903364834345375,5.901815010169597,136.64650799350144,-125.02547482668723,-134.91216077118395
991,-19.080300360676702,46.21268446554529,178.5354921131434,-61.88886616499101,39.73811578782297,0.07729904502208768,3.011360018147796,-51.814546908976645,-19.01315993600341,20.035957320208013,32.819054061469586,27.299308294239374,64.1748049754565,14.556741987505246,-1.2216647569188799,63.7932232945847,-13.84920142526071,-34.70180965609874
992,-158.1534920598307,16.33591560616262,8.183798569476176,-171.57745403447905,90.33811618725619,-7.780338360461282,-23.72841113560801,-115.71490053982372,-71.86994469392862,16.38623723434085,-2.179631481375536,62.89803885068579,117.12103891208072,29.212689876885264,-54.72516970452854,141.50064111297397,32.42309024827274,-89.99204960549424
993,-150.4493466227675,83.08134899634999,-3.861865119325165,-154.4707653610774,49.88622767326805,-48.598982378410554,-36.96522880158436,-123.08970535605619,-100.11270524802623,-0.28075938234838815,-16.210755853703045,78.5493933621348,162.0283619345864,-30.745685552414557,-84.95093621207224,109.30606928397815,46.595991670107466,-16.388537685543344
994,-188.52516826580072,280.93685178960186,36.97860543658105,-166.25798623425436,96.17022151429147,-15.01094718607146,-10.829322979794789,-120.60507572742578,-62.674831913355575,15.82898282980412,16.742152646788217,94.32814419108637,111.08730985255319,23.406480719180923,-49.581945086257086,125.3190274342191,-79.8940650760635,-98.10715111487795
995,-154.77780841397237,22.557743923945203,10.697812290201828,-166.80909782372828,93.13579174777162,0.38784413354056774,-20.064886349963192,-112.31562833477594,-64.06109694755855,20.537133016416032,2.5847804357819046,68.19092901374935,66.77938868493749,39.437023468970025,-39.97170315323055,141.33939975266588,22.07826994727801,-99.03392505563987
996,-184.4664705642404,285.42972839317434,33.61366279218083,-162.8054006772208,89.52934674282658,-14.831690203115414,-12.835689559063676,-125.73411227348538,-62.25335302726109,13.29678928441933,13.324742728943717,55.20093395933542,67.43205319863192,20.27532115784119,-43.404096156763,122.5333861580906,-72.92782698075455,-88.94777355945257
998,-162.90468532389238,86.28338529379047,3.9334294487089334,-156.76743537116332,52.674433830686525,-47.279580715636826,-33.73110705549385,-130.42618755426966,-97.18913885992029,-0.8243524094949358,-11.372261601063805,86.54608284564884,175.6456277129022,-30.12314262317594,-77.41293475480025,108.04633169403708,16.8501372773361,-25.266219867822596
1000,-216.00205014653335,30.18925560128327,47.47067879870415,-180.08319554597685,109.66902042899228,4.375551112398054,-4.340752252949973,-146.78486918802687,-51.09295156945459,16.8223442529933,25.45192391106637,105.50311689292536,180.7538163436131,43.93488651347154,-3.0300703581577806,135.9169907879082,-121.47501119380615,-139.28833003343377
1001,-130.5768783643858,127.9772416183493,21.11795096758774,-135.4632525612645,76.40949450892616,4.590338522667665,-16.461487808500717,58.044407313376134,-49.997833462573155,26.510323855387178,18.190382681567133,91.97179902723758,84.39018540426146,26.570518647624183,-21.747303796869595,88.77952114916033,-37.17690072931226,-69.09511573674456
1002,-213.09461978207116,50.8689359785692,44.699541662845576,-175.61393058131105,106.54747206220243,1.7404251042802725,-6.161202271786465,-145.67867434644225,-52.667039870242036,17.81545906239196,24.859884778664004,112.75208102261028,187.43218016976124,39.675283177373274,-2.4984648030671597,132.35266452877175,-168.4869458995656,-130.73173327921515
1003,-168.12198382453101,5.755629713298024,17.51306307279729,-174.32748590358935,100.6239654694973,2.324723125023036,-17.411893742885272,-118.33251595480684,-61.79137467773596,19.496002120108844,5.604988217017695,67.17613848715395,118.66178254376781,48.75607453795828,-38.641760144361314,144.9868166890049,2.101992504845301,-112.05230624734246
1004,115.63742683745156,92.19223858772965,9.144870793098148,-127.83476826698991,55.48176114246255,-18.89948119310121,-10.911538752924235,-120.25562084623621,-52.56766055114291,8.88961956320452,-18.569487494197013,90.19154742682953,88.27315550988692,27.477233820105294,-30.34602133306939,124.01069011585656,-59.950200685653954,-63.4732883749451
1005,-162.79096114784352,88.0414581091619,4.252540400721161,-156.22760481302973,52.64794716664449,-47.50486314869878,-33.461666716779845,-130.0931736828928,-96.81555386958891,-0.5765160952892054,-10.886816321252143,91.400519889693,176.02880612638975,-30.2315936141478,-77.27421768202699,107.64414647189535,15.446389157389868,-25.322999415256465
1006,-184.80326807098623,292.36835307926447,37.52957836890757,-163.58085266185864,94.27911600892675,-1.657731239680028,-10.059117259119901,-127.6095145918811,-53.6838573194339,13.031013521046283,14.665113942864718,47.927509419511914,123.18931635299342,27.958624718258708,-41.881846782044946,126.34899873279089,-75.51557042314792,-110.10323736525679
1007,-140.6192958585553,198.866014294997,32.841946304719634,-132.9288703506928,86.48343655522805,58.59524516377207,-3.450143383536413,-117.40207129621557,-18.207750482583776,17.46646489338543,15.973790064608798,65.7252418129762,186.59539939476542,54.38831214439594,-5.571643255787265,123.25175092349829,-38.05910425026165,-166.10659176435976
1009,-140.74243820813072,9.4868396147274,8.825603782535495,-151.49056084672165,120.11108725401215,2.089216202508643,-19.156942932532193,-100.06902477178356,-63.19632676314943,18.629524920141524,1.1423581824844868,57.431633786411645,86.42954138342832,34.47000816012304,-43.17484716352627,128.24183154177922,24.586802906196134,-91.92302481278838
1010,-133.76575555073097,127.92021727166076,-4.616491267246931,-113.11205011630702,73.85557117887394,-14.683277115238543,-29.547272151984057,-95.15524775432982,-69.3680689172704,24.80280497751967,-2.8076007982159252,101.30973958619835,137.636573847607,13.16111893378427,-36.91267388586499,138.33793160597452,-240.856529935351,-49.03243815215171
1011,-213.09461978207116,50.8689359785692,44.699541662845576,-175.61393058131105,106.54747206220243,1.7404251042802725,-6.161202271786465,-145.67867434644225,-52.667039870242036,17.81545906239196,24.859884778664004,112.75208102261028,187.43218016976124,39.675283177373274,-2.4984648030671597,132.35266452877175,-168.4869458995656,-130.73173327921515
1012,-71.97581785965035,40.231129828507775,3.479311571772579,-59.297328035668755,203.36564138711597,2.5449336841099583,-12.706046932544245,-49.29573281946195,-55.5824363506183,10.77093758964111,2.219250564274766,50.91516517298624,30.270590543886478,-2.021623615505842,-26.971059429273275,46.24630663838316,-4.430652704821544,-35.051684220705155
1013,-143.09851485329276,106.47536980188741,28.669804852899194,-139.44561525897285,96.23206577574332,-11.552886650436996,-3.725556805906319,-92.22330382838818,-10.496710274881648,33.19314750243276,29.163381215878815,310.2474743232424,121.76755883216757,39.684555330988225,-30.713462212844693,128.77570935023297,-44.985977718755684,-102.22892541514479
1014,-99.98535418032542,113.64893222155439,23.364073770540134,-127.95186806261395,78.02286698968916,8.847475306739874,-15.456162867553896,74.84685265249014,-42.09896951871149,27.073914643844635,24.97569087468562,83.91138676546385,125.26006461876901,27.872064778855002,-19.837032274179347,79.75333885894749,-30.00378139403336,-71.11755328534956
1015,-215.04603377348604,47.0934247274961,50.69426749570782,-174.7879569836073,108.76434853403488,1.416737581596082,-1.769170046390895,-143.79233230539887,-47.879377376079965,18.77755606565087,30.0308344869425,153.62378220012428,184.966334793938,41.83868285572511,-2.4709546099463084,131.51431011757376,-130.00845810106895,-139.03915663765775
1016,-100.06051480602835,107.69929715404687,9.980237014858506,-103.2826649979864,58.391638902912746,-4.614383100998877,-9.658107916171259,-80.8710546768309,-43.028751661555866,194.59733149773152,11.381245852607092,57.55066962077329,134.1803788974433,32.08547889095099,-20.686155856880536,91.20830234501618,-16.414936700867198,-18.896722557468603
1017,-112.87297402213288,141.1650948622435,-0.45124834296439204,-105.49909639192853,59.61639369352394,-41.24200001161493,-12.825500333848867,-78.95335257656627,-64.44735163700568,11.272848379002752,11.250390324890162,172.9261972080964,183.31267737200386,15.03979004248278,25.518010190057346,75.73561010088146,16.532875997284282,4.644445775111528
1018,-147.94711702251774,119.13106939586395,29.50952369108484,-139.99302574772497,96.01415842415382,1.9546677986082874,-4.352018258185389,-96.73702262560002,-37.27255956048048,32.851116838282,27.636039758593416,303.51383813826374,140.92499080794394,41.217434020815745,-32.351393164241074,124.9141284605586,-52.94349527825355,-121.41293948549612
1019,-94.5926347622488,131.95060476615512,-5.6365276859721805,-144.26108969064887,74.78183161236275,-17.422391093341773,-28.98342240237065,-110.76383213016278,-72.80575285508786,23.883666874225437,-7.690268336149175,109.64062138728374,138.2409297402519,17.81092668934459,-43.11864821056373,127.86232332055515,-248.01098077766642,-52.21166349665856
1020,-184.64805154616164,282.2788718051268,35.7266044988716,-164.66002016480448,92.64396319659744,-12.225886182847196,-12.568404859869695,-89.358928648229,-63.29842666607765,14.260169060679603,14.532673943540889,50.86529416380173,110.34121227068587,21.91470401624515,-46.98206311472263,119.34505232423946,-77.5595447227772,-91.62260009565144
1021,-133.36372404286104,127.56016134475048,-4.550088618999274,-112.96469495976453,74.01859382605541,-14.937217168282162,-29.27182608079589,-98.20650485980327,-66.04784377396562,24.726131186782496,-2.721726354471466,101.61665637571477,136.92700414993578,13.570945946584482,-36.41124382371399,139.46032646806106,-240.387812654105,-49.075999048975945
1022,-128.0322219681021,176.30236380903312,26.26416299124116,-123.08063167195897,80.48555737425862,50.456949350648316,-3.717209384264425,-110.96730905249993,-18.885558108007682,16.906134815000605,15.586789365873354,80.20551912067356,202.73689404968403,53.43819164174999,9.23464292366885,114.73546957493558,-20.222983906302623,-147.1208722794632
1023,-127.25846316881835,164.72644252870782,31.688585290853503,-127.5194510527822,86.72083770443477,57.07479391054857,-1.0826856691807427,-112.18864174237443,18.301096984335096,20.06689104958173,18.716817451288982,80.25125307810225,184.69966270592136,60.83969019651845,3.9879944445982316,129.29580363350993,-26.81736822499403,-164.279076163126
1024,-80.13461633819742,37.3755408845969,187.41999997532946,-70.4531763366869,50.99465542643045,5.30055578478228,4.794809719342401,-55.24176276900209,-17.21600680761984,22.329175645653418,38.43932990701066,35.512748959490246,84.51723224107545,17.752581827872692,5.708953816635352,64.04381489995394,-26.51154314257601,-50.4023881607938
1025,-184.80582659555247,293.1781850637757,36.97227281282418,-163.08924633573002,93.65941933279576,-2.312031080348526,-10.310048291214736,-127.42518593137709,-57.362134830759054,12.754445777883008,14.378991681341427,48.43411039929674,125.02637055807973,27.246259787916564,-41.33646871435419,124.89103479212635,-74.80201479715042,-108.41086111071989
1026,18.593228143849508,83.81572454428179,24.864027884026765,-90.91962958071846,72.6914861063066,15.283559423127413,-13.353415821586173,-9.3522736543456,-20.710966995831168,24.9344042725762,47.000001421194064,64.18499440912726,118.82614927355527,23.824205011490548,-1.6250652443516773,53.72900065339416,12.275292139958072,-69.77431259513286
1027,-140.2482769656377,133.68019654062476,-1.7374088871887017,-144.41071515755226,82.23132043583452,-14.898046859240658,-27.87883535329882,-103.06380374577152,-66.58479233642919,28.63173797285891,2.7069303179614974,147.7724194849316,144.98637609191007,19.466856869601713,-42.70639457597125,125.78360344908843,-243.35675976532622,-59.49715292015357
1029,-154.70470051093247,16.10566622119308,7.4324127523530334,-169.07789764555008,92.47688023181887,-8.086346563174285,-23.69675814824718,-113.41913507258144,-70.82144437935482,16.2465890644615,-2.6344206193948763,61.344326887133505,115.24803532685928,28.733819271660156,-54.775257932998684,139.92569786271298,34.58483467191995,-87.8286374276596
1030,-128.00663672243954,168.2040439639206,31.83721855207511,-127.99669493324502,86.68252413556847,56.99994775733329,-1.2078990633160736,-112.81059565753998,17.897217005243792,19.671812246633348,18.448011981106262,75.1395093228254,184.36635199882082,60.56184094517142,3.7808622467612283,129.31510898158083,-27.358540166277567,-164.04463482483217
1031,-150.4493466227675,83.08134899634999,-3.861865119325165,-154.4707653610774,49.88622767326805,-48.598982378410554,-36.96522880158436,-123.08970535605619,-100.11270524802623,-0.28075938234838815,-16.210755853703045,78.5493933621348,162.0283619345864,-30.745685552414557,-84.95093621207224,109.30606928397815,46.595991670107466,-16.388537685543344
1032,-158.1534920598307,16.33591560616262,8.183798569476176,-171.57745403447905,90.33811618725619,-7.780338360461282,-23.72841113560801,-115.71490053982372,-71.86994469392862,16.38623723434085,-2.179631481375536,62.89803885068579,117.12103891208072,29.212689876885264,-54.72516970452854,141.50064111297397,32.42309024827274,-89.99204960549424
1033,-198.05255687628335,36.267904522784725,81.34992122037455,-158.9931300796321,99.47192246136738,4.948825110472541,0.05960898531269575,-133.96149993711418,-42.14478625732734,17.27543020651633,31.90390967608915,98.14291596299563,173.67924897231904,38.68189152593235,5.8766869853524435,119.42827747419574,-127.06173773820393,-126.62718935448471
1034,-154.3074314570695,24.189777821195253,7.387646640949368,-169.6724205818472,96.36973537309855,-0.933551381430963,-22.48234976783227,-111.31036397769385,-63.32469423624322,21.73953123347422,0.48376255274428576,67.01043069033467,111.47297495193165,39.482937161979294,-46.45625665966221,145.64690571111186,-20.377346540266377,-96.95867635345321
1035,-94.72366309364843,71.0804404166699,14.23665699186314,51.986188200846044,50.91191680096234,-8.488720287791889,-11.589203777138245,-64.74531587117542,-36.27276771806012,13.728236177601353,0.3666693373410508,70.21402090248068,80.840663762341,0.6624505436816751,-3.1550170967639675,181.33009362652314,-33.1293642812255,-48.07526279840408
1036,-96.67545328004684,70.84135250802471,15.135675398967866,46.56482869547008,52.21547159052006,-8.327907945031356,-11.455193380271224,-66.41092754084006,-36.647197165571704,13.849933315191585,0.8451890731918631,71.16570577702596,83.39321154449244,0.750661659265858,-2.5588945845298894,183.50832665206497,-35.324119493230356,-49.843234462519845
1037,-181.7356585865576,270.8726391580998,33.9773485829135,-157.66994551961926,88.3171406070851,-15.884816898038476,-10.521782154677942,-87.16704280511289,-57.849866867204085,11.492335649487428,9.831114095461468,51.9614503731304,103.07042949125344,21.589622196662354,-45.1385733806555,124.89954320106537,-73.90054542280245,-90.78897784403821
1039,-216.21137378875804,29.649586152511816,48.09769387692289,-180.03994998391724,109.98937247237136,4.443060458015852,-3.869039689920798,-146.5747658546039,-50.544467879035714,16.959834477265847,26.003151316700517,109.55211347811564,180.39495433197305,44.29972478206616,-2.950420569283473,135.9108418167816,-117.65521101311245,-140.29584255355857
1040,-113.01812899158847,102.1292045601885,27.37766088213212,-130.59295821411882,90.72244811364739,-8.421695308697782,-0.510339469545684,-92.02649254860381,119.026175313246,25.281680900659644,25.905866264402903,147.92009657747596,87.89612948842573,50.5266064557078,-1.5774454720915212,148.39719142981025,-19.047633458385658,-79.79024652327475
1041,-132.43112810842075,130.9613867544659,12.456618560508774,-125.72228505211619,64.22943551155595,-9.356594398352406,-15.702270454125342,-102.94753427755289,-53.65433910153706,23.22865041324811,12.751878791724058,153.05161363810947,-87.68515927134054,20.003837428632842,-10.341810795540438,105.93597420168521,-19.87914666032599,-63.85808666514701
1042,-128.1060076815088,124.54066616430427,18.057529888998396,-137.77416445560198,79.6054622475171,4.024642246980195,-18.912078452103927,59.68848563295632,-51.735467758732746,27.799919127239665,16.82148942308274,91.19381175412181,131.08996444576414,26.511509673092558,-27.314551952333623,91.45366913348677,-80.07355261194309,-67.78949344352255
1043,-216.00205014653335,30.18925560128327,47.47067879870415,-180.08319554597685,109.66902042899228,4.375551112398054,-4.340752252949973,-146.78486918802687,-51.09295156945459,16.8223442529933,25.45192391106637,105.50311689292536,180.7538163436131,43.93488651347154,-3.0300703581577806,135.9169907879082,-121.47501119380615,-139.28833003343377
1044,82.35055863395112,95.96866184531902,9.244050970808997,-138.901588556079,59.19118881280634,-21.001798087464827,-9.785452220961558,-129.84126297874226,-57.45641301208401,10.265108049360148,-22.918981326910906,139.48075898246597,88.5870082755085,29.519643806191667,-37.82239823482511,136.29317381676515,-72.1337680645315,-69.28519263369358
1045,-216.21137378875804,29.649586152511816,48.09769387692289,-180.03994998391724,109.98937247237136,4.443060458015852,-3.869039689920798,-146.5747658546039,-50.544467879035714,16.959834477265847,26.003151316700517,109.55211347811564,180.39495433197305,44.29972478206616,-2.950420569283473,135.9108418167816,-117.65521101311245,-140.29584255355857
1046,-153.04123648349108,121.25740596464624,2.347313583470889,-147.92965184493306,83.81693723252233,-12.209320170481979,-27.45990676047894,-112.72735223727578,-70.64807351638443,25.190489696089873,2.3474291235291966,107.9702002409112,156.18615315972673,19.76350269494317,-35.241953630742145,128.05324121965552,-259.45843074146194,-65.12932753387332
1047,-215.44952351394343,29.54646752404423,48.059070415446335,-179.8088284369702,109.84965645708002,4.505459734874077,-3.787181547117939,-146.55966539603082,-47.310250373842806,16.75618108317683,25.921271604473844,105.50397593801681,179.68367724369023,44.56853977826594,-2.2039140841114317,136.38659365659532,-116.98848927452369,-139.70069482788725
1048,-125.52394954956442,171.59809581002878,25.60480493583946,-121.02737002667487,79.16769114806729,50.42233283447679,-3.7968932610434285,-109.31926206857615,-18.316219438396246,16.733469860019557,15.28118197117702,80.17964775396545,201.84191820300674,58.45455866548666,9.624847878060299,113.21559944735348,-19.0019090395867,-145.6995283095605
1049,-111.46380960585729,152.73567718078962,0.7728245895424081,-104.45662824790578,58.59059324065399,-27.297346746635444,-12.26994157891777,-87.56888113047955,-59.01535202977433,8.652116100714997,9.797316952787753,126.56252866043302,197.9844283538513,19.520280773676536,33.08062750329099,75.93514617773909,18.316988736885452,-8.65216722272609
1050,-126.49917141857001,165.4331558847515,31.092656273293553,-126.79672317970658,85.96142501301243,56.4828933467383,-1.2517585584727189,-111.98921262329742,17.85703697820286,19.586669912329445,18.34881547753902,76.70971651778822,185.82543982272486,60.39614026237608,5.279878997461035,128.31359153265913,-25.43709086040779,-161.99155218291776
1052,-184.6069656304322,282.2969848157453,35.5670887401948,-160.725970931259,92.36873610671594,-12.049201260063285,-12.641616151292338,-92.35566377349579,-63.162747061951606,14.239035162822285,14.76399398325563,50.257492302683936,109.6488392722704,22.16466664557714,-47.214236555784225,117.45877893907,-77.49045414284075,-91.1987160758187
1053,-85.16299558651725,88.31668518130667,19.80670316145465,-84.4715946678278,46.00508139149034,199.2735089313876,-4.0705876170804896,-69.51003707370445,-25.55560471490538,20.364994512208586,15.398585079107903,15.025508664549957,100.98542252880422,22.244040470028374,-6.259539561938775,80.8307841897144,-32.566022671209026,-51.900560591744714
1054,-120.5029657320029,154.4223880305904,24.684698616947347,-117.42876180601891,75.33647986079187,49.09399590207472,-5.755155281819436,-104.44476475150667,-18.24931318672842,16.250841783809534,12.209545892023094,70.61001633032565,182.41669392347313,47.811153236336324,-2.0106802851666195,111.88613130779318,-23.401127651000753,-201.92676235395788
1055,-42.594026123756045,35.15388299270998,211.5410143041702,-37.075625405228294,30.694318836146042,2.5198844302236783,1.5313221178402938,-29.595793334890768,-12.006096648151933,16.91551839524473,23.61322623843547,16.279965812382564,50.36078938345237,9.35726518274008,0.6884590916180017,41.636054643037184,1.6350470543584126,-22.609800342922714
1056,-105.66114242084228,97.73252851452584,9.869497865306304,-110.15252198178865,56.092924522433236,-2.763958821139497,-13.61492506071695,-86.63757816512721,-48.35285882753255,192.76759681960127,6.746569132115282,48.82177064466995,127.69504755023355,23.147454506117967,-41.79759517136302,96.17872026082446,-14.222402569722503,-23.572081574854156
1057,114.11116986346002,91.63851528473423,8.926667955450668,-130.23645251358778,55.21377591951385,-19.279215974566853,-10.89041097963335,-116.89566517892425,-52.732302680447226,8.66427234782422,-19.031993158444404,90.76442505749382,88.06181694964421,27.987089688589926,-30.41958917233375,124.85784852899188,-59.84150062992844,-63.649798664296206
1058,-169.85398443466428,6.845406698359603,17.429251965640027,-176.0498162494366,101.01998796663875,1.6606872486096311,-17.801530215581124,-119.90631418812845,-63.02759276861412,19.403104324365998,5.352631454022114,67.84105189070583,120.62966542463495,42.641024748946165,-39.73253766931125,146.1127019907254,3.1063236909186775,-111.88361016529952
1059,-207.24630563789864,46.738797470321636,50.27555370406087,-172.3736744951708,108.00699363565857,2.7467195503607464,-0.8277674377812911,-143.30372588852845,-15.0149266142117,17.264173454160442,29.487579586916244,113.5661119323786,177.47282959566036,45.53852656575076,5.82216522129529,136.652656964628,-128.84527500738093,-133.90464825105914
1060,-214.79314948043725,45.86141851892627,45.343444383671645,-176.10477021284103,100.12293285278928,-5.544749330605878,-7.119973738882578,-148.7216787864694,-57.51621197930228,12.831782082600345,22.58990783607074,113.36946673422646,191.62270173774186,29.44989470612288,-10.640297525505725,128.14219481745747,-114.85035109751705,-122.6188241255021
1061,-184.80582659555247,293.1781850637757,36.97227281282418,-163.08924633573002,93.65941933279576,-2.312031080348526,-10.310048291214736,-127.42518593137709,-57.362134830759054,12.754445777883008,14.378991681341427,48.43411039929674,125.02637055807973,27.246259787916564,-41.33646871435419,124.89103479212635,-74.80201479715042,-108.41086111071989
1062,-158.1534920598307,16.33591560616262,8.183798569476176,-171.57745403447905,90.33811618725619,-7.780338360461282,-23.72841113560801,-115.71490053982372,-71.86994469392862,16.38623723434085,-2.179631481375536,62.89803885068579,117.12103891208072,29.212689876885264,-54.72516970452854,141.50064111297397,32.42309024827274,-89.99204960549424
1063,-95.2741326645651,65.06499617854526,12.811187211931275,26.274645655734677,44.70467402105082,-8.234859453472936,-11.232872878711893,-56.901709280442,-33.62022123968717,12.103477669115783,1.5285701240157377,63.88644599391724,74.84012045567354,2.3401263382857582,-3.9340810365652725,220.60799436046148,-31.262772423549762,-44.050923098304445
1064,-151.76825104755775,120.79761166371976,2.359699606482291,-150.24641881812107,83.429539251736,-11.882580226440803,-27.308101247597794,-112.10342607712805,-70.12429385772234,25.193276288947544,2.7461806717269677,107.10928794651964,155.78227236127145,19.864318794470456,-35.51218722437118,129.50810117128933,-259.1071070217743,-64.83158787181544
1065,-63.89819066941932,35.328710748260896,-10.464522037545763,-66.31923656781464,24.071085704454777,-44.1114744956346,-23.956015721816772,-44.712134778333215,-57.58031239989267,2.617614431989487,44.946428272021336,64.01139817916324,60.51545978813671,-18.166725743120576,-34.71240763734179,52.367991481289415,0.0533786683872163,-264.17385295543045
1066,-188.12313675793075,280.5767958626916,37.04500808482871,-166.1106310777119,96.33324416147293,-15.264887239115081,-10.553876908606622,-123.65633283289924,-59.3546067700508,15.752309039066944,16.828027090532675,94.63506098060279,110.37774015488196,23.816307731981137,-49.08051502410609,126.44142229630565,-79.4253477948175,-98.15071201170218
1067,-114.13196916457866,105.121512742353,27.86942867261852,-131.40072513463073,91.36452428664573,-8.539861165513036,-0.40737159863530964,-92.44066851971075,118.91216995987574,25.132154073176018,25.987389230379076,146.75176552432583,91.8573874769502,50.60285586177476,-2.352219556662834,148.80730039170265,-20.23855748107549,-80.47609903020584
1068,-142.11840100892044,104.10102757532916,28.546527657343603,-138.49410815586083,95.74005285370848,-8.068080532668114,-3.8532262615881123,-91.26561876392091,-10.180522892826138,32.98719657208244,28.657613382509084,309.8990617702106,118.75785459238533,39.14336968847617,-32.02859763600253,128.2783336585001,-45.52905430988669,-102.73690112281196
1070,-132.72352072964037,119.54358902418618,24.36203953753745,-138.06011753434578,83.11198948114748,4.294386916741508,-13.972603621105476,60.75924112770081,-43.46098972107865,29.15726901889416,21.88059280111214,132.46953226368296,126.95790597932921,30.65816946931094,-26.47008398120364,93.14400377911818,-42.466527863502904,-77.93734780161668
1071,-184.80582659555247,293.1781850637757,36.97227281282418,-163.08924633573002,93.65941933279576,-2.312031080348526,-10.310048291214736,-127.42518593137709,-57.362134830759054,12.754445777883008,14.378991681341427,48.43411039929674,125.02637055807973,27.246259787916564,-41.33646871435419,124.89103479212635,-74.80201479715042,-108.41086111071989
1072,-130.8667471673206,132.44248779887442,11.877717622979599,-125.7589844110393,61.56848224635667,-5.980096076540078,-17.655999299944035,-73.3124768878141,-57.83690884094945,21.837073674593682,11.166365420297822,109.62572983473589,-85.86151237180066,18.440407457813027,-7.879409814984485,99.1315638699914,-20.139008220354093,-58.6740623933793
1073,-181.7356585865576,270.8726391580998,33.9773485829135,-157.66994551961926,88.3171406070851,-15.884816898038476,-10.521782154677942,-87.16704280511289,-57.849866867204085,11.492335649487428,9.831114095461468,51.9614503731304,103.07042949125344,21.589622196662354,-45.1385733806555,124.89954320106537,-73.90054542280245,-90.78897784403821
1075,-148.62122265462546,112.0934185897666,23.343194241560777,-142.68089267516774,95.04540217099706,-12.197673034528725,-9.010332832131823,-94.65967040885205,-44.64544471967432,34.13134694376073,24.75602654332738,309.73228289254314,130.6318956263097,34.060387613386396,-39.520403020998934,125.53764460402608,-90.56475253757777,-99.79765372514672
1076,-186.43193184355377,286.3335462773164,30.70845465439367,-166.6904418548505,92.96670108050083,-15.686040642249443,-15.546448610086538,-122.70610906165565,-68.15966881754429,14.454080587078664,11.229878590446747,53.83817833918343,114.67592996895327,19.75809803323475,-50.37844297500016,125.38051714548469,-118.0920668830006,-88.03202591362964
1077,-151.3433530660587,98.76397322553476,0.35791011659347977,-150.43842936883837,50.607491068507535,-49.984401845567724,-34.03774394431505,-120.97241355351764,-96.0210711916811,2.3523907977361644,-10.978152605778028,126.71182231557079,165.86381267003162,-31.27114033660647,-84.09750680168486,106.40420089426017,29.605048711192033,-19.851771367606897
1078,-89.46297811783411,78.89947019129208,19.445410072931374,-87.95288018679307,48.55122246607134,182.18154681418366,-4.4376778108854165,-66.51454037918988,-31.54254154757779,23.29224096057957,18.067266060145595,62.08147277867262,91.18355057047502,18.642909126262854,-12.143072380842089,81.42058344496203,-35.9327234517476,-39.44005953052292
1079,-129.43069385399704,123.97160431985438,17.861630266656977,-137.89585965529818,78.83951442088392,3.8797170968423282,-18.759080954068644,59.752763383642495,-51.60256961555183,27.598246084507753,16.306084337951816,90.55121534656566,130.04798519135943,26.25219679439055,-27.653806873522058,95.55227390410114,-80.683032978219,-67.11751527686411
1080,-184.80326807098623,292.36835307926447,37.52957836890757,-163.58085266185864,94.27911600892675,-1.657731239680028,-10.059117259119901,-127.6095145918811,-53.6838573194339,13.031013521046283,14.665113942864718,47.927509419511914,123.18931635299342,27.958624718258708,-41.881846782044946,126.34899873279089,-75.51557042314792,-110.10323736525679
1081,-215.1878562043181,45.47224149085465,50.96969244503295,-175.18147496071492,109.75099249599307,2.4155185604582563,-1.4440766414947166,-143.5776410122124,-47.18220296605331,19.19036130511742,30.372158835005475,153.24204687451322,183.8435600533611,43.32366586331944,-1.7019669143240859,132.29117481750617,-130.28894409262847,-140.8068584804634
1082,-159.0717690639475,139.81778426727607,30.819190145428585,-147.79182796428026,98.03198959545811,-12.108157954299879,-5.896639624710254,-99.12629055622743,-46.80721010192293,31.511278236885623,27.17668033025663,298.29851168773206,124.03826711369933,34.769913780634354,-41.68045066857122,125.59564175579756,-57.04144376211856,-108.06673372169392
1083,-169.8820826894475,6.982296277089584,18.02378786697738,-175.90350366841062,101.98014526455492,2.4341857944098493,-17.20699647197094,-119.35860902356507,-61.956833368256085,20.06374587803828,6.179401081896754,72.31375360913891,119.89006909754563,44.017556765568635,-38.82483290091576,146.48738146851613,1.4220895794129151,-113.70809155553904
1084,-115.79299382497797,82.87179258494005,24.962422589511032,-136.96502855152508,91.89442184016976,-5.936686382026094,-2.912553010802825,-96.16227111046638,115.49192418255241,22.723435634842062,21.41189037850361,99.3956607918412,89.48835776654825,52.08072021422466,-2.774114851040941,152.94761899589724,-7.23308873519658,-80.75065912167763
1085,-132.8609915145409,132.24366110459079,12.543699050393217,-125.70042875747788,64.16373871159267,-8.058278075267124,-15.734652631979529,-103.35795291202407,-56.32148166166828,23.16017425553506,12.617467189183937,152.42899602209923,-85.69272456324656,20.149254131060818,-10.368450456506364,105.45098000552004,-20.154890661747782,-65.64848692617379
1086,-154.3074314570695,24.189777821195253,7.387646640949368,-169.6724205818472,96.36973537309855,-0.933551381430963,-22.48234976783227,-111.31036397769385,-63.32469423624322,21.73953123347422,0.48376255274428576,67.01043069033467,111.47297495193165,39.482937161979294,-46.45625665966221,145.64690571111186,-20.377346540266377,-96.95867635345321
1087,-212.9808956060223,52.62700879394062,45.0186526148578,-175.07410002317746,106.52098539816042,1.5151426712183174,-5.8917619330724555,-145.3456604750654,-52.293454879910655,18.06329537659769,25.345330058475664,117.60651806665444,187.81535858324878,39.56683218640141,-2.3597477302938943,131.95047930663003,-169.89069401951184,-130.78851282664903
1088,-212.61522898665325,53.1123020469889,44.67551808559301,-174.74357698312832,105.84059565629578,1.5584623748182844,-6.119943198118161,-145.553438419124,-52.58332950563168,17.817743401132926,24.99500162231677,113.66310536452772,183.5207898876238,39.21273352898742,-1.7921058435595851,131.55967569280853,-169.24094193810552,-129.86821898142406
1089,-213.09461978207116,50.8689359785692,44.699541662845576,-175.61393058131105,106.54747206220243,1.7404251042802725,-6.161202271786465,-145.67867434644225,-52.667039870242036,17.81545906239196,24.859884778664004,112.75208102261028,187.43218016976124,39.675283177373274,-2.4984648030671597,132.35266452877175,-168.4869458995656,-130.73173327921515
1090,-131.0279735921065,130.64781301546975,12.40667890944129,-122.70765379665607,63.835526394357196,-9.101251859637326,-15.80204689482622,-102.67366140065921,-56.573440487140985,23.231653683759475,12.596572868691004,152.25951248679678,-87.49327468917787,19.002498010416552,-10.62055527710306,104.45887603921217,-20.102088217438755,-63.54055068470085
1091,-133.4868265005383,126.69286430275889,-4.8182311077142375,-112.35174795090228,73.35669948590795,-15.061609411032727,-29.35047474820588,-94.57267631559765,-69.13158728887387,24.50378724191356,-3.339537941751912,101.39743285506638,136.90755017185577,13.079462396852824,-36.76355614454097,138.83038671872333,-240.50205415549223,-48.934973357880885
1092,-152.4805948265475,81.18324507182047,-2.833199403528804,-155.83673495017428,50.87235770892783,-47.73157751494817,-36.73214733145514,-124.302552267286,-99.75692109499487,-0.1259723443211394,-15.832605403894647,78.16745187512907,162.03202853515603,-30.186630426887895,-85.4846775294175,110.42605311567733,43.64252991065431,-19.28397589326819
1093,-150.4493466227675,83.08134899634999,-3.861865119325165,-154.4707653610774,49.88622767326805,-48.598982378410554,-36.96522880158436,-123.08970535605619,-100.11270524802623,-0.28075938234838815,-16.210755853703045,78.5493933621348,162.0283619345864,-30.745685552414557,-84.95093621207224,109.30606928397815,46.595991670107466,-16.388537685543344
1094,59.88627597861506,78.85991785392234,21.75834388336139,-93.7782307175111,67.86168266932283,9.278486385400425,-12.419137670711176,-44.340821553316516,-23.002275757482625,21.027128597991815,37.735958950320665,66.12847969819755,111.17516117948762,24.35706586192216,-3.8151444632469174,63.59706100053834,6.416448348504576,-68.45727196027329
1095,82.70438946157742,103.03298520354814,3.6931064017371686,-141.00827915286277,57.23909399247285,-24.56979709760142,-14.205835506279538,-133.0994104965164,-62.81337729219601,9.576377874237307,-27.55748557613268,102.88074224390886,94.05955551488734,26.855996696899908,-38.595645253273155,137.8342513206144,-111.16897064492383,-60.98961570498636
1096,-136.7731917538686,135.38227248305998,-3.0558124731458065,-142.96010424464487,78.54203947095904,-11.859045802972771,-29.89336330456189,-68.76639956110128,-70.52861223245604,27.13959799447157,0.41157717096970814,104.00265266813052,144.94984820771398,17.56525315386573,-40.60794266658778,118.68723347702223,-241.4909566932859,-52.96904100410284
1097,-152.4805948265475,81.18324507182047,-2.833199403528804,-155.83673495017428,50.87235770892783,-47.73157751494817,-36.73214733145514,-124.302552267286,-99.75692109499487,-0.1259723443211394,-15.832605403894647,78.16745187512907,162.03202853515603,-30.186630426887895,-85.4846775294175,110.42605311567733,43.64252991065431,-19.28397589326819
1098,-147.94711702251774,119.13106939586395,29.50952369108484,-139.99302574772497,96.01415842415382,1.9546677986082874,-4.352018258185389,-96.73702262560002,-37.27255956048048,32.851116838282,27.636039758593416,303.51383813826374,140.92499080794394,41.217434020815745,-32.351393164241074,124.9141284605586,-52.94349527825355,-121.41293948549612
1099,-138.96221500703942,144.38348181717933,-0.7814784433968642,-142.75530000466728,80.54362564281713,-1.0777858370117186,-27.401925265777713,-108.04550375547917,-64.23653624410606,25.788661749702225,0.6360453585786426,101.18952741661978,159.6386730956775,23.455864051063806,-35.496089583564604,125.35319977660832,-241.68688852711227,-72.65274022689614
1100,-109.4606272353203,83.26680031158475,9.629279650572338,21.9778211181762,49.730878656960165,-17.699836038519226,-13.030747875048045,-66.29295191258397,-44.15068256968304,11.379657277670239,-0.47312278776893035,88.07620513532076,98.71546405635573,3.524901346623013,4.924187672486414,183.56189713930175,-24.385963267260863,-35.48691749409598
1101,-108.43506499444324,52.64798217514775,3.436640197454211,131.11810386641207,35.80041461179574,-5.571809504098579,-9.286065171526792,-54.81777143616822,-27.235080918090276,9.247083830157617,1.2657750145838358,59.51623839066507,48.02058491118152,32.17622374810472,-24.60646269738806,35.65271501458562,-18.542204319634575,-41.13121724481403
1102,-152.4805948265475,81.18324507182047,-2.833199403528804,-155.83673495017428,50.87235770892783,-47.73157751494817,-36.73214733145514,-124.302552267286,-99.75692109499487,-0.1259723443211394,-15.832605403894647,78.16745187512907,162.03202853515603,-30.186630426887895,-85.4846775294175,110.42605311567733,43.64252991065431,-19.28397589326819
1103,113.83224081326735,92.86586825363611,9.128407795917974,-130.99675467899254,55.712647612479834,-18.90088367877267,-11.087208383411525,-117.47823661765644,-52.96878430884376,8.96329008343033,-18.50005601490842,90.6767317886258,88.79084062539546,28.06874622552137,-30.568706913657767,124.36539341624305,-60.195976409787185,-63.74726345856703
1104,-113.1744719687328,102.18358075591168,27.093780333178167,-130.96672681622755,91.08248581213296,-8.532524357915547,-0.7538707675291535,-92.02881793796818,118.76756624854818,25.389742651851858,25.70496729492765,147.8145126944124,92.54956019569074,50.515866844527174,-2.224737147700137,148.7941440147583,-23.51718572048566,-79.70302784837487
1105,-75.82526402181053,34.03790210913124,8.099961229319735,-69.7805644806172,32.16643256770797,-14.2597496244286,-14.208024347032907,-51.61103996087105,-35.29452395140172,3.8228217163882956,1.3806933923680342,54.21143700997216,73.34009338740725,275.1667971790437,-22.167699547795962,50.959077772048374,-34.120418064872744,-32.83750967217874
1106,-215.1878562043181,45.47224149085465,50.96969244503295,-175.18147496071492,109.75099249599307,2.4155185604582563,-1.4440766414947166,-143.5776410122124,-47.18220296605331,19.19036130511742,30.372158835005475,153.24204687451322,183.8435600533611,43.32366586331944,-1.7019669143240859,132.29117481750617,-130.28894409262847,-140.8068584804634
1107,-104.33356362156717,112.4237208101831,16.424097474536893,-107.98016531288931,63.93163766458984,14.911778536538911,-7.472619373764777,-86.8185276265828,-32.9174021496166,196.67824735223374,12.898352442438782,46.258483662822705,135.7341839275199,40.66329521865219,-26.40633314344743,100.93799979000967,-26.307932975060062,-53.724487713105525
1108,-186.7917506104984,286.0766089788737,30.813480764117884,-166.77420824525504,93.26943974297365,-16.002379972151285,-15.35286068170123,-125.77246662570211,-68.07366117943242,14.581060190430504,11.39763274641788,58.1932326687987,114.67763735956488,19.89911004983518,-50.62351939802121,126.02716016775753,-118.29007134034336,-88.67073453612521
1109,-47.60371434573548,35.87851388926534,176.59188084715433,-45.66523064433551,33.924258053917484,2.420831962406412,2.9515835208309418,-31.67899720153902,-13.114460745591478,19.199171049212588,87.24102666072513,17.79731336492304,56.57939748151482,9.83813393582646,1.6873249362211868,48.23844960028518,-1.047248532728433,-26.179081665236033
1110,-134.11767416671591,166.4643421694274,31.478890888059112,-129.10793864917673,87.35858516592585,55.85890057815605,-2.0703399865013097,-112.14021720902743,-14.48513807372624,21.623203853219604,19.16761259980576,117.1910919187767,192.9382107055532,57.70799030037828,-2.185185854259381,123.55607313452211,-32.10430824629529,-167.9430294396311
1111,21.06997260054101,84.04914587145183,24.5588167705448,-94.12730768174056,72.46619075492038,14.71962311182982,-13.437770414315052,-10.409739782394105,-21.324757416766726,24.6398819468816,46.18927921982006,64.80723953676411,118.59986943568133,24.41801791510132,-2.059401962903139,54.98579414718154,11.432762031106941,-69.89893258633371
1112,-169.12023241463288,6.879177648621994,17.98516440550082,-175.6723821214636,101.8404292492636,2.4965850712680737,-17.12513832916808,-119.34350856499206,-58.722615863063176,19.860092483949263,6.097521369670079,68.26561606904006,119.1787920092628,44.286371761768415,-38.07832641574372,146.96313330832982,2.0888113180016594,-113.1129438298677
1113,-169.85398443466428,6.845406698359603,17.429251965640027,-176.0498162494366,101.01998796663875,1.6606872486096311,-17.801530215581124,-119.90631418812845,-63.02759276861412,19.403104324365998,5.352631454022114,67.84105189070583,120.62966542463495,42.641024748946165,-39.73253766931125,146.1127019907254,3.1063236909186775,-111.88361016529952
1114,-141.65726406568967,112.09131516474297,23.114671144939727,-133.3176038603935,89.18831828762995,-17.474552660238302,-6.206580282826197,-89.29729582869939,-46.40057061623322,30.32102306238698,25.96755201756166,313.124664116104,137.00011254196318,32.16463279369836,-20.782360323904413,113.31175063967095,-38.35870857999345,-85.822733686758
1115,-181.26648428459944,279.6487282064833,36.6973969315397,-164.03053715518877,95.07580002385087,-14.703293747391063,-9.817153623380891,-123.52042870574225,-30.246649223314613,13.919428492265801,16.0911096804926,58.201823119713154,103.97624636033646,26.235642697779152,-42.36195665755772,130.72318885462894,-73.42485214751876,-92.79438248066019
1116,-74.61158695899148,48.69780153865024,18.946830376785705,-62.56759113333642,47.63645987801117,-7.056657730067271,-4.6042390617931375,-41.496377185101075,-22.43705892896376,198.8313469390017,7.0137272473938115,122.76407549283678,43.07104728962202,-3.792022409039236,-4.315440729143225,60.37438674055914,-39.89567682194231,-64.66279393955618
1117,114.11116986346002,91.63851528473423,8.926667955450668,-130.23645251358778,55.21377591951385,-19.279215974566853,-10.89041097963335,-116.89566517892425,-52.732302680447226,8.66427234782422,-19.031993158444404,90.76442505749382,88.06181694964421,27.987089688589926,-30.41958917233375,124.85784852899188,-59.84150062992844,-63.649798664296206
1119,-115.72292258556458,108.85943011489657,20.95478065684453,-119.97821162559529,71.19514461531902,5.906608952712515,21.80190755052728,75.20649777330875,-42.299016707209,25.325584342379283,18.49907620967741,79.93685507956576,114.32322086614835,24.575901138617613,-22.480363986539917,78.93916374379039,-34.16715291046792,-61.91623905186535
1120,-80.08289849117742,58.381629252907544,-3.8344225862552515,-81.55389596987632,36.22398394186302,-31.80234623618059,-22.304382171746838,-58.04965700457322,-55.544951435072456,6.126796715504185,-6.603066374685772,74.65745678119896,87.95854488590355,-7.901913030799371,-31.399215529902964,66.55827035578733,-5.607792121087174,-292.33911657725474
1121,-143.52581973484664,106.94781216750103,29.314190898867032,-139.91536529046314,96.78606565191102,-9.600270486683218,-3.507007951665671,-92.81805112336336,-9.485575323687721,33.401239087882985,29.315091874861984,309.1182557274473,121.92293933517523,40.542336963758345,-31.285479941501382,129.74867909473232,-45.97527734617497,-105.71170193070847
1122,82.70438946157742,103.03298520354814,3.6931064017371686,-141.00827915286277,57.23909399247285,-24.56979709760142,-14.205835506279538,-133.0994104965164,-62.81337729219601,9.576377874237307,-27.55748557613268,102.88074224390886,94.05955551488734,26.855996696899908,-38.595645253273155,137.8342513206144,-111.16897064492383,-60.98961570498636
1123,113.47242204632272,92.60893095519342,9.233433905642189,-131.08052106939707,56.01538627495263,-19.217223008674512,-10.893620455026218,-120.54459418170289,-52.88277667073189,9.090269686782172,-18.332301858937285,95.03178611824106,88.79254801600707,28.2097582421218,-30.81378333667881,125.01203643851589,-60.39398086712994,-64.38597208106258
1124,-132.5908145491035,111.81614835870465,8.584926288747504,-129.67747720421147,63.38259255381042,-4.2732637906324715,-18.77527432904206,-105.13565926634999,-60.752279134120485,20.26776859767721,7.105535898714413,104.66543162442075,-92.68959344091208,19.83479676549722,-12.498738878740165,108.00248679070498,-5.671186425997223,-62.105890643938594
1125,-132.98365474101067,131.60417483170497,11.868226943766594,-125.99665216112282,64.04879948346822,-9.486503020828428,-16.255841159957377,-103.17273806954888,-57.43704029714885,23.29481358306458,12.282531098316586,153.05075459301804,-86.6150201714177,19.370184163838445,-11.167967069586789,105.46637133299807,-24.36566857960845,-63.44572187069352
1126,-121.19878978330678,120.3723824889021,-8.199537571523193,-126.2863081723604,67.5678125209873,-15.085126961953698,-29.163833886240692,-89.65031655840954,-66.60022231060243,22.45104577825668,51.691991544486996,94.87034095726567,129.05425559436355,12.438645895198665,-39.893097586382034,110.88020361808951,-234.29103084273643,-41.94813642543335
1127,-162.79096114784352,88.0414581091619,4.252540400721161,-156.22760481302973,52.64794716664449,-47.50486314869878,-33.461666716779845,-130.0931736828928,-96.81555386958891,-0.5765160952892054,-10.886816321252143,91.400519889693,176.02880612638975,-30.2315936141478,-77.27421768202699,107.64414647189535,15.446389157389868,-25.322999415256465
1128,-207.45562928012333,46.19912802155018,50.90256878227961,-172.3304289331112,108.32734567903765,2.8142288959785446,-0.3560548747521163,-143.09362255510547,-14.466442923792826,17.401663678432985,30.03880699255039,117.61510851756888,177.11396758402032,45.903364834345375,5.901815010169597,136.64650799350144,-125.02547482668723,-134.91216077118395
1129,-76.08348846774291,50.38767891064297,15.251002008412154,-64.1800126838969,48.309330967352565,-7.406776908554473,-5.2465474099345695,-42.65580357223849,-23.506774160263976,198.89638443358257,6.302746545069049,124.30553604468363,44.52054445187899,-3.7400121698517927,-5.147049179595289,61.627221820915224,-44.56055246814247,-64.97817503476011
1130,-132.72477881106101,112.49431166919233,8.851364244581745,-129.58671191825636,66.7418686846372,-6.929493974489093,-18.5866999227826,-105.35645502246307,-60.807644240061855,20.509639667811587,7.520782735567208,103.53803197838677,-92.59281850240943,20.01569253873277,-12.209110387862072,107.83437168284547,-5.830075469781675,-62.406875854243694
1131,-132.43112810842075,130.9613867544659,12.456618560508774,-125.72228505211619,64.22943551155595,-9.356594398352406,-15.702270454125342,-102.94753427755289,-53.65433910153706,23.22865041324811,12.751878791724058,153.05161363810947,-87.68515927134054,20.003837428632842,-10.341810795540438,105.93597420168521,-19.87914666032599,-63.85808666514701
1132,-127.25846316881835,164.72644252870782,31.688585290853503,-127.5194510527822,86.72083770443477,57.07479391054857,-1.0826856691807427,-112.18864174237443,18.301096984335096,20.06689104958173,18.716817451288982,80.25125307810225,184.69966270592136,60.83969019651845,3.9879944445982316,129.29580363350993,-26.81736822499403,-164.279076163126
1133,-216.21137378875804,29.649586152511816,48.09769387692289,-180.03994998391724,109.98937247237136,4.443060458015852,-3.869039689920798,-146.5747658546039,-50.544467879035714,16.959834477265847,26.003151316700517,109.55211347811564,180.39495433197305,44.29972478206616,-2.950420569283473,135.9108418167816,-117.65521101311245,-140.29584255355857
1134,-130.70367928993036,124.43139862078085,17.849244243645575,-135.57909268211017,79.22691240167026,3.552977152801152,-18.91088646694979,59.128837223494784,-52.12634927421392,27.595459491650082,15.907332789754047,91.41212764095721,130.4518659898147,26.151380694863263,-27.383573279893028,94.09741395246732,-81.03435669790663,-67.41525493892198
1135,-142.28208369398394,132.5919246006065,-1.2660487274757364,-145.28507842052053,82.5977537953633,-14.684941836446777,-27.896684915264434,-104.09232199649733,-69.90728569472297,28.509957267722886,2.798958506246604,147.89707897771066,146.82709689756604,19.31354706478623,-42.69475782562575,125.44562334012309,-245.59666589878188,-60.70021487334152
1136,82.70438946157742,103.03298520354814,3.6931064017371686,-141.00827915286277,57.23909399247285,-24.56979709760142,-14.205835506279538,-133.0994104965164,-62.81337729219601,9.576377874237307,-27.55748557613268,102.88074224390886,94.05955551488734,26.855996696899908,-38.595645253273155,137.8342513206144,-111.16897064492383,-60.98961570498636
1137,18.593228143849508,83.81572454428179,24.864027884026765,-90.91962958071846,72.6914861063066,15.283559423127413,-13.353415821586173,-9.3522736543456,-20.710966995831168,24.9344042725762,47.000001421194064,64.18499440912726,118.82614927355527,23.824205011490548,-1.6250652443516773,53.72900065339416,12.275292139958072,-69.77431259513286
1138,-72.49622705318154,62.695623851759876,12.89773398774377,-71.68028045640693,36.5909662076675,213.06321851752352,-7.186552406382459,-55.53814583872234,-31.810132837151137,16.638611870003654,9.481278647931777,22.052763049419326,72.49965984369514,9.653334992488789,-12.9475988124491,67.59767526362441,-28.5500153446145,-25.12735332067609
1139,-151.8124328117679,120.62535778326055,2.0091829370899923,-149.32310786707885,83.23804853603028,-12.211671925574077,-27.44124267428242,-112.23511626155695,-70.39493701855729,24.985215549724188,7.8505820721530855,107.31749105113111,155.40082370197752,19.699421044777754,-35.55490777492626,125.25822290959215,-258.83732841018633,-64.43064384062856
1140,-120.8108749483528,57.087668639074586,14.746407673885109,-100.91937252707677,58.534838192377286,-14.409122850173835,-4.150582994162293,88.85929481358382,-34.959401659545804,14.084601533452574,-4.624236187402088,136.97885519986343,92.34744299742297,26.422032817923203,-19.002560164657407,117.42877930759374,-26.982645004021123,-74.2671700412632
1141,19.176581977888507,79.44046707415696,26.049354177283792,-93.33507253372187,75.08205505484875,12.701921376770008,-10.517028230969238,-41.167235836699696,12.087892464526693,24.042882389557057,48.10607996995682,68.17092294838321,113.37928852033629,28.770504752893476,3.6796166090664153,66.09206732776731,14.945500376075124,-71.73051949700931
1142,-211.2996704550462,51.476800870719345,48.087465905012614,-173.50492403467655,105.52776226543995,1.7977525040877218,-5.721166147960198,-144.396337421351,-51.77222333902931,17.860767657744262,25.505083355166285,112.0160609296173,186.72472343263183,39.14998367861935,-1.6077890687161371,130.7037931974005,-169.04561855400536,-129.46561921132025
1143,-147.39459038992786,118.4882813186249,30.097915307827023,-139.71865863871835,96.19479445224154,2.0845764210843107,-3.798447552353355,-96.51181883360404,-33.489858364868695,32.78495366846553,28.10538745200089,303.5146971833552,139.85485170802107,41.85108728561014,-31.525236890194726,125.38373132924573,-48.45697335897109,-121.82530427994963
1144,-80.08289849117742,58.381629252907544,-3.8344225862552515,-81.55389596987632,36.22398394186302,-31.80234623618059,-22.304382171746838,-58.04965700457322,-55.544951435072456,6.126796715504185,-6.603066374685772,74.65745678119896,87.95854488590355,-7.901913030799371,-31.399215529902964,66.55827035578733,-5.607792121087174,-292.33911657725474
1145,-212.2190453312077,52.523890165473034,44.980029153381246,-174.84297847623043,106.38126938286908,1.5775419480765427,-5.809903790269597,-145.3305600164923,-49.059237374717746,17.85964198250867,25.26345034624899,113.55838052655561,187.10408149496595,39.83564718260119,-1.613241245121853,132.42623114644374,-169.22397228092308,-130.19336510097767
1146,-216.21137378875804,29.649586152511816,48.09769387692289,-180.03994998391724,109.98937247237136,4.443060458015852,-3.869039689920798,-146.5747658546039,-50.544467879035714,16.959834477265847,26.003151316700517,109.55211347811564,180.39495433197305,44.29972478206616,-2.950420569283473,135.9108418167816,-117.65521101311245,-140.29584255355857
1147,-133.93419377680146,123.4671549449131,-5.047712900808406,-133.05654912662789,73.53366023576011,-15.584292825926427,-28.067897814922706,-66.10388428796134,-68.26057508252903,24.184857298760768,-4.750968632126335,104.53137010663634,137.58440532236696,16.38176524578143,-38.88144434246696,125.1336448159317,-238.20178442077778,-51.68845109104318
1148,-214.86480838604456,47.76998375499753,50.66178831882643,-174.68488996464094,109.40415378857199,2.122726781778503,-1.6463488658098824,-143.45473047425853,-47.35710166614081,19.300707395050605,30.306376709182988,154.04748733336712,184.5856004784887,42.85037660375296,-1.642899630425128,131.89513856649103,-135.51249239326842,-139.85612550777248
1149,-180.9066655176548,279.905665504926,36.592370821815486,-163.94677076478422,94.77306136137805,-14.386954417489218,-10.010741551766198,-120.45407114169579,-30.33265686142647,13.792448888913961,15.92335552452147,53.84676879009788,103.97453896972485,26.09463068117872,-42.11688023453667,130.0765458323561,-73.226847690176,-92.15567385816462
1150,-133.93419377680146,123.4671549449131,-5.047712900808406,-133.05654912662789,73.53366023576011,-15.584292825926427,-28.067897814922706,-66.10388428796134,-68.26057508252903,24.184857298760768,-4.750968632126335,104.53137010663634,137.58440532236696,16.38176524578143,-38.88144434246696,125.1336448159317,-238.20178442077778,-51.68845109104318
1151,-79.3236067409291,59.08834260895121,-4.430351603815204,-80.8311680968007,35.4645712504407,-32.39424679999085,-22.473455061038816,-57.85022788549622,-55.989011441204696,5.646575578251896,-6.971068348435738,71.11592022088493,89.08432200270704,-8.34546296494173,-30.10733097704016,65.5760582549365,-4.22751475650093,-290.0515925970465
1152,-140.64446062108325,134.26860842214063,-2.041919954976933,-144.31131366445018,81.69064670926123,-14.917126432498915,-28.188874761147385,-103.28668214840313,-70.10888446734313,28.589839391483167,2.4384815940292754,147.8771443229037,141.40308448456793,18.84394321598794,-42.88525917440898,124.91704799545323,-243.37372942250866,-59.172006800599945
1153,-211.7542633413247,59.02187152279892,51.77337368112404,-172.11186598672808,107.6703776794049,15.797392126831369,-0.6798766532939873,-147.19780889981732,-41.13786852510503,16.716902101302484,28.694690967149178,111.3889323574665,197.03831466496013,47.35753185862515,5.635418400510326,131.7965660318497,-127.78291484090514,-152.81616338145187
1154,-215.44952351394343,29.54646752404423,48.059070415446335,-179.8088284369702,109.84965645708002,4.505459734874077,-3.787181547117939,-146.55966539603082,-47.310250373842806,16.75618108317683,25.921271604473844,105.50397593801681,179.68367724369023,44.56853977826594,-2.2039140841114317,136.38659365659532,-116.98848927452369,-139.70069482788725
1155,-151.50356399225478,120.09374835802036,2.0505743919664816,-149.13957785434286,83.03201647527442,-12.17597130650443,-27.461393732992736,-111.93093161214686,-70.26691360686313,24.994382229032194,2.1876862339382748,106.85541998653223,154.97987912966002,19.513270619234092,-30.102262941072414,124.81903751299066,-258.8833352092105,-64.40148975776502
1156,-143.12154157438903,113.76385766248868,23.654054848148633,-135.02115832381543,90.65479569056444,-17.441585216453475,-5.983936094759836,-90.56434588385213,-43.60120787680797,30.704037813963286,26.588280862169203,314.8068831413058,138.30104667794447,33.27327095790894,-25.805059603627832,115.65403388425224,-38.56397708477823,-86.99753912431272
1157,-156.54954873760462,18.706461896305772,7.799518899647651,-170.68123447687248,89.90598602776413,-6.69512706016988,-23.742943751496583,-115.0968009235691,-71.21459389576606,16.439541781763822,-2.406071272200764,62.15076174189646,117.27275281451874,29.511416384128726,-54.76344611583996,141.35362702577413,34.387252380306606,-90.5793879133331
1158,-214.9068736564861,44.103345703554844,45.02433343165942,-176.64460077097462,100.14941951683129,-5.319466897543923,-7.389414077596587,-149.05469265784626,-57.88979696963366,12.583945768394614,22.10446255625908,108.5150296901823,191.23952332425432,29.55834569709474,-10.77901459827899,128.5443800395992,-113.44660297757082,-122.56204457806822
1159,-215.1878562043181,45.47224149085465,50.96969244503295,-175.18147496071492,109.75099249599307,2.4155185604582563,-1.4440766414947166,-143.5776410122124,-47.18220296605331,19.19036130511742,30.372158835005475,153.24204687451322,183.8435600533611,43.32366586331944,-1.7019669143240859,132.29117481750617,-130.28894409262847,-140.8068584804634
1160,-115.57506420600573,61.33372544503555,12.920275349141772,-99.10794386696126,54.60034448154716,-11.477914147207523,-6.378652123898323,120.32851030214262,-36.02107681328457,12.894687623694448,-6.662254659330758,93.40837724890378,86.90635667830875,24.542308803120584,-16.74229728323019,110.43377374019542,-22.779663954320373,-66.35187574356596
1161,-169.8820826894475,6.982296277089584,18.02378786697738,-175.90350366841062,101.98014526455492,2.4341857944098493,-17.20699647197094,-119.35860902356507,-61.956833368256085,20.06374587803828,6.179401081896754,72.31375360913891,119.89006909754563,44.017556765568635,-38.82483290091576,146.48738146851613,1.4220895794129151,-113.70809155553904
1162,-127.25846316881835,164.72644252870782,31.688585290853503,-127.5194510527822,86.72083770443477,57.07479391054857,-1.0826856691807427,-112.18864174237443,18.301096984335096,20.06689104958173,18.716817451288982,80.25125307810225,184.69966270592136,60.83969019651845,3.9879944445982316,129.29580363350993,-26.81736822499403,-164.279076163126
1163,-147.36718031061855,16.443375723816988,12.991537150961003,-165.30355636582024,100.68129305806725,0.27263166341013584,-16.932839284116717,-107.79107884121751,-27.771675323845383,20.81647066029414,4.814478537084777,65.58996867047593,100.73930117313773,45.187289399882665,-38.23314539732336,148.43001103875696,24.40971094274978,-100.12197407334148
1164,-95.14611950478263,54.40578254426083,5.170983943187366,132.02846091006725,38.389242368186224,-2.6768798858014895,-8.193638197861596,-56.58858041433953,-24.882289548006636,10.956278825427525,4.016895302435941,57.4942769662564,50.59948710387701,30.889823780671655,-26.062240341934814,14.33154739357618,-17.220235086449804,-42.29610237381634
1165,21.06997260054101,84.04914587145183,24.5588167705448,-94.12730768174056,72.46619075492038,14.71962311182982,-13.437770414315052,-10.409739782394105,-21.324757416766726,24.6398819468816,46.18927921982006,64.80723953676411,118.59986943568133,24.41801791510132,-2.059401962903139,54.98579414718154,11.432762031106941,-69.89893258633371
1166,-150.8159718595168,16.673625108786528,13.742922968084144,-167.8031127547492,98.54252901350455,0.5786398661231446,-16.96449227147755,-110.08684430845979,-28.820175638419176,20.95611883017349,5.269267675104117,67.14368063402821,102.61230475835917,45.66616000510777,-38.18305716885322,150.00495428901792,22.24796651910257,-102.28538625117613
1167,-125.89699232534704,163.52224711482413,31.009166063742327,-126.3515333684664,85.51862717392136,56.398303442940446,-1.4511671987125554,-111.41909649662234,17.924679473034878,19.529654842640728,18.021010780510714,75.59314551925715,183.64751102771336,59.85000649011425,4.005445001507507,128.12880945083705,-25.94705016546458,-167.67744945455868
1168,-142.35870145317594,200.5336431655116,33.56115251783518,-134.60310532688044,87.73486216868523,55.70233960981346,-3.153401038562644,-118.55918547975985,-18.07987785850705,18.152636960988044,16.847559871728492,69.61519092632204,188.47932651774417,55.373047721050355,-5.548392385492233,124.73133871608198,-38.896305023716884,-167.8861400369008
1169,-35.66168313960128,78.89288650161694,21.94485141734383,56.032219505980315,62.4178179404756,4.3776335713062835,-6.733972783070709,-72.61557799638126,-25.815917184355065,21.324658378800944,12.593870616683745,61.22752568288656,92.30245128543206,-5.054882644909715,-9.625139961416203,86.56934864425897,-27.253945467070974,-53.25253003841432
1170,-63.691176439142126,32.50008095671172,2.615630263465165,-61.316601178698136,29.888823705078227,-9.389569654224589,-9.869001754556798,-54.5781150315234,-28.234690449358773,2.1686478903860795,277.41812130487597,47.40333721248533,58.73998483059697,5.772658575213064,-16.027507425113573,55.266267124252394,-23.264214225388574,-28.719051194190126
1171,-207.24630563789864,46.738797470321636,50.27555370406087,-172.3736744951708,108.00699363565857,2.7467195503607464,-0.8277674377812911,-143.30372588852845,-15.0149266142117,17.264173454160442,29.487579586916244,113.5661119323786,177.47282959566036,45.53852656575076,5.82216522129529,136.652656964628,-128.84527500738093,-133.90464825105914
1172,-126.73222621371278,110.42784420111019,20.989868967834013,-129.52003048315106,74.55521220018635,3.6553776845598582,-14.250548275025361,97.02565275285558,-45.48034194914587,24.855397047938897,14.615231082108716,89.90064649418268,116.06730370835851,27.808570280378383,-22.707006936190776,90.73556923024269,-36.95869514867032,-70.2504675143991
1173,-216.00205014653335,30.18925560128327,47.47067879870415,-180.08319554597685,109.66902042899228,4.375551112398054,-4.340752252949973,-146.78486918802687,-51.09295156945459,16.8223442529933,25.45192391106637,105.50311689292536,180.7538163436131,43.93488651347154,-3.0300703581577806,135.9169907879082,-121.47501119380615,-139.28833003343377
1174,-99.98535418032542,113.64893222155439,23.364073770540134,-127.95186806261395,78.02286698968916,8.847475306739874,-15.456162867553896,74.84685265249014,-42.09896951871149,27.073914643844635,24.97569087468562,83.91138676546385,125.26006461876901,27.872064778855002,-19.837032274179347,79.75333885894749,-30.00378139403336,-71.11755328534956
1175,-126.10336014627394,89.73000562228148,32.04816239376101,-137.3558984143805,93.67001129788643,-5.7099720157766995,0.3579276038724669,-101.95289252607328,118.43329140795836,22.272891883873992,26.35767946114612,112.62872880640512,103.48513535778199,52.035757026964745,5.43634499634959,150.16571235211526,-35.429229488461004,-86.7896826436659
1176,-142.14398625458298,112.19934742044167,22.973472096509646,-133.57804489457482,89.54308609239862,-14.611078939353092,-6.362536582536464,-89.42233215888085,-46.96329800607761,30.221519140449686,25.79639076727618,314.9650715680588,137.12839664324855,32.01972038505475,-26.574816959094903,113.69869425185486,-38.39349804991174,-85.813138577443
1177,-100.06302781514901,99.73786688766434,16.14782847702981,-108.05241567824645,65.54876296213878,2.7021138514863154,-6.554263851612719,-82.16663611730756,-5.175217147946363,198.02365048303653,15.069238095714637,56.95736154135818,115.07024051949077,40.58566021099489,-25.23223176539267,106.16262122945213,-25.234727072347912,-37.6449664930771
1178,-117.4829099707578,149.0813401082379,24.88275777446362,-113.08831676037592,75.60374172277663,85.37985668155243,-4.868690546947024,-100.76850449266169,-15.319804308361274,15.24170431444575,10.797916502358738,81.83313734563248,172.97316235896216,48.30418446797646,-3.7095791100725086,109.74240730953598,-25.112577876329144,-152.43507069442884
1179,-92.27916449558198,89.86397977165889,13.436138282811823,-94.36454981173122,56.31374225131806,2.9705830449584965,-7.680980445139508,-72.49981118822024,-33.91995985542981,232.4794268639179,10.838465509584019,48.3121535092857,101.16986867510342,29.38038575070511,-25.249052285037394,88.33843317686201,-28.79364834047298,-33.77970208512919
1180,-111.55028111105922,141.0637127121888,-0.4133643429425257,-105.51532990114703,59.20933340719847,-40.85718413258556,-12.816203369110294,-81.49262553060035,-64.02035111238189,11.311071632210734,11.805967505351758,171.71706966353042,182.83359044571398,14.77368360324022,25.483097507308983,78.71233026393656,16.62861419089253,5.248127407520766
1181,-42.40478982652941,90.17052827656059,19.386398774071754,18.732384182220493,68.7305789060218,3.9025227669303417,-9.924097288998368,-81.23952188624399,-32.212132098518936,23.977060059742136,12.988772968626048,67.84500781474571,106.50299112595789,-2.719143292254474,-16.120666090182457,75.13234836209375,-70.61564959723417,-55.36653037245941
1182,-54.548516921789165,40.72509386583142,176.44707398307523,-52.81882621377937,36.6670631100558,-4.294238041035397,0.3446952215164981,-38.034086305118784,-20.501303368704637,19.81607576554538,31.11097296846094,23.054710088959872,62.36796757816358,6.422843598640749,-1.9051051672843102,51.01546111281236,-2.6176905398959516,-78.0725374616605
1183,17.06697116985798,83.26200124128637,24.645825046379283,-93.32131382731633,72.4235008833579,14.90382464166177,-13.332288048295286,-5.992317987033639,-20.87560912513548,24.7090570571959,46.53749575694667,64.75787203979155,118.61481071331258,24.334060879975176,-1.6986330836160382,54.57615906652947,12.383992195683591,-69.95082288448396
1184,-9.684967055385691,79.98556193685107,24.02770787087205,34.08150177106215,66.20331639894387,9.094284513096719,-6.745892634612068,-67.01909390176581,-21.907102029543243,23.369254734696767,21.735436949970623,59.04436681453264,98.6834358449262,-1.4535928626167651,-8.934926685822187,60.13190045445334,-17.645904607435405,-56.99491508441988
1185,-198.05255687628335,36.267904522784725,81.34992122037455,-158.9931300796321,99.47192246136738,4.948825110472541,0.05960898531269575,-133.96149993711418,-42.14478625732734,17.27543020651633,31.90390967608915,98.14291596299563,173.67924897231904,38.68189152593235,5.8766869853524435,119.42827747419574,-127.06173773820393,-126.62718935448471
1186,-125.36515199286477,130.57298854702904,11.481992329001033,-123.68543669165268,62.651639330554815,-8.862510252246185,-15.437259731928783,-103.02173348381888,-25.094865245219744,21.258279642174426,11.463733976049838,112.56937919202953,-93.72779105424605,22.058334125836243,-3.7029022178663644,110.22388973113506,-17.698451193720956,-57.49424461398018
1187,-214.3148402780209,47.93702766226974,50.69287437948522,-173.9189165295057,108.96509314052872,1.598335563586027,-1.3437091920726836,-143.04519802175855,-47.25267798185417,18.95797648207086,30.489602141067174,154.55494735824334,185.35251558365215,42.77166493820521,-0.2713652886880167,130.90677749451362,-130.31241484798846,-138.57611404768906
1188,-162.79096114784352,88.0414581091619,4.252540400721161,-156.22760481302973,52.64794716664449,-47.50486314869878,-33.461666716779845,-130.0931736828928,-96.81555386958891,-0.5765160952892054,-10.886816321252143,91.400519889693,176.02880612638975,-30.2315936141478,-77.27421768202699,107.64414647189535,15.446389157389868,-25.322999415256465
1189,17.06697116985798,83.26200124128637,24.645825046379283,-93.32131382731633,72.4235008833579,14.90382464166177,-13.332288048295286,-5.992317987033639,-20.87560912513548,24.7090570571959,46.53749575694667,64.75787203979155,118.61481071331258,24.334060879975176,-1.6986330836160382,54.57615906652947,12.383992195683591,-69.95082288448396
1190,-32.19684237605119,76.07779661244636,21.762379130081513,28.286841778315523,62.93235795731086,3.4359877688085354,-5.341158376242081,-42.40427352465681,-25.432953739729207,20.922250562840865,10.446077717204142,65.36684754272135,93.73194428456206,-1.551662851417111,-12.106944508448374,73.64665499586756,-25.718410950790258,-56.6839434636105
1191,-163.43658213675508,95.5926504017046,33.38340645002886,-148.18924788865553,99.89639937103112,-9.421836422498187,-3.904052425562465,-102.50848633564625,-43.72164385781943,31.975340451072498,30.083663098729886,311.49406925103335,140.1747668887272,38.151457282833384,-30.59709470938969,125.39590826057952,-67.38503905331224,-114.25954494702431
1192,-117.25228923265297,119.41177696729292,7.648448497160088,-108.84323453576948,85.47414336458556,-6.826957541128798,-17.135248322785312,-93.93246433319071,-59.094518897242345,18.741457518448996,7.763083521470021,102.07182654036606,-105.22858244130634,11.805075389216276,-8.563258147655144,89.38537857958137,-12.359002982260652,-49.61082422102496
1193,-72.06892217162766,62.22318148614625,12.253347941775932,-71.21053042491664,36.03696633149979,211.11060235376974,-7.405101260623106,-54.94339854374715,-32.82126778834506,16.43052028455343,9.32956798894861,23.181981645214385,72.34427934068749,8.795553359718669,-12.37558108379241,66.62470551912506,-27.560715717195215,-21.644576805112397
1194,61.41253295260659,79.41364115691776,21.97654672100887,-91.37654647091324,68.12966789227154,9.658221166866069,-12.440265444002064,-47.700777220628474,-22.837633628178313,21.252475813372115,38.19846461456806,65.55560206753326,111.38649973973031,23.84720999343753,-3.7415766239825556,62.74990258740303,6.307748292779059,-68.28076167092217
1195,-184.80326807098623,292.36835307926447,37.52957836890757,-163.58085266185864,94.27911600892675,-1.657731239680028,-10.059117259119901,-127.6095145918811,-53.6838573194339,13.031013521046283,14.665113942864718,47.927509419511914,123.18931635299342,27.958624718258708,-41.881846782044946,126.34899873279089,-75.51557042314792,-110.10323736525679
1196,-142.11840100892044,104.10102757532916,28.546527657343603,-138.49410815586083,95.74005285370848,-8.068080532668114,-3.8532262615881123,-91.26561876392091,-10.180522892826138,32.98719657208244,28.657613382509084,309.8990617702106,118.75785459238533,39.14336968847617,-32.02859763600253,128.2783336585001,-45.52905430988669,-102.73690112281196
1197,-111.28559405575623,140.3598494064894,-0.7224895574583345,-104.40848893736884,58.81181063073688,-41.150575212649194,-12.969495854505237,-81.32013106561915,-64.16297086152268,11.112177572295383,11.247473067563066,171.463201703543,182.03119721410258,14.422635428003856,30.893021790607747,74.02326660563789,16.852386003456317,5.678225521571189
1198,-110.47530297088834,109.97444527283577,24.438083379970646,-128.09549473413966,84.56062686799937,-8.10666412951337,-2.689184249092363,-94.5184479602969,116.01342370266545,22.676634318528407,22.48410486879012,107.31763850305848,48.911700520700165,47.06186928763481,3.3241993106802554,144.89926425348762,-13.741036667012555,-71.27316057795625
1199,61.41253295260659,79.41364115691776,21.97654672100887,-91.37654647091324,68.12966789227154,9.658221166866069,-12.440265444002064,-47.700777220628474,-22.837633628178313,21.252475813372115,38.19846461456806,65.55560206753326,111.38649973973031,23.84720999343753,-3.7415766239825556,62.74990258740303,6.307748292779059,-68.28076167092217
1200,-132.72477881106101,112.49431166919233,8.851364244581745,-129.58671191825636,66.7418686846372,-6.929493974489093,-18.5866999227826,-105.35645502246307,-60.807644240061855,20.509639667811587,7.520782735567208,103.53803197838677,-92.59281850240943,20.01569253873277,-12.209110387862072,107.83437168284547,-5.830075469781675,-62.406875854243694
1201,-142.28208369398394,132.5919246006065,-1.2660487274757364,-145.28507842052053,82.5977537953633,-14.684941836446777,-27.896684915264434,-104.09232199649733,-69.90728569472297,28.509957267722886,2.798958506246604,147.89707897771066,146.82709689756604,19.31354706478623,-42.69475782562575,125.44562334012309,-245.59666589878188,-60.70021487334152
1202,-185.22832083905502,285.53284702164194,33.65228625365739,-163.0365222241678,89.66906275811793,-14.894089479973639,-12.917547701866535,-125.74921273205838,-65.48757053245399,13.500442678508346,13.406622441170391,59.24907149943428,68.14333028691476,20.006506161641408,-44.150602641935045,122.05763431827688,-73.59454871934331,-89.54292128512391
1203,-99.16266093789686,47.45796237395374,11.586228012475603,-91.766658798201,46.081698415205985,-11.393998741597457,-4.00766903088227,100.98437355175498,-25.862163152167515,10.328641381088895,-6.1574055661424465,82.08930965395204,78.40854226523983,21.687592694994315,-15.42138209903597,145.9920819518699,-18.260554562467913,-59.66555759631894
1204,16.637546994945357,84.77208636051701,24.325575918352065,-94.20862794518521,72.90475919541763,14.898308261936311,-13.80721008671733,-9.851350323235264,-21.57456680583902,24.997564171881304,46.68595965081965,64.97623651534848,119.70440379131543,24.191891164912438,-2.1724770368354043,54.73649594718005,8.011711777788376,-69.67948378112551
1205,-85.16299558651725,88.31668518130667,19.80670316145465,-84.4715946678278,46.00508139149034,199.2735089313876,-4.0705876170804896,-69.51003707370445,-25.55560471490538,20.364994512208586,15.398585079107903,15.025508664549957,100.98542252880422,22.244040470028374,-6.259539561938775,80.8307841897144,-32.566022671209026,-51.900560591744714
1206,-212.61522898665325,53.1123020469889,44.67551808559301,-174.74357698312832,105.84059565629578,1.5584623748182844,-6.119943198118161,-145.553438419124,-52.58332950563168,17.817743401132926,24.99500162231677,113.66310536452772,183.5207898876238,39.21273352898742,-1.7921058435595851,131.55967569280853,-169.24094193810552,-129.86821898142406
1207,-72.06636364706141,61.413349501635004,12.810653497859326,-71.70213675104524,36.656663007630776,211.76490219443824,-7.154170228528272,-55.12772720425116,-29.14299027701992,16.707088027716704,9.615690250471898,22.675380665429564,70.50722513560116,9.507918290060813,-12.92095915148317,68.08266945978959,-28.27427134319271,-23.336953059649293
1209,-162.79096114784352,88.0414581091619,4.252540400721161,-156.22760481302973,52.64794716664449,-47.50486314869878,-33.461666716779845,-130.0931736828928,-96.81555386958891,-0.5765160952892054,-10.886816321252143,91.400519889693,176.02880612638975,-30.2315936141478,-77.27421768202699,107.64414647189535,15.446389157389868,-25.322999415256465
1210,-147.36718031061855,16.443375723816988,12.991537150961003,-165.30355636582024,100.68129305806725,0.27263166341013584,-16.932839284116717,-107.79107884121751,-27.771675323845383,20.81647066029414,4.814478537084777,65.58996867047593,100.73930117313773,45.187289399882665,-38.23314539732336,148.43001103875696,24.40971094274978,-100.12197407334148
1211,-135.37127577665478,6.75658380335377,10.688952264030023,-159.3364213693829,89.99174679333814,2.8768680261981507,-17.6263563108309,-96.84552293950215,-54.33910522668996,18.975263743684597,4.1921344688962705,51.30645801833213,95.7538921294389,37.6113895101405,-42.10539543307685,171.89781517593076,24.224677864959837,-92.67490083829848
1212,-182.13769009442754,271.23269508501005,33.91094593466585,-157.81730067616175,88.15411795990362,-15.630876844994855,-10.797228225866109,-84.11578569963943,-61.17009201050886,11.569009440224605,9.745239651717009,51.65453358361398,103.77999918892466,21.17979518386214,-45.640003442806496,123.77714833897882,-74.36926270404845,-90.745416947214
1213,-215.1878562043181,45.47224149085465,50.96969244503295,-175.18147496071492,109.75099249599307,2.4155185604582563,-1.4440766414947166,-143.5776410122124,-47.18220296605331,19.19036130511742,30.372158835005475,153.24204687451322,183.8435600533611,43.32366586331944,-1.7019669143240859,132.29117481750617,-130.28894409262847,-140.8068584804634
1214,18.593228143849508,83.81572454428179,24.864027884026765,-90.91962958071846,72.6914861063066,15.283559423127413,-13.353415821586173,-9.3522736543456,-20.710966995831168,24.9344042725762,47.000001421194064,64.18499440912726,118.82614927355527,23.824205011490548,-1.6250652443516773,53.72900065339416,12.275292139958072,-69.77431259513286
1215,-110.92489256934152,107.52589904790302,21.107510099944747,-131.02541383471495,87.51892767985674,-9.096788764875768,-5.227465099837432,-94.12752588283368,113.5413384090573,23.906778657934193,20.39359220806143,107.43013072557302,91.48474960482581,46.87822376976163,-2.373943360834595,148.45868114107583,-57.24563526532276,-69.71512132202648
1216,-128.0322219681021,176.30236380903312,26.26416299124116,-123.08063167195897,80.48555737425862,50.456949350648316,-3.717209384264425,-110.96730905249993,-18.885558108007682,16.906134815000605,15.586789365873354,80.20551912067356,202.73689404968403,53.43819164174999,9.23464292366885,114.73546957493558,-20.222983906302623,-147.1208722794632
1217,-212.34214778888497,51.656593123481436,44.71188666466628,-174.23003146736818,105.71937504272162,1.4531497053259788,-5.888552457679587,-141.6967314722868,-52.14298088962598,17.637298037639738,24.645638758968545,113.33915700590721,187.08462751688594,39.34416363286953,-1.9655535659488343,131.796291397106,-169.33821378231033,-130.05233940988262
1218,-66.78572625002565,62.07637863118895,3.5435868670352177,-50.693193546943874,196.83755105462262,0.74438596274833,-11.983416788012644,-47.82049514364812,-51.22124057360087,10.835679558426543,3.838867724734647,59.920683754188495,-5.260020670145774,-6.024206445750591,-19.728605235759797,39.182973732386145,-11.953643433038431,-26.741687362347882
1219,-126.33604255826722,109.83943231959432,21.294380035622247,-129.61943197625317,75.09588592675964,3.6744572578181156,-13.940508867176796,97.24853115548719,-41.956249818231925,24.897295629314645,14.883679806040938,89.79592165621058,119.65059531570068,28.43148393399216,-22.528142337753042,91.60212468387789,-36.941725491487865,-70.57561363395273
1220,-54.79208118293074,48.802561601092826,-7.155376576823886,-55.99795605648803,25.40376765702695,-12.29800731154723,-15.05993172175685,-46.789895443796155,-32.6263703742931,4.217824989958243,272.86241880064233,46.44266735023484,52.90928383463304,1.2234406852139648,-23.680719718572483,53.83236408675476,-46.904806551148376,-13.960761660208894
1221,-99.98535418032542,113.64893222155439,23.364073770540134,-127.95186806261395,78.02286698968916,8.847475306739874,-15.456162867553896,74.84685265249014,-42.09896951871149,27.073914643844635,24.97569087468562,83.91138676546385,125.26006461876901,27.872064778855002,-19.837032274179347,79.75333885894749,-30.00378139403336,-71.11755328534956
1222,-35.78898464943975,75.47178208846599,20.25422981914802,68.4333279681943,60.137397186933406,5.387038526479596,-5.96778892444875,-67.9542029819643,-23.627009406837537,20.780086694581975,13.107494651478165,59.23946143457083,86.82315557803854,0.864006406776659,-14.067910039777228,54.37428606352088,-24.07627498684912,-52.49699356343325
1223,-147.39459038992786,118.4882813186249,30.097915307827023,-139.71865863871835,96.19479445224154,2.0845764210843107,-3.798447552353355,-96.51181883360404,-33.489858364868695,32.78495366846553,28.10538745200089,303.5146971833552,139.85485170802107,41.85108728561014,-31.525236890194726,125.38373132924573,-48.45697335897109,-121.82530427994963
1224,3.1914226829587773,84.13251395439471,21.286070597762684,20.188828532688262,64.11817715681191,1.840166966213325,-6.2937091458128345,-85.8099986856796,-29.6257623546951,20.72567190897014,8.011820182571741,70.07851607622173,94.32820385224365,-0.5733809817499393,-15.748058586377358,77.48755863126021,-34.83196266918161,-56.953104197024736
1225,-49.549615940913625,41.35209237924828,3.5079534802801065,-36.20622932343823,227.4624650406036,0.1690330523433603,-9.096286937091707,-33.26735328211698,-42.32805219718559,8.596193701913569,2.4921798991295385,43.77661116279014,30.578166282416415,-6.277238015246666,-19.209697590574194,28.64572805880292,-11.828537577940875,-20.928014489654654
1226,21.06997260054101,84.04914587145183,24.5588167705448,-94.12730768174056,72.46619075492038,14.71962311182982,-13.437770414315052,-10.409739782394105,-21.324757416766726,24.6398819468816,46.18927921982006,64.80723953676411,118.59986943568133,24.41801791510132,-2.059401962903139,54.98579414718154,11.432762031106941,-69.89893258633371
1227,-33.14160556587783,75.93946178286114,20.488013441511303,68.538789658672,60.496284727241104,5.916779555646828,-6.111489457745461,-70.55775368668456,-23.33290702539467,21.019982990521868,14.178476917070677,58.672930297561,87.38604790615338,0.8572128462361089,-13.763567801337162,53.2524014559616,-23.371056426964945,-52.56529009768244
1228,-125.89699232534704,163.52224711482413,31.009166063742327,-126.3515333684664,85.51862717392136,56.398303442940446,-1.4511671987125554,-111.41909649662234,17.924679473034878,19.529654842640728,18.021010780510714,75.59314551925715,183.64751102771336,59.85000649011425,4.005445001507507,128.12880945083705,-25.94705016546458,-167.67744945455868
1229,-77.8889155859603,45.189624189583526,18.00248553451797,-58.422579242511155,43.55978677307053,-0.1507814959842135,175.39152058619356,-48.15504505911504,-21.99530635155142,14.018297251487436,16.09027438446512,48.8527611830818,75.16689690222208,10.051492219865684,-9.549302609573257,59.87129123337723,-26.400339434665177,-36.104538246833314
1230,-68.12360204473778,33.2230214457769,2.382389411272432,-61.39792144214279,30.327392145575473,-9.210884504118098,-10.238441426959076,-54.019725572364564,-28.484499838431066,2.526330115385783,277.9148017358756,47.5723341910697,59.84451918623108,5.54653182502418,-16.140582499045834,55.01696892425091,-26.685264478707136,-28.49960238898193
1231,-99.98535418032542,113.64893222155439,23.364073770540134,-127.95186806261395,78.02286698968916,8.847475306739874,-15.456162867553896,74.84685265249014,-42.09896951871149,27.073914643844635,24.97569087468562,83.91138676546385,125.26006461876901,27.872064778855002,-19.837032274179347,79.75333885894749,-30.00378139403336,-71.11755328534956
1232,-128.0322219681021,176.30236380903312,26.26416299124116,-123.08063167195897,80.48555737425862,50.456949350648316,-3.717209384264425,-110.96730905249993,-18.885558108007682,16.906134815000605,15.586789365873354,80.20551912067356,202.73689404968403,53.43819164174999,9.23464292366885,114.73546957493558,-20.222983906302623,-147.1208722794632
1233,-198.26188051850804,35.72823507401327,81.97693629859329,-158.94988451757249,99.79227450474646,5.0163344560903385,0.5313215483418705,-133.7513966036912,-41.59630256690846,17.412920430788873,32.45513708172331,102.19191254818591,173.320386960679,39.04672979452697,5.956336774226751,119.42212850306917,-123.24193755751023,-127.63470187460956
1234,-138.68389602453755,135.1612975850333,-2.3163098247178766,-144.44741451647536,79.57036717063525,-11.521548537428327,-29.832564199117513,-73.42874635603272,-70.76736207584158,27.24016123420448,1.1214169465352608,104.346535681558,146.81002299144996,17.903426898781902,-40.243993595415304,118.97919311739463,-243.61662132535432,-54.313128648385856
1235,-132.72352072964037,119.54358902418618,24.36203953753745,-138.06011753434578,83.11198948114748,4.294386916741508,-13.972603621105476,60.75924112770081,-43.46098972107865,29.15726901889416,21.88059280111214,132.46953226368296,126.95790597932921,30.65816946931094,-26.47008398120364,93.14400377911818,-42.466527863502904,-77.93734780161668
1236,-216.00205014653335,30.18925560128327,47.47067879870415,-180.08319554597685,109.66902042899228,4.375551112398054,-4.340752252949973,-146.78486918802687,-51.09295156945459,16.8223442529933,25.45192391106637,105.50311689292536,180.7538163436131,43.93488651347154,-3.0300703581577806,135.9169907879082,-121.47501119380615,-139.28833003343377
1237,-111.92041574667526,57.247872922884554,13.927436360883139,-97.9649153415854,56.910960695226436,-14.060634381243696,-3.3960101469709456,90.02371719146662,-2.5289507545158227,12.373501691787457,-5.453181785727267,100.42095784619467,84.10522839722151,28.994677588536703,-12.295638548454532,122.04852597488237,-18.74224322326672,-67.70777855703325
1238,-109.37931183336815,66.55602436157777,10.66339462962009,63.174038830043244,45.927776807880065,-10.36064883273852,-12.099992741126004,-61.56018239163247,-36.75099790183747,14.997561918907465,-1.766058550071364,69.60330853296676,73.11522141662012,8.242492544965057,-6.2389883233006955,172.5074991964425,-31.550398181523896,-45.42415327214132
1239,-110.06392692401295,113.43546852371303,28.205365695475777,-128.39370283831468,89.34870970296585,5.142140987137303,0.2126014449867416,-95.77189636352706,124.98679938958396,22.80593735810374,24.093281552893835,105.1559577185118,105.0022743821622,55.02302209939936,5.053580883235316,148.69557148011697,-15.787608168122375,-92.66306572205431
1240,-214.9068736564861,44.103345703554844,45.02433343165942,-176.64460077097462,100.14941951683129,-5.319466897543923,-7.389414077596587,-149.05469265784626,-57.88979696963366,12.583945768394614,22.10446255625908,108.5150296901823,191.23952332425432,29.55834569709474,-10.77901459827899,128.5443800395992,-113.44660297757082,-122.56204457806822
1241,-111.77231624464955,140.4678816621881,-0.8636886058884161,-104.66892997155014,59.16657843550556,-38.28710149176398,-13.125452154215504,-81.44516739580061,-64.72569825136706,11.01267365035809,11.076311817277583,173.3036091554978,182.15948131538795,14.277723019360238,25.100565155417257,74.4102102178218,16.817596533538012,5.687820630886184
1242,-214.9068736564861,44.103345703554844,45.02433343165942,-176.64460077097462,100.14941951683129,-5.319466897543923,-7.389414077596587,-149.05469265784626,-57.88979696963366,12.583945768394614,22.10446255625908,108.5150296901823,191.23952332425432,29.55834569709474,-10.77901459827899,128.5443800395992,-113.44660297757082,-122.56204457806822
1243,-214.31228175345464,47.12719567775849,51.25017993556862,-174.4105228556343,109.58478981665972,2.252635404254526,-1.0927781599778486,-143.22952668226247,-43.57440047052902,19.23454422523413,30.775724402590463,154.04834637845855,183.51546137856582,43.48402986854736,-0.8167433563787796,132.36474143517816,-131.02597047398598,-140.26849030222596
1244,-90.24575489719632,80.39567071800343,-3.139426208309534,-88.01204463454835,37.09336605030745,-46.219956733660844,-24.048066287194004,-56.667085394468145,-65.10402668631771,4.471306865083048,-7.82789922835217,65.9802097287739,71.0831305504237,-15.045391084079109,-40.27501158598909,66.6895594904871,-14.37680866839062,-277.3060044239952
1245,-214.9068736564861,44.103345703554844,45.02433343165942,-176.64460077097462,100.14941951683129,-5.319466897543923,-7.389414077596587,-149.05469265784626,-57.88979696963366,12.583945768394614,22.10446255625908,108.5150296901823,191.23952332425432,29.55834569709474,-10.77901459827899,128.5443800395992,-113.44660297757082,-122.56204457806822
1246,-149.54401540598514,17.865015677272396,13.310186269847735,-167.15987103872797,98.31581166926712,0.3031355664710393,-17.028500852314792,-109.07342651630698,-28.73189978531831,21.28155292939853,5.259119199045685,71.06715868134798,101.48286104098605,45.550654813723476,-38.94120040437076,149.8671825581696,23.821150913969475,-101.67747202365952
1247,-75.92714549059856,50.333302714919796,15.534882557366103,-63.8062440817882,47.949293268866995,-7.2959478593367075,-5.0030161119511005,-42.65347818287412,-23.248165095566137,198.78832268239034,6.503645514544299,124.4111199277472,39.86711374461399,-3.7292725586711692,-4.499757503986673,61.230269235967164,-40.091000206042466,-65.06539370965999
1249,-212.9527973512391,52.49011921521064,44.42411671352045,-175.22041260420343,105.56082810024424,0.7416441254181009,-6.486295676682643,-145.8933656396287,-53.36421428026869,17.40265382292541,24.518560430601028,113.13381634822136,188.55495491033813,38.19030016977894,-3.267452498689383,131.57579982883934,-168.20645990800605,-128.9640314364095
1250,-185.28679936329897,283.249287475586,36.03337044906312,-165.50408872061374,93.44557355203624,-12.163893216954856,-12.571614335262563,-93.00785765100764,-63.44890065636232,14.686166399637555,15.23236524304801,55.13265522454898,111.07194333704872,22.137372569777025,-47.37625727906769,119.49924023376347,-78.11202495997871,-92.35877351241784
1251,-100.41477835523804,115.15901734078503,23.043824642512913,-128.83918218048285,78.50412530174889,8.841958927014415,-15.931084905975938,70.98782031628852,-42.79792719941504,27.36242175853004,25.12415476855859,84.1297512410208,126.34965769677187,27.729895063792263,-20.31087622739871,79.91367573959808,-34.37606181192857,-70.84621418199112
1252,-174.510986847784,269.3446737083658,29.693510257633534,-153.9398479084255,83.69144218020797,-22.68409175586492,-14.489623236019582,-115.77655171487447,-66.79705939437811,10.1033792264936,9.583838121226718,48.560586371936566,101.69327757788821,13.207105737597043,-48.36063138732257,113.31351652891217,-70.00861157352546,-130.44206867149205
1253,-137.82212391034562,4.961907453518121,7.869966729696893,-152.03667388379748,84.89974825814721,1.4774216579792743,-20.192797334460494,-97.80638623091053,-59.54736055612283,16.95447722339173,-0.5399821345978505,56.282433749140914,94.42883926305734,89.26294699896766,-44.59878856084177,128.6244285723368,24.790163555861106,-89.29154792586603
1254,-216.21137378875804,29.649586152511816,48.09769387692289,-180.03994998391724,109.98937247237136,4.443060458015852,-3.869039689920798,-146.5747658546039,-50.544467879035714,16.959834477265847,26.003151316700517,109.55211347811564,180.39495433197305,44.29972478206616,-2.950420569283473,135.9108418167816,-117.65521101311245,-140.29584255355857
1255,-149.4283971182741,117.40000937860661,30.56927546753999,-140.5930219016866,96.56122781177031,2.29768144387819,-3.8162971143189695,-97.54033708432983,-36.81235172316248,32.66317296332951,28.197415640286,303.6393566761343,141.69557251367704,41.697777480794656,-31.513600139849228,125.0457512202804,-50.69687949242675,-123.02836623313759
1256,-211.2996704550462,51.476800870719345,48.087465905012614,-173.50492403467655,105.52776226543995,1.7977525040877218,-5.721166147960198,-144.396337421351,-51.77222333902931,17.860767657744262,25.505083355166285,112.0160609296173,186.72472343263183,39.14998367861935,-1.6077890687161371,130.7037931974005,-169.04561855400536,-129.46561921132025
1257,-116.37671478178949,121.06673115419676,7.928935987695761,-108.07228243068887,85.30794068525219,-6.989840697332529,-16.783949841268445,-93.58435000324086,-55.486716401718056,18.78564043856571,8.166649089055007,102.87812604431139,-105.55668111610161,11.965439394444198,-7.678034589709834,89.45894519725336,-13.09602936361813,-49.0724560427875
1258,-129.2271297910792,124.62670977290453,18.041949104282594,-135.4779418994818,79.5145599301581,3.874635999278606,-18.789505692098103,58.932080670364634,-51.864928010871296,27.78537004668007,16.213012821737614,91.18746526046735,130.73841067789198,26.008447365148477,-27.545326351509335,91.72839532791073,-80.88747122755278,-67.54468661992223
1259,-35.66168313960128,78.89288650161694,21.94485141734383,56.032219505980315,62.4178179404756,4.3776335713062835,-6.733972783070709,-72.61557799638126,-25.815917184355065,21.324658378800944,12.593870616683745,61.22752568288656,92.30245128543206,-5.054882644909715,-9.625139961416203,86.56934864425897,-27.253945467070974,-53.25253003841432
1260,-124.93288804195296,109.52585858059815,21.244440384554764,-126.60480072079304,74.70197680956089,3.9297997965331954,-14.040285307877674,97.52240403238088,-44.875351203835855,24.90029889982601,14.728373883007883,89.00382050489789,119.84247989786336,27.430144515775872,-22.806886819315665,90.12502652140486,-37.16466704860063,-70.25807765350656
1261,-174.50842832321774,268.5348417238546,30.250815813716926,-154.4314542345541,84.31113885633896,-22.02979191519642,-14.238692203924748,-115.96088037537848,-63.118781883052975,10.379946969656874,9.869960382750008,48.05398539215174,99.85622337280189,13.919470667939187,-48.90600945501333,114.77148046957672,-70.72216719952296,-132.13444492602895
1262,-108.43506499444324,52.64798217514775,3.436640197454211,131.11810386641207,35.80041461179574,-5.571809504098579,-9.286065171526792,-54.81777143616822,-27.235080918090276,9.247083830157617,1.2657750145838358,59.51623839066507,48.02058491118152,32.17622374810472,-24.60646269738806,35.65271501458562,-18.542204319634575,-41.13121724481403
1263,-105.70201831709683,104.40767484468336,9.944801357595777,-111.3359173264463,63.76888934530357,1.6283100597880438,-12.359411248647067,-84.75168790864426,-43.375814094395565,198.4374458669955,9.890315881828249,52.09433404639956,125.38845310523163,34.35757855402278,-33.632511578629426,101.86877776472244,-68.69619814522628,-33.464539001108264
1264,-129.43069385399704,123.97160431985438,17.861630266656977,-137.89585965529818,78.83951442088392,3.8797170968423282,-18.759080954068644,59.752763383642495,-51.60256961555183,27.598246084507753,16.306084337951816,90.55121534656566,130.04798519135943,26.25219679439055,-27.653806873522058,95.55227390410114,-80.683032978219,-67.11751527686411
1265,16.637546994945357,84.77208636051701,24.325575918352065,-94.20862794518521,72.90475919541763,14.898308261936311,-13.80721008671733,-9.851350323235264,-21.57456680583902,24.997564171881304,46.68595965081965,64.97623651534848,119.70440379131543,24.191891164912438,-2.1724770368354043,54.73649594718005,8.011711777788376,-69.67948378112551
1267,-149.51611495653978,12.673048137606402,10.84511769132617,-137.79394476346334,91.36052919711007,-0.29762823429448665,-19.158214865037593,-104.35203175749575,-57.30290876959092,19.20882669012326,0.5673799366527955,61.344633433020796,99.82498289355725,37.235408924908235,-39.364608018661876,159.2621390188189,20.789602377891953,-96.6126476835239
1268,-147.64366733481938,110.52890834771961,22.66261148992179,-141.23777924592713,93.93369257283125,-9.367166757428341,-9.388933319908451,-93.51765668388077,-48.00753484894396,33.64882827024714,23.964136448434356,309.8904713192961,129.45924559161378,32.8068370405322,-40.29016037646601,123.5823049716287,-90.39427350271129,-98.61325317827699
1269,-67.66130070088911,60.42142444428512,3.2630993764995453,-51.46414565202448,197.003753733956,0.907269118952061,-12.334715269529513,-48.168609473597954,-54.82904306912516,10.791496638309829,3.4353021571496596,59.11438425024317,-4.931921995350503,-6.184570450978512,-20.613828793705107,39.109407114714166,-11.216617051680952,-27.280055540585344
1270,-127.04913952659366,165.26611197747928,31.061570212634763,-127.56269661484181,86.4004856610557,57.00728456493078,-1.5543982322099175,-112.39874507579741,17.752613293916227,19.929400825309187,18.165590045654834,76.20225649291197,185.0585247175614,60.47485192792383,3.9083446557239236,129.30195260463648,-30.637168405687742,-163.2715636430012
1271,5.152863411169747,83.0607161338808,21.01718864759303,21.016663579279015,62.90950651504765,2.1629898793503517,-6.281202705681394,-84.70034263693506,-29.04828783978665,20.33789782322017,7.867706063526215,64.60202747090851,93.11838585959093,-1.0621559745243772,-15.388777104780663,80.3100908847913,-34.18374423837186,-55.6132491478491
1272,-149.67551884998426,16.49865348182654,11.505576504163836,-163.69114273345895,93.6511460654126,2.6872670851635085,-18.382629686505815,-108.18662952815828,-60.18686406618766,55.86270913973394,3.195635778588034,56.25872616657702,108.61076740201284,43.069521032282836,-44.293499020510666,140.5283758465546,19.807054735413875,-94.86256692743429
1273,-169.8820826894475,6.982296277089584,18.02378786697738,-175.90350366841062,101.98014526455492,2.4341857944098493,-17.20699647197094,-119.35860902356507,-61.956833368256085,20.06374587803828,6.179401081896754,72.31375360913891,119.89006909754563,44.017556765568635,-38.82483290091576,146.48738146851613,1.4220895794129151,-113.70809155553904
1274,-188.12313675793075,280.5767958626916,37.04500808482871,-166.1106310777119,96.33324416147293,-15.264887239115081,-10.553876908606622,-123.65633283289924,-59.3546067700508,15.752309039066944,16.828027090532675,94.63506098060279,110.37774015488196,23.816307731981137,-49.08051502410609,126.44142229630565,-79.4253477948175,-98.15071201170218
1275,115.15364719729882,91.45872303197213,12.302247195796998,-129.51134508089618,55.02216314223217,-18.93461317580511,-10.72302466991396,-119.59527112798847,-52.36154512985055,8.887741967928743,-18.172548562246668,89.44132898120392,87.7019128653901,27.79290973433974,-30.061824675101054,123.76535032928638,-59.54890540162349,-63.063078465733824
1276,34.839902361507356,77.75305755112387,25.012194858648332,-62.461751872694954,70.61350787615112,15.296181794170542,-11.772389147200569,-34.34873171156366,-17.100853176523568,24.2713695905439,46.37511810759671,59.81833515296083,114.16698323397836,18.50059336274587,0.37910498094369727,50.53667094991572,14.487273657157141,-67.3085368425354
1277,-147.94711702251774,119.13106939586395,29.50952369108484,-139.99302574772497,96.01415842415382,1.9546677986082874,-4.352018258185389,-96.73702262560002,-37.27255956048048,32.851116838282,27.636039758593416,303.51383813826374,140.92499080794394,41.217434020815745,-32.351393164241074,124.9141284605586,-52.94349527825355,-121.41293948549612
1278,-108.48678545508926,84.36748074028326,13.39141060008098,-115.50895888746716,67.00537694021787,5.691661013467128,-10.01777270183273,-86.0430975927041,-40.68616715812755,197.30969173006733,10.817291105097967,44.22361134579586,119.63238488725464,39.39625185734342,-33.36460052063962,105.41771269638082,-17.473485521606168,-44.2239008108072
1279,18.593228143849508,83.81572454428179,24.864027884026765,-90.91962958071846,72.6914861063066,15.283559423127413,-13.353415821586173,-9.3522736543456,-20.710966995831168,24.9344042725762,47.000001421194064,64.18499440912726,118.82614927355527,23.824205011490548,-1.6250652443516773,53.72900065339416,12.275292139958072,-69.77431259513286
1280,-33.14160556587783,75.93946178286114,20.488013441511303,68.538789658672,60.496284727241104,5.916779555646828,-6.111489457745461,-70.55775368668456,-23.33290702539467,21.019982990521868,14.178476917070677,58.672930297561,87.38604790615338,0.8572128462361089,-13.763567801337162,53.2524014559616,-23.371056426964945,-52.56529009768244
1281,-127.04913952659366,165.26611197747928,31.061570212634763,-127.56269661484181,86.4004856610557,57.00728456493078,-1.5543982322099175,-112.39874507579741,17.752613293916227,19.929400825309187,18.165590045654834,76.20225649291197,185.0585247175614,60.47485192792383,3.9083446557239236,129.30195260463648,-30.637168405687742,-163.2715636430012
1282,-155.12143674138258,16.30063961085693,7.240337077059679,-169.3581945536365,88.75521904796112,-8.165305329500194,-23.99731698735959,-113.6753896789127,-71.61621015030762,16.143927575636454,-2.7641928223130265,61.68390177602058,114.76330864092976,33.835702457890605,-55.30024018349164,139.8623046026144,34.67617756857204,-87.72835006978106
1283,-126.73222621371278,110.42784420111019,20.989868967834013,-129.52003048315106,74.55521220018635,3.6553776845598582,-14.250548275025361,97.02565275285558,-45.48034194914587,24.855397047938897,14.615231082108716,89.90064649418268,116.06730370835851,27.808570280378383,-22.707006936190776,90.73556923024269,-36.95869514867032,-70.2504675143991
1284,-127.02065403103283,93.05507355968835,15.80000358786481,-105.04856961568358,57.92498515947689,-15.433088681978807,-5.466725516352846,83.65317345408121,-38.90992559735797,10.459247603193768,-7.322439365287754,89.78489569441447,87.88489220904432,23.528035113068615,-21.832025378544994,117.48406105745443,-30.821180021989576,-71.31484243080803
1285,-169.85398443466428,6.845406698359603,17.429251965640027,-176.0498162494366,101.01998796663875,1.6606872486096311,-17.801530215581124,-119.90631418812845,-63.02759276861412,19.403104324365998,5.352631454022114,67.84105189070583,120.62966542463495,42.641024748946165,-39.73253766931125,146.1127019907254,3.1063236909186775,-111.88361016529952
1286,17.06697116985798,83.26200124128637,24.645825046379283,-93.32131382731633,72.4235008833579,14.90382464166177,-13.332288048295286,-5.992317987033639,-20.87560912513548,24.7090570571959,46.53749575694667,64.75787203979155,118.61481071331258,24.334060879975176,-1.6986330836160382,54.57615906652947,12.383992195683591,-69.95082288448396
1287,-125.75479322398397,163.58740586333485,31.413106262881627,-125.95259522318857,85.72565859224781,57.15970813639402,-1.090681059225992,-111.18608099648684,18.689827681351765,23.33337049112733,18.246893324065137,75.73293600500884,183.02780530276232,60.02338761243065,4.6760546891323695,128.02821702944675,-26.57151382135842,-163.3894313811824
1288,-216.21137378875804,29.649586152511816,48.09769387692289,-180.03994998391724,109.98937247237136,4.443060458015852,-3.869039689920798,-146.5747658546039,-50.544467879035714,16.959834477265847,26.003151316700517,109.55211347811564,180.39495433197305,44.29972478206616,-2.950420569283473,135.9108418167816,-117.65521101311245,-140.29584255355857
1289,-216.00205014653335,30.18925560128327,47.47067879870415,-180.08319554597685,109.66902042899228,4.375551112398054,-4.340752252949973,-146.78486918802687,-51.09295156945459,16.8223442529933,25.45192391106637,105.50311689292536,180.7538163436131,43.93488651347154,-3.0300703581577806,135.9169907879082,-121.47501119380615,-139.28833003343377
1290,-169.6727590472228,7.521965725861038,17.39677278875864,-175.94674923047026,101.65979322117586,2.366676448792051,-17.678709035000114,-119.56871235698804,-62.50531705867496,19.926255653765732,5.628173676262607,68.26475702394863,120.24893110918565,43.65271849697402,-38.904482689790065,146.49353043964268,-2.3977106012807976,-112.7005790354142
1291,-150.1312464830612,115.67413865344699,23.530450964258943,-143.38925810257757,95.1468046174221,-12.334918464602236,-9.217404369070014,-95.29672478259059,-48.28354220395854,33.939921534901366,24.56910078537133,308.6686766773651,131.009862007492,33.51372336583959,-40.47404170400798,125.0811981122833,-91.77264621745006,-100.15836011252419
1292,17.06697116985798,83.26200124128637,24.645825046379283,-93.32131382731633,72.4235008833579,14.90382464166177,-13.332288048295286,-5.992317987033639,-20.87560912513548,24.7090570571959,46.53749575694667,64.75787203979155,118.61481071331258,24.334060879975176,-1.6986330836160382,54.57615906652947,12.383992195683591,-69.95082288448396
1294,-136.72348427872822,135.74068463393175,-3.0303144961353436,-140.65957078067535,78.5223771654199,-11.800969867984582,-30.035871852704464,-71.9295986752831,-70.62539136649436,27.17503465482188,0.5684028032335328,103.65443741795607,144.8746420798794,17.198330615095884,-40.372621755707115,120.20909368844352,-241.74654221936527,-52.66309903375147
1295,-106.6412562652146,100.1068707410841,9.992775060861897,-111.10402908490069,56.58493744446807,-6.248764938908382,-13.487255605035156,-87.59526322959448,-48.66904620958805,192.9735477499516,7.252336965485016,49.17018319770173,130.70475179001582,23.68864014863002,-40.48245974820518,96.67609595255732,-13.679325978591498,-23.064105867186978
1296,-214.79314948043725,45.86141851892627,45.343444383671645,-176.10477021284103,100.12293285278928,-5.544749330605878,-7.119973738882578,-148.7216787864694,-57.51621197930228,12.831782082600345,22.58990783607074,113.36946673422646,191.62270173774186,29.44989470612288,-10.640297525505725,128.14219481745747,-114.85035109751705,-122.6188241255021
1297,-130.3429642674101,137.1114798025731,11.5936141859648,-125.59298657548085,61.30345133325294,-6.33044652940747,-17.84522127491661,-72.92101301082684,-58.15251296693988,21.76742897087034,10.887411474056666,108.43746412677878,-87.32426679627434,18.047053015081705,-8.844685248339035,99.01309748721395,-19.106995766770723,-57.83170682756882
1298,3.1914226829587773,84.13251395439471,21.286070597762684,20.188828532688262,64.11817715681191,1.840166966213325,-6.2937091458128345,-85.8099986856796,-29.6257623546951,20.72567190897014,8.011820182571741,70.07851607622173,94.32820385224365,-0.5733809817499393,-15.748058586377358,77.48755863126021,-34.83196266918161,-56.953104197024736
1299,-169.8820826894475,6.982296277089584,18.02378786697738,-175.90350366841062,101.98014526455492,2.4341857944098493,-17.20699647197094,-119.35860902356507,-61.956833368256085,20.06374587803828,6.179401081896754,72.31375360913891,119.89006909754563,44.017556765568635,-38.82483290091576,146.48738146851613,1.4220895794129151,-113.70809155553904
1300,-142.5922032860926,105.2644245390858,-6.353227709254675,-143.1077394801946,42.81313347408886,-55.953629350260606,-36.06192175678606,-118.29771844197161,-100.74698039023397,-2.3722227897674246,-15.153766099147777,90.3654977157061,175.60896170720582,-35.71369387844254,-72.07552158134762,96.84649337704528,46.384754871867614,3.688162209425898
1301,-207.45562928012333,46.19912802155018,50.90256878227961,-172.3304289331112,108.32734567903765,2.8142288959785446,-0.3560548747521163,-143.09362255510547,-14.466442923792826,17.401663678432985,30.03880699255039,117.61510851756888,177.11396758402032,45.903364834345375,5.901815010169597,136.64650799350144,-125.02547482668723,-134.91216077118395
1302,-113.4054622711559,71.68298031110231,6.2265243083277415,99.6788371551461,41.733225510096446,7.164874424994405,-7.549469385936959,-63.717796297507974,-22.860456155658163,10.15182408453873,4.400702200858601,60.26315206988851,70.53670267419092,42.50342614527366,-22.878822658330783,21.902702653906715,-16.664876876075958,-62.13005619545554
1303,80.82047668155516,98.17596016460507,9.336242105705805,-140.61906909432625,60.12226238288443,-23.962212987041237,-9.960422439016963,-131.2084804957095,-57.87702407842616,10.813789892690215,-22.596438925425357,139.32171151062153,90.82979741012726,30.139541114251468,-37.878797153404385,137.7789105804754,-76.79076901868045,-70.0572283861098
1304,-212.9808956060223,52.62700879394062,45.0186526148578,-175.07410002317746,106.52098539816042,1.5151426712183174,-5.8917619330724555,-145.3456604750654,-52.293454879910655,18.06329537659769,25.345330058475664,117.60651806665444,187.81535858324878,39.56683218640141,-2.3597477302938943,131.95047930663003,-169.89069401951184,-130.78851282664903
1305,-153.72969177576874,121.86940948423367,2.6285815566519464,-151.0742538647118,84.63820989350026,-12.205403139577829,-27.320607687729233,-113.21308212587259,-70.70176837263078,25.581050374697515,2.890294790772493,112.58577655183286,156.99209035392417,20.35309378724489,-35.87146870596787,126.68556891775827,-259.75532545258403,-66.17144292099108
1306,-208.33914635820196,52.4437377536469,44.624878388831796,-175.0360253217924,105.7620649142841,1.2689481754940286,-5.994034823699352,-146.11415326764717,-52.592129181257235,17.56812292732544,24.29742222184193,113.38852450287979,187.0696862392547,39.42812066799568,-2.3263224452359372,132.20592647775808,-170.28944394688696,-130.00044911173237
1308,-107.51427219151181,97.64208456966901,10.26959312640962,-112.36658751610989,57.37083679993242,-5.431581942036152,-13.58762305445719,-88.12770622004832,-48.5985711937872,193.20593257299817,7.134893659423319,47.85728271397159,129.19579625972477,24.240641073744243,-41.91306137384125,98.06049327554986,-13.655855223231514,-25.29485029996134
1310,-97.52905181658808,54.36907283136559,13.323013740484088,-67.73483639657971,52.669130860766245,-11.190869664191057,-4.587362482365031,95.82880352444985,-31.80597224866696,12.276554793549261,-7.173995172028941,88.14489200345255,86.02236682823668,18.840271389773395,-14.838006941059705,106.63090132787916,-20.77365433705161,-63.89371013007598
1311,-214.9068736564861,44.103345703554844,45.02433343165942,-176.64460077097462,100.14941951683129,-5.319466897543923,-7.389414077596587,-149.05469265784626,-57.88979696963366,12.583945768394614,22.10446255625908,108.5150296901823,191.23952332425432,29.55834569709474,-10.77901459827899,128.5443800395992,-113.44660297757082,-122.56204457806822
1312,-169.8820826894475,6.982296277089584,18.02378786697738,-175.90350366841062,101.98014526455492,2.4341857944098493,-17.20699647197094,-119.35860902356507,-61.956833368256085,20.06374587803828,6.179401081896754,72.31375360913891,119.89006909754563,44.017556765568635,-38.82483290091576,146.48738146851613,1.4220895794129151,-113.70809155553904
1313,-127.84606638670297,113.4201523832747,21.481636758320413,-130.32779740366297,75.19728837318468,3.537211827744605,-14.147580404114986,96.61147678174865,-45.59434730251614,24.705870220455274,14.69675404808489,88.73231544103255,120.02856169688296,27.88481968644535,-23.48178102076209,91.14567819213511,-38.14961917136015,-70.9363200213302
1314,-185.20529957885617,292.72840900617473,37.46317572065992,-163.7282078184011,94.11609336174529,-1.403791186636408,-10.334563330308068,-124.55825748640764,-57.00408246273868,13.10768731178346,14.57923949912026,47.6205926299955,123.89888605066464,27.548797705458494,-42.38327684419595,125.22660387070434,-75.98428770439392,-110.05967646843256
1315,-153.8434159518176,120.11133666886224,2.309470604639717,-151.6140844228454,84.66469655754229,-11.980120706515873,-27.59004802644324,-113.54609599724942,-71.07535336296216,25.333214060491784,2.404849510960831,107.7313395077887,156.6089119404366,20.46154477821675,-36.01018577874114,127.08775413989999,-258.3515773326378,-66.11466337355722
1316,-123.96903430242634,129.04385353823068,11.656239149938466,-121.87719086745034,65.0798418913035,-8.558325536526398,-15.07371510761392,-101.8753117229647,-24.729619284818973,20.951468868978733,11.55643841141708,111.60102701784001,-95.87380525036217,21.619332591011993,-3.356874808408997,108.5700378595653,-13.20033928335646,-57.02319407186906
1317,-94.72366309364843,71.0804404166699,14.23665699186314,51.986188200846044,50.91191680096234,-8.488720287791889,-11.589203777138245,-64.74531587117542,-36.27276771806012,13.728236177601353,0.3666693373410508,70.21402090248068,80.840663762341,0.6624505436816751,-3.1550170967639675,181.33009362652314,-33.1293642812255,-48.07526279840408
1318,-184.86850207211037,285.7897843200846,33.54726014393317,-162.95275583376326,89.36632409564511,-14.577750150071793,-13.111135630251843,-122.68285516801193,-65.57357817056585,13.373463075156506,13.238868285199258,54.89401716981901,68.14162289630315,19.865494145040977,-43.905526218914,121.41099129600404,-73.39654426200055,-88.90421266262834
1319,-207.45562928012333,46.19912802155018,50.90256878227961,-172.3304289331112,108.32734567903765,2.8142288959785446,-0.3560548747521163,-143.09362255510547,-14.466442923792826,17.401663678432985,30.03880699255039,117.61510851756888,177.11396758402032,45.903364834345375,5.901815010169597,136.64650799350144,-125.02547482668723,-134.91216077118395
1320,-45.81135543865515,60.27708526526065,10.248580801142495,-93.8605275412249,30.360979617643153,-1.362838836460403,-5.4404722309906575,-35.09664390519831,-17.96169963657831,11.518986920553777,19.464454622119614,45.03059041574341,78.52142413359138,8.565706322987298,-8.587492008965196,256.3048947209925,-6.819777282879209,-20.5999343912024
1321,-125.92257757100958,171.62056695993664,25.436110502908374,-121.43547010718038,79.32166041261151,49.85530503625547,-3.9604775196609068,-109.5758098915823,-18.858095640216597,16.763977411007986,15.159788165277813,80.65915531710532,202.01805307857657,52.726357186692816,9.45922567841513,113.5491700441918,-18.811493905489638,-150.75368690918972
1322,-83.07078030942752,47.769227757992,-4.270535841926236,-83.83069654414425,38.07269927915457,-44.04878663567213,-22.74966585628489,-54.49179342148956,-60.64862594062767,8.575962681722778,-4.656444541784609,116.69425318618076,76.42812630760324,-11.629998318449182,-37.878016947757985,66.64145156295062,-9.126591755589798,-281.58184375905563
1323,-135.24693477987705,135.93599578605543,-2.8376096354983256,-140.558419998047,78.81002469390774,-11.479311021507128,-29.914491077852777,-72.12635522841323,-70.36397010315173,27.364945209851868,0.8740828352171001,103.42977503746621,145.16118676795668,17.055397285381098,-40.534374827323425,117.84007506388693,-241.59965674901142,-52.79253071475173
1324,-80.08289849117742,58.381629252907544,-3.8344225862552515,-81.55389596987632,36.22398394186302,-31.80234623618059,-22.304382171746838,-58.04965700457322,-55.544951435072456,6.126796715504185,-6.603066374685772,74.65745678119896,87.95854488590355,-7.901913030799371,-31.399215529902964,66.55827035578733,-5.607792121087174,-292.33911657725474
1325,-63.74417934584018,23.315280576322976,-6.346965632029063,-58.53668824518947,35.67764193192995,133.1226981195797,-19.130324450528526,-34.702927897408486,-45.55423901932196,1.1976458063554845,-13.420189756316086,155.72479307715508,32.84691936097197,-11.528008533388356,-39.88644864700749,51.49676526357568,-10.50671205787876,-20.89536529934245
1326,-55.98457348491781,35.33148442294748,-0.8283562856438047,-12.752890447127823,18.990001753017474,-15.915109786538055,-15.459246123407107,-34.26141543156912,-31.206659994318514,2.4608416373431226,-3.597041197224488,44.02242465572443,51.3032470673203,274.0491935883142,-28.067051481645333,30.93522343234872,-12.525723315108326,-15.035971489128302
1327,-213.31403316335278,46.003647742434524,50.77807860286509,-173.06562663776003,108.36832603689344,2.080773458009488,-1.3795335736950418,-142.21853407207735,-46.643159285201804,18.870453861393717,30.28319124993808,152.95886879657243,182.99845191307082,47.95373264473722,-1.380177084996376,130.38842481585326,-131.0127892871423,-139.20785271970072
1328,-150.4493466227675,83.08134899634999,-3.861865119325165,-154.4707653610774,49.88622767326805,-48.598982378410554,-36.96522880158436,-123.08970535605619,-100.11270524802623,-0.28075938234838815,-16.210755853703045,78.5493933621348,162.0283619345864,-30.745685552414557,-84.95093621207224,109.30606928397815,46.595991670107466,-16.388537685543344
1329,-205.27879418475675,44.777488068094776,50.58391966339288,-170.47411426020346,110.69282706783777,2.7837249929176413,-0.260393306554041,-141.811274880016,-13.506218462319897,16.9365814093286,29.594166330589484,112.13791850669685,176.37040771617202,45.539999420504564,6.609870017216997,135.20933647408881,-124.43691479790692,-133.35666282086592
1330,-169.12023241463288,6.879177648621994,17.98516440550082,-175.6723821214636,101.8404292492636,2.4965850712680737,-17.12513832916808,-119.34350856499206,-58.722615863063176,19.860092483949263,6.097521369670079,68.26561606904006,119.1787920092628,44.286371761768415,-38.07832641574372,146.96313330832982,2.0888113180016594,-113.1129438298677
1331,-134.11767416671591,166.4643421694274,31.478890888059112,-129.10793864917673,87.35858516592585,55.85890057815605,-2.0703399865013097,-112.14021720902743,-14.48513807372624,21.623203853219604,19.16761259980576,117.1910919187767,192.9382107055532,57.70799030037828,-2.185185854259381,123.55607313452211,-32.10430824629529,-167.9430294396311
1332,-216.00205014653335,30.18925560128327,47.47067879870415,-180.08319554597685,109.66902042899228,4.375551112398054,-4.340752252949973,-146.78486918802687,-51.09295156945459,16.8223442529933,25.45192391106637,105.50311689292536,180.7538163436131,43.93488651347154,-3.0300703581577806,135.9169907879082,-121.47501119380615,-139.28833003343377
1333,-184.20364750232952,291.26727629384834,36.88878260327295,-162.64405652448988,93.2166214937047,-2.396620984146386,-10.509456931454572,-126.85506980470201,-57.29449233592703,12.697430708194293,14.051186984313127,47.31753940076566,122.84844176306825,26.70012601565473,-42.61090271030772,124.7062527103043,-75.31197410220722,-114.09675838236079
1334,-162.79096114784352,88.0414581091619,4.252540400721161,-156.22760481302973,52.64794716664449,-47.50486314869878,-33.461666716779845,-130.0931736828928,-96.81555386958891,-0.5765160952892054,-10.886816321252143,91.400519889693,176.02880612638975,-30.2315936141478,-77.27421768202699,107.64414647189535,15.446389157389868,-25.322999415256465
1335,-207.45562928012333,46.19912802155018,50.90256878227961,-172.3304289331112,108.32734567903765,2.8142288959785446,-0.3560548747521163,-143.09362255510547,-14.466442923792826,17.401663678432985,30.03880699255039,117.61510851756888,177.11396758402032,45.903364834345375,5.901815010169597,136.64650799350144,-125.02547482668723,-134.91216077118395
1336,-140.99723060970464,199.3294477516279,32.881733290724,-133.43518764256467,86.53265163817181,55.02584914220533,-3.521882568094456,-117.78964023400776,-18.45629536980727,17.61540075404704,16.151753200950225,64.95708336747693,187.42717483953618,54.383364014646155,-5.530941828582956,123.5643445334091,-38.02598696418743,-171.28451332833347
1337,-127.25846316881835,164.72644252870782,31.688585290853503,-127.5194510527822,86.72083770443477,57.07479391054857,-1.0826856691807427,-112.18864174237443,18.301096984335096,20.06689104958173,18.716817451288982,80.25125307810225,184.69966270592136,60.83969019651845,3.9879944445982316,129.29580363350993,-26.81736822499403,-164.279076163126
1339,18.593228143849508,83.81572454428179,24.864027884026765,-90.91962958071846,72.6914861063066,15.283559423127413,-13.353415821586173,-9.3522736543456,-20.710966995831168,24.9344042725762,47.000001421194064,64.18499440912726,118.82614927355527,23.824205011490548,-1.6250652443516773,53.72900065339416,12.275292139958072,-69.77431259513286
1340,-216.21137378875804,29.649586152511816,48.09769387692289,-180.03994998391724,109.98937247237136,4.443060458015852,-3.869039689920798,-146.5747658546039,-50.544467879035714,16.959834477265847,26.003151316700517,109.55211347811564,180.39495433197305,44.29972478206616,-2.950420569283473,135.9108418167816,-117.65521101311245,-140.29584255355857
1341,-106.6412562652146,100.1068707410841,9.992775060861897,-111.10402908490069,56.58493744446807,-6.248764938908382,-13.487255605035156,-87.59526322959448,-48.66904620958805,192.9735477499516,7.252336965485016,49.17018319770173,130.70475179001582,23.68864014863002,-40.48245974820518,96.67609595255732,-13.679325978591498,-23.064105867186978
1342,-131.66497189454148,93.38891005032937,23.15121633941366,-124.12403006937974,83.58541468994048,-11.709659681063783,-5.578205734781949,-79.1451498872602,-39.176037789658835,29.325556991883957,79.25336182619434,297.3201702167802,111.11115501236304,30.680559324929526,-35.910608142666646,110.57275506176158,-43.301021808050905,-92.3237624316748
1343,-26.41381828548351,74.46314512511911,55.91194575957085,35.49984140384672,61.77515066837041,7.128210252150256,-3.565022388421286,-68.6318402227171,-21.426703932415876,23.652119213158354,20.088431515815245,56.35388034359695,90.87857578601505,-3.354750875513209,-8.562724821179359,62.466225827684525,-22.393708740365657,-51.60480519290333
1344,-111.3358833775446,112.24407795522716,28.638102393712185,-129.03694455433597,89.57542704720328,5.417645286789409,0.2766100258239862,-96.78531415567987,124.8985235364831,22.480503258878702,24.103430028952268,101.23247967119205,106.13171809953532,55.13852729078366,5.811724118752858,148.8333432109653,-17.36079256298928,-93.27097994957093
1345,-126.32264918871063,133.51092053347037,12.257640668441379,-124.11943501005587,62.933677805067575,-8.869847059843673,-15.09076056303494,-103.43358406556143,-24.950261533892178,21.000691063498586,11.746155911501262,111.50663202194295,-94.4199637729866,22.14532314308383,-3.830384626829061,110.2370461080794,-14.419822954310781,-58.26731579581116
1346,-216.00205014653335,30.18925560128327,47.47067879870415,-180.08319554597685,109.66902042899228,4.375551112398054,-4.340752252949973,-146.78486918802687,-51.09295156945459,16.8223442529933,25.45192391106637,105.50311689292536,180.7538163436131,43.93488651347154,-3.0300703581577806,135.9169907879082,-121.47501119380615,-139.28833003343377
1347,-140.31489515250237,166.09745703350404,13.876548524477224,-130.64207901328672,63.68327717571153,-9.851115877461654,-17.229850466666818,-106.11581632373485,-61.013364035754876,19.35453617450144,9.977949646152362,101.62725929582435,-90.30869664467484,16.815517902362338,-12.91456283606148,105.0066328203077,-25.759583354407354,-61.470112385384205
1348,-90.88450271433362,81.3660863884626,-2.8326602581180147,-88.85611319035762,37.894976405746235,-46.15796376776851,-24.05127576258687,-60.316014397246775,-65.25450067660238,4.897304204040999,-7.128207928845049,70.24757078952113,71.81386161678657,-14.82272253054723,-40.66920575033415,66.84374740001113,-14.929288905592125,-278.04217784076155
1349,-155.0411834771009,24.156006870932863,6.831734201088571,-170.0498547098202,95.54929409047371,-1.7694492040894052,-23.15874165424532,-111.87316960083025,-67.62967114179415,21.282543073890956,-0.26112736290367916,66.58586651200044,112.92384836730379,37.83759014915704,-48.11046791322974,144.79647439350745,-19.35983416734936,-95.72934268888503
1350,-213.57046208343485,46.091277640853114,51.013324369073295,-173.0747885729877,108.7293267197641,2.2751503532417465,-1.1826316928259568,-142.24206639494795,-46.41988727870526,22.704677060868747,30.38767998759329,153.57816684546395,182.5548810636896,42.39891228825979,-0.875189597016682,130.6214029913013,-131.4468378089391,-139.97399324595366
1351,-208.18957910549258,41.110279110351776,48.476123665234596,-143.1956242047936,101.51177922217194,2.1510658183547933,-2.567627030277777,-138.3873282548673,-46.27166941325836,15.532590833246733,25.428947442384175,111.94072080934058,176.16736652487435,37.319303949330354,4.731900910706438,145.5657126143371,-128.7237451013535,-130.4424841567197
1352,-83.19344353589727,47.129741485106166,-4.946007948552862,-84.12691994778919,37.95776005103012,-45.477011581233434,-23.270854384262737,-54.306578579014364,-61.764184576108235,8.710602009252298,-4.99138063265196,117.31601175709955,75.5058306994321,-12.409068285671555,-38.677533560838405,66.65684289042865,-13.337369673450466,-279.3790787035753
1353,-162.90468532389238,86.28338529379047,3.9334294487089334,-156.76743537116332,52.674433830686525,-47.279580715636826,-33.73110705549385,-130.42618755426966,-97.18913885992029,-0.8243524094949358,-11.372261601063805,86.54608284564884,175.6456277129022,-30.12314262317594,-77.41293475480025,108.04633169403708,16.8501372773361,-25.266219867822596
1354,-149.67551884998426,16.49865348182654,11.505576504163836,-163.69114273345895,93.6511460654126,2.6872670851635085,-18.382629686505815,-108.18662952815828,-60.18686406618766,55.86270913973394,3.195635778588034,56.25872616657702,108.61076740201284,43.069521032282836,-44.293499020510666,140.5283758465546,19.807054735413875,-94.86256692743429
1355,-67.53385635228918,48.64185155023563,13.254436007945023,-57.7135816310769,42.34113990972626,-4.606647575314066,-5.37439083390507,-40.394480872783966,-21.982803845684494,231.9039310265254,3.9615449319203653,76.98820276143425,43.04737420106432,-3.2836629120843166,-3.712776390658014,56.90201280546233,-36.51444668524995,-52.61139097442976
1356,-126.10336014627394,89.73000562228148,32.04816239376101,-137.3558984143805,93.67001129788643,-5.7099720157766995,0.3579276038724669,-101.95289252607328,118.43329140795836,22.272891883873992,26.35767946114612,112.62872880640512,103.48513535778199,52.035757026964745,5.43634499634959,150.16571235211526,-35.429229488461004,-86.7896826436659
1357,-76.55802322925977,57.13480703198412,-10.12964978471203,-77.3336395354362,30.645671611319617,-51.40335402693365,-24.615084108288652,-52.724137969986856,-66.06018092610302,3.650802058053561,-8.388978434700185,80.83789898387268,86.0714291487264,-16.7575786098476,-25.88617044117307,56.847878258864725,3.744032211822151,-257.27691008332397
1358,-133.32040313066594,90.02043539690624,22.421282892592707,-125.50608729269517,85.73466647021615,17.406475961235355,-7.260630651577765,-80.98749523917944,-40.43933405625287,28.644528510460045,21.530602528471867,311.3227576109878,108.20400428012206,27.861414532788388,-38.95641383520618,110.68027696692353,-43.99474299608829,-92.0772962009845
1359,-143.12154157438903,113.76385766248868,23.654054848148633,-135.02115832381543,90.65479569056444,-17.441585216453475,-5.983936094759836,-90.56434588385213,-43.60120787680797,30.704037813963286,26.588280862169203,314.8068831413058,138.30104667794447,33.27327095790894,-25.805059603627832,115.65403388425224,-38.56397708477823,-86.99753912431272
1360,-184.80326807098623,292.36835307926447,37.52957836890757,-163.58085266185864,94.27911600892675,-1.657731239680028,-10.059117259119901,-127.6095145918811,-53.6838573194339,13.031013521046283,14.665113942864718,47.927509419511914,123.18931635299342,27.958624718258708,-41.881846782044946,126.34899873279089,-75.51557042314792,-110.10323736525679
1361,-125.68819981113835,128.27524628288614,11.78989645520754,-124.18202168772666,62.99847803797591,-8.56971847356643,-15.234987507613617,-103.14464402177273,-24.919966545132255,21.14793355224124,11.529516101872323,111.76393873317565,-94.46983147937362,22.531623385402717,-3.7619695017653223,110.61992598215022,-12.474902893081017,-58.444977586671136
1362,35.16853888684038,76.88411673309375,24.83595299519149,-59.4009162433207,70.09497387764601,14.975925433364544,-11.718100291564967,-36.92935938701329,-16.96115068216535,24.0077885152881,46.000006596324546,59.557813171654416,113.36275343039254,18.05201428704458,0.763543633148378,52.55098627408583,14.58616391093651,-66.9051300779132
1363,-156.34123818541573,23.101505881176973,7.859006800662332,-170.54678384481548,96.73616873262733,-0.7204463586370818,-22.500199329797887,-112.33888222841966,-66.64718759453697,21.617750528338195,0.5757907410293923,67.13509018311376,113.3136957575876,39.32962735716381,-46.44461990931671,145.3089256021465,-22.61725267372203,-98.16173830664117
1364,-184.4664705642404,285.42972839317434,33.61366279218083,-162.8054006772208,89.52934674282658,-14.831690203115414,-12.835689559063676,-125.73411227348538,-62.25335302726109,13.29678928441933,13.324742728943717,55.20093395933542,67.43205319863192,20.27532115784119,-43.404096156763,122.5333861580906,-72.92782698075455,-88.94777355945257
1365,-112.74504779382018,100.67349563668104,27.414029461205384,-130.07941269835865,90.60122750007324,-8.527007978190088,-0.2789487291071107,-88.16978560176658,119.46652392925171,25.101235537166453,25.556503401054677,147.59614821885543,91.45996711768788,50.65803655958991,-1.7508931944807704,148.6338071341077,-19.14490530259045,-79.97436695173332
1366,-215.1878562043181,45.47224149085465,50.96969244503295,-175.18147496071492,109.75099249599307,2.4155185604582563,-1.4440766414947166,-143.5776410122124,-47.18220296605331,19.19036130511742,30.372158835005475,153.24204687451322,183.8435600533611,43.32366586331944,-1.7019669143240859,132.29117481750617,-130.28894409262847,-140.8068584804634
1367,-207.45562928012333,46.19912802155018,50.90256878227961,-172.3304289331112,108.32734567903765,2.8142288959785446,-0.3560548747521163,-143.09362255510547,-14.466442923792826,17.401663678432985,30.03880699255039,117.61510851756888,177.11396758402032,45.903364834345375,5.901815010169597,136.64650799350144,-125.02547482668723,-134.91216077118395
1368,-162.79096114784352,88.0414581091619,4.252540400721161,-156.22760481302973,52.64794716664449,-47.50486314869878,-33.461666716779845,-130.0931736828928,-96.81555386958891,-0.5765160952892054,-10.886816321252143,91.400519889693,176.02880612638975,-30.2315936141478,-77.27421768202699,107.64414647189535,15.446389157389868,-25.322999415256465
1369,-60.426869183461896,35.916669777407066,-6.419700904033586,-55.51530350320761,33.0038171032528,146.07555427834623,-18.88649583313664,-38.47178099588633,-43.56176708003021,-1.800217454828451,-15.869225165507338,109.523842495849,47.49554976416974,-8.098056477452925,-32.14240233725558,49.94637775939639,-5.883379060211683,-31.15551439836016
1370,-126.49917141857001,165.4331558847515,31.092656273293553,-126.79672317970658,85.96142501301243,56.4828933467383,-1.2517585584727189,-111.98921262329742,17.85703697820286,19.586669912329445,18.34881547753902,76.70971651778822,185.82543982272486,60.39614026237608,5.279878997461035,128.31359153265913,-25.43709086040779,-161.99155218291776
1371,-143.7504355635754,105.83110678597134,-5.601380059006038,-143.21115063808224,43.013364154284275,-55.90340748367045,-35.72847283723481,-118.97812236274758,-100.46167125300346,-2.4498205747867354,-14.65817234327768,91.29645671243051,177.1215838380665,-35.70663967803011,-71.1786612730568,96.58207988575191,43.40782235705447,3.023468434475409
1372,-125.52394954956442,171.59809581002878,25.60480493583946,-121.02737002667487,79.16769114806729,50.42233283447679,-3.7968932610434285,-109.31926206857615,-18.316219438396246,16.733469860019557,15.28118197117702,80.17964775396545,201.84191820300674,58.45455866548666,9.624847878060299,113.21559944735348,-19.0019090395867,-145.6995283095605
1373,18.593228143849508,83.81572454428179,24.864027884026765,-90.91962958071846,72.6914861063066,15.283559423127413,-13.353415821586173,-9.3522736543456,-20.710966995831168,24.9344042725762,47.000001421194064,64.18499440912726,118.82614927355527,23.824205011490548,-1.6250652443516773,53.72900065339416,12.275292139958072,-69.77431259513286
1374,-132.66409103573966,123.85201157188243,18.563248915063042,-139.3669364179102,80.27490240688562,3.832398483357408,-18.70757881336284,57.62968954274515,-52.26831998356115,27.660586071032682,16.460346933055778,92.10422590455913,132.38724690138525,26.85647697854928,-27.25494511960121,92.86751338141842,-82.90443580389567,-69.06528455355637
1375,-127.84606638670297,113.4201523832747,21.481636758320413,-130.32779740366297,75.19728837318468,3.537211827744605,-14.147580404114986,96.61147678174865,-45.59434730251614,24.705870220455274,14.69675404808489,88.73231544103255,120.02856169688296,27.88481968644535,-23.48178102076209,91.14567819213511,-38.14961917136015,-70.9363200213302
1376,-148.62122265462546,112.0934185897666,23.343194241560777,-142.68089267516774,95.04540217099706,-12.197673034528725,-9.010332832131823,-94.65967040885205,-44.64544471967432,34.13134694376073,24.75602654332738,309.73228289254314,130.6318956263097,34.060387613386396,-39.520403020998934,125.53764460402608,-90.56475253757777,-99.79765372514672
1378,-180.3905887088316,279.5281124153197,36.43503882367111,-163.38821860611273,94.44694571375034,-14.430031748628803,-9.877109222080858,-123.3153067691391,-30.149100560898553,17.206434129132834,15.801866778614322,53.06519013286918,103.86481553641899,26.24479379669644,-42.226494357551424,130.2512828501963,-73.00222158729888,-91.45695282261465
1379,-151.20863837301584,82.37463564030634,-3.2659361017652127,-155.19349323415304,50.64564036469038,-48.007081814600284,-36.796155912292384,-123.2891344751332,-99.668645241894,0.19946175490390175,-15.842753879953078,82.09092992244882,160.9025848177829,-30.30213561827219,-86.24282076493505,110.28828138482898,45.215714305521225,-18.676061665751572
1380,-49.549615940913625,41.35209237924828,3.5079534802801065,-36.20622932343823,227.4624650406036,0.1690330523433603,-9.096286937091707,-33.26735328211698,-42.32805219718559,8.596193701913569,2.4921798991295385,43.77661116279014,30.578166282416415,-6.277238015246666,-19.209697590574194,28.64572805880292,-11.828537577940875,-20.928014489654654
1381,-143.12154157438903,113.76385766248868,23.654054848148633,-135.02115832381543,90.65479569056444,-17.441585216453475,-5.983936094759836,-90.56434588385213,-43.60120787680797,30.704037813963286,26.588280862169203,314.8068831413058,138.30104667794447,33.27327095790894,-25.805059603627832,115.65403388425224,-38.56397708477823,-86.99753912431272
1382,-211.53119001062777,50.325174021337425,47.53834715238507,-171.87624456022382,102.94709507734672,2.848715596457924,-3.7258892919517703,-145.65542045279852,-50.0809492232636,16.734841550469806,26.86887447341652,113.80791985324586,140.8978730971111,39.78267928917949,3.9744519530190034,128.3831386792911,-123.79142327856555,-131.60392002821382
1383,-108.48678545508926,84.36748074028326,13.39141060008098,-115.50895888746716,67.00537694021787,5.691661013467128,-10.01777270183273,-86.0430975927041,-40.68616715812755,197.30969173006733,10.817291105097967,44.22361134579586,119.63238488725464,39.39625185734342,-33.36460052063962,105.41771269638082,-17.473485521606168,-44.2239008108072
1384,-132.72477881106101,112.49431166919233,8.851364244581745,-129.58671191825636,66.7418686846372,-6.929493974489093,-18.5866999227826,-105.35645502246307,-60.807644240061855,20.509639667811587,7.520782735567208,103.53803197838677,-92.59281850240943,20.01569253873277,-12.209110387862072,107.83437168284547,-5.830075469781675,-62.406875854243694
1386,-184.20364750232952,291.26727629384834,36.88878260327295,-162.64405652448988,93.2166214937047,-2.396620984146386,-10.509456931454572,-126.85506980470201,-57.29449233592703,12.697430708194293,14.051186984313127,47.31753940076566,122.84844176306825,26.70012601565473,-42.61090271030772,124.7062527103043,-75.31197410220722,-114.09675838236079
1387,-80.08289849117742,58.381629252907544,-3.8344225862552515,-81.55389596987632,36.22398394186302,-31.80234623618059,-22.304382171746838,-58.04965700457322,-55.544951435072456,6.126796715504185,-6.603066374685772,74.65745678119896,87.95854488590355,-7.901913030799371,-31.399215529902964,66.55827035578733,-5.607792121087174,-292.33911657725474
1388,-193.6201312706877,35.544964033719545,81.58316207256729,-158.91180981618743,99.03335402087014,4.770139960366049,0.4290486577149735,-134.51988939627304,-41.89497686825504,16.917747981516627,31.407229245089564,97.97391898441126,172.57471461668493,38.90801827612123,5.989762059284708,119.67757567419723,-123.64068748488536,-126.84663815969292
1389,-150.65502938297166,111.00514664974833,23.814554401273742,-143.555255938136,95.41183553052585,-11.984568011734844,-9.028182394097438,-95.68818865957786,-47.9679380779681,34.00956623862471,24.848054731612486,309.8569423853222,132.47261643196566,33.90707780857092,-39.50876627065344,125.19966449506074,-92.80465867103342,-101.00071567833467
1390,-59.480560600206395,38.345930229658705,46.56614998817902,-48.44500723682845,38.69745168352703,-4.5131692342426355,-3.0688769957828175,-32.95246970167126,-17.745975061031633,197.00859746932085,8.451506917609358,72.44996125950247,33.25533093406934,-7.543658979077789,2.4521872250565884,49.154211757493385,-32.289997632384264,-52.75675140159719
1391,-45.09731490071494,51.566761900560714,15.540368388795395,-95.63198878273215,35.7366737179751,5.176242539320419,-3.0704609827920106,-36.45420062164154,18.87477033291952,13.894103673578876,21.78281157010922,35.349004306973534,59.34494488853077,15.099764534107,-13.411757610647095,272.252206429535,-13.658438831732031,-36.48158154945361
1392,-140.75778289844195,154.96239145355304,25.259980533011376,-143.10692344798045,82.5482177643968,3.4160167621126196,-15.77830826829082,54.31449818404942,-51.28249070760347,25.272644159226783,18.723190405877432,81.35123566582283,124.69493800824651,27.246023691046254,-29.367562233620028,92.86745439114007,-52.36476919562074,-75.18056962422462
1393,-129.2271297910792,124.62670977290453,18.041949104282594,-135.4779418994818,79.5145599301581,3.874635999278606,-18.789505692098103,58.932080670364634,-51.864928010871296,27.78537004668007,16.213012821737614,91.18746526046735,130.73841067789198,26.008447365148477,-27.545326351509335,91.72839532791073,-80.88747122755278,-67.54468661992223
1395,-64.14036300128575,23.903692457838844,-6.6514766998172945,-58.437286752087374,35.13696820535666,133.10361854632143,-19.44036385837709,-34.9258063000401,-49.078331150235904,1.155747224979739,-13.688638480248308,155.82951791512718,29.263627753629798,-12.150922187002129,-40.065313245445225,50.63020980994048,-10.523681715061215,-20.570219179788825
1396,-214.3148402780209,47.93702766226974,50.69287437948522,-173.9189165295057,108.96509314052872,1.598335563586027,-1.3437091920726836,-143.04519802175855,-47.25267798185417,18.95797648207086,30.489602141067174,154.55494735824334,185.35251558365215,42.77166493820521,-0.2713652886880167,130.90677749451362,-130.31241484798846,-138.57611404768906
1397,-109.72712941726716,106.49684383762298,24.289450118749034,-127.61825085367684,84.59894043686567,-8.031817976298086,-2.5639708549570326,-93.89649404513135,116.41730368175675,23.07171312147679,22.75291033897284,112.42938225833532,49.24501122780071,47.33971853898184,3.531331508517259,144.87995890541671,-13.199864725729018,-71.50760191625012
1398,-216.00205014653335,30.18925560128327,47.47067879870415,-180.08319554597685,109.66902042899228,4.375551112398054,-4.340752252949973,-146.78486918802687,-51.09295156945459,16.8223442529933,25.45192391106637,105.50311689292536,180.7538163436131,43.93488651347154,-3.0300703581577806,135.9169907879082,-121.47501119380615,-139.28833003343377
1400,-185.20529957885617,292.72840900617473,37.46317572065992,-163.7282078184011,94.11609336174529,-1.403791186636408,-10.334563330308068,-124.55825748640764,-57.00408246273868,13.10768731178346,14.57923949912026,47.6205926299955,123.89888605066464,27.548797705458494,-42.38327684419595,125.22660387070434,-75.98428770439392,-110.05967646843256
1401,-125.57447563508946,130.03331909825758,12.109007407219769,-123.64219112959307,62.971991373933875,-8.795000906628387,-14.96554716889961,-102.8116301503959,-24.546381554800874,21.39576986644697,12.014961381683985,116.61837577721981,-94.08665306588605,22.423172394430857,-3.623252428992057,110.2177407600085,-13.878651013027246,-58.501757134105006
1402,-148.49186277666396,168.55932952122023,-0.2124528134960359,-149.41427550912732,81.98790076246291,-15.70890766825175,-29.21282743745499,-109.29844335599992,-73.85780963253514,24.88460333746408,0.10075532836093447,100.70311947226172,142.3645461091874,16.419549359931644,-45.52422303951334,125.50090508998377,-249.43520091675032,-57.74788726288633
1403,-107.76568868905619,105.42504601710907,24.02056816857938,-126.79041580708608,83.3902697951014,-7.708995063161061,-2.551464414825592,-92.78683799638681,116.99477819666521,22.683939035726823,22.608796219927314,106.9528936530221,48.03519323514799,46.850943546207404,3.890612990113953,147.7024911589478,-12.55164629491926,-70.16774686707448
1404,-35.702769055330734,78.87477349099844,22.104367176020627,52.09817027243486,62.6930450303571,4.200948648522372,-6.660761491648066,-69.61884287111447,-25.951596788481105,21.345792276658266,12.362550576969003,61.83532754400435,92.99482428384752,-5.304845274241706,-9.392966520354607,88.45562202942843,-27.323036047007424,-53.67641405824707
1405,-169.12023241463288,6.879177648621994,17.98516440550082,-175.6723821214636,101.8404292492636,2.4965850712680737,-17.12513832916808,-119.34350856499206,-58.722615863063176,19.860092483949263,6.097521369670079,68.26561606904006,119.1787920092628,44.286371761768415,-38.07832641574372,146.96313330832982,2.0888113180016594,-113.1129438298677
1406,-126.88856919085713,110.48222039683337,20.705988418880064,-129.8937990852598,74.91524989867192,3.5445486353420934,-14.49407957300883,97.0233273634912,-45.73895101384372,24.963458799131114,14.414332112633463,89.79506261111914,120.72073441562353,27.79783066919776,-23.35429861179939,91.13252181519076,-41.428247410770325,-70.16324883949922
1407,-106.6412562652146,100.1068707410841,9.992775060861897,-111.10402908490069,56.58493744446807,-6.248764938908382,-13.487255605035156,-87.59526322959448,-48.66904620958805,192.9735477499516,7.252336965485016,49.17018319770173,130.70475179001582,23.68864014863002,-40.48245974820518,96.67609595255732,-13.679325978591498,-23.064105867186978
1408,-99.40015776853387,107.22418321318942,10.293504943014803,-99.99175039718166,58.530523539851,-3.8448015861028084,-9.202873245310778,-79.83761962367069,-41.90429740495147,194.86741237279614,11.665149813238434,57.4077950282847,132.63484537615653,32.87241981527174,-19.14893601325932,92.95065412470413,-17.802276101250843,-19.67908856059037
1409,-141.5994097029276,201.24035652155527,32.96522350027523,-133.8803774538048,86.97544947726288,55.11043904600319,-3.32247392785462,-118.35975636068284,-18.523937864639286,17.672415823735758,16.47955789797853,66.07365436600799,189.60510363454767,54.92949778690799,-4.256507832629429,123.74912661523115,-37.51602765913064,-165.59861605669255
1410,-169.12023241463288,6.879177648621994,17.98516440550082,-175.6723821214636,101.8404292492636,2.4965850712680737,-17.12513832916808,-119.34350856499206,-58.722615863063176,19.860092483949263,6.097521369670079,68.26561606904006,119.1787920092628,44.286371761768415,-38.07832641574372,146.96313330832982,2.0888113180016594,-113.1129438298677
1411,-212.29244031374463,52.01500527435319,44.73738464167674,-171.9294980033987,105.6997127371825,1.511225640314167,-6.0310610058221625,-144.8599305864686,-52.239760023664296,17.672734697990048,24.80246439123237,112.99094175573278,187.00942138905137,38.97724109409969,-1.7302326550681684,133.31815160852727,-169.5937993083897,-129.74639743953125
1412,-133.32296165523218,90.8302673814175,21.86397733650931,-125.01448096656657,85.11496979408517,16.75217612056686,-7.511561683672601,-80.80316657867543,-44.11761156757802,28.367960767296772,21.244480266948575,311.82935859077264,110.04105848520838,27.149049602446244,-38.41103576751543,109.22231302625902,-43.2811873700908,-90.38491994644761
1413,-105.92143169837843,99.54238660854868,16.023338297615286,-108.78761338289529,65.58974331999457,1.9686584135172576,-7.577742550555644,-81.29154763427935,-37.351933509355334,199.49244066599726,15.313622353102325,92.30112182036169,120.95472484854128,42.63602802138673,-32.51422386055864,99.90453805180394,-31.222041532803022,-41.94065844159386
1414,-113.88711332494442,124.45166375052085,-3.3742153743717114,-111.51034898212666,60.543154674091674,-38.864783438244814,-15.441255053578965,-85.91731983454025,-65.09945802541121,9.016829181814385,7.013749114053987,124.60105028830306,179.50034721520828,16.615783501933013,24.483151783151683,80.38740207163634,30.684598698133808,5.0712155583551715
1415,-150.8159718595168,16.673625108786528,13.742922968084144,-167.8031127547492,98.54252901350455,0.5786398661231446,-16.96449227147755,-110.08684430845979,-28.820175638419176,20.95611883017349,5.269267675104117,67.14368063402821,102.61230475835917,45.66616000510777,-38.18305716885322,150.00495428901792,22.24796651910257,-102.28538625117613
1416,-152.4805948265475,81.18324507182047,-2.833199403528804,-155.83673495017428,50.87235770892783,-47.73157751494817,-36.73214733145514,-124.302552267286,-99.75692109499487,-0.1259723443211394,-15.832605403894647,78.16745187512907,162.03202853515603,-30.186630426887895,-85.4846775294175,110.42605311567733,43.64252991065431,-19.28397589326819
1417,-150.4493466227675,83.08134899634999,-3.861865119325165,-154.4707653610774,49.88622767326805,-48.598982378410554,-36.96522880158436,-123.08970535605619,-100.11270524802623,-0.28075938234838815,-16.210755853703045,78.5493933621348,162.0283619345864,-30.745685552414557,-84.95093621207224,109.30606928397815,46.595991670107466,-16.388537685543344
1418,-162.90468532389238,86.28338529379047,3.9334294487089334,-156.76743537116332,52.674433830686525,-47.279580715636826,-33.73110705549385,-130.42618755426966,-97.18913885992029,-0.8243524094949358,-11.372261601063805,86.54608284564884,175.6456277129022,-30.12314262317594,-77.41293475480025,108.04633169403708,16.8501372773361,-25.266219867822596
1419,-130.7533867650707,124.07298646990911,17.823746266635112,-137.8796261460797,79.24657470720939,3.494901217812963,-18.768377918807218,62.2920363376766,-52.02957014017561,27.560022831299772,15.750507157490224,91.76034289113164,130.52707211764928,26.51830323363311,-27.618894190773695,92.57555374104604,-80.77877117182726,-67.72119690927335
1420,-136.78626059720676,8.075105128341583,10.9689779214402,-160.96161449534358,87.48654938924666,2.9697712061172785,-17.640159736226114,-98.11277015601863,-52.06511218296998,19.23669261869997,4.554895418630504,52.73551048910532,95.78617490900439,38.24356992018109,-42.0669439549522,173.81073853515707,24.30283957476828,-93.63525106294519
1421,-185.34204501510388,283.7747742062705,33.33317530164516,-163.5763527823014,89.69554942215994,-14.668807046911683,-13.186988040580543,-126.08222660343522,-65.86115552278537,13.252606364302615,12.92117716135873,54.3946344553901,67.76015187342719,20.114957152613268,-44.28931971470831,122.45981954041861,-72.19080059939708,-89.48614173769003
1422,-127.84606638670297,113.4201523832747,21.481636758320413,-130.32779740366297,75.19728837318468,3.537211827744605,-14.147580404114986,96.61147678174865,-45.59434730251614,24.705870220455274,14.69675404808489,88.73231544103255,120.02856169688296,27.88481968644535,-23.48178102076209,91.14567819213511,-38.14961917136015,-70.9363200213302
1423,82.29237819030658,96.48608279261232,13.032070474079351,-139.00664754376575,59.44939129354303,-23.612093808554036,-9.31811409087553,-130.0490541085721,-56.80730884712594,10.748752398109334,-21.885458223100592,137.78025095877464,89.38030024787028,30.087530875064022,-37.04718870295232,136.52607550011933,-72.12589337248028,-69.74184729090587
1424,-106.6412562652146,100.1068707410841,9.992775060861897,-111.10402908490069,56.58493744446807,-6.248764938908382,-13.487255605035156,-87.59526322959448,-48.66904620958805,192.9735477499516,7.252336965485016,49.17018319770173,130.70475179001582,23.68864014863002,-40.48245974820518,96.67609595255732,-13.679325978591498,-23.064105867186978
1425,82.29237819030658,96.48608279261232,13.032070474079351,-139.00664754376575,59.44939129354303,-23.612093808554036,-9.31811409087553,-130.0490541085721,-56.80730884712594,10.748752398109334,-21.885458223100592,137.78025095877464,89.38030024787028,30.087530875064022,-37.04718870295232,136.52607550011933,-72.12589337248028,-69.74184729090587
1426,-184.80582659555247,293.1781850637757,36.97227281282418,-163.08924633573002,93.65941933279576,-2.312031080348526,-10.310048291214736,-127.42518593137709,-57.362134830759054,12.754445777883008,14.378991681341427,48.43411039929674,125.02637055807973,27.246259787916564,-41.33646871435419,124.89103479212635,-74.80201479715042,-108.41086111071989
1427,-95.78567902436929,126.63837754921417,-7.288087495520429,-89.34783734427603,47.69833509913656,-10.890235906192991,-15.746657294030753,-71.42645791980033,-65.30947692299593,4.564995490132498,2.9960922384334974,133.62331197927634,166.48529482839032,5.829334528098226,25.611174146968096,61.084677728217045,24.74338123180212,20.50850254840019
1428,-135.60217659725578,112.29238666073337,9.736869200099456,-131.99495389642036,64.86073551150503,-6.890665044938976,-18.414523403231044,-107.30619124204706,-60.71268236314462,20.628506566054785,7.989454181892544,104.63190269044682,-89.6762226005602,20.935037533535933,-11.71734477292759,109.61984631413702,-8.081571594319367,-64.49335314399625
1429,-141.02183889862155,93.41863623068254,-2.9760694259975393,-115.10341465262226,41.63442198200088,-49.98133463868803,-35.51266155054737,-114.81272353992992,-95.08073065652768,-1.4284320126928585,-16.654143389529153,79.63929856226223,156.15560450456405,-38.0150808730245,-78.09273728133574,118.94180585972514,34.59096039875615,-7.910019562795151
1430,-185.01899719683033,286.07251647041335,33.02527117543865,-163.07976778622742,89.34871071473886,-14.961598825591437,-13.389260264895709,-125.95931606548136,-66.03605422287285,13.3629524542358,12.855395035536244,55.20007491424398,68.50219229855476,19.641667893046794,-44.23025243080935,122.06378328940345,-77.41434890003701,-88.53540876499906
1431,-127.25846316881835,164.72644252870782,31.688585290853503,-127.5194510527822,86.72083770443477,57.07479391054857,-1.0826856691807427,-112.18864174237443,18.301096984335096,20.06689104958173,18.716817451288982,80.25125307810225,184.69966270592136,60.83969019651845,3.9879944445982316,129.29580363350993,-26.81736822499403,-164.279076163126
1432,-154.38082643960644,23.680892930075412,7.145002129244867,-166.75894010901547,95.68817872741198,-0.9998676891933379,-22.703506983384838,-110.83973454767003,-66.50521688518975,21.552623948955596,0.022776597727664563,66.44299191951184,111.37831484601705,38.62453107347779,-46.573248069608525,146.53882617319542,-20.747173567733,-96.51170869200678
1433,-153.8434159518176,120.11133666886224,2.309470604639717,-151.6140844228454,84.66469655754229,-11.980120706515873,-27.59004802644324,-113.54609599724942,-71.07535336296216,25.333214060491784,2.404849510960831,107.7313395077887,156.6089119404366,20.46154477821675,-36.01018577874114,127.08775413989999,-258.3515773326378,-66.11466337355722
1434,21.06997260054101,84.04914587145183,24.5588167705448,-94.12730768174056,72.46619075492038,14.71962311182982,-13.437770414315052,-10.409739782394105,-21.324757416766726,24.6398819468816,46.18927921982006,64.80723953676411,118.59986943568133,24.41801791510132,-2.059401962903139,54.98579414718154,11.432762031106941,-69.89893258633371
1435,-91.88298084013643,89.27556789014302,13.740649350600055,-94.46395130483332,56.85441597789136,2.989662618216754,-7.370941037290944,-72.27693278558861,-30.39586772451587,232.52132544529363,11.10691423351624,48.207428671313586,104.75316028244559,30.003299404318888,-25.07018768659966,89.20498863049721,-28.776678683290527,-34.10484820468281
1436,-196.0968757273792,35.31154270654952,81.88837318604924,-155.70413171516535,99.25864937225637,5.334076271663642,0.5134032504438519,-133.46242326822454,-41.28118644731948,17.212270307211224,32.21795144646357,97.35167385677438,172.80099445455886,38.314205372510465,6.424098777836171,118.42078218040984,-122.79815737603424,-126.72201816849204
1437,-215.1878562043181,45.47224149085465,50.96969244503295,-175.18147496071492,109.75099249599307,2.4155185604582563,-1.4440766414947166,-143.5776410122124,-47.18220296605331,19.19036130511742,30.372158835005475,153.24204687451322,183.8435600533611,43.32366586331944,-1.7019669143240859,132.29117481750617,-130.28894409262847,-140.8068584804634
1439,-184.80582659555247,293.1781850637757,36.97227281282418,-163.08924633573002,93.65941933279576,-2.312031080348526,-10.310048291214736,-127.42518593137709,-57.362134830759054,12.754445777883008,14.378991681341427,48.43411039929674,125.02637055807973,27.246259787916564,-41.33646871435419,124.89103479212635,-74.80201479715042,-108.41086111071989
1440,-112.81672082631106,120.24340854932682,9.767799058812235,-117.44393458620867,52.142729093913424,-6.128365266982152,-15.577206052810935,-91.85097379010753,-47.87959395245255,19.35090955574841,11.310737601268803,98.28672758497719,-99.78333919786772,15.116087500888467,-6.748995979573497,134.161296736996,-13.396962352228437,-50.45953617339068
1441,102.89994876775623,92.49895137073685,8.770860108292622,-107.27422695238604,54.304752745923906,-20.77927845158274,-9.664683379575107,-124.45971480484114,-54.02690520183278,8.518781542228293,-25.116759171895616,90.7009601209492,84.54627927092284,22.95646660914913,-32.727333164090815,127.60511047323145,-67.98068678602537,-61.20173042829321
1442,-153.72969177576874,121.86940948423367,2.6285815566519464,-151.0742538647118,84.63820989350026,-12.205403139577829,-27.320607687729233,-113.21308212587259,-70.70176837263078,25.581050374697515,2.890294790772493,112.58577655183286,156.99209035392417,20.35309378724489,-35.87146870596787,126.68556891775827,-259.75532545258403,-66.17144292099108
1443,-105.80699042710468,108.44473376279522,25.862859486186284,-142.57605546813102,90.76112021244964,-14.121769965667147,-5.523007645047236,-100.88061937417899,-45.78544831323557,30.36309928490433,19.602296475375457,306.97870689152137,119.96451845115084,35.77499086772841,-39.343290964685345,127.57418011229812,-57.56214368426442,-102.35284816460616
1444,-89.31869163931553,88.39926890595706,11.388191688517965,-94.3723319525566,53.244409149184676,1.045893665894165,-9.339959845981793,-72.04160955688239,-32.62858778948125,194.17909345054332,10.062026856964124,42.01444818239809,109.18886877625799,85.55150296909326,-30.120062566396598,86.87520687601675,-24.43619346532277,-26.44344294215332
1445,-118.6886960518026,134.99828570581258,28.888478904726284,-133.8396053858883,93.38518355564919,-9.243980447511522,-1.4386305776552137,-96.75590608111114,116.23747460952696,21.11136257753617,23.123499336773655,95.26888171596195,88.1140312451969,47.73884718581069,-3.508354330148473,147.54387700492816,-24.520544923847012,-76.81062903524311
1446,-125.52394954956442,171.59809581002878,25.60480493583946,-121.02737002667487,79.16769114806729,50.42233283447679,-3.7968932610434285,-109.31926206857615,-18.316219438396246,16.733469860019557,15.28118197117702,80.17964775396545,201.84191820300674,58.45455866548666,9.624847878060299,113.21559944735348,-19.0019090395867,-145.6995283095605
1447,-75.96082524127314,51.0271651835288,15.926474115038777,-63.88378928025198,48.424270195477014,-5.978551962993169,-4.725358881956724,-42.84101841471369,-22.39121552478342,198.76174510605304,6.637682635936399,123.68377747376483,45.44284006005013,-2.960942202629418,-4.347532566514867,61.61183049343719,-40.3497745502818,-67.18094009024041
1448,-212.9808956060223,52.62700879394062,45.0186526148578,-175.07410002317746,106.52098539816042,1.5151426712183174,-5.8917619330724555,-145.3456604750654,-52.293454879910655,18.06329537659769,25.345330058475664,117.60651806665444,187.81535858324878,39.56683218640141,-2.3597477302938943,131.95047930663003,-169.89069401951184,-130.78851282664903
1449,-72.49622705318154,62.695623851759876,12.89773398774377,-71.68028045640693,36.5909662076675,213.06321851752352,-7.186552406382459,-55.53814583872234,-31.810132837151137,16.638611870003654,9.481278647931777,22.052763049419326,72.49965984369514,9.653334992488789,-12.9475988124491,67.59767526362441,-28.5500153446145,-25.12735332067609
1450,-211.2996704550462,51.476800870719345,48.087465905012614,-173.50492403467655,105.52776226543995,1.7977525040877218,-5.721166147960198,-144.396337421351,-51.77222333902931,17.860767657744262,25.505083355166285,112.0160609296173,186.72472343263183,39.14998367861935,-1.6077890687161371,130.7037931974005,-169.04561855400536,-129.46561921132025
1451,-121.86430774542876,159.93309300586188,30.114070565195828,-118.83875486697534,78.16268114953975,95.38488566546515,-1.798116869796576,-107.15259226254577,-8.547591806554497,19.512283499834208,17.07075240572906,58.955015549880194,183.5618006715627,54.74965598217491,2.4765270147944625,116.49451557375986,-29.67376954171366,-155.887337065901
1452,-207.5693534561722,44.44105520617875,50.583457830267385,-172.87025949124478,108.35383234307966,3.0395113290405,-0.6254952134661254,-143.42663642648233,-14.840027914124203,17.153827364227258,29.55336171273873,112.76067147352472,176.73078917053277,46.011815825317235,5.763097937396331,137.04869321564314,-123.621726706741,-134.85538122375007
1453,-56.88531760517768,43.405867113378285,-0.8852257946365145,-55.5655004358919,28.607288090817583,-11.622913855369248,-10.342806091465102,-44.6888621095663,-27.14153347010438,5.592727232683699,278.3746928569838,86.93263320213778,49.32066371823294,4.871823371160136,-22.88422182982941,53.770874375489186,-8.706804744211274,-24.03588686145719
1454,-134.7573274579866,118.4553170841679,24.833399697250414,-138.93448079731405,83.47842284067626,4.507491939535389,-13.990453183071091,59.730722876975,-46.783483079372424,29.035488313758133,21.97262098939725,132.59419175646207,128.79862678498517,30.504859664495456,-26.458447230858138,92.80602367015283,-44.70643399695856,-79.14040975480464
1455,-62.78291081358546,44.85451102135425,3.8344608030393736,-60.53406834067499,29.758376206220294,-17.062029355453777,-14.759227963109353,-40.78335420668754,-34.06819593842565,6.9321540054958275,1.0866714006993137,92.77405387437476,65.53428771510359,273.77625283031307,-29.687258714479967,51.33983637928362,-18.741431486487855,-26.636545855119753
1456,-214.38567673599158,46.61831078663865,51.00753542386411,-171.49704238280256,108.90323317097314,2.1863190964921504,-1.3139353755304146,-142.75889725223874,-46.75492311947557,19.04763694071551,30.31473844757384,153.48090760763571,183.42080127265123,42.625623780045856,-0.933734766325095,133.25666189726172,-131.3957975014526,-139.82152264077953
1457,-141.75830079407348,137.26091660430515,-1.550152164490534,-145.1190805849621,82.33272288225957,-15.03529228931417,-28.08590689023701,-103.70085811951006,-70.2228898207134,28.440312563999544,2.520004560005448,146.70881326975356,145.36434247309236,18.920192622054905,-43.6600332589803,125.32715695734564,-244.5646534451985,-59.857859307531044
1458,-210.1923850449068,51.51110511880343,47.66524551650263,-170.26033499125722,101.93904834405298,6.510601688060024,-3.4543197447767713,-144.80521122072312,-49.48143735734756,16.74392905502067,27.11602150766818,112.88940935837886,140.52711592770825,39.307158373353076,4.633878119466729,127.12900130700672,-124.88076196545386,-130.28589271282098
1459,-121.3957199583426,123.06533696395326,-4.387604927408686,-136.36348623859178,70.28433003348334,-11.732217004728623,-27.835629094787272,-91.98234371689915,-64.04426469253758,24.95765050944822,1.347668839732918,97.05567097189814,133.59947325366574,14.310291945657559,-39.860086245176355,153.53317414458553,-237.5412971958174,-46.69375015406857
1460,-109.3159575765578,153.80645195811192,0.07772978343741273,-103.1710679828085,57.73502158631601,-27.299589047525288,-12.39390575845498,-86.3503414017236,-58.8295275142574,12.264555836807066,9.497925574851038,125.34937372090879,196.74355381256072,19.413926681209524,32.45794656777974,75.32546844245809,20.31280369197224,-6.706823337163955
1461,-214.86480838604456,47.76998375499753,50.66178831882643,-174.68488996464094,109.40415378857199,2.122726781778503,-1.6463488658098824,-143.45473047425853,-47.35710166614081,19.300707395050605,30.306376709182988,154.04748733336712,184.5856004784887,42.85037660375296,-1.642899630425128,131.89513856649103,-135.51249239326842,-139.85612550777248
1462,-211.2996704550462,51.476800870719345,48.087465905012614,-173.50492403467655,105.52776226543995,1.7977525040877218,-5.721166147960198,-144.396337421351,-51.77222333902931,17.860767657744262,25.505083355166285,112.0160609296173,186.72472343263183,39.14998367861935,-1.6077890687161371,130.7037931974005,-169.04561855400536,-129.46561921132025
1463,-216.21137378875804,29.649586152511816,48.09769387692289,-180.03994998391724,109.98937247237136,4.443060458015852,-3.869039689920798,-146.5747658546039,-50.544467879035714,16.959834477265847,26.003151316700517,109.55211347811564,180.39495433197305,44.29972478206616,-2.950420569283473,135.9108418167816,-117.65521101311245,-140.29584255355857
1464,35.118831411700036,76.525704582222,24.810455018181027,-61.70144970729021,70.11463618318514,14.917849498376356,-11.575591743422393,-33.76616027283148,-16.864371548127036,23.97235185493779,45.84318096406072,59.90602842182886,113.4379595582271,18.418936825814427,0.5282227222677117,51.02912606266454,14.841749437015892,-67.21107204826457
1465,-152.4805948265475,81.18324507182047,-2.833199403528804,-155.83673495017428,50.87235770892783,-47.73157751494817,-36.73214733145514,-124.302552267286,-99.75692109499487,-0.1259723443211394,-15.832605403894647,78.16745187512907,162.03202853515603,-30.186630426887895,-85.4846775294175,110.42605311567733,43.64252991065431,-19.28397589326819
1466,-142.28208369398394,132.5919246006065,-1.2660487274757364,-145.28507842052053,82.5977537953633,-14.684941836446777,-27.896684915264434,-104.09232199649733,-69.90728569472297,28.509957267722886,2.798958506246604,147.89707897771066,146.82709689756604,19.31354706478623,-42.69475782562575,125.44562334012309,-245.59666589878188,-60.70021487334152
1467,-184.80326807098623,292.36835307926447,37.52957836890757,-163.58085266185864,94.27911600892675,-1.657731239680028,-10.059117259119901,-127.6095145918811,-53.6838573194339,13.031013521046283,14.665113942864718,47.927509419511914,123.18931635299342,27.958624718258708,-41.881846782044946,126.34899873279089,-75.51557042314792,-110.10323736525679
1468,-108.79067406900052,83.051435439896,12.74841767033574,-115.90824931007845,66.2506324575563,3.5574468677234066,-10.661782410391588,-86.19548458136931,-42.32400150354728,196.9211797281971,10.206812791990123,44.421664783471854,119.09082359453282,37.60548814209319,-34.99217211324123,105.0522755749416,-16.18022914726736,-41.20416688521222
1469,-108.05692204896913,83.08520639015838,13.304330110196537,-115.53081518210547,67.07107374018115,4.393344690381847,-9.985390523978541,-85.63267895823292,-38.01902459799633,197.37816788778036,10.951702707638088,44.8462289618061,117.63995017916066,39.25083515491545,-33.33796085967369,105.902706892546,-17.19774152018438,-42.433500549780405
1470,-127.28404841448089,172.82476237382033,26.11552973001955,-122.60338779149617,80.52387094312492,50.5317955038636,-3.5919959901290945,-110.34535513733438,-18.48167812891638,17.30121361794899,15.85559483605608,85.31726287595042,203.07020475678456,53.716040893097016,9.441775121505854,114.71616422686468,-19.681811965019087,-147.35531361775705
1471,100.98924449708727,92.27797647271017,9.510362756720552,-108.76153722421657,55.33308044560013,-20.441781186038295,-9.60388427413073,-129.12206159977254,-54.26565504521832,8.619344781961203,-24.406919396330064,91.04484313437669,86.40645405465881,23.2946403540653,-32.36338409291834,127.89707011360385,-70.10635141809378,-62.545818072576225
1473,-148.69461763716237,111.58453369864677,23.10054972985628,-139.767412202336,94.3638455253105,-12.2639893422911,-9.231490047684389,-94.18904097882823,-47.82596736862087,33.94443965924211,24.29504058831076,309.16484412172025,130.5372355203951,33.20198152488489,-39.63739443094525,126.42956506610965,-90.9345795650444,-99.35068606370028
1474,-132.72477881106101,112.49431166919233,8.851364244581745,-129.58671191825636,66.7418686846372,-6.929493974489093,-18.5866999227826,-105.35645502246307,-60.807644240061855,20.509639667811587,7.520782735567208,103.53803197838677,-92.59281850240943,20.01569253873277,-12.209110387862072,107.83437168284547,-5.830075469781675,-62.406875854243694
1475,61.41253295260659,79.41364115691776,21.97654672100887,-91.37654647091324,68.12966789227154,9.658221166866069,-12.440265444002064,-47.700777220628474,-22.837633628178313,21.252475813372115,38.19846461456806,65.55560206753326,111.38649973973031,23.84720999343753,-3.7415766239825556,62.74990258740303,6.307748292779059,-68.28076167092217
1476,-184.80582659555247,293.1781850637757,36.97227281282418,-163.08924633573002,93.65941933279576,-2.312031080348526,-10.310048291214736,-127.42518593137709,-57.362134830759054,12.754445777883008,14.378991681341427,48.43411039929674,125.02637055807973,27.246259787916564,-41.33646871435419,124.89103479212635,-74.80201479715042,-108.41086111071989
1477,-143.49213998417204,106.25394969889203,28.92259934119436,-139.83782009199936,96.311088725301,-10.917666383026756,-3.7846651816600483,-92.6305108915238,-10.342524894470442,33.42781666422029,29.181054753469883,309.8455981814297,116.34721301973907,39.774006607716586,-31.43770487897319,129.36711783726227,-45.716503001935635,-103.59615555012806
1478,-40.44437808072011,90.74991532545903,18.672394102654287,22.520227918020517,67.68258890080645,3.623101436374086,-10.12740494258532,-79.74037420549438,-32.07016138917171,23.911933480359536,12.435758825324317,67.1529095511438,104.56761021438736,-3.4242395759404927,-16.249294250474275,76.36224893314264,-68.74557049124513,-53.716500757825024
1479,-58.29341968727811,50.643195538314686,10.677425084656049,-18.910626114934942,32.82432193657463,-2.826385813751051,173.427741307044,-32.997104262703694,-20.3431405199148,13.310460899453805,10.63462735889875,41.67219193611917,55.19592091593562,3.6174145511073306,-11.303078564433678,68.76216334727559,-7.374872268759065,-19.486300051008104
1480,-133.50534866835528,130.99405606904503,-2.4041309924899332,-142.87045179316274,81.00036296225448,-14.111170934454684,-27.411552406787095,-103.26091348999135,-37.850419780024396,26.551021111852037,1.4845676281097622,106.48474457999775,138.20170388387703,21.994642826371592,-36.12655328219614,130.46755522955343,-235.95251599808122,-54.0840438416777
1481,-150.4493466227675,83.08134899634999,-3.861865119325165,-154.4707653610774,49.88622767326805,-48.598982378410554,-36.96522880158436,-123.08970535605619,-100.11270524802623,-0.28075938234838815,-16.210755853703045,78.5493933621348,162.0283619345864,-30.745685552414557,-84.95093621207224,109.30606928397815,46.595991670107466,-16.388537685543344
1482,-61.08665636570444,49.12805650293858,1.117120181808963,-61.01668167598393,24.00246879278929,-16.349410988897855,-16.83773295997945,-44.36028132802331,-37.10891290498317,4.541760830230811,-1.8635988175879188,54.03202511670932,24.523981670424114,270.9403625398591,-23.88221168684506,46.20189967001965,-14.113989778413945,-19.083637017504525
1483,-169.12023241463288,6.879177648621994,17.98516440550082,-175.6723821214636,101.8404292492636,2.4965850712680737,-17.12513832916808,-119.34350856499206,-58.722615863063176,19.860092483949263,6.097521369670079,68.26561606904006,119.1787920092628,44.286371761768415,-38.07832641574372,146.96313330832982,2.0888113180016594,-113.1129438298677
1484,-211.2996704550462,51.476800870719345,48.087465905012614,-173.50492403467655,105.52776226543995,1.7977525040877218,-5.721166147960198,-144.396337421351,-51.77222333902931,17.860767657744262,25.505083355166285,112.0160609296173,186.72472343263183,39.14998367861935,-1.6077890687161371,130.7037931974005,-169.04561855400536,-129.46561921132025
1485,-82.45834891022767,53.74065761038187,5.519496650982429,109.16738613149393,39.585913070264,-0.8551585623081475,-9.29798502306815,-49.22128734155279,-23.32626576327845,11.291680186053439,10.407341347870721,57.33307952231115,54.401569470675646,35.777513530397655,-23.916249421794042,9.21526682478001,-8.934163459999006,-44.87360229081959
1486,-132.43112810842075,130.9613867544659,12.456618560508774,-125.72228505211619,64.22943551155595,-9.356594398352406,-15.702270454125342,-102.94753427755289,-53.65433910153706,23.22865041324811,12.751878791724058,153.05161363810947,-87.68515927134054,20.003837428632842,-10.341810795540438,105.93597420168521,-19.87914666032599,-63.85808666514701
1487,-132.77019032318555,136.16941711322545,-3.1428207489802897,-143.76609809906907,78.5847293425215,-12.04324733280472,-29.998845670581655,-73.18382135646173,-70.97776052408729,27.07042288415727,0.06336063384309441,104.05202016510309,144.93490693008272,17.649210188991873,-40.96871154587489,119.09686855767431,-242.44218685786254,-52.9171507059526
1488,-213.11192432946115,44.71121059570499,48.41225767382646,-174.53559422434012,99.1297097200688,-5.262139497736474,-6.949377953770321,-147.772355732755,-56.99498043842093,12.629254363746917,22.74966113276136,107.77900959718932,190.53206658712492,29.03304619834082,-9.888338863927968,126.89550870822794,-114.00527563201058,-121.29593051017332
1489,-156.88153560629908,17.527306174648487,7.751061871239764,-170.9342123184578,90.11139884301875,-8.055842660113381,-23.792419716445252,-114.70148274767091,-71.78166884082775,16.71167133356589,-2.1897799574339682,66.82151689800556,115.9915951947076,29.09718468550097,-55.483312940046076,141.3628693821256,33.99627464313964,-89.38413537797763
1492,-99.98535418032542,113.64893222155439,23.364073770540134,-127.95186806261395,78.02286698968916,8.847475306739874,-15.456162867553896,74.84685265249014,-42.09896951871149,27.073914643844635,24.97569087468562,83.91138676546385,125.26006461876901,27.872064778855002,-19.837032274179347,79.75333885894749,-30.00378139403336,-71.11755328534956
1493,-198.23378226372483,35.59134549528329,81.38240039725594,-159.09619709859845,98.83211720683028,4.242835910290121,-0.06321219526831676,-134.29910176825462,-42.6670619672665,16.752278877116595,31.62836745384866,97.71921082975283,174.05998328776835,37.6701977779045,5.04863200583126,119.04744902527848,-121.55770344600444,-125.81022048437003
1494,-207.5693534561722,44.44105520617875,50.583457830267385,-172.87025949124478,108.35383234307966,3.0395113290405,-0.6254952134661254,-143.42663642648233,-14.840027914124203,17.153827364227258,29.55336171273873,112.76067147352472,176.73078917053277,46.011815825317235,5.763097937396331,137.04869321564314,-123.621726706741,-134.85538122375007
1495,-127.25846316881835,164.72644252870782,31.688585290853503,-127.5194510527822,86.72083770443477,57.07479391054857,-1.0826856691807427,-112.18864174237443,18.301096984335096,20.06689104958173,18.716817451288982,80.25125307810225,184.69966270592136,60.83969019651845,3.9879944445982316,129.29580363350993,-26.81736822499403,-164.279076163126
1496,-80.08289849117742,58.381629252907544,-3.8344225862552515,-81.55389596987632,36.22398394186302,-31.80234623618059,-22.304382171746838,-58.04965700457322,-55.544951435072456,6.126796715504185,-6.603066374685772,74.65745678119896,87.95854488590355,-7.901913030799371,-31.399215529902964,66.55827035578733,-5.607792121087174,-292.33911657725474
1497,-153.04123648349108,121.25740596464624,2.347313583470889,-147.92965184493306,83.81693723252233,-12.209320170481979,-27.45990676047894,-112.72735223727578,-70.64807351638443,25.190489696089873,2.3474291235291966,107.9702002409112,156.18615315972673,19.76350269494317,-35.241953630742145,128.05324121965552,-259.45843074146194,-65.12932753387332
1498,-85.16299558651725,88.31668518130667,19.80670316145465,-84.4715946678278,46.00508139149034,199.2735089313876,-4.0705876170804896,-69.51003707370445,-25.55560471490538,20.364994512208586,15.398585079107903,15.025508664549957,100.98542252880422,22.244040470028374,-6.259539561938775,80.8307841897144,-32.566022671209026,-51.900560591744714
1499,-211.2996704550462,51.476800870719345,48.087465905012614,-173.50492403467655,105.52776226543995,1.7977525040877218,-5.721166147960198,-144.396337421351,-51.77222333902931,17.860767657744262,25.505083355166285,112.0160609296173,186.72472343263183,39.14998367861935,-1.6077890687161371,130.7037931974005,-169.04561855400536,-129.46561921132025
1500,-188.12313675793075,280.5767958626916,37.04500808482871,-166.1106310777119,96.33324416147293,-15.264887239115081,-10.553876908606622,-123.65633283289924,-59.3546067700508,15.752309039066944,16.828027090532675,94.63506098060279,110.37774015488196,23.816307731981137,-49.08051502410609,126.44142229630565,-79.4253477948175,-98.15071201170218
1501,-169.51641607007844,7.467589530137861,17.68065333771259,-175.57298062836153,101.29975552269029,2.477505498009816,-17.435177737016645,-119.56638696762367,-62.24670799397712,19.818193902573515,5.829072645737857,68.37034090701218,115.59550040192063,43.66345810815464,-38.25719101418145,146.09657785469463,2.0718416608192056,-112.78779771031408
1502,-109.51780577504248,107.03651328639444,23.662435040530294,-127.66149641573645,84.2785883934866,-8.099327321915885,-3.035683417986207,-94.10659737855433,115.86881999133789,22.934222897204247,22.20168293333869,108.38038567314504,49.603873239440716,46.974880270387224,3.4516817196429512,144.88610787654326,-17.019664906422726,-70.50008939612528
1503,-155.12143674138258,16.30063961085693,7.240337077059679,-169.3581945536365,88.75521904796112,-8.165305329500194,-23.99731698735959,-113.6753896789127,-71.61621015030762,16.143927575636454,-2.7641928223130265,61.68390177602058,114.76330864092976,33.835702457890605,-55.30024018349164,139.8623046026144,34.67617756857204,-87.72835006978106
1504,-216.21137378875804,29.649586152511816,48.09769387692289,-180.03994998391724,109.98937247237136,4.443060458015852,-3.869039689920798,-146.5747658546039,-50.544467879035714,16.959834477265847,26.003151316700517,109.55211347811564,180.39495433197305,44.29972478206616,-2.950420569283473,135.9108418167816,-117.65521101311245,-140.29584255355857
1505,-145.12976305707272,104.57726587735787,29.698470568695555,-140.8115848480697,97.21819581140308,-10.685481786974618,-3.4924753357770983,-93.43615073961799,-10.14092612185028,33.34793454046001,29.541531665687213,309.8655328362367,121.77122543273721,40.24361045651488,-31.247203530189957,129.89569318193213,-47.93943947820883,-105.12436362286964
1506,-215.44952351394343,29.54646752404423,48.059070415446335,-179.8088284369702,109.84965645708002,4.505459734874077,-3.787181547117939,-146.55966539603082,-47.310250373842806,16.75618108317683,25.921271604473844,105.50397593801681,179.68367724369023,44.56853977826594,-2.2039140841114317,136.38659365659532,-116.98848927452369,-139.70069482788725
1507,-143.52581973484664,106.94781216750103,29.314190898867032,-139.91536529046314,96.78606565191102,-9.600270486683218,-3.507007951665671,-92.81805112336336,-9.485575323687721,33.401239087882985,29.315091874861984,309.1182557274473,121.92293933517523,40.542336963758345,-31.285479941501382,129.74867909473232,-45.97527734617497,-105.71170193070847
1508,-214.79314948043725,45.86141851892627,45.343444383671645,-176.10477021284103,100.12293285278928,-5.544749330605878,-7.119973738882578,-148.7216787864694,-57.51621197930228,12.831782082600345,22.58990783607074,113.36946673422646,191.62270173774186,29.44989470612288,-10.640297525505725,128.14219481745747,-114.85035109751705,-122.6188241255021
1509,-141.2254029615394,92.7635307776324,-3.156388263623154,-117.52133240843864,40.95937647272672,-49.97625354112431,-35.48223681251791,-113.99204082665206,-94.8183722612082,-1.6155559748651778,-16.56107187331495,79.00304864836053,155.46517901803148,-37.77133144378244,-78.20121780334846,122.76568443591555,34.795398648089915,-7.482848219737024
1510,-174.9382917293379,269.8171160739795,30.33789630360137,-154.40959793991578,84.24544205637568,-20.73147559211114,-14.271074381778934,-116.37129900984966,-65.78592444318419,10.311470811943824,9.735548780209887,47.4313677761415,101.84865808089587,14.064887370367163,-48.93264911597926,114.28648627341154,-70.99791120094476,-133.92484518705572
1511,-214.31228175345464,47.12719567775849,51.25017993556862,-174.4105228556343,109.58478981665972,2.252635404254526,-1.0927781599778486,-143.22952668226247,-43.57440047052902,19.23454422523413,30.775724402590463,154.04834637845855,183.51546137856582,43.48402986854736,-0.8167433563787796,132.36474143517816,-131.02597047398598,-140.26849030222596
1512,-210.99497159107636,59.72858487884258,51.17744466356409,-171.38913811365245,106.91096498798255,15.20549156302109,-0.8489495425859633,-146.99837978074032,-41.58192853123727,16.236680964050198,28.326688993399216,107.84739579715247,198.16409178176363,46.91398192448278,6.92730295337313,130.81435393099886,-126.40263747631887,-150.52863940124362
1513,58.499354607856574,83.3079349595943,22.21374309477452,-95.09954315378316,68.62497945589533,9.265633198077479,-12.547560540239376,-48.611704471260694,-23.5566297268586,21.058047134001384,38.16684477964507,65.28409700366791,111.57258153874992,24.30188516410701,-4.416470825428982,63.770554258133274,5.322796170019536,-68.95900403874582
1514,21.06997260054101,84.04914587145183,24.5588167705448,-94.12730768174056,72.46619075492038,14.71962311182982,-13.437770414315052,-10.409739782394105,-21.324757416766726,24.6398819468816,46.18927921982006,64.80723953676411,118.59986943568133,24.41801791510132,-2.059401962903139,54.98579414718154,11.432762031106941,-69.89893258633371
1515,-155.12143674138258,16.30063961085693,7.240337077059679,-169.3581945536365,88.75521904796112,-8.165305329500194,-23.99731698735959,-113.6753896789127,-71.61621015030762,16.143927575636454,-2.7641928223130265,61.68390177602058,114.76330864092976,33.835702457890605,-55.30024018349164,139.8623046026144,34.67617756857204,-87.72835006978106
1516,-139.9128636446324,165.73740110659378,13.942951172724882,-130.49472385674426,63.84629982289298,-10.105055930505275,-16.95440439547865,-109.1670734292083,-57.6931388924501,19.277862383764266,10.063824089896821,101.93417608534077,-91.01826634234607,17.22534491516255,-12.413132773910483,106.12902768239425,-25.290866073161357,-61.513673282208444
1517,-148.13204400971932,168.8162668196629,-0.31747892322025006,-149.3305091187228,81.68516209999011,-15.392568338349905,-29.406415365840296,-106.23208579195347,-73.943817270647,24.757623734112236,-0.06699882761019928,96.34806514264646,142.36283871857577,16.278537343331212,-45.27914661649229,124.85426206771092,-249.23719645940758,-57.10917864039076
1518,-184.92113274392992,283.7345807286342,35.69023591979833,-165.1735656805646,92.76518381017159,-12.12057351335489,-12.799795600308267,-93.21563559506625,-63.738775282083346,14.440614424172793,14.882036806889113,51.189242522422234,106.7773746414237,21.783273912363033,-46.80861539233337,119.10843661994197,-77.4622728785724,-91.43847966719288
1519,81.43243300804576,101.84159463506226,4.125843099973578,-141.65152086888403,57.465811336710296,-24.294292797949314,-14.141826925442292,-134.11282828866922,-62.901653145296876,9.250943775012265,-27.547337100074248,98.95726419658911,95.18899923226044,26.971501888284205,-37.83750201775562,137.9720230514628,-112.74215503979073,-61.59752993250299
1520,-107.47360126144679,74.09668264595831,14.933453261236641,17.88959290348093,54.71917477650577,-10.83401471869723,-10.50893111396825,-67.0265824688795,-6.790432941523115,13.757560623553008,2.2439857084184474,77.53370673215935,79.13510401283982,10.15977565727,-0.17031152282451872,200.96406879947807,-30.87330109642605,-51.07082499028931
1521,-114.13196916457866,105.121512742353,27.86942867261852,-131.40072513463073,91.36452428664573,-8.539861165513036,-0.40737159863530964,-92.44066851971075,118.91216995987574,25.132154073176018,25.987389230379076,146.75176552432583,91.8573874769502,50.60285586177476,-2.352219556662834,148.80730039170265,-20.23855748107549,-80.47609903020584
1522,-143.09851485329276,106.47536980188741,28.669804852899194,-139.44561525897285,96.23206577574332,-11.552886650436996,-3.725556805906319,-92.22330382838818,-10.496710274881648,33.19314750243276,29.163381215878815,310.2474743232424,121.76755883216757,39.684555330988225,-30.713462212844693,128.77570935023297,-44.985977718755684,-102.22892541514479
1523,-139.2500283755358,132.5566486053008,-2.2095102198922305,-143.065818939678,81.01485665606825,-15.069908805485696,-28.165590767016013,-102.05281113558631,-69.65355115110198,28.267647609018493,2.2143971653091135,146.68294190304545,144.46936662641508,23.936559645791576,-43.26982830458885,123.80728682976353,-243.34357857848258,-58.43651533762832
1524,-214.9068736564861,44.103345703554844,45.02433343165942,-176.64460077097462,100.14941951683129,-5.319466897543923,-7.389414077596587,-149.05469265784626,-57.88979696963366,12.583945768394614,22.10446255625908,108.5150296901823,191.23952332425432,29.55834569709474,-10.77901459827899,128.5443800395992,-113.44660297757082,-122.56204457806822
1525,-138.9312697321332,7.5799064082237155,8.85008919291355,-149.96476921386304,123.15695838467691,2.015392595847773,-18.833100099288412,-98.57889915263547,-61.94622767595546,18.4099946265019,1.0480459566824747,55.89785647766634,89.980550211205,34.460741403696225,-43.03443404321319,127.19546363618811,24.525610853570143,-91.28782070769532
1526,-207.5693534561722,44.44105520617875,50.583457830267385,-172.87025949124478,108.35383234307966,3.0395113290405,-0.6254952134661254,-143.42663642648233,-14.840027914124203,17.153827364227258,29.55336171273873,112.76067147352472,176.73078917053277,46.011815825317235,5.763097937396331,137.04869321564314,-123.621726706741,-134.85538122375007
1527,-205.49418855191237,45.127330201036266,50.63368683210996,-171.50259388652043,107.11867503727338,3.1370518091155706,-0.3435484346206755,-141.98396650636096,-13.888968408884375,17.013889592683018,29.894692873504866,112.13861991225566,175.9041495913676,45.41458984157094,6.26109649176629,139.46904024703252,-124.37725639587745,-133.57230572200834
1528,-109.49591565888767,67.38335350878502,10.329823719928726,63.25444815404282,45.79721842655828,-11.225811395311053,-12.209110031718012,-61.56587520915862,-37.29260657038577,11.230335144788146,-1.8448176219430459,71.1984049594967,74.35242935734107,7.789791511905409,-5.082566070444189,171.99719310002428,-30.592751377157533,-44.474058949978605
1529,-118.9944127097948,130.10168474750307,-2.92755108041733,-111.85378564037886,76.35439538436043,-11.739708276765878,-28.368057740127572,-100.39694879373636,-66.95772327145329,26.583338155706652,0.06662524143198666,99.47475740878834,136.20915942336637,11.518698995822861,-38.20763913831478,114.90358476885983,-238.93592760774882,-50.045169739424885
1530,60.85296949414087,78.8408679643546,21.61234157627161,-92.85729901117763,70.77114354213124,9.577154721394754,-12.530515084818356,-47.05343212866395,-23.335987477785395,21.008824939481528,37.97712727956088,65.37849199956497,110.11874006137437,23.775894612035174,-3.9429610070089165,62.10354600961919,6.54227984097386,-67.71488231480375
1531,-134.11767416671591,166.4643421694274,31.478890888059112,-129.10793864917673,87.35858516592585,55.85890057815605,-2.0703399865013097,-112.14021720902743,-14.48513807372624,21.623203853219604,19.16761259980576,117.1910919187767,192.9382107055532,57.70799030037828,-2.185185854259381,123.55607313452211,-32.10430824629529,-167.9430294396311
1532,-194.1006504212054,32.181088908456495,45.7055929810549,-157.0687971578871,95.35872187222783,3.1724636226990204,34.28464065231855,-131.93802883998606,-41.89350757742991,13.62004872888975,24.2132627752214,104.07350759020137,166.45426882325174,37.569796577136074,4.007964839601436,114.57940922455792,-123.47696044136396,-125.48623113693917
1533,-146.75152792558256,111.74692101059344,0.40974370243594105,-147.26540923696393,48.326645571723915,-36.65275014578478,-33.606992875665576,-123.91217752034669,-90.26204588796331,-0.04347062105945589,-13.151214229504427,83.92774880179968,177.54594515076994,-27.244328541713188,-77.65698179514126,106.17400559989706,35.088010477728524,-31.196382493644883
1534,-122.03287093956224,121.86454356941583,28.900784363291944,-125.7043240170833,71.90517999143118,-11.816605991831539,-26.27265394287712,-93.2967003317336,-64.29157831321965,26.609464054836003,4.149157361834603,91.07574696324743,134.27190916790312,14.297032373564813,-35.4655524417563,111.83964419432012,-235.12894666737446,-45.95068078641964
1535,-149.05108606074558,113.37569293989148,23.43027473144522,-142.65903638052944,94.97970537103379,-10.899356711443444,-9.04271500998601,-95.07008904332324,-47.31258727980554,34.06287078604768,24.621614940787257,309.1096652765329,132.62433033440368,34.205804315814376,-39.54704268196486,125.05265040786091,-90.84049653899956,-101.5880539861735
1536,-185.5651183458008,292.47147170773206,37.56820183038413,-163.81197420880565,94.4188320242181,-1.7201305165382528,-10.140975401922761,-127.6246150504541,-56.918074824626814,13.2346669151353,14.746993655091392,51.97564695961077,123.90059344127626,27.689809722058925,-42.628353267216994,125.87324689297718,-76.18229216173668,-110.69838509092813
1537,-129.98683387233967,141.09798978413488,12.660701354051973,-123.96345874134354,62.34151003834314,4.413444757286377,-15.558809286155489,-107.24883036648458,-51.59139214644445,20.46317197511074,10.18540007647111,105.53776257307327,-74.54548439843381,23.98579040968249,-4.028366111424594,105.76998402049847,-15.232342907298934,-76.34898019693907
1538,-109.72712941726716,106.49684383762298,24.289450118749034,-127.61825085367684,84.59894043686567,-8.031817976298086,-2.5639708549570326,-93.89649404513135,116.41730368175675,23.07171312147679,22.75291033897284,112.42938225833532,49.24501122780071,47.33971853898184,3.531331508517259,144.87995890541671,-13.199864725729018,-71.50760191625012
1540,-216.18327553397484,29.512696573781838,47.50315797558554,-180.1862625649432,109.02921517445517,3.6695619122156358,-4.4635734335309865,-147.12247101916722,-51.61522727939375,16.299192923593566,25.17638168882588,105.07941175968256,181.1345506590624,42.92319276544369,-3.8581253376789624,135.53616233899092,-115.97097690160666,-138.47136116331905
1541,-35.702769055330734,78.87477349099844,22.104367176020627,52.09817027243486,62.6930450303571,4.200948648522372,-6.660761491648066,-69.61884287111447,-25.951596788481105,21.345792276658266,12.362550576969003,61.83532754400435,92.99482428384752,-5.304845274241706,-9.392966520354607,88.45562202942843,-27.323036047007424,-53.67641405824707
1542,-103.59981160153578,112.45749176044549,16.980009914397687,-107.60273118491632,64.75207894721468,15.747676359197353,-6.7962274873517305,-86.25572200344641,-28.61242524406565,197.135235511817,13.643242358086747,46.68304784115695,134.28331051214772,42.308642231474444,-24.7521218898799,101.78843110761407,-27.325445347977077,-54.95382137767371
1543,-184.86850207211037,285.7897843200846,33.54726014393317,-162.95275583376326,89.36632409564511,-14.577750150071793,-13.111135630251843,-122.68285516801193,-65.57357817056585,13.373463075156506,13.238868285199258,54.89401716981901,68.14162289630315,19.865494145040977,-43.905526218914,121.41099129600404,-73.39654426200055,-88.90421266262834
1544,-113.92632202557613,50.967633443200285,11.933727942074539,-69.47335232928904,50.32211158259816,-14.448293159215341,-5.543573721659362,93.71659369955205,-34.42245309708224,10.178994747376162,-10.05289285983505,90.82309209064663,84.28807105544865,20.52612189490597,-12.707409412400148,131.10550232656638,-24.013697892799897,-63.846016170085605
1545,-207.08996266075428,46.684421274598456,50.55943425301482,-171.99990589306205,107.646955937173,2.8575485995785113,-0.5842361397978217,-143.30140049916412,-14.756317549513856,17.15611170296823,29.688478556391498,113.67169581544216,172.81939888839534,45.54926617693138,6.469456896903906,136.25570437967994,-124.37572274528092,-133.991866925959
1546,-211.2996704550462,51.476800870719345,48.087465905012614,-173.50492403467655,105.52776226543995,1.7977525040877218,-5.721166147960198,-144.396337421351,-51.77222333902931,17.860767657744262,25.505083355166285,112.0160609296173,186.72472343263183,39.14998367861935,-1.6077890687161371,130.7037931974005,-169.04561855400536,-129.46561921132025
1547,-150.4493466227675,83.08134899634999,-3.861865119325165,-154.4707653610774,49.88622767326805,-48.598982378410554,-36.96522880158436,-123.08970535605619,-100.11270524802623,-0.28075938234838815,-16.210755853703045,78.5493933621348,162.0283619345864,-30.745685552414557,-84.95093621207224,109.30606928397815,46.595991670107466,-16.388537685543344
1548,-142.5922032860926,105.2644245390858,-6.353227709254675,-143.1077394801946,42.81313347408886,-55.953629350260606,-36.06192175678606,-118.29771844197161,-100.74698039023397,-2.3722227897674246,-15.153766099147777,90.3654977157061,175.60896170720582,-35.71369387844254,-72.07552158134762,96.84649337704528,46.384754871867614,3.688162209425898
1549,-129.9808998212588,123.89588742420682,-5.160219153653353,-136.16307644502163,73.59601241286171,-15.826570290746565,-28.030871632799897,-67.35810696913998,-68.61294424012196,24.08024552809616,-5.256010801516774,104.92895285378336,137.6446701725703,16.83264481967742,-39.47753413263474,124.0214196851625,-238.89742905927505,-51.942502763244306
1550,-39.418558483573605,89.0742667905302,23.546536682561833,20.602499860823418,68.35964332746791,7.397995876856871,-7.6785720864261195,-47.67159845281973,-28.047579412766826,24.27011014390168,16.262129583563592,64.65891183262545,102.12671539770862,-0.9612242322915409,-13.711196995620787,68.4728056683779,-32.68421900269631,-57.43914260111059
1551,-108.48678545508926,84.36748074028326,13.39141060008098,-115.50895888746716,67.00537694021787,5.691661013467128,-10.01777270183273,-86.0430975927041,-40.68616715812755,197.30969173006733,10.817291105097967,44.22361134579586,119.63238488725464,39.39625185734342,-33.36460052063962,105.41771269638082,-17.473485521606168,-44.2239008108072
1552,-147.13039193319267,167.35513410733654,-0.8918720406072131,-148.24635782481155,80.7856902319495,-16.385398135859884,-29.5813089669868,-108.52889811024785,-74.23422714383535,24.34736713052307,-0.5950513424173319,96.04501191341662,141.31239443097937,15.429865653527449,-45.50677248260406,124.33391090731088,-248.56488285722088,-61.14626055431901
1553,15.283090872465843,87.31667571347596,19.627675201901358,-95.35173551736239,72.74623876726129,11.44367018225952,-16.31033179851213,-39.339498400460286,-25.73685127660212,24.902968583594962,43.23470040385253,67.73075621517323,122.94952841157999,22.17745489696478,-5.0950129438935745,60.6116238877747,-28.148529964539815,-66.36024870246219
1554,-175.27027859803235,268.6379603523222,30.289439275193484,-154.66257578150112,84.45085487163031,-22.092191192054646,-14.320550346727607,-115.97598083395148,-66.35299938824586,10.58360036374589,9.951840094976683,52.102122932250595,100.56750046108473,13.650655671739408,-49.652515940185374,114.295728629763,-71.38888893811172,-132.72959265170027
1555,-114.78367829280184,140.9441199642168,0.28825430546353786,-106.98640666375904,60.64472139320016,-40.904502746070484,-12.764701228404489,-83.6156993714977,-64.68610148039122,11.373411618735663,11.960230100455716,173.2700802215239,185.17285215573983,15.377963787398954,25.88195926122983,76.02756974125384,14.407211365215868,3.3003581308285157
1556,102.26120095061893,93.46936704119604,9.077626058484142,-108.11829550819532,55.10636310136269,-20.7172854856904,-9.667892854967976,-128.10864380761976,-54.17737919211745,8.944778881186245,-24.417067872388497,94.96832118169644,85.2770103372857,23.179135162681003,-33.12152732843588,127.75929838275546,-68.5331670232269,-61.9379038450596
1557,-142.91787315810285,96.05014956832133,24.47842660236144,-93.12236294315014,86.26408437181861,-10.547521955680065,-5.279980775855023,-85.02570568931854,-39.36783068605125,30.670846454493063,25.09205484909267,300.3811419439096,112.2952253966313,42.45141383352355,-37.66713162803883,103.09522532650071,-46.137861372417504,-97.21156697787833
1558,-207.45562928012333,46.19912802155018,50.90256878227961,-172.3304289331112,108.32734567903765,2.8142288959785446,-0.3560548747521163,-143.09362255510547,-14.466442923792826,17.401663678432985,30.03880699255039,117.61510851756888,177.11396758402032,45.903364834345375,5.901815010169597,136.64650799350144,-125.02547482668723,-134.91216077118395
1559,-134.464934836767,129.87311481444763,12.92797872022174,-126.59664831508445,64.59586887108473,-9.143489375558525,-15.720120016090956,-103.9760525282787,-56.97683245983084,23.106869708112086,12.843906980009166,153.17627313088855,-85.84443846568458,19.850527623817356,-10.330174045194937,105.59799409271986,-22.119052793781645,-65.06114861833494
1560,-143.52581973484664,106.94781216750103,29.314190898867032,-139.91536529046314,96.78606565191102,-9.600270486683218,-3.507007951665671,-92.81805112336336,-9.485575323687721,33.401239087882985,29.315091874861984,309.1182557274473,121.92293933517523,40.542336963758345,-31.285479941501382,129.74867909473232,-45.97527734617497,-105.71170193070847
1562,35.16853888684038,76.88411673309375,24.83595299519149,-59.4009162433207,70.09497387764601,14.975925433364544,-11.718100291564967,-36.92935938701329,-16.96115068216535,24.0077885152881,46.000006596324546,59.557813171654416,113.36275343039254,18.05201428704458,0.763543633148378,52.55098627408583,14.58616391093651,-66.9051300779132
1563,-211.2996704550462,51.476800870719345,48.087465905012614,-173.50492403467655,105.52776226543995,1.7977525040877218,-5.721166147960198,-144.396337421351,-51.77222333902931,17.860767657744262,25.505083355166285,112.0160609296173,186.72472343263183,39.14998367861935,-1.6077890687161371,130.7037931974005,-169.04561855400536,-129.46561921132025
1564,-143.16935131126343,105.15665292625631,28.984465897278092,-137.0237411122697,96.17020580618772,-10.964903117530874,-3.69578298936405,-91.93700305886837,-9.998955412503054,33.28280796107741,28.988517522385486,309.17343457263473,119.83584452116666,39.53851417282886,-31.375831690481775,131.12559375298105,-46.069360372219805,-103.47433400823525
1565,-210.8835474453159,51.12208625416366,44.46033157325877,-173.31681529870804,105.08440700218809,1.6133654207485897,-2.345834237562529,-144.21500064498048,-51.80194384008145,17.481480487554347,24.68089592451609,112.20422043381886,186.0381116188891,39.002290356880266,-1.8026262621786682,130.21952126954938,-169.06912084239073,-129.25077213755318
1566,-126.49917141857001,165.4331558847515,31.092656273293553,-126.79672317970658,85.96142501301243,56.4828933467383,-1.2517585584727189,-111.98921262329742,17.85703697820286,19.586669912329445,18.34881547753902,76.70971651778822,185.82543982272486,60.39614026237608,5.279878997461035,128.31359153265913,-25.43709086040779,-161.99155218291776
1567,-132.72477881106101,112.49431166919233,8.851364244581745,-129.58671191825636,66.7418686846372,-6.929493974489093,-18.5866999227826,-105.35645502246307,-60.807644240061855,20.509639667811587,7.520782735567208,103.53803197838677,-92.59281850240943,20.01569253873277,-12.209110387862072,107.83437168284547,-5.830075469781675,-62.406875854243694
1568,-166.35478580426494,266.36039632813754,33.858516895961394,-147.54748434863455,119.98805804947419,-15.569926269724116,-9.597261226625868,-110.83285608200443,-49.75236215532152,11.10148634802307,12.381620470923595,39.863160871882386,102.94214147639885,20.182653593573036,-41.999964953632094,112.06970710217935,-73.53974750701448,-82.59573250852188
1569,-169.12023241463288,6.879177648621994,17.98516440550082,-175.6723821214636,101.8404292492636,2.4965850712680737,-17.12513832916808,-119.34350856499206,-58.722615863063176,19.860092483949263,6.097521369670079,68.26561606904006,119.1787920092628,44.286371761768415,-38.07832641574372,146.96313330832982,2.0888113180016594,-113.1129438298677
1570,-132.43112810842075,130.9613867544659,12.456618560508774,-125.72228505211619,64.22943551155595,-9.356594398352406,-15.702270454125342,-102.94753427755289,-53.65433910153706,23.22865041324811,12.751878791724058,153.05161363810947,-87.68515927134054,20.003837428632842,-10.341810795540438,105.93597420168521,-19.87914666032599,-63.85808666514701
1571,-158.19619461308406,141.47273845417993,31.09967763596426,-147.02087585919963,97.86578691612475,-12.271041110503612,-5.545341143193386,-98.7781762262776,-43.19940760639864,31.555461157002338,27.580245897841618,299.10481119167736,123.71016843890406,34.93027778586227,-40.79522711062591,125.66920837346954,-57.77847014347604,-107.52836554345645
1572,-150.4493466227675,83.08134899634999,-3.861865119325165,-154.4707653610774,49.88622767326805,-48.598982378410554,-36.96522880158436,-123.08970535605619,-100.11270524802623,-0.28075938234838815,-16.210755853703045,78.5493933621348,162.0283619345864,-30.745685552414557,-84.95093621207224,109.30606928397815,46.595991670107466,-16.388537685543344
1573,-188.12569528249702,281.3866278472028,36.48770252874531,-165.61902475158328,95.71354748534195,-15.91918707978358,-10.804807940701457,-123.47200417239523,-63.03288428137595,15.475741295903669,16.541904829009383,95.14166196038761,112.21479435996828,23.103942801638993,-48.53513695641533,124.9834583556411,-78.71179216882,-96.45833575716529
1574,-168.12198382453101,5.755629713298024,17.51306307279729,-174.32748590358935,100.6239654694973,2.324723125023036,-17.411893742885272,-118.33251595480684,-61.79137467773596,19.496002120108844,5.604988217017695,67.17613848715395,118.66178254376781,48.75607453795828,-38.641760144361314,144.9868166890049,2.101992504845301,-112.05230624734246
1575,-28.805366981747934,20.784551214533074,-1.8694816955729125,-32.368245688804514,14.227930850461641,-4.822535143082232,208.70447745386642,-24.575124050034006,-13.287403206029788,2.562686159947009,-6.103602650029826,26.966888057431234,24.853869180328637,3.6493731219136842,-7.110285172892472,22.837139618230548,-2.9196263416154467,-16.540751702020184
1576,-40.92163153093386,53.0458737433281,12.997773072066305,-21.72770583171914,36.33491185164215,0.7432587574068132,174.57105981368682,-34.571485373458636,-17.57050510917172,15.470596643550913,14.531089904612195,39.466838855328604,59.3166331232387,1.9313250640869417,-12.384093601095076,45.83636587931973,-5.269889585272709,-21.2727974150926
1577,-125.21465686814483,130.29025639670024,12.003981297495555,-123.55842473918855,62.66925271146108,-8.478661576726541,-15.159135097284917,-99.74527258634944,-24.632389192912733,21.26879026309513,11.847207225712852,112.26332144760455,-94.08836045649767,22.282160377830426,-3.378176005971012,109.57109773773566,-13.68064655568449,-57.86304851160944
1578,-210.99497159107636,59.72858487884258,51.17744466356409,-171.38913811365245,106.91096498798255,15.20549156302109,-0.8489495425859633,-146.99837978074032,-41.58192853123727,16.236680964050198,28.326688993399216,107.84739579715247,198.16409178176363,46.91398192448278,6.92730295337313,130.81435393099886,-126.40263747631887,-150.52863940124362
1579,-152.96784150095414,121.76629085576607,2.5899580951753887,-150.8431323177648,84.49849387820892,-12.143003862719604,-27.238749544926375,-113.1979816672996,-67.46755086743788,25.3773969806085,2.8084150785458184,108.53763901173402,156.2808132656413,20.621908783444674,-35.12496222079583,127.16132075757197,-259.0886037139953,-65.57629519531974
1580,-214.79314948043725,45.86141851892627,45.343444383671645,-176.10477021284103,100.12293285278928,-5.544749330605878,-7.119973738882578,-148.7216787864694,-57.51621197930228,12.831782082600345,22.58990783607074,113.36946673422646,191.62270173774186,29.44989470612288,-10.640297525505725,128.14219481745747,-114.85035109751705,-122.6188241255021
1581,-216.21137378875804,29.649586152511816,48.09769387692289,-180.03994998391724,109.98937247237136,4.443060458015852,-3.869039689920798,-146.5747658546039,-50.544467879035714,16.959834477265847,26.003151316700517,109.55211347811564,180.39495433197305,44.29972478206616,-2.950420569283473,135.9108418167816,-117.65521101311245,-140.29584255355857
1582,-149.017406310071,112.68183047128247,23.038683173772547,-142.58149118206566,94.50472844442378,-12.216752607786983,-9.320372239980388,-94.88254881148366,-48.169536850588266,34.089448362384985,24.487577819395156,309.83700773051527,127.04860401896751,33.437473959772625,-39.69926761943667,124.67108915039088,-90.58172219476023,-99.4725076055931
1583,-184.80326807098623,292.36835307926447,37.52957836890757,-163.58085266185864,94.27911600892675,-1.657731239680028,-10.059117259119901,-127.6095145918811,-53.6838573194339,13.031013521046283,14.665113942864718,47.927509419511914,123.18931635299342,27.958624718258708,-41.881846782044946,126.34899873279089,-75.51557042314792,-110.10323736525679
1584,-109.72712941726716,106.49684383762298,24.289450118749034,-127.61825085367684,84.59894043686567,-8.031817976298086,-2.5639708549570326,-93.89649404513135,116.41730368175675,23.07171312147679,22.75291033897284,112.42938225833532,49.24501122780071,47.33971853898184,3.531331508517259,144.87995890541671,-13.199864725729018,-71.50760191625012
1585,-40.49408555586045,90.39150317458729,18.646896125643824,20.219694454051,67.70225120634558,3.5650255013858967,-9.984896394442744,-76.57717509131257,-31.97338225513339,23.876496820009226,12.278933193060494,67.50112480131823,104.64281634222192,-3.0573170371706473,-16.484615161354938,74.84038872172137,-68.48998496516575,-54.022442728176394
1586,-156.34123818541573,23.101505881176973,7.859006800662332,-170.54678384481548,96.73616873262733,-0.7204463586370818,-22.500199329797887,-112.33888222841966,-66.64718759453697,21.617750528338195,0.5757907410293923,67.13509018311376,113.3136957575876,39.32962735716381,-46.44461990931671,145.3089256021465,-22.61725267372203,-98.16173830664117
1587,-137.6809796399674,153.91998602871757,25.81401328340188,-142.11414763963387,82.42584699264478,3.95127417100531,-15.447086763165489,55.56997981553078,-50.28943064545706,25.22403334048127,19.645708777596976,80.56634005325604,124.16823725835849,27.381399845568442,-28.589376041960595,91.58523290293022,-47.28727021784135,-75.52020526183225
1588,-143.55140498050918,115.04613201261355,23.74113533803308,-134.99930202917713,90.58909889060116,-16.143268893368194,-6.016318272614023,-90.97476451832331,-46.26835043693919,30.635561656250236,26.45386925962908,314.18426552529553,140.29348138603845,33.418687660336914,-25.83169926459376,115.16903968808707,-38.83972108620002,-88.78793938533951
1589,-163.43402361218884,94.78281841719335,33.94071200611225,-148.68085421478412,100.51609604716211,-8.767536581829688,-3.6531213934676297,-102.69281499615026,-40.04336634649428,32.25190819423578,30.369785360253175,310.98746827124853,138.33771268364086,38.863822213175524,-31.142472777080453,126.85387220124403,-68.09859467930974,-115.9519212015612
1590,-129.43069385399704,123.97160431985438,17.861630266656977,-137.89585965529818,78.83951442088392,3.8797170968423282,-18.759080954068644,59.752763383642495,-51.60256961555183,27.598246084507753,16.306084337951816,90.55121534656566,130.04798519135943,26.25219679439055,-27.653806873522058,95.55227390410114,-80.683032978219,-67.11751527686411
1591,-109.98623283356372,65.54320738671561,12.054628615388333,27.96934573486737,48.232064571475306,-12.28606810244832,-11.377926044229378,-31.14575919805584,-37.919189011103235,11.474764023798352,-4.258387305132871,75.94279720912364,78.72727815991402,5.761009228527971,-3.89069548940757,189.80167775787623,-32.04236372397031,-49.840365691915174
1592,-110.94002670594682,157.40466918448828,0.4887211525276097,-104.29063041234734,58.32556232755025,-27.647697199502836,-12.459163553890345,-87.17741725349228,-59.33095615576476,8.582471396991654,9.518363006546597,125.3742629524759,196.52167392937764,19.12692633094521,32.11535206993645,75.81667979496163,19.349001190468822,-7.809811656915617
1593,-45.576446550767905,52.718434868919594,15.194621283757716,-98.81983636457053,36.23759433557395,5.112650224606771,-3.402874473071478,-37.150033843661355,18.272591786254292,14.14717412791397,21.774449831718368,35.91558403270491,60.50974409436821,15.324517357814107,-14.120922474747129,270.8906830987643,-17.775133723547864,-36.51618441644654
1594,-74.00506360330623,44.41349845423965,-7.249339899211514,-76.81642033915989,31.187958637965018,-42.73887521388537,-23.39548833284037,-48.39632687678121,-60.089740271244075,41.29215126323719,-8.032273545307762,65.73131741310291,73.30192938225456,-12.175387581435961,-36.84906660755608,61.77744596545172,-4.738783653356446,-266.2761212264786
1595,-197.57342522623037,35.116231554425845,81.69566832541223,-155.8052824977937,98.97100184376853,5.012417425186189,0.39202247559216363,-133.2656667150944,-41.542607710662104,17.022359752181234,31.912271414480003,97.57633623726424,172.5144497664816,38.457138702225244,6.585851849452477,120.78980080496643,-122.94504284638809,-126.59258648749179
1596,86.99863121070364,87.93213401124176,6.8955976820093365,-132.13513797417403,52.42651087187565,-24.51463330034683,-9.456615122059109,-94.5090871345002,-55.82380048516057,6.691306727383244,-29.04212451486242,100.6970974883394,83.16362473485873,28.2776938475273,-33.85720572107948,136.2308825141086,-67.44616646597169,-63.7030067385707
1597,-169.12023241463288,6.879177648621994,17.98516440550082,-175.6723821214636,101.8404292492636,2.4965850712680737,-17.12513832916808,-119.34350856499206,-58.722615863063176,19.860092483949263,6.097521369670079,68.26561606904006,119.1787920092628,44.286371761768415,-38.07832641574372,146.96313330832982,2.0888113180016594,-113.1129438298677
1598,84.86939425270626,102.61629283608437,3.604543289193129,-137.76252635045563,56.70546885998277,-24.252055282028117,-14.223753804177555,-132.81043716104975,-62.49826117260702,9.375727750659655,-27.79467121139241,98.04050355249733,93.54016300876718,26.1234722748834,-38.12788324966374,136.8329049979551,-110.72519046344784,-60.076931998868865
1599,-127.84606638670297,113.4201523832747,21.481636758320413,-130.32779740366297,75.19728837318468,3.537211827744605,-14.147580404114986,96.61147678174865,-45.59434730251614,24.705870220455274,14.69675404808489,88.73231544103255,120.02856169688296,27.88481968644535,-23.48178102076209,91.14567819213511,-38.14961917136015,-70.9363200213302
1600,-215.1878562043181,45.47224149085465,50.96969244503295,-175.18147496071492,109.75099249599307,2.4155185604582563,-1.4440766414947166,-143.5776410122124,-47.18220296605331,19.19036130511742,30.372158835005475,153.24204687451322,183.8435600533611,43.32366586331944,-1.7019669143240859,132.29117481750617,-130.28894409262847,-140.8068584804634
1601,17.06697116985798,83.26200124128637,24.645825046379283,-93.32131382731633,72.4235008833579,14.90382464166177,-13.332288048295286,-5.992317987033639,-20.87560912513548,24.7090570571959,46.53749575694667,64.75787203979155,118.61481071331258,24.334060879975176,-1.6986330836160382,54.57615906652947,12.383992195683591,-69.95082288448396
1602,-55.173029624850464,43.483025596425094,3.263212452586553,-56.58933710162891,28.105651268964518,-16.31942759907581,-13.871349278360832,-40.465885632042514,-1.4935621483321944,4.839049506398037,0.34236868588348224,52.033091862442916,57.80434996169435,277.0812879604127,-22.68968821470181,52.68922118082984,-11.749537994584529,-20.56712654892503
1603,-148.31652450314343,11.70436894556008,10.61485920263307,-137.19723126381962,90.29157457063715,-0.037204598015684924,-19.22756656770901,-103.25747616732421,-59.95965175987538,19.024705998462306,0.5051455298339452,59.91628236780642,99.32644198918736,36.47781893593402,-39.75183302223723,161.60891943253628,20.77109907011296,-95.8679403600196
1604,-213.31403316335278,46.003647742434524,50.77807860286509,-173.06562663776003,108.36832603689344,2.080773458009488,-1.3795335736950418,-142.21853407207735,-46.643159285201804,18.870453861393717,30.28319124993808,152.95886879657243,182.99845191307082,47.95373264473722,-1.380177084996376,130.38842481585326,-131.0127892871423,-139.20785271970072
1605,-128.1060076815088,124.54066616430427,18.057529888998396,-137.77416445560198,79.6054622475171,4.024642246980195,-18.912078452103927,59.68848563295632,-51.735467758732746,27.799919127239665,16.82148942308274,91.19381175412181,131.08996444576414,26.511509673092558,-27.314551952333623,91.45366913348677,-80.07355261194309,-67.78949344352255
1606,-216.21137378875804,29.649586152511816,48.09769387692289,-180.03994998391724,109.98937247237136,4.443060458015852,-3.869039689920798,-146.5747658546039,-50.544467879035714,16.959834477265847,26.003151316700517,109.55211347811564,180.39495433197305,44.29972478206616,-2.950420569283473,135.9108418167816,-117.65521101311245,-140.29584255355857
1607,-59.389647144104,57.15495312904692,4.561675598822746,-60.9177703976535,28.385804699360694,-3.388557048256344,-14.043311098070067,-45.20716539569321,-25.216923838862197,4.39776577199379,-0.6152557919520255,46.633941084106716,78.44052401912963,278.7769759050921,-22.371599062472505,50.355492353685285,-14.461827087351647,-39.03603887012079
1608,-184.80582659555247,293.1781850637757,36.97227281282418,-163.08924633573002,93.65941933279576,-2.312031080348526,-10.310048291214736,-127.42518593137709,-57.362134830759054,12.754445777883008,14.378991681341427,48.43411039929674,125.02637055807973,27.246259787916564,-41.33646871435419,124.89103479212635,-74.80201479715042,-108.41086111071989
1609,-142.11840100892044,104.10102757532916,28.546527657343603,-138.49410815586083,95.74005285370848,-8.068080532668114,-3.8532262615881123,-91.26561876392091,-10.180522892826138,32.98719657208244,28.657613382509084,309.8990617702106,118.75785459238533,39.14336968847617,-32.02859763600253,128.2783336585001,-45.52905430988669,-102.73690112281196
1610,-61.802208099486755,37.68543953187094,8.821466707650536,-51.81527172960346,35.97872339549712,-13.830910240255749,-8.51960574092349,-34.54512584469158,-26.624916920431215,196.94851822531209,-0.3933356589577563,76.63682405457891,33.52873483424146,-13.262859866381838,-4.757431521621924,49.47922501862709,-31.614941131934337,-98.63199081116622
1611,-106.23159926945922,127.51190370747909,-3.0480073235564507,-133.39538824399676,76.54364694234502,-10.289234289346204,-29.486239061693297,-91.64715535944522,-65.06641477027321,26.37854611179401,11.462006972422689,98.21334954675793,142.42799914576608,16.249747990210516,-36.1509761022504,111.11978043027565,-230.52849649066047,-51.67273274029032
1612,-107.47360126144679,74.09668264595831,14.933453261236641,17.88959290348093,54.71917477650577,-10.83401471869723,-10.50893111396825,-67.0265824688795,-6.790432941523115,13.757560623553008,2.2439857084184474,77.53370673215935,79.13510401283982,10.15977565727,-0.17031152282451872,200.96406879947807,-30.87330109642605,-51.07082499028931
1613,-211.2996704550462,51.476800870719345,48.087465905012614,-173.50492403467655,105.52776226543995,1.7977525040877218,-5.721166147960198,-144.396337421351,-51.77222333902931,17.860767657744262,25.505083355166285,112.0160609296173,186.72472343263183,39.14998367861935,-1.6077890687161371,130.7037931974005,-169.04561855400536,-129.46561921132025
1614,-64.60860786635193,27.88578638722741,0.9246192560981469,-69.07697594178967,30.844515507618503,-14.805287993930069,-17.314332277499734,-44.59922280905272,-37.85774069798579,4.844351542046165,-3.2249157301740103,48.84525974485471,62.50844077442542,275.45035383233335,-31.703944517438345,53.99401629880351,-5.000844998147698,-27.110865767898808
1615,-184.92113274392992,283.7345807286342,35.69023591979833,-165.1735656805646,92.76518381017159,-12.12057351335489,-12.799795600308267,-93.21563559506625,-63.738775282083346,14.440614424172793,14.882036806889113,51.189242522422234,106.7773746414237,21.783273912363033,-46.80861539233337,119.10843661994197,-77.4622728785724,-91.43847966719288
1616,-184.80326807098623,292.36835307926447,37.52957836890757,-163.58085266185864,94.27911600892675,-1.657731239680028,-10.059117259119901,-127.6095145918811,-53.6838573194339,13.031013521046283,14.665113942864718,47.927509419511914,123.18931635299342,27.958624718258708,-41.881846782044946,126.34899873279089,-75.51557042314792,-110.10323736525679
1618,-181.26648428459944,279.6487282064833,36.6973969315397,-164.03053715518877,95.07580002385087,-14.703293747391063,-9.817153623380891,-123.52042870574225,-30.246649223314613,13.919428492265801,16.0911096804926,58.201823119713154,103.97624636033646,26.235642697779152,-42.36195665755772,130.72318885462894,-73.42485214751876,-92.79438248066019
1619,-113.05180874226303,102.8230670287975,27.76925243980479,-130.6705034125826,91.1974250402574,-7.104299412354249,-0.23268223955130662,-92.21403278044339,119.88312488402873,25.255103324322338,26.039903385795,147.1927541234936,93.47185580386189,51.294936811749544,-1.4252205346197158,148.77875268728025,-19.306407802624992,-81.90579290385517
1620,-180.5302192554474,287.6439294231282,31.08571790922918,-158.88335234695575,88.73911724724967,-21.183892877217808,-12.244605801526383,-121.66204164212918,-63.79520683137317,10.950097666544044,13.148007353033028,59.2196953774625,121.63551132291681,19.380808390557508,-36.16166949547805,116.61930128779738,-65.62257414895504,-75.27547220961988
1621,-112.7498715644556,142.0323919042351,-0.18310585424942744,-106.11204340079077,60.27828803367138,-41.11760776886437,-12.746851666438875,-82.58718112077189,-61.363608122097446,11.495192323871688,11.868201912170608,173.1454207287448,183.33213135008387,15.531273592214438,25.870322510884336,76.3655498502192,16.647117498671527,4.503420084016465
1622,-108.48678545508926,84.36748074028326,13.39141060008098,-115.50895888746716,67.00537694021787,5.691661013467128,-10.01777270183273,-86.0430975927041,-40.68616715812755,197.30969173006733,10.817291105097967,44.22361134579586,119.63238488725464,39.39625185734342,-33.36460052063962,105.41771269638082,-17.473485521606168,-44.2239008108072
1623,-141.2254029615394,92.7635307776324,-3.156388263623154,-117.52133240843864,40.95937647272672,-49.97625354112431,-35.48223681251791,-113.99204082665206,-94.8183722612082,-1.6155559748651778,-16.56107187331495,79.00304864836053,155.46517901803148,-37.77133144378244,-78.20121780334846,122.76568443591555,34.795398648089915,-7.482848219737024
1624,-144.60598015716224,109.24625788105654,29.414367131680756,-140.64558701251127,96.95316489829933,-11.03583223984201,-3.681697310749674,-93.04468686263073,-10.456530247840716,33.27828983673667,29.262577719446057,308.67726712827954,120.30847100826352,39.85025601378356,-32.21247896354449,129.7772267991547,-46.90742702462546,-104.28200805705916
1625,-212.9808956060223,52.62700879394062,45.0186526148578,-175.07410002317746,106.52098539816042,1.5151426712183174,-5.8917619330724555,-145.3456604750654,-52.293454879910655,18.06329537659769,25.345330058475664,117.60651806665444,187.81535858324878,39.56683218640141,-2.3597477302938943,131.95047930663003,-169.89069401951184,-130.78851282664903
1626,-93.73483525988745,89.90625475516055,9.788327849091496,-98.43147646297345,54.718404994663594,-3.3260679932337607,-11.008184610010764,-75.01750642141498,-40.71449236781594,194.41569280271455,8.713677195431917,46.186906197786534,112.94265224005018,28.414904883582906,-31.802924223814212,89.72591864823472,-22.807786125773916,-78.77542919947267
1627,84.38561461255352,101.88277728032685,6.761919691891979,-139.43910316436188,56.245870859752394,-24.28718726473202,-14.03523972116728,-132.150087442802,-62.29214575131466,9.37385015538388,-27.397732279442064,97.29028510687172,92.96892036427036,26.439148189117848,-37.8436865916954,136.5875652113849,-110.32389517941738,-59.66672208965759
1628,-150.4493466227675,83.08134899634999,-3.861865119325165,-154.4707653610774,49.88622767326805,-48.598982378410554,-36.96522880158436,-123.08970535605619,-100.11270524802623,-0.28075938234838815,-16.210755853703045,78.5493933621348,162.0283619345864,-30.745685552414557,-84.95093621207224,109.30606928397815,46.595991670107466,-16.388537685543344
1629,-126.33604255826722,109.83943231959432,21.294380035622247,-129.61943197625317,75.09588592675964,3.6744572578181156,-13.940508867176796,97.24853115548719,-41.956249818231925,24.897295629314645,14.883679806040938,89.79592165621058,119.65059531570068,28.43148393399216,-22.528142337753042,91.60212468387789,-36.941725491487865,-70.57561363395273
1630,113.47242204632272,92.60893095519342,9.233433905642189,-131.08052106939707,56.01538627495263,-19.217223008674512,-10.893620455026218,-120.54459418170289,-52.88277667073189,9.090269686782172,-18.332301858937285,95.03178611824106,88.79254801600707,28.2097582421218,-30.81378333667881,125.01203643851589,-60.39398086712994,-64.38597208106258
1631,-214.7421451595748,48.409470027883366,51.33726042545306,-174.388666560996,109.51909301669644,3.550951727339807,-1.1251603378320356,-143.63994531673367,-46.24154303066024,19.16606806752108,30.641312800050343,153.4257287624483,185.5078960866598,43.62944657097534,-0.8433830173447063,131.879747239013,-131.30171447540775,-142.05889056325273
1632,-129.2271297910792,124.62670977290453,18.041949104282594,-135.4779418994818,79.5145599301581,3.874635999278606,-18.789505692098103,58.932080670364634,-51.864928010871296,27.78537004668007,16.213012821737614,91.18746526046735,130.73841067789198,26.008447365148477,-27.545326351509335,91.72839532791073,-80.88747122755278,-67.54468661992223
1633,-142.11840100892044,104.10102757532916,28.546527657343603,-138.49410815586083,95.74005285370848,-8.068080532668114,-3.8532262615881123,-91.26561876392091,-10.180522892826138,32.98719657208244,28.657613382509084,309.8990617702106,118.75785459238533,39.14336968847617,-32.02859763600253,128.2783336585001,-45.52905430988669,-102.73690112281196
1634,-211.7542633413247,59.02187152279892,51.77337368112404,-172.11186598672808,107.6703776794049,15.797392126831369,-0.6798766532939873,-147.19780889981732,-41.13786852510503,16.716902101302484,28.694690967149178,111.3889323574665,197.03831466496013,47.35753185862515,5.635418400510326,131.7965660318497,-127.78291484090514,-152.81616338145187
1635,-107.51011041632272,127.78553973799302,-2.7353746541860176,-134.30246568582047,77.14219794437622,-10.344958469242297,-29.36239459974724,-88.97619222098221,-65.22277213406204,26.548383597809387,5.802028391534971,99.21427398671244,143.28853473134987,16.680752179145774,-36.07334286894696,112.39293852891774,-230.89401329585667,-52.677358403886444
1636,-214.9068736564861,44.103345703554844,45.02433343165942,-176.64460077097462,100.14941951683129,-5.319466897543923,-7.389414077596587,-149.05469265784626,-57.88979696963366,12.583945768394614,22.10446255625908,108.5150296901823,191.23952332425432,29.55834569709474,-10.77901459827899,128.5443800395992,-113.44660297757082,-122.56204457806822
1637,-184.4664705642404,285.42972839317434,33.61366279218083,-162.8054006772208,89.52934674282658,-14.831690203115414,-12.835689559063676,-125.73411227348538,-62.25335302726109,13.29678928441933,13.324742728943717,55.20093395933542,67.43205319863192,20.27532115784119,-43.404096156763,122.5333861580906,-72.92782698075455,-88.94777355945257
1638,-110.19185315232565,153.9270677492755,0.3400878913059995,-103.81338653188455,58.363875896416545,-27.57285104628755,-12.333950159755014,-86.55546333832675,-58.92707617667346,8.977550199940039,9.78716847672932,130.48600670775278,196.85498463647815,19.404775582292235,32.32248426777345,75.79737444689071,19.89017313175236,-8.044252995209474
1639,-111.64439001633684,99.97628243662562,27.001589198281362,-129.2492462779803,90.15141224205486,-5.57210945833914,-0.5789005494737476,-90.66160042100093,119.18817731489031,24.84106080852179,25.3824248934421,147.97356016625685,90.30677106107198,49.895969536467376,-2.168338229120862,147.30840725104804,-18.860184766336715,-78.93099209595866
1641,-142.11840100892044,104.10102757532916,28.546527657343603,-138.49410815586083,95.74005285370848,-8.068080532668114,-3.8532262615881123,-91.26561876392091,-10.180522892826138,32.98719657208244,28.657613382509084,309.8990617702106,118.75785459238533,39.14336968847617,-32.02859763600253,128.2783336585001,-45.52905430988669,-102.73690112281196
1642,-184.86850207211037,285.7897843200846,33.54726014393317,-162.95275583376326,89.36632409564511,-14.577750150071793,-13.111135630251843,-122.68285516801193,-65.57357817056585,13.373463075156506,13.238868285199258,54.89401716981901,68.14162289630315,19.865494145040977,-43.905526218914,121.41099129600404,-73.39654426200055,-88.90421266262834
1643,-150.2921889596063,21.342617112485183,13.458819531069345,-167.63711491919076,98.27749810040082,0.22828941325575214,-17.153714246450125,-109.69538043147253,-29.135779764409612,20.886474126450146,4.9903137288629615,65.95541492607111,101.1495503338855,45.27280556237645,-39.148332602207766,149.8864879062405,23.27997897268594,-101.44303068536566
1644,-147.05779288318206,111.54965663253483,26.181999731100273,-138.9432066540805,91.44502518614135,-11.089382542351075,-6.575019852297129,-94.63641651520832,-42.05935407269589,33.050729431838576,26.76501623807989,310.78812172317873,84.09758855365956,34.16778372519262,-33.04748626491278,121.56811875454545,-45.86922991657774,-100.66984047414542
1646,-130.73992319404377,136.71813716909074,6.120065130073743,-126.30209582925482,60.86289243058384,-9.777747801486772,-20.694842155605258,-101.99731050630932,-62.45940114903056,21.930421961259835,7.153730291638126,112.25473099669011,-83.38696945726923,15.945627729886457,-11.639738746434507,104.87506905086425,-58.54586574850909,-53.73940056707448
1647,-213.09461978207116,50.8689359785692,44.699541662845576,-175.61393058131105,106.54747206220243,1.7404251042802725,-6.161202271786465,-145.67867434644225,-52.667039870242036,17.81545906239196,24.859884778664004,112.75208102261028,187.43218016976124,39.675283177373274,-2.4984648030671597,132.35266452877175,-168.4869458995656,-130.73173327921515
1648,-78.68597825474222,92.10257908130164,8.49988823337576,-59.00198429901002,203.39802879989736,-0.4996718822624293,-11.03559622171176,-51.97735531329038,-55.59551161249653,9.544064677679327,4.735977096723045,52.28551076278601,35.06383630338156,-5.530527381280715,-28.222852566644978,42.80831151149654,-24.52960539852549,-34.19536015733025
1649,-113.14605521990117,142.62080378575098,-0.4876169220376591,-106.01264190768867,59.73761430709808,-41.13668734212262,-13.056891074287439,-82.8100595234035,-64.88770025301137,11.45329374249594,11.599753188238386,173.2501455667169,179.74883974274172,14.908359938600663,25.6914579124466,75.498994396584,16.63014784148907,4.8285662035700945
1650,-90.12521096408528,82.07279974450627,-3.428589275677967,-88.13338531728199,37.13556371432391,-46.74986433157878,-24.220348651878847,-60.11658527816977,-65.69856068273461,4.4170830667887095,-7.496209902595013,66.7060342292071,72.93963873359004,-15.266272464689594,-39.37732119747134,65.86153529916031,-13.54901154100588,-275.75465386055333
1651,-127.25846316881835,164.72644252870782,31.688585290853503,-127.5194510527822,86.72083770443477,57.07479391054857,-1.0826856691807427,-112.18864174237443,18.301096984335096,20.06689104958173,18.716817451288982,80.25125307810225,184.69966270592136,60.83969019651845,3.9879944445982316,129.29580363350993,-26.81736822499403,-164.279076163126
1652,-120.49986452780014,136.9052189123163,28.86399349434823,-135.36539701874688,90.33931242498443,-9.170156840850652,-1.7624734108989943,-98.24603170025922,114.98737552233298,21.3308928711758,23.21781156257567,96.80265902470727,84.5630224174202,47.74811394223751,-3.6487674504615644,148.5902449105193,-24.45935287122102,-77.44583314033619
1653,-211.37545427335917,51.6375432339137,44.5658843575765,-173.3090997610347,108.62883591553003,1.7518180413203057,-5.999929871786766,-144.40934204763423,-52.476692609928755,17.61899437912945,24.886807088208762,112.58916930727464,186.02820639877268,38.762992382982546,-2.0933701097108344,130.30277640618684,-169.212382289841,-129.30994976441303
1654,-125.13645210487084,108.870753127548,21.06412154692915,-129.0227184766094,74.02693130028672,3.9348808940969175,-14.009860569848216,98.34308674565872,-44.61299280851639,24.71317493765369,14.821445399222085,88.3675705909962,119.15205441133081,27.67389394501794,-22.91536734132839,93.94890509759527,-36.960228799266865,-69.83090631044843
1655,81.24990085646778,96.66587504537442,9.656491233733021,-139.73175497645735,59.64100407082471,-23.956696607315777,-9.48550040059492,-127.34944815950792,-57.17806639772262,10.52528277800481,-22.74490281929833,139.10334703506456,89.74020433212439,30.281710829314207,-37.40495320018501,137.61857369982485,-72.41848860078522,-70.32856748946824
1656,-181.292069530262,287.7470480515958,31.124341370705736,-159.11447389390275,88.87883326254102,-21.246292154076034,-12.326463944329243,-121.67714210070218,-67.02942433656605,11.153751060633061,13.229887065259703,63.26783291756136,122.34678841119965,19.111993394357725,-36.90817598065009,116.14354944798367,-66.2892958875438,-75.87061993529122
1657,-99.98535418032542,113.64893222155439,23.364073770540134,-127.95186806261395,78.02286698968916,8.847475306739874,-15.456162867553896,74.84685265249014,-42.09896951871149,27.073914643844635,24.97569087468562,83.91138676546385,125.26006461876901,27.872064778855002,-19.837032274179347,79.75333885894749,-30.00378139403336,-71.11755328534956
1658,-108.05948057353538,83.89503837466964,12.74702455411314,-115.03920885597687,66.45137706405016,3.7390448497133515,-10.236321556073378,-85.44835029772892,-41.69730210932148,197.1016001446171,10.665580446114797,45.35282994159091,119.47700438424698,38.5384702245733,-32.79258279198293,104.44474295188147,-16.484185894186883,-40.74112429524351
1659,-117.88673861022524,124.64745121787713,8.116192710393927,-108.78064785809869,85.40934313167723,-7.12708612740604,-16.991021378206636,-94.22140437697941,-59.124813886002265,18.594215029706344,7.979723331098959,101.81451982913336,-105.17871473491934,11.418775146897389,-8.631673272718883,89.00249870551056,-14.303923043490416,-49.43316243016498
1661,-163.98655024477873,95.4256064944324,33.35232038937007,-148.95522132379077,100.33546001907438,-8.897445204305711,-4.206692099299664,-102.91801878814624,-43.826067542106074,32.31807136405225,29.9004376668457,310.98660922615704,139.40785178356373,38.23016894838113,-31.9686290511268,126.3842693325569,-72.58511659859221,-115.53955640710771
1662,-55.85286335771723,44.43532825626577,3.7294941614548707,-61.36745489098362,29.182488714284798,-16.43411955596738,-13.801347462331055,-41.11807950955436,-1.779715742742908,5.2861807432133086,0.8107399456758625,56.90825478430795,59.22745402647268,277.05399388461257,-22.851708937985276,54.72968247552333,-12.37110881172248,-21.727183985524174
1663,-143.5146914169221,118.40812890679877,29.742764543277577,-139.9117054842803,95.57558998365657,1.7759826485017964,-3.9825785857831106,-97.29541208475885,-37.022750171408184,32.4934346132823,27.139359327593834,303.3448411596794,139.8204564523098,41.44356077100463,-32.2383180903088,125.16342666056008,-49.52244502493499,-121.63238829070433
1664,-148.62122265462546,112.0934185897666,23.343194241560777,-142.68089267516774,95.04540217099706,-12.197673034528725,-9.010332832131823,-94.65967040885205,-44.64544471967432,34.13134694376073,24.75602654332738,309.73228289254314,130.6318956263097,34.060387613386396,-39.520403020998934,125.53764460402608,-90.56475253757777,-99.79765372514672
1665,-146.02626709460066,117.39252688270338,16.50349805233719,-132.92565431740934,66.66281163326371,-6.438668245627626,-15.413483127269764,-113.4298265290308,-58.144900128070034,19.930126500880988,12.449797984723391,113.01053366096659,-76.06262342281403,20.998525337247877,-3.6456019983103203,107.24012489249677,-34.87396422763757,-70.47559711855065
1666,-214.0338577301889,46.568131874969936,44.74751536611169,-175.3820423397654,99.36352016136694,-6.13664989441615,-7.289046628174554,-148.5222496673924,-57.96027198543452,12.351560945348053,22.221905862320778,109.82793017391243,192.74847885454537,29.00634477198052,-9.348412972642919,127.15998271660663,-113.47007373293079,-120.33130014529387
1667,-155.12143674138258,16.30063961085693,7.240337077059679,-169.3581945536365,88.75521904796112,-8.165305329500194,-23.99731698735959,-113.6753896789127,-71.61621015030762,16.143927575636454,-2.7641928223130265,61.68390177602058,114.76330864092976,33.835702457890605,-55.30024018349164,139.8623046026144,34.67617756857204,-87.72835006978106
1668,-134.11511564214968,165.65451018491615,32.03619644414252,-129.59954497530532,87.97828184205683,56.51320041882455,-1.8194089544064747,-112.32454586953142,-10.806860562401093,21.899771596382873,19.45373486132905,116.68449093899189,191.10115650046686,58.420355230720425,-2.7305639219501434,125.01403707518665,-32.81786387229278,-169.635405694168
1669,-125.21465686814483,130.29025639670024,12.003981297495555,-123.55842473918855,62.66925271146108,-8.478661576726541,-15.159135097284917,-99.74527258634944,-24.632389192912733,21.26879026309513,11.847207225712852,112.26332144760455,-94.08836045649767,22.282160377830426,-3.378176005971012,109.57109773773566,-13.68064655568449,-57.86304851160944
1670,-151.90041062777757,22.759668932404157,9.812307334684116,-164.40085584556425,95.0169249209038,0.34901520399045066,-20.237062869514748,-110.36589211519193,-64.15605882447579,20.418266118172834,2.1161089894565674,67.09705830168929,63.86279278308826,38.517678474166864,-40.463468768165036,139.55392512137436,24.3297660718157,-96.9474477658873
1671,-110.92489256934152,107.52589904790302,21.107510099944747,-131.02541383471495,87.51892767985674,-9.096788764875768,-5.227465099837432,-94.12752588283368,113.5413384090573,23.906778657934193,20.39359220806143,107.43013072557302,91.48474960482581,46.87822376976163,-2.373943360834595,148.45868114107583,-57.24563526532276,-69.71512132202648
1672,-215.845707169389,30.134879405560095,47.7545593476581,-179.7094269438681,109.30898273050671,4.486380161615819,-4.097220954966504,-146.78254379866252,-50.83434250475674,16.714282501801087,25.652822880541624,105.60870077598892,176.10038563634808,43.945626124652165,-2.382778682549164,135.5200382029601,-117.00545893170614,-139.3755487083336
1673,-119.23335851056538,175.68485832103897,0.8311254252631506,-109.53958598754454,58.678688565242155,-42.037931247262264,-14.285741021509379,-87.79572766224207,-68.47116672768324,7.180313930547423,8.687614057690986,120.93850559408997,179.48201481358336,17.22248385493401,23.23556680389669,74.58228671160333,11.248579272679796,7.9084710494802835
1674,-94.72366309364843,71.0804404166699,14.23665699186314,51.986188200846044,50.91191680096234,-8.488720287791889,-11.589203777138245,-64.74531587117542,-36.27276771806012,13.728236177601353,0.3666693373410508,70.21402090248068,80.840663762341,0.6624505436816751,-3.1550170967639675,181.33009362652314,-33.1293642812255,-48.07526279840408
1676,-130.3378916861738,136.35808124218045,6.1864677783214015,-126.15474067271232,61.025915077765305,-10.031687854530393,-20.41939608441709,-105.04856761178276,-59.13917600572579,21.85374817052266,7.239604735382585,112.56164778620654,-84.09653915494046,16.35545474268667,-11.138308684283508,105.9974639129508,-58.07714846726309,-53.782961463898715
1677,-109.30463517376461,114.14218187975668,27.609436677915827,-127.67097496523905,88.58929701154351,4.550240423327031,0.043528555694765506,-95.57246724445005,124.54273938345173,22.325716220851454,23.725279579143873,101.61442115819777,106.12805149896568,54.579472165256995,6.34546543609812,147.71335937926614,-14.40733080353613,-90.37554174184608
1678,-180.5302192554474,287.6439294231282,31.08571790922918,-158.88335234695575,88.73911724724967,-21.183892877217808,-12.244605801526383,-121.66204164212918,-63.79520683137317,10.950097666544044,13.148007353033028,59.2196953774625,121.63551132291681,19.380808390557508,-36.16166949547805,116.61930128779738,-65.62257414895504,-75.27547220961988
1679,-127.63334998557798,132.5620805468464,11.176098974573534,-124.28790764842729,60.13309426035499,-5.9327774630551575,-17.70750144064984,-71.18940304691677,-57.17115847294013,21.774733688068753,11.012102825193866,108.07271927674242,-88.2007740818265,17.836127273654295,-8.278271568905335,101.81632439267412,-17.91760539467743,-56.726293116687046
1680,-184.80582659555247,293.1781850637757,36.97227281282418,-163.08924633573002,93.65941933279576,-2.312031080348526,-10.310048291214736,-127.42518593137709,-57.362134830759054,12.754445777883008,14.378991681341427,48.43411039929674,125.02637055807973,27.246259787916564,-41.33646871435419,124.89103479212635,-74.80201479715042,-108.41086111071989
1681,-126.10336014627394,89.73000562228148,32.04816239376101,-137.3558984143805,93.67001129788643,-5.7099720157766995,0.3579276038724669,-101.95289252607328,118.43329140795836,22.272891883873992,26.35767946114612,112.62872880640512,103.48513535778199,52.035757026964745,5.43634499634959,150.16571235211526,-35.429229488461004,-86.7896826436659
1682,-111.64439001633684,99.97628243662562,27.001589198281362,-129.2492462779803,90.15141224205486,-5.57210945833914,-0.5789005494737476,-90.66160042100093,119.18817731489031,24.84106080852179,25.3824248934421,147.97356016625685,90.30677106107198,49.895969536467376,-2.168338229120862,147.30840725104804,-18.860184766336715,-78.93099209595866
1683,-154.70470051093247,16.10566622119308,7.4324127523530334,-169.07789764555008,92.47688023181887,-8.086346563174285,-23.69675814824718,-113.41913507258144,-70.82144437935482,16.2465890644615,-2.6344206193948763,61.344326887133505,115.24803532685928,28.733819271660156,-54.775257932998684,139.92569786271298,34.58483467191995,-87.8286374276596
1686,-80.83107204479859,61.85923068812034,-3.685789325033641,-82.03113985033912,36.185670372996725,-31.877192389395876,-22.42959556588217,-58.67161091973876,-55.94883141416376,5.731717912555801,-6.871871844868497,69.5457130259221,87.625234178803,-8.179762282146397,-31.60634772773997,66.57757570385823,-6.14896406237071,-292.1046752389609
1687,-61.186160933710234,35.2099564213634,-5.823771886473634,-56.23803137628323,33.76322979467512,146.66745484215653,-18.717422943844664,-38.67121011496334,-43.11770707389797,-1.3199963175761613,-15.501223191757372,113.06537905616302,46.36977264736625,-7.654506543310562,-33.434286890118386,50.928589860247214,-7.263656424797928,-33.4430383785684
1688,-184.64805154616164,282.2788718051268,35.7266044988716,-164.66002016480448,92.64396319659744,-12.225886182847196,-12.568404859869695,-89.358928648229,-63.29842666607765,14.260169060679603,14.532673943540889,50.86529416380173,110.34121227068587,21.91470401624515,-46.98206311472263,119.34505232423946,-77.5595447227772,-91.62260009565144
1689,-185.5651183458008,292.47147170773206,37.56820183038413,-163.81197420880565,94.4188320242181,-1.7201305165382528,-10.140975401922761,-127.6246150504541,-56.918074824626814,13.2346669151353,14.746993655091392,51.97564695961077,123.90059344127626,27.689809722058925,-42.628353267216994,125.87324689297718,-76.18229216173668,-110.69838509092813
1690,34.839902361507356,77.75305755112387,25.012194858648332,-62.461751872694954,70.61350787615112,15.296181794170542,-11.772389147200569,-34.34873171156366,-17.100853176523568,24.2713695905439,46.37511810759671,59.81833515296083,114.16698323397836,18.50059336274587,0.37910498094369727,50.53667094991572,14.487273657157141,-67.3085368425354
1691,35.15991732742948,76.54381759284051,24.65093925950423,-57.76740047374476,69.83940909330364,15.094534421160267,-11.648803034845036,-36.76289539809827,-16.728691944000996,23.95121795708047,46.07450100377547,59.29822656071106,112.74558655981164,18.668899455146416,0.29604928120611607,49.14285267749507,14.91084001695234,-66.78718802843183
1692,-150.4493466227675,83.08134899634999,-3.861865119325165,-154.4707653610774,49.88622767326805,-48.598982378410554,-36.96522880158436,-123.08970535605619,-100.11270524802623,-0.28075938234838815,-16.210755853703045,78.5493933621348,162.0283619345864,-30.745685552414557,-84.95093621207224,109.30606928397815,46.595991670107466,-16.388537685543344
1693,-25.818290981912007,25.72007082901259,9.153206506598567,-31.782700787757598,237.60149721849027,-10.681021030376028,-0.5918081790794136,-19.07806904583602,7.0182379579798075,7.809125756584402,3.4510377989543994,26.18926060704619,71.99376027273296,11.502101573103431,-0.65737857405527,37.140549917697136,-16.15563199491774,-17.312250788134044
1694,-133.51549507349293,164.55343339950002,31.395400678507887,-128.66274883793656,86.91578732683477,55.7743106743582,-2.2697486267411464,-111.57010108235235,-14.41749557889422,21.566188783530887,18.83980790277746,116.07452092024562,190.7602819105417,57.161856528116445,-3.459619850212909,123.37129105270006,-32.61426755135208,-173.62892671127202
1695,19.577332621592063,72.21582452116958,22.830166482173528,-86.47859433867363,67.93365564666409,11.498833979514108,-11.561111414291702,-0.7491750384440601,-18.747274469566687,22.0178974367409,41.75006146512279,65.5471114596038,112.05359763155138,23.59915204759217,-0.3565734116999062,59.00825508126883,15.574274214412332,-69.0736397360465
1696,-216.21137378875804,29.649586152511816,48.09769387692289,-180.03994998391724,109.98937247237136,4.443060458015852,-3.869039689920798,-146.5747658546039,-50.544467879035714,16.959834477265847,26.003151316700517,109.55211347811564,180.39495433197305,44.29972478206616,-2.950420569283473,135.9108418167816,-117.65521101311245,-140.29584255355857
1697,-143.12154157438903,113.76385766248868,23.654054848148633,-135.02115832381543,90.65479569056444,-17.441585216453475,-5.983936094759836,-90.56434588385213,-43.60120787680797,30.704037813963286,26.588280862169203,314.8068831413058,138.30104667794447,33.27327095790894,-25.805059603627832,115.65403388425224,-38.56397708477823,-86.99753912431272
1698,-212.2190453312077,52.523890165473034,44.980029153381246,-174.84297847623043,106.38126938286908,1.5775419480765427,-5.809903790269597,-145.3305600164923,-49.059237374717746,17.85964198250867,25.26345034624899,113.55838052655561,187.10408149496595,39.83564718260119,-1.613241245121853,132.42623114644374,-169.22397228092308,-130.19336510097767
1699,-169.8820826894475,6.982296277089584,18.02378786697738,-175.90350366841062,101.98014526455492,2.4341857944098493,-17.20699647197094,-119.35860902356507,-61.956833368256085,20.06374587803828,6.179401081896754,72.31375360913891,119.89006909754563,44.017556765568635,-38.82483290091576,146.48738146851613,1.4220895794129151,-113.70809155553904
1700,-137.5296140482795,95.93704431333995,22.906233242520827,-130.54740391677547,86.16112049969045,-16.989167931346802,-8.010404675012387,-85.27360325157261,-45.59192548861899,30.065410959363064,23.175822289346062,303.0185555399848,118.5141934359235,27.957349937718604,-38.576039224129026,113.32121886986639,-43.93931413676793,-145.64691210174857
1701,-140.20525626585206,154.319603376314,25.84837214975356,-142.83255633897383,82.72885379248451,3.545925384588642,-15.224737562458786,54.539701976045414,-47.499789511991686,25.206480989410313,19.192538099284906,81.35209471091427,123.62479890832367,27.87967695584065,-28.541405959573684,93.33705725982722,-47.87824727633828,-75.59293441867811
1702,-131.0997419609884,136.46119987064804,6.225091239797957,-126.38586221965934,61.16563109305664,-10.094087131388617,-20.501254227219952,-105.06366807035577,-62.373393510918696,22.057401564611673,7.321484447609261,116.60978532630537,-83.38526206665762,16.08663974648689,-11.884815169455551,105.5217120731371,-58.74387020585185,-54.37810918957005
1703,-111.55028111105922,141.0637127121888,-0.4133643429425257,-105.51532990114703,59.20933340719847,-40.85718413258556,-12.816203369110294,-81.49262553060035,-64.02035111238189,11.311071632210734,11.805967505351758,171.71706966353042,182.83359044571398,14.77368360324022,25.483097507308983,78.71233026393656,16.62861419089253,5.248127407520766
1704,-214.86480838604456,47.76998375499753,50.66178831882643,-174.68488996464094,109.40415378857199,2.122726781778503,-1.6463488658098824,-143.45473047425853,-47.35710166614081,19.300707395050605,30.306376709182988,154.04748733336712,184.5856004784887,42.85037660375296,-1.642899630425128,131.89513856649103,-135.51249239326842,-139.85612550777248
1705,21.06997260054101,84.04914587145183,24.5588167705448,-94.12730768174056,72.46619075492038,14.71962311182982,-13.437770414315052,-10.409739782394105,-21.324757416766726,24.6398819468816,46.18927921982006,64.80723953676411,118.59986943568133,24.41801791510132,-2.059401962903139,54.98579414718154,11.432762031106941,-69.89893258633371
1706,34.48008359456272,77.49612025268118,25.117220968372546,-62.54551826309947,70.91624653862394,14.979842464268696,-11.578801218815261,-37.415089275610114,-17.01484553841171,24.39834919389574,46.542872263567844,64.1733894825761,114.16869062458997,18.641605379346302,0.13402855792265264,51.183313972188564,14.289269199814386,-67.94724546503097
1707,-123.10949405397574,120.15140759087541,-7.460034923095264,-127.77361844419093,68.59614022066353,-14.747629696409254,-29.103034780796317,-94.31266335334098,-66.83897215398797,22.551609017989595,52.40183132005255,95.21422397069315,130.91443037809952,12.776819640114839,-39.529148515209556,111.1721632584619,-236.41669547480484,-43.29222406971636
1708,-184.80582659555247,293.1781850637757,36.97227281282418,-163.08924633573002,93.65941933279576,-2.312031080348526,-10.310048291214736,-127.42518593137709,-57.362134830759054,12.754445777883008,14.378991681341427,48.43411039929674,125.02637055807973,27.246259787916564,-41.33646871435419,124.89103479212635,-74.80201479715042,-108.41086111071989
1709,-151.31557258114293,120.55108339254318,5.520047858659258,-148.85755226652267,82.94257732324128,-12.21943517107074,-27.57594768543922,-111.72712236236545,-70.29766856922593,24.758963674113133,1.4646700259526448,107.22653648198884,154.8482001920128,19.626337906535916,-35.63157701528041,124.78661075238429,-258.5760079094713,-64.1161041103805
1710,-146.02626709460066,117.39252688270338,16.50349805233719,-132.92565431740934,66.66281163326371,-6.438668245627626,-15.413483127269764,-113.4298265290308,-58.144900128070034,19.930126500880988,12.449797984723391,113.01053366096659,-76.06262342281403,20.998525337247877,-3.6456019983103203,107.24012489249677,-34.87396422763757,-70.47559711855065
1711,-126.49917141857001,165.4331558847515,31.092656273293553,-126.79672317970658,85.96142501301243,56.4828933467383,-1.2517585584727189,-111.98921262329742,17.85703697820286,19.586669912329445,18.34881547753902,76.70971651778822,185.82543982272486,60.39614026237608,5.279878997461035,128.31359153265913,-25.43709086040779,-161.99155218291776
1712,-152.90427694075524,23.876204082199088,7.337706989881884,-166.6577893263871,95.9758262558998,-0.6782088427158836,-22.58212620853315,-111.03649110080018,-66.24379562184713,21.742534503985585,0.32845662971123196,66.21832953902198,111.66485953409432,38.481597743763004,-46.735001141224835,144.16980754863883,-20.60028809737914,-96.64114037300703
1713,-197.14115651041,36.14280438996777,46.2300124836522,-158.628488912783,95.95729506612028,2.456325033471677,-3.1741330469753772,-133.3790146291515,-44.58695612545894,13.488630488226729,24.89718415125976,102.04957754259856,173.22503054888153,91.01462429487174,0.9873445481997407,116.8740994439009,-124.50268522108387,-125.501037481287
1714,-185.28679936329897,283.249287475586,36.03337044906312,-165.50408872061374,93.44557355203624,-12.163893216954856,-12.571614335262563,-93.00785765100764,-63.44890065636232,14.686166399637555,15.23236524304801,55.13265522454898,111.07194333704872,22.137372569777025,-47.37625727906769,119.49924023376347,-78.11202495997871,-92.35877351241784
1715,-180.5071925343511,280.35544156252695,36.10146791397975,-163.30780928211314,94.31638733242853,-15.295194311201337,-9.986226512672866,-123.32099958666524,-30.69070922944685,13.43920735501351,15.723107706742638,54.660286559399125,105.10202347713994,25.79209276363679,-41.070072104694916,129.7409767537781,-72.0445747829325,-90.50685850045195
1716,-96.23139006911263,123.70114901218547,-7.655655475940544,-90.14064574399495,47.9302345784332,-12.025669073074539,-16.065573597693433,-71.36415361527898,-66.250136858389,4.5892887277288335,2.726938273388632,133.43963009134126,164.82095879509163,5.523553820442327,24.7525902499887,61.496105306710234,25.756151614581388,21.76053463118952
1717,-123.96903430242634,129.04385353823068,11.656239149938466,-121.87719086745034,65.0798418913035,-8.558325536526398,-15.07371510761392,-101.8753117229647,-24.729619284818973,20.951468868978733,11.55643841141708,111.60102701784001,-95.87380525036217,21.619332591011993,-3.356874808408997,108.5700378595653,-13.20033928335646,-57.02319407186906
1718,-116.37671478178949,121.06673115419676,7.928935987695761,-108.07228243068887,85.30794068525219,-6.989840697332529,-16.783949841268445,-93.58435000324086,-55.486716401718056,18.78564043856571,8.166649089055007,102.87812604431139,-105.55668111610161,11.965439394444198,-7.678034589709834,89.45894519725336,-13.09602936361813,-49.0724560427875
1719,-50.31751128669198,45.022063593330984,45.077256125119476,-40.08624593308979,32.408372008706884,0.19969516674502802,176.66070028253068,-30.026784281192334,-16.04220312107649,15.312487634586171,18.139336734088687,32.87506854950981,54.901489133891744,5.433051511888129,-9.48252018867929,44.796812261549505,-4.087819936920652,-18.446489433013728
1720,-106.63065082021531,92.42504785559665,24.310001380216917,-122.1522726560262,82.70634455925955,-9.041624967621178,-0.4782447156170043,-55.53720252081749,120.53091521609274,21.02170751108013,18.908953269331697,105.24648597000356,80.5888188247972,48.29992092038901,2.364496171359076,146.85531233456996,-13.522831086370617,-72.42851235561079
1721,-215.845707169389,30.134879405560095,47.7545593476581,-179.7094269438681,109.30898273050671,4.486380161615819,-4.097220954966504,-146.78254379866252,-50.83434250475674,16.714282501801087,25.652822880541624,105.60870077598892,176.10038563634808,43.945626124652165,-2.382778682549164,135.5200382029601,-117.00545893170614,-139.3755487083336
1722,-182.49750886137218,270.9757577865674,34.01597204439006,-157.9010670665663,88.45685662237643,-15.9472161748967,-10.603640297480801,-87.18214326368589,-61.084084372396994,11.695989043576445,9.912993807688142,56.009587913229254,103.78170657953628,21.32080720046257,-45.88507986582754,124.42379136125166,-74.56726716139121,-91.38412556970957
1723,-215.44952351394343,29.54646752404423,48.059070415446335,-179.8088284369702,109.84965645708002,4.505459734874077,-3.787181547117939,-146.55966539603082,-47.310250373842806,16.75618108317683,25.921271604473844,105.50397593801681,179.68367724369023,44.56853977826594,-2.2039140841114317,136.38659365659532,-116.98848927452369,-139.70069482788725
1724,-94.72366309364843,71.0804404166699,14.23665699186314,51.986188200846044,50.91191680096234,-8.488720287791889,-11.589203777138245,-64.74531587117542,-36.27276771806012,13.728236177601353,0.3666693373410508,70.21402090248068,80.840663762341,0.6624505436816751,-3.1550170967639675,181.33009362652314,-33.1293642812255,-48.07526279840408
1725,-139.27072164583166,132.11568629857777,-2.417991638827689,-142.96760172831165,81.1196108376687,-12.067540582140273,-28.25743584107545,-101.92179002080024,-69.94688246569883,28.14921929934531,1.9150402230684729,147.9306079116846,143.81372605721415,18.213306296747515,-43.476151931438324,123.82826381669103,-243.1862807304597,-58.31275237328385
1726,-113.77572603424592,60.43173982452352,13.17484676586252,-96.19271410460324,54.74710909092172,-11.203492035234186,-6.168389156750636,120.8252615816679,-35.416086067974554,12.939589475581558,-6.549111858431591,92.51155125961897,90.68153286781362,24.16388303851807,-16.84217716635508,109.8232310313576,-22.985635854250678,-66.35948588267341
1727,-212.29244031374463,52.01500527435319,44.73738464167674,-171.9294980033987,105.6997127371825,1.511225640314167,-6.0310610058221625,-144.8599305864686,-52.239760023664296,17.672734697990048,24.80246439123237,112.99094175573278,187.00942138905137,38.97724109409969,-1.7302326550681684,133.31815160852727,-169.5937993083897,-129.74639743953125
1729,-154.77780841397237,22.557743923945203,10.697812290201828,-166.80909782372828,93.13579174777162,0.38784413354056774,-20.064886349963192,-112.31562833477594,-64.06109694755855,20.537133016416032,2.5847804357819046,68.19092901374935,66.77938868493749,39.437023468970025,-39.97170315323055,141.33939975266588,22.07826994727801,-99.03392505563987
1730,-94.6416465517006,71.92962444804299,14.664315239254902,47.43919195843834,51.84903823099128,-8.541012967825237,-11.43734381830561,-65.38240929011427,-33.32470380727793,13.97171402032761,0.7531608849067565,71.04104628424687,81.55249073883648,0.9039714640813421,-2.5705313348753895,183.84630676103032,-33.0842133597747,-48.64017250933189
1731,-168.12198382453101,5.755629713298024,17.51306307279729,-174.32748590358935,100.6239654694973,2.324723125023036,-17.411893742885272,-118.33251595480684,-61.79137467773596,19.496002120108844,5.604988217017695,67.17613848715395,118.66178254376781,48.75607453795828,-38.641760144361314,144.9868166890049,2.101992504845301,-112.05230624734246
1732,-182.00067246259974,282.74655149952196,35.960388121234885,-164.55455847432677,93.00285073690515,-11.696145153679963,-12.712105393166405,-91.96247935294927,-63.004324284634784,14.500065356619496,15.603656209133401,50.2987630267919,110.9041045988007,21.9079104557046,-46.67772087628256,118.22316771668018,-76.85432616289302,-91.69089662990062
1733,-147.64171212163802,17.58692542184482,11.034216344450872,-162.81677947049067,93.28471270588382,2.4741620623696274,-18.3647801245402,-107.15811127743247,-56.86437070789388,55.98448984486996,3.103607590302927,56.134066673797925,106.77004659635689,43.22283083709832,-44.30513577085617,140.86635595551994,22.04696086886953,-93.65950497424633
1734,-175.27027859803235,268.6379603523222,30.289439275193484,-154.66257578150112,84.45085487163031,-22.092191192054646,-14.320550346727607,-115.97598083395148,-66.35299938824586,10.58360036374589,9.951840094976683,52.102122932250595,100.56750046108473,13.650655671739408,-49.652515940185374,114.295728629763,-71.38888893811172,-132.72959265170027
1735,-125.89699232534704,163.52224711482413,31.009166063742327,-126.3515333684664,85.51862717392136,56.398303442940446,-1.4511671987125554,-111.41909649662234,17.924679473034878,19.529654842640728,18.021010780510714,75.59314551925715,183.64751102771336,59.85000649011425,4.005445001507507,128.12880945083705,-25.94705016546458,-167.67744945455868
1736,-158.1534920598307,16.33591560616262,8.183798569476176,-171.57745403447905,90.33811618725619,-7.780338360461282,-23.72841113560801,-115.71490053982372,-71.86994469392862,16.38623723434085,-2.179631481375536,62.89803885068579,117.12103891208072,29.212689876885264,-54.72516970452854,141.50064111297397,32.42309024827274,-89.99204960549424
1737,-130.3429642674101,137.1114798025731,11.5936141859648,-125.59298657548085,61.30345133325294,-6.33044652940747,-17.84522127491661,-72.92101301082684,-58.15251296693988,21.76742897087034,10.887411474056666,108.43746412677878,-87.32426679627434,18.047053015081705,-8.844685248339035,99.01309748721395,-19.106995766770723,-57.83170682756882
1738,-110.65181137157323,106.07019012439557,21.143878679018012,-130.5118683189548,87.39770706628259,-9.202101434368075,-4.996074359398858,-90.27081893599645,113.98168702506301,23.726333294441,20.044229344713205,107.10618236695251,95.04858723408796,47.00965387364374,-2.547391083223844,148.6952968453733,-57.34290710952755,-69.89924175048503
1739,-117.64770926898852,128.634705307725,-2.8983281903503384,-110.43741279043915,75.90929007365696,-11.609366552493688,-24.55456049117759,-99.10782803953752,-66.24327699285448,26.46795605800682,0.14058317717545385,98.1868247445682,139.24220500548128,11.313719175140688,-38.34107779350002,113.93689835408233,-238.7443180437129,-49.37745527878421
1740,-72.49622705318154,62.695623851759876,12.89773398774377,-71.68028045640693,36.5909662076675,213.06321851752352,-7.186552406382459,-55.53814583872234,-31.810132837151137,16.638611870003654,9.481278647931777,22.052763049419326,72.49965984369514,9.653334992488789,-12.9475988124491,67.59767526362441,-28.5500153446145,-25.12735332067609
1741,-207.45562928012333,46.19912802155018,50.90256878227961,-172.3304289331112,108.32734567903765,2.8142288959785446,-0.3560548747521163,-143.09362255510547,-14.466442923792826,17.401663678432985,30.03880699255039,117.61510851756888,177.11396758402032,45.903364834345375,5.901815010169597,136.64650799350144,-125.02547482668723,-134.91216077118395
1742,-184.52494908848436,283.1461688471184,35.994746987586566,-165.27296717366673,93.30585753674488,-12.101493940096631,-12.489756192459703,-92.99275719243464,-60.21468315116941,14.482513005548538,15.150485530821335,51.08451768445012,110.36066624876588,22.406187565976808,-46.629750793895646,119.97499207357718,-77.44530322138995,-91.7636257867465
1743,-128.53041962235002,163.53505196022195,32.121321989089914,-128.1626927688035,86.9475550486722,57.350298210200684,-1.0186770883434981,-113.20205953452724,18.21282113123423,19.741456950356692,18.726965927347415,76.3277750307825,185.8291064232945,60.95519538790274,4.746137680115773,129.43357536435826,-28.390552619860937,-164.8869903906426
1744,-116.07395242846461,129.1136555183908,-2.6573988789807776,-111.23477843414102,76.59206231109397,-11.315279917090953,-28.280367532985707,-99.14379255161938,-66.22327227400473,26.642789088153354,0.7882446436762743,98.584277913158,140.33588938074334,11.643335539164427,-38.076744622263966,114.01831586559804,-238.32798089206943,-50.29758670213264
1745,-155.12143674138258,16.30063961085693,7.240337077059679,-169.3581945536365,88.75521904796112,-8.165305329500194,-23.99731698735959,-113.6753896789127,-71.61621015030762,16.143927575636454,-2.7641928223130265,61.68390177602058,114.76330864092976,33.835702457890605,-55.30024018349164,139.8623046026144,34.67617756857204,-87.72835006978106
1746,-108.43175428740918,152.70040118548394,-0.17063690287408606,-102.23736876706324,57.00769610135894,-27.682313715674365,-12.538847430669348,-85.52937026956852,-58.761617486153334,8.409806442010602,9.21275561185026,125.34839158576779,195.62669808270033,24.143293354681877,32.50555702432789,74.29680966737952,20.570076057184746,-6.388467687012897
1747,-158.19619461308406,141.47273845417993,31.09967763596426,-147.02087585919963,97.86578691612475,-12.271041110503612,-5.545341143193386,-98.7781762262776,-43.19940760639864,31.555461157002338,27.580245897841618,299.10481119167736,123.71016843890406,34.93027778586227,-40.79522711062591,125.66920837346954,-57.77847014347604,-107.52836554345645
1748,-150.4493466227675,83.08134899634999,-3.861865119325165,-154.4707653610774,49.88622767326805,-48.598982378410554,-36.96522880158436,-123.08970535605619,-100.11270524802623,-0.28075938234838815,-16.210755853703045,78.5493933621348,162.0283619345864,-30.745685552414557,-84.95093621207224,109.30606928397815,46.595991670107466,-16.388537685543344
1749,-152.4805948265475,81.18324507182047,-2.833199403528804,-155.83673495017428,50.87235770892783,-47.73157751494817,-36.73214733145514,-124.302552267286,-99.75692109499487,-0.1259723443211394,-15.832605403894647,78.16745187512907,162.03202853515603,-30.186630426887895,-85.4846775294175,110.42605311567733,43.64252991065431,-19.28397589326819
1750,-138.16302087526145,1.2304476967755629,6.05159049617655,-150.96373648417892,89.30656620497861,28.84487370757688,-20.922673668795383,-96.71697083916304,-62.53603880803277,16.012065196794307,-3.1183047201514613,67.6316941894984,87.96920850955075,32.21130928176263,-46.372396338458444,128.66608333375245,26.204252992305147,-88.3549034927264
1751,-147.3971489144941,119.29811330313615,29.540609751743627,-139.22705231258973,95.57509777611055,1.4302765804158117,-4.04937858444819,-96.32749017310003,-37.168135876193844,32.50838592530226,27.8192651904776,304.02129816314005,141.6919059131074,41.138722355267994,-30.979858822503964,123.9257673885812,-47.7434177329736,-120.13292802541274
1752,-36.158757891004775,75.30876499289941,21.689871647239197,33.026884866285194,62.61444099586689,3.7968742214243965,-5.308887301644959,-40.983586854563136,-24.848125843971918,20.97029177529784,11.025614294045498,64.70967818463097,93.05451256377785,-1.3856572572112635,-11.978349070222865,71.35074653004605,-24.698090206277158,-56.31194974192798
1753,-215.1878562043181,45.47224149085465,50.96969244503295,-175.18147496071492,109.75099249599307,2.4155185604582563,-1.4440766414947166,-143.5776410122124,-47.18220296605331,19.19036130511742,30.372158835005475,153.24204687451322,183.8435600533611,43.32366586331944,-1.7019669143240859,132.29117481750617,-130.28894409262847,-140.8068584804634
1754,-140.74243820813072,9.4868396147274,8.825603782535495,-151.49056084672165,120.11108725401215,2.089216202508643,-19.156942932532193,-100.06902477178356,-63.19632676314943,18.629524920141524,1.1423581824844868,57.431633786411645,86.42954138342832,34.47000816012304,-43.17484716352627,128.24183154177922,24.586802906196134,-91.92302481278838
1755,-138.16011312462706,139.83028958873197,-2.600413261732675,-144.28141668091692,79.30533625753152,-11.871898990295719,-30.02178617409009,-73.03728247904546,-71.08296620183201,27.170516530481137,0.8424630002941053,103.15826997360088,145.34726856697628,17.510072456050576,-41.209269028769846,118.86072673461717,-242.58460887177094,-53.47077308257538
1756,-103.59981160153578,112.45749176044549,16.980009914397687,-107.60273118491632,64.75207894721468,15.747676359197353,-6.7962274873517305,-86.25572200344641,-28.61242524406565,197.135235511817,13.643242358086747,46.68304784115695,134.28331051214772,42.308642231474444,-24.7521218898799,101.78843110761407,-27.325445347977077,-54.95382137767371
1757,115.38968101032353,91.3648792542203,8.614035286080234,-129.3293750717641,54.61522491748266,-19.22349179467076,-11.014255441579405,-119.56662831738726,-52.5759453166584,8.494434861808841,-13.372014577556689,89.76350061753931,87.2012813640604,27.556085499654664,-30.497222405637192,123.58469043034978,-59.47598382473224,-62.64517300070008
1758,-212.9808956060223,52.62700879394062,45.0186526148578,-175.07410002317746,106.52098539816042,1.5151426712183174,-5.8917619330724555,-145.3456604750654,-52.293454879910655,18.06329537659769,25.345330058475664,117.60651806665444,187.81535858324878,39.56683218640141,-2.3597477302938943,131.95047930663003,-169.89069401951184,-130.78851282664903
1759,-144.7413236816197,112.01326617794048,22.98804347701133,-142.87393952072972,94.4261977024121,-12.506266807111238,-9.194463865561579,-95.44326366000688,-48.17833652621381,33.8398278885775,23.78999841892032,309.5624268688673,130.59750037059842,33.65286109878088,-40.233484221113024,125.31733993534044,-91.63022420354167,-99.60473773590141
1760,-112.15025099579888,140.931315118819,-0.8239016198840488,-105.175247263422,59.215793518449324,-41.856497513330716,-13.197191338773546,-81.8327363335928,-64.97424313859057,11.161609511019696,11.254274953619015,172.5354507099985,182.9912567601587,14.272774889610464,25.141266582621565,74.7228038277326,16.850713819612228,0.5098990669124545
1761,-152.4805948265475,81.18324507182047,-2.833199403528804,-155.83673495017428,50.87235770892783,-47.73157751494817,-36.73214733145514,-124.302552267286,-99.75692109499487,-0.1259723443211394,-15.832605403894647,78.16745187512907,162.03202853515603,-30.186630426887895,-85.4846775294175,110.42605311567733,43.64252991065431,-19.28397589326819
1762,-206.76717398784567,45.587124501962755,50.62130080909855,-169.18582691333242,107.50607301805972,2.810311865074394,-0.4953539475018232,-142.60789266650866,-14.412748067546469,17.011102999825347,29.495941325307097,112.99953220664722,176.3080303898229,45.31377374204365,6.531330085395323,138.0141802953987,-124.7285801155651,-133.8700453840662
1763,-214.03453869339145,28.227946199056408,47.77904475803616,-178.1836353110095,112.35485386117148,4.412556554954949,-3.7733781217227227,-145.2924181795144,-49.58424341756278,16.494752208161458,25.55851065473961,104.07492346724361,179.65139446412476,43.93635936822535,-2.2423655622360728,134.473670297369,-117.06665098433214,-138.74034460324054
1764,-140.31489515250237,166.09745703350404,13.876548524477224,-130.64207901328672,63.68327717571153,-9.851115877461654,-17.229850466666818,-106.11581632373485,-61.013364035754876,19.35453617450144,9.977949646152362,101.62725929582435,-90.30869664467484,16.815517902362338,-12.91456283606148,105.0066328203077,-25.759583354407354,-61.470112385384205
1765,113.68174568854741,93.14860040396488,8.606418827423452,-131.12376663145668,55.69503423157357,-19.284732354292313,-11.365333018055392,-120.75469751512587,-53.43126036115077,8.952779462509625,-18.883529264571433,90.98278953305078,89.15141002764707,27.844919973527187,-30.893433125553116,125.01818540964246,-64.21378104782364,-63.37845956093777
1766,-143.5146914169221,118.40812890679877,29.742764543277577,-139.9117054842803,95.57558998365657,1.7759826485017964,-3.9825785857831106,-97.29541208475885,-37.022750171408184,32.4934346132823,27.139359327593834,303.3448411596794,139.8204564523098,41.44356077100463,-32.2383180903088,125.16342666056008,-49.52244502493499,-121.63238829070433
1767,-130.5768783643858,127.9772416183493,21.11795096758774,-135.4632525612645,76.40949450892616,4.590338522667665,-16.461487808500717,58.044407313376134,-49.997833462573155,26.510323855387178,18.190382681567133,91.97179902723758,84.39018540426146,26.570518647624183,-21.747303796869595,88.77952114916033,-37.17690072931226,-69.09511573674456
1768,-36.13219323024335,80.38485861022907,21.784118047993406,51.21085615456599,63.17430334241682,4.195432268796914,-7.135683530070109,-73.47787520731609,-26.650554469184648,21.63429939134367,12.511014470841976,62.053692019561296,94.08441736185038,-5.447014989304446,-9.866810473573976,88.61595891007902,-31.695316464902636,-53.40507495488863
1769,-91.28336027147972,88.17449110472691,13.099853584965436,-93.52715516746454,55.7919214626693,2.2507728737503965,-7.821280709625616,-71.52248799840955,-34.006502741009,232.18774263244165,10.492987274964648,47.59745865256733,104.41228569252041,28.744800701714908,-25.799243614862423,87.56224260801062,-28.573082362349822,-38.098369221786825
1770,-132.16413358946465,126.59148215270416,-4.780347107692371,-112.36798146012079,72.94963919958249,-14.67679353200336,-29.34117778346731,-97.11194926963174,-68.70458676425008,24.54201049512154,-2.7839607612903166,100.1883053105004,136.4284632455659,12.813355957610264,-36.79846882728934,141.80710688177842,-240.406315961884,-48.331291725471644
1771,-139.24164260138326,113.68370525066254,23.298904083599187,-135.2142051693774,90.03559122197947,-17.75017898903599,-6.168067128189592,-91.34793913500695,-47.13409968334746,30.412518758780053,25.622252737762143,314.63702711762994,138.2666514222332,32.86574444330343,-26.518140803741915,115.43372921556659,-39.62944875074213,-86.80462313506742
1772,-135.6777596285285,95.30635744832243,26.858554744029387,-126.57987875863533,88.29713148291822,-10.673437319896284,-4.373161102292568,-82.53302961574624,-35.273300845318914,68.17104360194215,25.569059327430388,305.03907801351187,110.3247014783189,29.54574445845458,-31.843302686914477,112.80028885212887,-49.90820669428454,-100.97633110695874
1773,-169.8820826894475,6.982296277089584,18.02378786697738,-175.90350366841062,101.98014526455492,2.4341857944098493,-17.20699647197094,-119.35860902356507,-61.956833368256085,20.06374587803828,6.179401081896754,72.31375360913891,119.89006909754563,44.017556765568635,-38.82483290091576,146.48738146851613,1.4220895794129151,-113.70809155553904
1774,-115.48424134436324,62.603955874761084,7.7746382432916725,-99.8807513850609,53.895929772584964,-15.036897692866898,-8.919210765159844,88.8813353202513,-39.77848819572521,12.647359304202189,-10.290772838847515,94.935878789967,93.59680140379722,22.169369947818296,-20.197919807321327,120.17502954154206,-62.95924398528157,-62.244275563322674
1775,-110.06392692401295,113.43546852371303,28.205365695475777,-128.39370283831468,89.34870970296585,5.142140987137303,0.2126014449867416,-95.77189636352706,124.98679938958396,22.80593735810374,24.093281552893835,105.1559577185118,105.0022743821622,55.02302209939936,5.053580883235316,148.69557148011697,-15.787608168122375,-92.66306572205431
1776,-94.6416465517006,71.92962444804299,14.664315239254902,47.43919195843834,51.84903823099128,-8.541012967825237,-11.43734381830561,-65.38240929011427,-33.32470380727793,13.97171402032761,0.7531608849067565,71.04104628424687,81.55249073883648,0.9039714640813421,-2.5705313348753895,183.84630676103032,-33.0842133597747,-48.64017250933189
1777,-109.69826030464392,113.92076177676131,27.86223116621099,-128.06317979826557,88.6683199611012,5.18546069073727,-0.015579820058963799,-95.97967430758567,124.69692476386292,22.560385382638984,23.74295311673494,101.21254501638508,100.70770568653718,54.66892344198537,5.621222769969625,148.30476786629546,-15.13785608671608,-91.74277187682935
1778,-147.39459038992786,118.4882813186249,30.097915307827023,-139.71865863871835,96.19479445224154,2.0845764210843107,-3.798447552353355,-96.51181883360404,-33.489858364868695,32.78495366846553,28.10538745200089,303.5146971833552,139.85485170802107,41.85108728561014,-31.525236890194726,125.38373132924573,-48.45697335897109,-121.82530427994963
1779,-130.73992319404377,136.71813716909074,6.120065130073743,-126.30209582925482,60.86289243058384,-9.777747801486772,-20.694842155605258,-101.99731050630932,-62.45940114903056,21.930421961259835,7.153730291638126,112.25473099669011,-83.38696945726923,15.945627729886457,-11.639738746434507,104.87506905086425,-58.54586574850909,-53.73940056707448
1780,-137.04627295163687,136.83798140656745,-3.092181052219074,-143.473649760405,78.66326008453318,-11.753733133480464,-30.124754045000465,-72.62310650793853,-70.96896084846173,27.32004335796476,0.7609400343179332,104.32660102675102,141.38601057845182,17.433823049983612,-40.43449494419853,118.45061777272477,-241.3936848490811,-52.78492057564427
1781,-148.1261961572949,169.0446227742685,-0.5555873427608236,-149.08375246907823,81.30751102059827,-15.665587964651783,-29.441008702500696,-109.50622130005854,-74.14768425825616,24.639051361999318,-0.24957310779796096,96.75970677013498,138.06997741356238,16.06545070251765,-44.95658115277903,125.11010147616227,-248.78544883534403,-56.82759341766137
1782,-72.30415904758281,55.880097714011576,12.495128822390901,-60.5785588797609,41.62037277683066,-5.545354926993501,-7.0071715324137775,-44.91879785529983,-25.289961781993707,196.30622535140543,3.1343982743474395,84.24965045249749,2.4971531038001022,-6.5019287767693665,1.3288863008282203,57.70379435522213,-33.85225373621886,-57.97800163799081
1783,-141.45891370866343,115.59058349579068,-5.171162919015487,-146.8955402660564,81.81463043056824,-12.71153883638348,-30.794395955991476,-105.92331302951607,-73.50116488868953,25.96646754628298,-2.608508435171745,98.660610273667,141.05993185111987,19.69296069081879,-44.21055671365021,130.69737613258914,-229.68910559333057,-58.482389784368436
1784,-151.8517008373612,89.11599594833778,26.422235503625867,-147.64674263590751,98.513789245208,-9.269755247731188,-6.987610588980166,-95.88877578839055,-42.89645771879938,33.02788604442889,25.413847801552233,301.67787830400437,123.21149137503397,38.79328020905115,-40.11107585998852,129.49800711417765,-38.32926953117839,-109.30498345205632
1785,-216.21137378875804,29.649586152511816,48.09769387692289,-180.03994998391724,109.98937247237136,4.443060458015852,-3.869039689920798,-146.5747658546039,-50.544467879035714,16.959834477265847,26.003151316700517,109.55211347811564,180.39495433197305,44.29972478206616,-2.950420569283473,135.9108418167816,-117.65521101311245,-140.29584255355857
1786,35.15991732742948,76.54381759284051,24.65093925950423,-57.76740047374476,69.83940909330364,15.094534421160267,-11.648803034845036,-36.76289539809827,-16.728691944000996,23.95121795708047,46.07450100377547,59.29822656071106,112.74558655981164,18.668899455146416,0.29604928120611607,49.14285267749507,14.91084001695234,-66.78718802843183
1787,-212.29244031374463,52.01500527435319,44.73738464167674,-171.9294980033987,105.6997127371825,1.511225640314167,-6.0310610058221625,-144.8599305864686,-52.239760023664296,17.672734697990048,24.80246439123237,112.99094175573278,187.00942138905137,38.97724109409969,-1.7302326550681684,133.31815160852727,-169.5937993083897,-129.74639743953125
1788,-210.81589081489346,52.210316426476865,44.93008950231376,-171.82834722077033,105.98736026567033,1.8328844867916212,-5.909680230970474,-145.05668713959875,-51.97833876032167,17.862645253020037,25.108144423215936,112.76627937524292,187.29596607712864,38.83430776438491,-1.8919857266844735,130.94913298397069,-169.44691383803584,-129.8758291205315
1789,-127.0747247722562,173.3644318225918,25.48851465180081,-122.64663335355579,80.20351889974584,50.464286158245805,-4.0637085531582695,-110.55545847075736,-19.030161819335248,17.163723393676445,15.304367430421932,81.26826629076014,203.4290667684246,53.3512026245024,9.362125332631546,114.72231319799124,-23.501612145712798,-146.34780109763224
1790,-153.72969177576874,121.86940948423367,2.6285815566519464,-151.0742538647118,84.63820989350026,-12.205403139577829,-27.320607687729233,-113.21308212587259,-70.70176837263078,25.581050374697515,2.890294790772493,112.58577655183286,156.99209035392417,20.35309378724489,-35.87146870596787,126.68556891775827,-259.75532545258403,-66.17144292099108
1791,-111.07185828532349,99.7554444453839,26.80761968985746,-128.3757454349641,89.13109755457185,-8.698574959253195,-0.6767741440994345,-90.24756903849467,123.32583189678832,24.849394601901082,25.230117699152995,145.85868506290768,90.95755873733975,49.15838939839786,-2.385448580681058,145.8215943745906,-19.016974248760135,-78.19116124931493
1792,-112.62450386070915,102.35062466318386,27.124866393836957,-130.2007533810923,90.64342516408969,-9.056915576108022,-0.45123109379195475,-91.6192854854682,118.87198993283481,25.047011738872115,25.888192726811834,148.32197271928865,93.31647530085422,50.437155178979424,-0.8532028059630266,147.8057829427809,-18.317108175205707,-78.42301638829147
1793,-136.36837799263193,133.60004412879863,-2.0925596517381484,-144.60376200311424,81.61211596724955,-15.206640631823172,-28.062966386728576,-103.84739699692635,-70.11768414296868,28.340218917675678,1.740902193554437,147.60256346125576,144.9519808361988,19.0593303549962,-43.419475776085335,125.56329878040277,-244.4222314312901,-59.30423693090827
1794,-134.11511564214968,165.65451018491615,32.03619644414252,-129.59954497530532,87.97828184205683,56.51320041882455,-1.8194089544064747,-112.32454586953142,-10.806860562401093,21.899771596382873,19.45373486132905,116.68449093899189,191.10115650046686,58.420355230720425,-2.7305639219501434,125.01403707518665,-32.81786387229278,-169.635405694168
1795,18.593228143849508,83.81572454428179,24.864027884026765,-90.91962958071846,72.6914861063066,15.283559423127413,-13.353415821586173,-9.3522736543456,-20.710966995831168,24.9344042725762,47.000001421194064,64.18499440912726,118.82614927355527,23.824205011490548,-1.6250652443516773,53.72900065339416,12.275292139958072,-69.77431259513286
1796,-110.26808291687763,54.24383026426879,3.5736603384061376,128.12532890559027,36.1286269290312,-4.528835719728377,-9.218670908680101,-55.502062947533084,-26.983122092617567,9.175604401933203,1.2866693350767686,59.68572192596752,49.82113503711282,33.32297986874898,-24.354357876791365,36.644818980893476,-18.5950067639436,-43.239153486286995
1797,-110.06392692401295,113.43546852371303,28.205365695475777,-128.39370283831468,89.34870970296585,5.142140987137303,0.2126014449867416,-95.77189636352706,124.98679938958396,22.80593735810374,24.093281552893835,105.1559577185118,105.0022743821622,55.02302209939936,5.053580883235316,148.69557148011697,-15.787608168122375,-92.66306572205431
1798,-133.32296165523218,90.8302673814175,21.86397733650931,-125.01448096656657,85.11496979408517,16.75217612056686,-7.511561683672601,-80.80316657867543,-44.11761156757802,28.367960767296772,21.244480266948575,311.82935859077264,110.04105848520838,27.149049602446244,-38.41103576751543,109.22231302625902,-43.2811873700908,-90.38491994644761
1799,-184.4664705642404,285.42972839317434,33.61366279218083,-162.8054006772208,89.52934674282658,-14.831690203115414,-12.835689559063676,-125.73411227348538,-62.25335302726109,13.29678928441933,13.324742728943717,55.20093395933542,67.43205319863192,20.27532115784119,-43.404096156763,122.5333861580906,-72.92782698075455,-88.94777355945257
1800,-212.9808956060223,52.62700879394062,45.0186526148578,-175.07410002317746,106.52098539816042,1.5151426712183174,-5.8917619330724555,-145.3456604750654,-52.293454879910655,18.06329537659769,25.345330058475664,117.60651806665444,187.81535858324878,39.56683218640141,-2.3597477302938943,131.95047930663003,-169.89069401951184,-130.78851282664903
1801,-153.72969177576874,121.86940948423367,2.6285815566519464,-151.0742538647118,84.63820989350026,-12.205403139577829,-27.320607687729233,-113.21308212587259,-70.70176837263078,25.581050374697515,2.890294790772493,112.58577655183286,156.99209035392417,20.35309378724489,-35.87146870596787,126.68556891775827,-259.75532545258403,-66.17144292099108
1802,-215.1878562043181,45.47224149085465,50.96969244503295,-175.18147496071492,109.75099249599307,2.4155185604582563,-1.4440766414947166,-143.5776410122124,-47.18220296605331,19.19036130511742,30.372158835005475,153.24204687451322,183.8435600533611,43.32366586331944,-1.7019669143240859,132.29117481750617,-130.28894409262847,-140.8068584804634
1803,-142.5922032860926,105.2644245390858,-6.353227709254675,-143.1077394801946,42.81313347408886,-55.953629350260606,-36.06192175678606,-118.29771844197161,-100.74698039023397,-2.3722227897674246,-15.153766099147777,90.3654977157061,175.60896170720582,-35.71369387844254,-72.07552158134762,96.84649337704528,46.384754871867614,3.688162209425898
1804,-213.11192432946115,44.71121059570499,48.41225767382646,-174.53559422434012,99.1297097200688,-5.262139497736474,-6.949377953770321,-147.772355732755,-56.99498043842093,12.629254363746917,22.74966113276136,107.77900959718932,190.53206658712492,29.03304619834082,-9.888338863927968,126.89550870822794,-114.00527563201058,-121.29593051017332
1805,-154.25402551406188,27.226735927643862,10.41370885318703,-166.6430999881698,92.87076083466788,0.037493680673175704,-20.254108324935768,-111.92416445778866,-64.37670107354899,20.467488312692687,2.305826489540749,67.00266330579224,65.3166342604638,39.0436690262387,-40.93697858658509,141.22093336988843,23.11028240086138,-98.19156948982939
1806,-96.11766589306374,125.45922182755689,-7.336544523928316,-89.60081518586136,47.90374791439117,-12.250951506136495,-15.796133258979426,-71.03113974390214,-65.87655186805762,4.837125041934564,3.212383553200294,138.2940671353854,165.20413720857917,5.41510282947047,24.891307322761968,61.09392008456852,24.352403494635162,21.70375508375565
1807,-92.31284424625656,90.5578422402679,13.8277298404845,-94.442095010195,56.78871917792808,4.287978941302035,-7.4033232151451305,-72.6873514200598,-33.06301028464709,232.4528492875806,10.97250263097612,47.58481105530335,106.74559499053956,30.14871610674686,-25.096827347565586,88.71999443433204,-29.052422684712315,-35.89524846570961
1808,-150.18512078857592,98.1972909786492,-0.39393753365515727,-150.33501821095072,50.40726038831212,-50.03462371215788,-34.3711928638663,-120.29200963274167,-96.30638032891162,2.4299885827554752,-11.473746361648121,125.78086331884637,164.35119053917094,-31.27819453701891,-84.99436710997567,106.66861438555354,32.581981226005176,-19.187077592656408
1809,-139.9128636446324,165.73740110659378,13.942951172724882,-130.49472385674426,63.84629982289298,-10.105055930505275,-16.95440439547865,-109.1670734292083,-57.6931388924501,19.277862383764266,10.063824089896821,101.93417608534077,-91.01826634234607,17.22534491516255,-12.413132773910483,106.12902768239425,-25.290866073161357,-61.513673282208444
1810,-150.52018308073818,81.7626321207189,-3.54720407494627,-152.04889121437427,49.82436770371247,-48.01099884550443,-36.935454985042085,-122.80340458653637,-99.61495038564765,-0.1910989237037395,-16.385619547196377,77.47535361152715,160.09664762358548,-30.891726710573913,-85.61330568970932,111.65595368672624,45.512609016643346,-17.633946278633815
1811,-152.0484666247926,120.71920156101238,5.697394846806758,-149.50507787621092,83.6449867607798,-11.922793306708424,-27.150011902616974,-112.26375907215817,-70.18053683174944,25.378522655844087,3.0500480874631086,106.99531941479573,155.9014552033072,19.93624527946283,-35.11951004439012,125.43888280852875,-258.9102499870776,-64.8485493056623
1812,-151.56468698463988,121.45271711676992,2.5400184441079077,-147.8285010623047,84.10458476101017,-11.887661324004524,-27.338525985627253,-112.92410879040591,-70.3866522530418,25.380400251119866,2.6531091555127646,107.74553786042134,156.472697847804,19.620569365228384,-35.403706702358456,125.68422259509893,-259.31154527110806,-65.25875921487358
1813,81.43243300804576,101.84159463506226,4.125843099973578,-141.65152086888403,57.465811336710296,-24.294292797949314,-14.141826925442292,-134.11282828866922,-62.901653145296876,9.250943775012265,-27.547337100074248,98.95726419658911,95.18899923226044,26.971501888284205,-37.83750201775562,137.9720230514628,-112.74215503979073,-61.59752993250299
1814,-72.06636364706141,61.413349501635004,12.810653497859326,-71.70213675104524,36.656663007630776,211.76490219443824,-7.154170228528272,-55.12772720425116,-29.14299027701992,16.707088027716704,9.615690250471898,22.675380665429564,70.50722513560116,9.507918290060813,-12.92095915148317,68.08266945978959,-28.27427134319271,-23.336953059649293
1815,-106.6412562652146,100.1068707410841,9.992775060861897,-111.10402908490069,56.58493744446807,-6.248764938908382,-13.487255605035156,-87.59526322959448,-48.66904620958805,192.9735477499516,7.252336965485016,49.17018319770173,130.70475179001582,23.68864014863002,-40.48245974820518,96.67609595255732,-13.679325978591498,-23.064105867186978
1816,-169.8820826894475,6.982296277089584,18.02378786697738,-175.90350366841062,101.98014526455492,2.4341857944098493,-17.20699647197094,-119.35860902356507,-61.956833368256085,20.06374587803828,6.179401081896754,72.31375360913891,119.89006909754563,44.017556765568635,-38.82483290091576,146.48738146851613,1.4220895794129151,-113.70809155553904
1817,-214.45127492384157,28.42291958872026,47.586969082742804,-178.46393221909594,108.63319267731373,4.3335977886290395,-4.073936960835133,-145.5486727858457,-50.37900918851559,16.392090719336412,25.428738451821463,104.41449835613068,179.16666777819523,49.0382425544558,-2.767347812729028,134.41027703727042,-116.97530808768005,-138.64005724536202
1818,-205.8501879474602,45.209662461523266,50.44980052499831,-170.56542867096843,110.43519619640726,3.050904266080533,-0.4642228134664266,-142.15730412767428,-14.649680653810925,16.95736268096475,29.58028402228349,112.59775975818908,175.32681539954422,45.09952503092651,6.168192630752657,134.99880509305825,-124.34716309701643,-133.43359770894799
1819,-117.2126872789064,59.6570416235014,13.696146576642969,-100.08170862303162,55.50745156764924,-11.245729551155385,-6.086462278015373,119.52287045404842,-35.819478040664414,12.814805499934169,-6.30177774711343,93.42831190371076,92.33036909130689,25.011912651918873,-16.551795934446957,110.96234908486528,-25.00260043059357,-67.88008381630753
1820,-156.86467685646107,134.11937462656098,1.1302380573921211,-151.42302443766647,49.17636537462922,-51.01228470827685,-35.4931855392553,-125.69280502442342,-99.9179002732469,-1.6635238111302835,-14.219221450906996,74.9022864992002,160.59532468745556,-34.75472913376279,-86.29745694034672,107.82715494601811,26.063408404345697,-15.85732837003394
1821,-115.25227553309709,60.236428672399846,12.982141905225502,-96.2938648872316,54.45946156243389,-11.52515088171164,-6.289769931602325,121.02201813479805,-35.67750733131718,12.749678920551569,-6.854791890415157,92.73621364010883,90.39498817973634,24.306816368232855,-16.680424094738775,112.19224965591418,-23.13252132460454,-66.23005420167316
1822,-99.98535418032542,113.64893222155439,23.364073770540134,-127.95186806261395,78.02286698968916,8.847475306739874,-15.456162867553896,74.84685265249014,-42.09896951871149,27.073914643844635,24.97569087468562,83.91138676546385,125.26006461876901,27.872064778855002,-19.837032274179347,79.75333885894749,-30.00378139403336,-71.11755328534956
1823,-80.08289849117742,58.381629252907544,-3.8344225862552515,-81.55389596987632,36.22398394186302,-31.80234623618059,-22.304382171746838,-58.04965700457322,-55.544951435072456,6.126796715504185,-6.603066374685772,74.65745678119896,87.95854488590355,-7.901913030799371,-31.399215529902964,66.55827035578733,-5.607792121087174,-292.33911657725474
1824,-153.29652831821602,24.28880394120253,9.638060513746682,-166.20910166976662,92.58872236015512,0.04483048827066425,-20.600607493829614,-111.51231387604611,-64.52130478487655,20.725076891368527,2.0234045540893253,68.0654104758788,66.00880697920437,38.956680008991114,-40.8094961776224,141.2077769929441,19.83165416145121,-97.4184983079984
1825,-142.14649224134928,108.2016530761145,-5.98565972883456,-142.31493108047567,42.581233994792214,-54.81819618337905,-35.74300545312338,-118.36002274649296,-99.8063204548409,-2.3965160273637607,-14.884612134102913,90.54917960364118,177.27329774050452,-35.40791317078665,-71.21693768436825,96.43506579855209,45.37198448908834,2.4361301266365682
1826,-86.69307753891322,90.52398350059272,19.898894296351454,-86.18907520607506,46.936154961568434,196.3130940318112,-4.245557835135895,-70.87725459067171,-25.976215781247525,20.913676355538655,15.721127480593456,14.866461192705486,103.22821166342298,22.863937778088175,-6.315938480518049,82.31652095342464,-37.223023625357975,-52.67259634416094
1827,-140.0359661023097,164.87010406460217,13.67480868400992,-129.881776847882,63.18440548274555,-10.22944817325584,-17.033053062888644,-105.53324488500267,-60.776882407358336,19.05551843889533,9.446012502616375,101.71495256469238,-91.03772032042609,16.733861365430894,-12.765445094737466,105.49908793305651,-25.405107574548605,-61.372647591113385
1828,-154.3162956400783,141.39258604235377,30.744526871414813,-147.21392270476161,97.24658244753978,-12.579634883086124,-5.729472176623141,-99.56176947743242,-46.732299412938126,31.263942101819104,26.614217773434557,298.9349551680016,123.67577318319279,34.52275127125676,-41.50830831073999,125.44890370478389,-58.84394180943994,-107.33544955421115
1829,-91.28336027147972,88.17449110472691,13.099853584965436,-93.52715516746454,55.7919214626693,2.2507728737503965,-7.821280709625616,-71.52248799840955,-34.006502741009,232.18774263244165,10.492987274964648,47.59745865256733,104.41228569252041,28.744800701714908,-25.799243614862423,87.56224260801062,-28.573082362349822,-38.098369221786825
1830,18.593228143849508,83.81572454428179,24.864027884026765,-90.91962958071846,72.6914861063066,15.283559423127413,-13.353415821586173,-9.3522736543456,-20.710966995831168,24.9344042725762,47.000001421194064,64.18499440912726,118.82614927355527,23.824205011490548,-1.6250652443516773,53.72900065339416,12.275292139958072,-69.77431259513286
1831,-150.4435648750695,121.36667350816965,2.555599228823711,-150.12472361842487,84.19548707836917,-11.737655076302936,-27.461098745633077,-112.16770382781422,-70.25719200090325,25.394949331679456,3.2615857568578854,107.7518843540758,156.82425161567613,20.123631673172465,-35.17293230318275,125.40949640067497,-258.4976266554984,-65.50356603847388
1832,-126.40943754080415,109.33054742847447,21.05173552391775,-126.7059515034214,74.41432928107307,3.608140950055741,-14.161666082729363,97.719160585511,-45.13677246717848,24.71038834479602,14.422693851024313,89.22848288538775,119.5559352097861,27.573077845490655,-22.64513374769936,92.49404514596145,-37.31155251895449,-70.12864597250629
1833,-133.51549507349293,164.55343339950002,31.395400678507887,-128.66274883793656,86.91578732683477,55.7743106743582,-2.2697486267411464,-111.57010108235235,-14.41749557889422,21.566188783530887,18.83980790277746,116.07452092024562,190.7602819105417,57.161856528116445,-3.459619850212909,123.37129105270006,-32.61426755135208,-173.62892671127202
1834,-158.19619461308406,141.47273845417993,31.09967763596426,-147.02087585919963,97.86578691612475,-12.271041110503612,-5.545341143193386,-98.7781762262776,-43.19940760639864,31.555461157002338,27.580245897841618,299.10481119167736,123.71016843890406,34.93027778586227,-40.79522711062591,125.66920837346954,-57.77847014347604,-107.52836554345645
1835,-127.28404841448089,172.82476237382033,26.11552973001955,-122.60338779149617,80.52387094312492,50.5317955038636,-3.5919959901290945,-110.34535513733438,-18.48167812891638,17.30121361794899,15.85559483605608,85.31726287595042,203.07020475678456,53.716040893097016,9.441775121505854,114.71616422686468,-19.681811965019087,-147.35531361775705
1836,-184.80582659555247,293.1781850637757,36.97227281282418,-163.08924633573002,93.65941933279576,-2.312031080348526,-10.310048291214736,-127.42518593137709,-57.362134830759054,12.754445777883008,14.378991681341427,48.43411039929674,125.02637055807973,27.246259787916564,-41.33646871435419,124.89103479212635,-74.80201479715042,-108.41086111071989
1837,-136.72348427872822,135.74068463393175,-3.0303144961353436,-140.65957078067535,78.5223771654199,-11.800969867984582,-30.035871852704464,-71.9295986752831,-70.62539136649436,27.17503465482188,0.5684028032335328,103.65443741795607,144.8746420798794,17.198330615095884,-40.372621755707115,120.20909368844352,-241.74654221936527,-52.66309903375147
1838,-140.31489515250237,166.09745703350404,13.876548524477224,-130.64207901328672,63.68327717571153,-9.851115877461654,-17.229850466666818,-106.11581632373485,-61.013364035754876,19.35453617450144,9.977949646152362,101.62725929582435,-90.30869664467484,16.815517902362338,-12.91456283606148,105.0066328203077,-25.759583354407354,-61.470112385384205
1839,-154.9200948780881,16.455508354134572,7.48217992107011,-170.10637727186705,88.90272820125448,-7.73301974697636,-23.779913276313813,-113.59182669892638,-71.20419432591929,16.323897247815918,-2.3338940764794933,61.34502829269232,114.78177720205488,28.608409692726532,-55.12403145844939,144.1854016356567,34.6444930739494,-88.044280328802
1840,-133.56836986890954,113.38065860075166,9.265509040386492,-131.1205906334521,64.49430215197624,-7.1037700677328575,-18.39667384126543,-106.27767299132125,-57.390189004850846,20.75028727119081,7.8974259936074365,104.50724319766773,-91.51694340621616,21.08834733835142,-11.72898152327309,109.95782642310238,-5.841665460863712,-63.29029119080831
1841,-55.093571607468895,45.142041612309434,3.133565143894918,-60.64472701790801,28.42307602286247,-17.026020119777655,-13.970420351623032,-40.91865039047736,-2.2237757488751444,4.805959605961018,0.4427379719258978,53.36671822399392,60.35323114327616,276.6104439504702,-21.55982438512247,53.74747037467251,-10.990831447136237,-19.439660005315947
1842,-169.6727590472228,7.521965725861038,17.39677278875864,-175.94674923047026,101.65979322117586,2.366676448792051,-17.678709035000114,-119.56871235698804,-62.50531705867496,19.926255653765732,5.628173676262607,68.26475702394863,120.24893110918565,43.65271849697402,-38.904482689790065,146.49353043964268,-2.3977106012807976,-112.7005790354142
1843,-136.7731917538686,135.38227248305998,-3.0558124731458065,-142.96010424464487,78.54203947095904,-11.859045802972771,-29.89336330456189,-68.76639956110128,-70.52861223245604,27.13959799447157,0.41157717096970814,104.00265266813052,144.94984820771398,17.56525315386573,-40.60794266658778,118.68723347702223,-241.4909566932859,-52.96904100410284
1844,85.92171076895218,99.22397751353061,8.599084447484605,-137.99126373823262,56.289732748967346,-20.55764891453283,-7.839273175936595,-99.25345871168173,-57.764045116248106,9.32055001027976,-23.99912357991798,94.58881943331225,89.19233837886108,28.535180738745588,-34.914179902770556,129.9488413580214,-70.14956261911695,-63.089646375413366
1845,-140.7390735154231,105.35486848394262,-6.753322970357991,-140.89367394587336,41.535221196589674,-53.28600622936395,-36.08922376304582,-116.8075903870505,-100.50126802397932,-2.810558543164308,-15.542090626455815,91.32998564640444,174.10821299771462,-36.80688044606882,-71.96005537886938,94.96472036231987,45.81820752537662,5.410930934533078
1846,-149.4283971182741,117.40000937860661,30.56927546753999,-140.5930219016866,96.56122781177031,2.29768144387819,-3.8162971143189695,-97.54033708432983,-36.81235172316248,32.66317296332951,28.197415640286,303.6393566761343,141.69557251367704,41.697777480794656,-31.513600139849228,125.0457512202804,-50.69687949242675,-123.02836623313759
1847,-140.6014399212976,154.90801525782987,25.54386108196533,-142.73315484587172,82.18818006591123,3.5268458113303844,-15.534776970307352,54.3168235734138,-51.02388164290562,25.164582408034565,18.924089375352686,81.45681954888639,120.04150730098151,27.256763302226876,-28.720270558011414,92.470501806192,-47.895216933520736,-75.26778829912449
1848,-134.11511564214968,165.65451018491615,32.03619644414252,-129.59954497530532,87.97828184205683,56.51320041882455,-1.8194089544064747,-112.32454586953142,-10.806860562401093,21.899771596382873,19.45373486132905,116.68449093899189,191.10115650046686,58.420355230720425,-2.7305639219501434,125.01403707518665,-32.81786387229278,-169.635405694168
1850,-140.71838024512726,105.79583079066565,-6.544841551422532,-140.9918911572397,41.43046701498922,-56.28837445270937,-35.99737868898639,-116.93861150183655,-100.20793670938247,-2.692130233491129,-15.242733684215175,90.0823196377653,174.76385356691554,-31.083627097024756,-71.75373175201992,94.94374337539236,45.66090967735377,5.287167970188603
1851,-141.69360211413286,99.63089086538837,-1.0569902139684435,-146.76124431027142,48.22420087993435,-50.22781394044786,-33.452243986415674,-119.60856205655783,-64.03468029278334,0.16106981881875582,-12.17510017785318,86.61238840158803,158.74737518663366,-29.14204550013533,-76.09870063261917,110.04173546069798,39.22572785653268,-11.004855903168709
1852,-85.16299558651725,88.31668518130667,19.80670316145465,-84.4715946678278,46.00508139149034,199.2735089313876,-4.0705876170804896,-69.51003707370445,-25.55560471490538,20.364994512208586,15.398585079107903,15.025508664549957,100.98542252880422,22.244040470028374,-6.259539561938775,80.8307841897144,-32.566022671209026,-51.900560591744714
1854,-116.72361822050947,149.78805346428157,24.28682875690367,-112.36558888730029,74.84432903135429,84.78795611774216,-5.037763436239,-100.56907537358468,-15.76386431449351,14.761483177193456,10.429914528608773,78.29160078531845,174.09893947576566,47.860634533834094,-2.4176945572097046,108.76019520868515,-23.732300511742903,-150.1475467142206
1855,-142.5922032860926,105.2644245390858,-6.353227709254675,-143.1077394801946,42.81313347408886,-55.953629350260606,-36.06192175678606,-118.29771844197161,-100.74698039023397,-2.3722227897674246,-15.153766099147777,90.3654977157061,175.60896170720582,-35.71369387844254,-72.07552158134762,96.84649337704528,46.384754871867614,3.688162209425898
1856,-215.1878562043181,45.47224149085465,50.96969244503295,-175.18147496071492,109.75099249599307,2.4155185604582563,-1.4440766414947166,-143.5776410122124,-47.18220296605331,19.19036130511742,30.372158835005475,153.24204687451322,183.8435600533611,43.32366586331944,-1.7019669143240859,132.29117481750617,-130.28894409262847,-140.8068584804634
1857,-140.25083549020397,134.490028525136,-2.294714443272097,-143.91910883142367,81.61162375970353,-15.552346699909155,-28.129766385393655,-102.87947508526752,-70.26306984775434,28.355170229695638,2.4208080564382066,148.2790204647164,146.8234302969964,18.754491939259573,-42.16101650828049,124.32563950842392,-242.6432041393287,-57.80477666561667
1858,-99.16266093789686,47.45796237395374,11.586228012475603,-91.766658798201,46.081698415205985,-11.393998741597457,-4.00766903088227,100.98437355175498,-25.862163152167515,10.328641381088895,-6.1574055661424465,82.08930965395204,78.40854226523983,21.687592694994315,-15.42138209903597,145.9920819518699,-18.260554562467913,-59.66555759631894
1859,-138.16302087526145,1.2304476967755629,6.05159049617655,-150.96373648417892,89.30656620497861,28.84487370757688,-20.922673668795383,-96.71697083916304,-62.53603880803277,16.012065196794307,-3.1183047201514613,67.6316941894984,87.96920850955075,32.21130928176263,-46.372396338458444,128.66608333375245,26.204252992305147,-88.3549034927264
1860,-120.50040720743667,153.61255604607916,25.24200417303074,-117.92036813214752,75.95617653692285,49.74829574274322,-5.504224249724601,-104.62909341201066,-14.571035675403262,16.527409526972807,12.495668153546385,70.10341535054083,180.5796397183868,48.52351816667847,-2.556058352857382,113.34409524845772,-24.114683276998246,-203.6191386084948
1861,-162.02911087302894,87.93833948069431,4.213916939244606,-155.9964832660827,52.50823115135315,-47.44246387184055,-33.37980857397698,-130.0780732243198,-93.581336364396,-0.7801694893782211,-10.96869603347882,87.35238234959417,175.31752903810693,-29.962778617948018,-76.52771119685494,108.11989831170906,16.113110895978622,-24.72785168958513
1862,-56.88531760517768,43.405867113378285,-0.8852257946365145,-55.5655004358919,28.607288090817583,-11.622913855369248,-10.342806091465102,-44.6888621095663,-27.14153347010438,5.592727232683699,278.3746928569838,86.93263320213778,49.32066371823294,4.871823371160136,-22.88422182982941,53.770874375489186,-8.706804744211274,-24.03588686145719
1863,-214.86480838604456,47.76998375499753,50.66178831882643,-174.68488996464094,109.40415378857199,2.122726781778503,-1.6463488658098824,-143.45473047425853,-47.35710166614081,19.300707395050605,30.306376709182988,154.04748733336712,184.5856004784887,42.85037660375296,-1.642899630425128,131.89513856649103,-135.51249239326842,-139.85612550777248
1864,-146.93135987507034,118.01925822918706,29.94432618140891,-138.87370117483235,95.35295039828117,5.909345668890143,-3.878176486695224,-96.00972393147846,-36.49814899447695,32.74985825289968,27.948968918667568,301.78988718454286,139.81219321341348,41.21520236455581,-31.75103428169231,124.05602733928936,-48.80928566450193,-121.04564514279426
1865,-211.53119001062777,50.325174021337425,47.53834715238507,-171.87624456022382,102.94709507734672,2.848715596457924,-3.7258892919517703,-145.65542045279852,-50.0809492232636,16.734841550469806,26.86887447341652,113.80791985324586,140.8978730971111,39.78267928917949,3.9744519530190034,128.3831386792911,-123.79142327856555,-131.60392002821382
1866,-52.64242266632391,53.10683307635645,16.16924751526545,-100.85668472503404,37.815390516575086,4.61856607850055,-3.6678851952680356,-37.07583463739537,-10.28688207006303,16.117544898987667,23.06259464739259,76.39781847878484,66.5523758772737,13.270020660610706,-20.759831052421198,266.60276756931444,-19.9558291901529,-42.880026467613376
1867,-79.3236067409291,59.08834260895121,-4.430351603815204,-80.8311680968007,35.4645712504407,-32.39424679999085,-22.473455061038816,-57.85022788549622,-55.989011441204696,5.646575578251896,-6.971068348435738,71.11592022088493,89.08432200270704,-8.34546296494173,-30.10733097704016,65.5760582549365,-4.22751475650093,-290.0515925970465
1868,21.06997260054101,84.04914587145183,24.5588167705448,-94.12730768174056,72.46619075492038,14.71962311182982,-13.437770414315052,-10.409739782394105,-21.324757416766726,24.6398819468816,46.18927921982006,64.80723953676411,118.59986943568133,24.41801791510132,-2.059401962903139,54.98579414718154,11.432762031106941,-69.89893258633371
1869,-150.44678809820124,82.27151701183875,-3.3045595632417686,-154.96237168720603,50.50592434939904,-47.944682537742054,-36.71429776948952,-123.2740340165602,-96.43442773670108,-0.004191639185114039,-15.924633592179752,78.04279238234999,160.19130772950007,-30.03332062207241,-85.496314279763,110.76403322464269,45.88243604410997,-18.08091394008024
1870,-99.98535418032542,113.64893222155439,23.364073770540134,-127.95186806261395,78.02286698968916,8.847475306739874,-15.456162867553896,74.84685265249014,-42.09896951871149,27.073914643844635,24.97569087468562,83.91138676546385,125.26006461876901,27.872064778855002,-19.837032274179347,79.75333885894749,-30.00378139403336,-71.11755328534956
1871,-150.65502938297166,111.00514664974833,23.814554401273742,-143.555255938136,95.41183553052585,-11.984568011734844,-9.028182394097438,-95.68818865957786,-47.9679380779681,34.00956623862471,24.848054731612486,309.8569423853222,132.47261643196566,33.90707780857092,-39.50876627065344,125.19966449506074,-92.80465867103342,-101.00071567833467
1872,-174.50842832321774,268.5348417238546,30.250815813716926,-154.4314542345541,84.31113885633896,-22.02979191519642,-14.238692203924748,-115.96088037537848,-63.118781883052975,10.379946969656874,9.869960382750008,48.05398539215174,99.85622337280189,13.919470667939187,-48.90600945501333,114.77148046957672,-70.72216719952296,-132.13444492602895
1873,-10.155477146027762,81.4775340454632,23.866974501521625,29.26013841964782,66.95980180088509,8.91208321058735,-7.147603381611468,-67.88139111270064,-22.741739314372825,23.678895747239494,21.652580804128856,59.870533151207376,100.46540192134452,-1.8457252070114951,-9.17659719797996,62.17851072027339,-22.087275605267067,-57.14746000089419
1874,-212.29244031374463,52.01500527435319,44.73738464167674,-171.9294980033987,105.6997127371825,1.511225640314167,-6.0310610058221625,-144.8599305864686,-52.239760023664296,17.672734697990048,24.80246439123237,112.99094175573278,187.00942138905137,38.97724109409969,-1.7302326550681684,133.31815160852727,-169.5937993083897,-129.74639743953125
1876,-142.11840100892044,104.10102757532916,28.546527657343603,-138.49410815586083,95.74005285370848,-8.068080532668114,-3.8532262615881123,-91.26561876392091,-10.180522892826138,32.98719657208244,28.657613382509084,309.8990617702106,118.75785459238533,39.14336968847617,-32.02859763600253,128.2783336585001,-45.52905430988669,-102.73690112281196
1877,-126.52219813966632,172.72164374535276,26.07690626854299,-122.37226624454915,80.38415492783356,50.59419478072183,-3.5101378473262352,-110.33025467876136,-15.24746062372346,17.097560223859976,15.773715123829405,81.26912533585158,202.35892766850174,53.984855889296796,10.188281606677897,115.19191606667839,-19.01509022643034,-146.76016589208572
1878,-212.29244031374463,52.01500527435319,44.73738464167674,-171.9294980033987,105.6997127371825,1.511225640314167,-6.0310610058221625,-144.8599305864686,-52.239760023664296,17.672734697990048,24.80246439123237,112.99094175573278,187.00942138905137,38.97724109409969,-1.7302326550681684,133.31815160852727,-169.5937993083897,-129.74639743953125
1879,-130.3378916861738,136.35808124218045,6.1864677783214015,-126.15474067271232,61.025915077765305,-10.031687854530393,-20.41939608441709,-105.04856761178276,-59.13917600572579,21.85374817052266,7.239604735382585,112.56164778620654,-84.09653915494046,16.35545474268667,-11.138308684283508,105.9974639129508,-58.07714846726309,-53.782961463898715
1880,-162.90468532389238,86.28338529379047,3.9334294487089334,-156.76743537116332,52.674433830686525,-47.279580715636826,-33.73110705549385,-130.42618755426966,-97.18913885992029,-0.8243524094949358,-11.372261601063805,86.54608284564884,175.6456277129022,-30.12314262317594,-77.41293475480025,108.04633169403708,16.8501372773361,-25.266219867822596
1881,-141.78604368849724,112.3620537511793,23.134357268026164,-133.494995146293,89.35793330988346,-17.405761743781426,-2.519866542052769,-89.44878651234018,-46.34391434217168,30.325876319008962,26.005726440436305,313.45272304856906,137.23507680186762,32.43991413218801,-25.994444620684646,113.44732400735789,-38.409125646245904,-86.05494616088824
1882,-214.0338577301889,46.568131874969936,44.74751536611169,-175.3820423397654,99.36352016136694,-6.13664989441615,-7.289046628174554,-148.5222496673924,-57.96027198543452,12.351560945348053,22.221905862320778,109.82793017391243,192.74847885454537,29.00634477198052,-9.348412972642919,127.15998271660663,-113.47007373293079,-120.33130014529387
1883,-138.8021017495378,154.00602963731782,25.798432498686076,-139.8179250835137,82.33494467528578,3.8012679233037217,-15.324514003159663,54.81357485293909,-50.41889089759561,25.209484259921677,19.03723217625185,80.55999355960158,123.81668349048635,26.87833753762436,-28.820150441136303,91.85995909735418,-48.10118883345104,-75.27539843823195
1884,-61.08665636570444,49.12805650293858,1.117120181808963,-61.01668167598393,24.00246879278929,-16.349410988897855,-16.83773295997945,-44.36028132802331,-37.10891290498317,4.541760830230811,-1.8635988175879188,54.03202511670932,24.523981670424114,270.9403625398591,-23.88221168684506,46.20189967001965,-14.113989778413945,-19.083637017504525
1885,87.4954676094761,99.7029277241964,8.840013758854164,-138.7886293819345,56.97250498640436,-20.263562279130095,-11.565080217744713,-99.28942322376359,-57.74404039739836,9.495383040426296,-23.351462113417156,94.98627260190206,90.28602275412315,28.864797102769327,-34.649846731534495,130.0302588695371,-69.73322546747349,-64.00977779876176
1886,-179.08964918923286,278.2270882530279,36.37874781265297,-162.17422248228104,97.441281412651,-14.733797650451967,-9.721492055182814,-122.23808103065276,-29.286424761841687,13.454346223161414,15.646469018531695,52.724633108841104,103.23268649248814,25.87227728393834,-41.65390165051032,129.28601733521631,-72.83629211873846,-91.23888453034215
1887,-184.64805154616164,282.2788718051268,35.7266044988716,-164.66002016480448,92.64396319659744,-12.225886182847196,-12.568404859869695,-89.358928648229,-63.29842666607765,14.260169060679603,14.532673943540889,50.86529416380173,110.34121227068587,21.91470401624515,-46.98206311472263,119.34505232423946,-77.5595447227772,-91.62260009565144
1888,-99.98535418032542,113.64893222155439,23.364073770540134,-127.95186806261395,78.02286698968916,8.847475306739874,-15.456162867553896,74.84685265249014,-42.09896951871149,27.073914643844635,24.97569087468562,83.91138676546385,125.26006461876901,27.872064778855002,-19.837032274179347,79.75333885894749,-30.00378139403336,-71.11755328534956
1889,-134.11511564214968,165.65451018491615,32.03619644414252,-129.59954497530532,87.97828184205683,56.51320041882455,-1.8194089544064747,-112.32454586953142,-10.806860562401093,21.899771596382873,19.45373486132905,116.68449093899189,191.10115650046686,58.420355230720425,-2.7305639219501434,125.01403707518665,-32.81786387229278,-169.635405694168
1890,-111.75162297435372,140.90884396891113,-0.6552071869529573,-104.76714718291649,59.06182425390511,-41.2894697151094,-13.033607080156068,-81.57618851058666,-64.43236693677021,11.131101960031268,11.375668759518224,172.05594314685868,182.81512188458888,20.0009763684043,25.306888782266732,74.38923323089429,16.660298685515166,5.564057666541709
1891,-212.9808956060223,52.62700879394062,45.0186526148578,-175.07410002317746,106.52098539816042,1.5151426712183174,-5.8917619330724555,-145.3456604750654,-52.293454879910655,18.06329537659769,25.345330058475664,117.60651806665444,187.81535858324878,39.56683218640141,-2.3597477302938943,131.95047930663003,-169.89069401951184,-130.78851282664903
1892,-170.6041646507138,267.4609461934029,31.510101895636076,-145.8034571870912,81.83432478086783,-16.30722125294987,-12.754709576582599,-112.75830872637822,-60.6480837756317,9.831393617046343,10.697406894176387,42.43188437898687,97.38304764060818,70.95996453547785,-47.83427322045023,108.91956136668638,-72.67146946194441,-81.0279492188086
1893,-112.7498715644556,142.0323919042351,-0.18310585424942744,-106.11204340079077,60.27828803367138,-41.11760776886437,-12.746851666438875,-82.58718112077189,-61.363608122097446,11.495192323871688,11.868201912170608,173.1454207287448,183.33213135008387,15.531273592214438,25.870322510884336,76.3655498502192,16.647117498671527,4.503420084016465
1895,-74.9313412664963,48.64381404798782,15.198597859519714,-62.96884943752153,47.427472480218235,-8.015758030544808,-5.143316376437208,-41.67615499306342,-23.334707981145325,198.4966384509141,6.158167279924928,123.69642507102883,43.10953076203098,-4.364857607661371,-5.049948833811706,60.45407866711577,-39.870434227919304,-69.38406084631762
1896,-212.9808956060223,52.62700879394062,45.0186526148578,-175.07410002317746,106.52098539816042,1.5151426712183174,-5.8917619330724555,-145.3456604750654,-52.293454879910655,18.06329537659769,25.345330058475664,117.60651806665444,187.81535858324878,39.56683218640141,-2.3597477302938943,131.95047930663003,-169.89069401951184,-130.78851282664903
1897,-143.09851485329276,106.47536980188741,28.669804852899194,-139.44561525897285,96.23206577574332,-11.552886650436996,-3.725556805906319,-92.22330382838818,-10.496710274881648,33.19314750243276,29.163381215878815,310.2474743232424,121.76755883216757,39.684555330988225,-30.713462212844693,128.77570935023297,-44.985977718755684,-102.22892541514479
1898,-148.49186277666396,168.55932952122023,-0.2124528134960359,-149.41427550912732,81.98790076246291,-15.70890766825175,-29.21282743745499,-109.29844335599992,-73.85780963253514,24.88460333746408,0.10075532836093447,100.70311947226172,142.3645461091874,16.419549359931644,-45.52422303951334,125.50090508998377,-249.43520091675032,-57.74788726288633
1899,-138.16011312462706,139.83028958873197,-2.600413261732675,-144.28141668091692,79.30533625753152,-11.871898990295719,-30.02178617409009,-73.03728247904546,-71.08296620183201,27.170516530481137,0.8424630002941053,103.15826997360088,145.34726856697628,17.510072456050576,-41.209269028769846,118.86072673461717,-242.58460887177094,-53.47077308257538
1900,-169.12023241463288,6.879177648621994,17.98516440550082,-175.6723821214636,101.8404292492636,2.4965850712680737,-17.12513832916808,-119.34350856499206,-58.722615863063176,19.860092483949263,6.097521369670079,68.26561606904006,119.1787920092628,44.286371761768415,-38.07832641574372,146.96313330832982,2.0888113180016594,-113.1129438298677
1901,-85.35550846607619,116.83231106298673,20.149009099556174,-136.16359617745357,74.53700560510761,1.94370411051255,-11.49187468627303,54.14055555344978,-49.25737858685952,24.048263847096095,11.207023646586046,89.10638879968828,118.95093651416092,28.44316081095765,-26.44813438424704,93.86523362198588,-46.27938723040089,-69.06385007225605
1902,-150.43603505360667,106.1376602992635,23.110680454291227,-143.2199565387027,88.02765294949494,-19.911864877021422,-10.48947567003678,-97.85136005975211,-53.5464793303911,28.62326590660011,21.714482059399163,306.00183253989997,136.27629298588914,23.231085202765716,-47.25557474852,120.271396174189,-34.81085398958551,-89.93558876946291
1904,-114.65575206448915,100.45252073865434,28.153532109633314,-131.56672297018918,91.62955519974946,-8.189510712645642,-0.21814962366273402,-92.83213239669801,119.22777408586617,25.201798776899363,26.26634317662023,147.94003123228293,93.32014190142387,50.996210304506086,-1.3869441233082884,148.92576677448008,-21.27056993465886,-81.31845459601632
1905,-153.72969177576874,121.86940948423367,2.6285815566519464,-151.0742538647118,84.63820989350026,-12.205403139577829,-27.320607687729233,-113.21308212587259,-70.70176837263078,25.581050374697515,2.890294790772493,112.58577655183286,156.99209035392417,20.35309378724489,-35.87146870596787,126.68556891775827,-259.75532545258403,-66.17144292099108
1906,-130.7533867650707,124.07298646990911,17.823746266635112,-137.8796261460797,79.24657470720939,3.494901217812963,-18.768377918807218,62.2920363376766,-52.02957014017561,27.560022831299772,15.750507157490224,91.76034289113164,130.52707211764928,26.51830323363311,-27.618894190773695,92.57555374104604,-80.77877117182726,-67.72119690927335
1907,-103.31941127886286,103.29950345706784,24.995020011849128,-140.42457661148057,89.54800816785878,-11.15401825849325,-5.6945365958856735,-99.10155127546918,-45.50944095822099,30.072006020250097,18.997332138438484,308.20050153345244,118.41390203527263,35.068104542421025,-39.15940963714337,126.07528697164352,-56.183770969525646,-100.80774123035896
1908,-78.39521074357677,35.707912014082325,186.70079376221392,-68.77894136049925,49.7432298129733,8.19346133874089,4.498067374368632,-54.08464858545781,-17.343879431696568,21.643003578050806,37.565560099890966,31.62279984614442,82.63330511809669,16.767846251218277,5.68570294634032,62.564227107370236,-25.674342369120776,-48.62283988825275
1909,-91.88298084013643,89.27556789014302,13.740649350600055,-94.46395130483332,56.85441597789136,2.989662618216754,-7.370941037290944,-72.27693278558861,-30.39586772451587,232.52132544529363,11.10691423351624,48.207428671313586,104.75316028244559,30.003299404318888,-25.07018768659966,89.20498863049721,-28.776678683290527,-34.10484820468281
1910,-126.7171577448253,155.03040680109325,26.73258358982471,-80.88157094438937,76.14741287363195,56.92123024327392,-2.9697667870388997,-105.04816230723394,-11.555959634787081,17.09487641537818,14.156095304853661,67.32289170159528,176.52924126275843,57.43479728611757,-1.8394126173782732,102.96667810576517,-26.39855937997255,-162.02835234528058
1911,-108.48678545508926,84.36748074028326,13.39141060008098,-115.50895888746716,67.00537694021787,5.691661013467128,-10.01777270183273,-86.0430975927041,-40.68616715812755,197.30969173006733,10.817291105097967,44.22361134579586,119.63238488725464,39.39625185734342,-33.36460052063962,105.41771269638082,-17.473485521606168,-44.2239008108072
1912,-112.62450386070915,102.35062466318386,27.124866393836957,-130.2007533810923,90.64342516408969,-9.056915576108022,-0.45123109379195475,-91.6192854854682,118.87198993283481,25.047011738872115,25.888192726811834,148.32197271928865,93.31647530085422,50.437155178979424,-0.8532028059630266,147.8057829427809,-18.317108175205707,-78.42301638829147
1914,-124.93572781795214,129.0629034277984,11.80224145702825,-122.7981225737838,62.17038101849509,-8.856993872520727,-14.962337693506742,-99.16270114761726,-24.3959075645162,20.96977252748902,11.315270082176863,112.35101471647259,-94.8173841322489,22.200503840898982,-3.2290582646469974,110.06355285048447,-13.32617077582574,-57.765583717338615
1915,-188.24623921560803,279.7094988207,36.776865596113744,-165.49768406884965,95.67134982132549,-15.389279481865646,-10.632525576016613,-120.0225042886936,-62.43835028495904,15.529965094198008,16.21021550325223,94.41583745995439,110.35828617680195,23.32482418224948,-49.432827344933074,125.81148254696792,-79.53958929620475,-98.00968632060712
1916,-140.25083549020397,134.490028525136,-2.294714443272097,-143.91910883142367,81.61162375970353,-15.552346699909155,-28.129766385393655,-102.87947508526752,-70.26306984775434,28.355170229695638,2.4208080564382066,148.2790204647164,146.8234302969964,18.754491939259573,-42.16101650828049,124.32563950842392,-242.6432041393287,-57.80477666561667
1918,-213.72906915964347,56.10461022915341,45.16728587607941,-175.55134390364026,106.48267182929412,1.4402965180030307,-6.016975327207787,-145.96761439023086,-52.69733485900196,17.668216573649303,25.076524588292944,112.4947743113776,187.48204787614824,39.288982935054385,-2.5668799281308994,131.96978465470093,-170.43186596079536,-130.55407148835516
1919,-120.86553114716916,136.419925659268,29.207128023613016,-135.69592005879602,91.01970216684907,-9.213476544450618,-1.534292145853289,-98.03825375620062,115.27725014805402,21.576444846640555,23.568139998734562,100.74607172683399,88.85759111304522,48.1022125996515,-4.216409337195874,148.9810485243408,-25.109104952627312,-78.36612698556115
1920,-158.62605801920418,142.75501280430478,31.186758125848705,-146.99901956456134,97.80009011616147,-10.97272478741833,-5.577723321047573,-99.18859486074878,-45.866550166529855,31.486984999289287,27.445834295301495,298.48219357566717,125.70260314699804,35.07569448829025,-40.821866771591836,125.18421417730437,-58.054214144897834,-109.31876580448325
1921,-186.43193184355377,286.3335462773164,30.70845465439367,-166.6904418548505,92.96670108050083,-15.686040642249443,-15.546448610086538,-122.70610906165565,-68.15966881754429,14.454080587078664,11.229878590446747,53.83817833918343,114.67592996895327,19.75809803323475,-50.37844297500016,125.38051714548469,-118.0920668830006,-88.03202591362964
1922,61.41253295260659,79.41364115691776,21.97654672100887,-91.37654647091324,68.12966789227154,9.658221166866069,-12.440265444002064,-47.700777220628474,-22.837633628178313,21.252475813372115,38.19846461456806,65.55560206753326,111.38649973973031,23.84720999343753,-3.7415766239825556,62.74990258740303,6.307748292779059,-68.28076167092217
1923,-141.9661328852028,112.62292458998316,23.073279690063238,-133.50113387312948,89.39435034838581,-17.510253279307946,-6.186429224115884,-89.6014804781095,-46.52859402792738,30.311856383078972,31.630447855776474,313.5867351807029,137.42105711428067,32.35078321924202,-26.235005157758252,113.75093603627242,-38.312701780969284,-85.85188776962154
1924,-215.1878562043181,45.47224149085465,50.96969244503295,-175.18147496071492,109.75099249599307,2.4155185604582563,-1.4440766414947166,-143.5776410122124,-47.18220296605331,19.19036130511742,30.372158835005475,153.24204687451322,183.8435600533611,43.32366586331944,-1.7019669143240859,132.29117481750617,-130.28894409262847,-140.8068584804634
1926,-115.73140718315007,61.38810164075873,12.636394800187823,-99.48171246906999,54.96038218003274,-11.588743196425288,-6.622183421881792,120.32618491277825,-36.279685877982416,13.002749374886664,-6.863153628806008,93.30279336584022,91.55978738557377,24.531569191939962,-17.389588958838804,110.83072632514349,-27.249216216420372,-66.26465706866608
1928,-103.59981160153578,112.45749176044549,16.980009914397687,-107.60273118491632,64.75207894721468,15.747676359197353,-6.7962274873517305,-86.25572200344641,-28.61242524406565,197.135235511817,13.643242358086747,46.68304784115695,134.28331051214772,42.308642231474444,-24.7521218898799,101.78843110761407,-27.325445347977077,-54.95382137767371
1929,-164.1677756322202,94.74904746693096,33.38479956625145,-149.0582883427571,99.69565476453727,-9.60343440448813,-4.329513279880676,-103.25562061928665,-44.348343252045225,31.79492003465251,29.624895444605208,310.56290409291427,139.78858609901303,37.218475200353275,-32.796684030647974,126.00344088363964,-67.08108230639272,-114.72258753699302
1930,-212.9808956060223,52.62700879394062,45.0186526148578,-175.07410002317746,106.52098539816042,1.5151426712183174,-5.8917619330724555,-145.3456604750654,-52.293454879910655,18.06329537659769,25.345330058475664,117.60651806665444,187.81535858324878,39.56683218640141,-2.3597477302938943,131.95047930663003,-169.89069401951184,-130.78851282664903
1931,-114.61913727596644,112.40633088272742,21.86047675853908,-130.4901324958481,71.12668550992998,7.385370618038256,-14.054610756729259,71.21874724140766,-41.32434205627835,25.088102752535086,20.252525852700842,76.64103999537267,115.23769243398431,25.22375529401976,-23.83090784824575,120.91287982268618,-37.19223723527764,-64.89950369723785
1932,-63.74417934584018,23.315280576322976,-6.346965632029063,-58.53668824518947,35.67764193192995,133.1226981195797,-19.130324450528526,-34.702927897408486,-45.55423901932196,1.1976458063554845,-13.420189756316086,155.72479307715508,32.84691936097197,-11.528008533388356,-39.88644864700749,51.49676526357568,-10.50671205787876,-20.89536529934245
1933,-35.66168313960128,78.89288650161694,21.94485141734383,56.032219505980315,62.4178179404756,4.3776335713062835,-6.733972783070709,-72.61557799638126,-25.815917184355065,21.324658378800944,12.593870616683745,61.22752568288656,92.30245128543206,-5.054882644909715,-9.625139961416203,86.56934864425897,-27.253945467070974,-53.25253003841432
1935,-162.58163750561883,88.58112755793336,3.625525322502425,-156.27085037508934,52.32759512326543,-47.572372494316575,-33.93337927980902,-130.30327701631577,-97.36403756000777,-0.7140063195617511,-11.43804372688629,87.35152330450272,176.3876681380298,-30.596431882742415,-77.35386747090129,107.65029544302192,11.62658897669616,-24.315486895131635
1936,-85.16299558651725,88.31668518130667,19.80670316145465,-84.4715946678278,46.00508139149034,199.2735089313876,-4.0705876170804896,-69.51003707370445,-25.55560471490538,20.364994512208586,15.398585079107903,15.025508664549957,100.98542252880422,22.244040470028374,-6.259539561938775,80.8307841897144,-32.566022671209026,-51.900560591744714
1937,-120.49986452780014,136.9052189123163,28.86399349434823,-135.36539701874688,90.33931242498443,-9.170156840850652,-1.7624734108989943,-98.24603170025922,114.98737552233298,21.3308928711758,23.21781156257567,96.80265902470727,84.5630224174202,47.74811394223751,-3.6487674504615644,148.5902449105193,-24.45935287122102,-77.44583314033619
1938,-96.75930372282718,64.52938588616833,12.433468615606996,27.80701064268226,44.16146170822062,-8.437909312154668,-11.28495639684365,-56.53848873839683,-33.64918376486544,11.856996555878164,1.2973844994830863,63.851521763463744,73.93640889701537,3.099944836102379,-4.239822316891229,219.56887938842732,-31.084981787887795,-43.803549367822804
1939,-149.54401540598514,17.865015677272396,13.310186269847735,-167.15987103872797,98.31581166926712,0.3031355664710393,-17.028500852314792,-109.07342651630698,-28.73189978531831,21.28155292939853,5.259119199045685,71.06715868134798,101.48286104098605,45.550654813723476,-38.94120040437076,149.8671825581696,23.821150913969475,-101.67747202365952
1940,112.20046559279106,91.41754038670754,9.666170603878598,-131.7237627854183,56.242103619190075,-18.941718709022407,-10.829611874188972,-121.5580119738557,-52.97105252383276,8.76483558755713,-18.322153382878852,91.10830807092131,89.92199173338018,28.325263433506098,-30.05564010116127,125.14980816936426,-61.96716526199685,-64.99388630857919
1941,-135.45049884279493,135.28089033300526,-3.0179284731239404,-142.97633775386336,78.13497918463356,-11.474229923943405,-29.884066339823317,-71.30567251513538,-70.10161170783226,27.17782124767955,0.9671543514313036,102.79352512356452,144.4707612814241,17.29914671462317,-40.64285534933615,121.66395364007735,-241.39521849967764,-52.3653593716936
1942,-85.16299558651725,88.31668518130667,19.80670316145465,-84.4715946678278,46.00508139149034,199.2735089313876,-4.0705876170804896,-69.51003707370445,-25.55560471490538,20.364994512208586,15.398585079107903,15.025508664549957,100.98542252880422,22.244040470028374,-6.259539561938775,80.8307841897144,-32.566022671209026,-51.900560591744714
1943,-131.3365221683799,123.57642248843652,-4.839427255455584,-135.25162090011972,73.91221008160694,-15.112627731747384,-28.069089800076842,-65.54423587849979,-67.86969356704785,24.38931693435035,-3.8368119987976472,104.31305421980096,138.2225037783164,16.741894224010725,-38.812423014907566,122.48989999695115,-237.24098033481422,-52.06268959564374
1944,-214.79314948043725,45.86141851892627,45.343444383671645,-176.10477021284103,100.12293285278928,-5.544749330605878,-7.119973738882578,-148.7216787864694,-57.51621197930228,12.831782082600345,22.58990783607074,113.36946673422646,191.62270173774186,29.44989470612288,-10.640297525505725,128.14219481745747,-114.85035109751705,-122.6188241255021
1945,-139.648656396981,132.57911975520867,-2.378204652823322,-143.4739190201835,81.16882592061246,-15.636936603707015,-28.329175025633493,-102.30935895859244,-70.19542735292232,28.29815516000692,2.0930033594099045,147.16244946618534,144.6455015019849,18.20835816699774,-43.43545050423401,124.14085742660184,-243.1531634443855,-63.49067393725758
1946,-140.2482769656377,133.68019654062476,-1.7374088871887017,-144.41071515755226,82.23132043583452,-14.898046859240658,-27.87883535329882,-103.06380374577152,-66.58479233642919,28.63173797285891,2.7069303179614974,147.7724194849316,144.98637609191007,19.466856869601713,-42.70639457597125,125.78360344908843,-243.35675976532622,-59.49715292015357
1947,-131.61526441940111,93.74732220120111,23.176714316424125,-121.82349660541024,83.56575238440135,-11.651583746075595,-5.720714282924524,-82.30834900144202,-39.27281692369715,29.360993652234267,79.41018745845817,296.9719549666057,111.03594888452848,30.31363678615968,-35.67528723178598,112.09461527318287,-43.55660733413029,-92.01782046132342
1948,-126.10336014627394,89.73000562228148,32.04816239376101,-137.3558984143805,93.67001129788643,-5.7099720157766995,0.3579276038724669,-101.95289252607328,118.43329140795836,22.272891883873992,26.35767946114612,112.62872880640512,103.48513535778199,52.035757026964745,5.43634499634959,150.16571235211526,-35.429229488461004,-86.7896826436659
1949,-86.56560367439211,83.04568936573118,16.60999379784345,-85.37037765937762,42.50673773884731,183.20664441399362,-6.5504175720504945,-68.79174893885302,-33.99722779865584,21.316942343184245,14.931983672306602,26.18888231771929,47.112086497421494,15.545472486265272,-7.758538066361801,78.49475940759778,-30.815480002270903,-32.524645058481546
1950,-150.65502938297166,111.00514664974833,23.814554401273742,-143.555255938136,95.41183553052585,-11.984568011734844,-9.028182394097438,-95.68818865957786,-47.9679380779681,34.00956623862471,24.848054731612486,309.8569423853222,132.47261643196566,33.90707780857092,-39.50876627065344,125.19966449506074,-92.80465867103342,-101.00071567833467
1952,-110.60006978557209,53.064674542611506,3.5252033099982505,127.87235106400496,36.33403974428582,-5.889551319671883,-9.268146873628773,-55.1067447716349,-27.550197037679258,9.44773395373527,1.5029606498435646,64.35647708207661,48.53997741730167,32.90874817012122,-25.07422470099748,36.654061337244954,-18.985984501110558,-42.04390095093154
1953,-151.54441123222975,22.677336671917164,9.996193641795763,-165.33802106111625,91.70040376176992,0.4351627470254884,-20.116388490668996,-110.19255449387859,-63.39534657954924,20.474793029891103,2.4305178406779473,66.63791845575587,64.44012697491164,38.83274328481129,-40.3705649071514,144.02416027534863,24.299672772954672,-97.08615577894761
1954,-212.29244031374463,52.01500527435319,44.73738464167674,-171.9294980033987,105.6997127371825,1.511225640314167,-6.0310610058221625,-144.8599305864686,-52.239760023664296,17.672734697990048,24.80246439123237,112.99094175573278,187.00942138905137,38.97724109409969,-1.7302326550681684,133.31815160852727,-169.5937993083897,-129.74639743953125
1955,-212.34214778888497,51.656593123481436,44.71188666466628,-174.23003146736818,105.71937504272162,1.4531497053259788,-5.888552457679587,-141.6967314722868,-52.14298088962598,17.637298037639738,24.645638758968545,113.33915700590721,187.08462751688594,39.34416363286953,-1.9655535659488343,131.796291397106,-169.33821378231033,-130.05233940988262
1956,81.24990085646778,96.66587504537442,9.656491233733021,-139.73175497645735,59.64100407082471,-23.956696607315777,-9.48550040059492,-127.34944815950792,-57.17806639772262,10.52528277800481,-22.74490281929833,139.10334703506456,89.74020433212439,30.281710829314207,-37.40495320018501,137.61857369982485,-72.41848860078522,-70.32856748946824
1957,-185.35579470357612,293.01114115650347,36.94118675216539,-163.85521977086526,94.09847998083903,-1.7876398621560512,-10.612687964951935,-127.83471838387707,-57.46655851504569,13.097176690862753,14.195766249457245,47.92665037442047,124.25945545291626,27.32497145346431,-42.7080030560913,125.87939586410374,-80.00209234243039,-109.69087257080328
1958,-127.28404841448089,172.82476237382033,26.11552973001955,-122.60338779149617,80.52387094312492,50.5317955038636,-3.5919959901290945,-110.34535513733438,-18.48167812891638,17.30121361794899,15.85559483605608,85.31726287595042,203.07020475678456,53.716040893097016,9.441775121505854,114.71616422686468,-19.681811965019087,-147.35531361775705
1959,-108.43506499444324,52.64798217514775,3.436640197454211,131.11810386641207,35.80041461179574,-5.571809504098579,-9.286065171526792,-54.81777143616822,-27.235080918090276,9.247083830157617,1.2657750145838358,59.51623839066507,48.02058491118152,32.17622374810472,-24.60646269738806,35.65271501458562,-18.542204319634575,-41.13121724481403
1960,-136.3253572928463,154.23945096448787,25.493221385204112,-143.0256031845358,82.10964932389955,3.2373316120061286,-15.408868595888542,53.75610872489059,-51.03268131853117,24.91496193422708,18.226509974877846,81.18223868723845,123.59040365261241,27.472150441235136,-29.254487159687766,93.11675259114156,-48.943718942302176,-75.40001842943282
1961,-162.79096114784352,88.0414581091619,4.252540400721161,-156.22760481302973,52.64794716664449,-47.50486314869878,-33.461666716779845,-130.0931736828928,-96.81555386958891,-0.5765160952892054,-10.886816321252143,91.400519889693,176.02880612638975,-30.2315936141478,-77.27421768202699,107.64414647189535,15.446389157389868,-25.322999415256465
1962,-140.59860258825947,199.30697660172004,33.0504277236551,-133.02708756205914,86.3786823736276,55.59287694042665,-3.358298309476978,-117.53309241100162,-17.914419167986917,17.584893203058613,16.273147006849438,64.47757580433706,187.25103996396635,60.11156549344,-5.365319628937788,123.23077393657078,-38.2164020982845,-166.23035472870424
1963,-211.24149001140165,50.959379923426035,44.29944640174225,-173.39986504698982,105.26955978470325,4.408048225176928,-6.188504278046224,-144.18854629152116,-52.421327503987385,17.377123308995074,24.471560251355967,113.71656895330862,185.93143146027003,38.582096609747,-2.3829986005889268,130.47089151404634,-169.05349324605658,-129.00896455410796
1964,-126.40943754080415,109.33054742847447,21.05173552391775,-126.7059515034214,74.41432928107307,3.608140950055741,-14.161666082729363,97.719160585511,-45.13677246717848,24.71038834479602,14.422693851024313,89.22848288538775,119.5559352097861,27.573077845490655,-22.64513374769936,92.49404514596145,-37.31155251895449,-70.12864597250629
1965,-96.67728718087936,65.37856991754141,12.861126862998757,23.260014400274564,45.09858313824956,-8.490201992188016,-11.133096438011016,-57.175582157335676,-30.70111985408324,12.100474398604419,1.683876047048792,64.67854714522993,74.64823587351086,3.341465756502047,-3.6553365550026506,222.08509252293453,-31.039830866437,-44.36845907875062
1966,-169.12023241463288,6.879177648621994,17.98516440550082,-175.6723821214636,101.8404292492636,2.4965850712680737,-17.12513832916808,-119.34350856499206,-58.722615863063176,19.860092483949263,6.097521369670079,68.26561606904006,119.1787920092628,44.286371761768415,-38.07832641574372,146.96313330832982,2.0888113180016594,-113.1129438298677
1967,-143.52581973484664,106.94781216750103,29.314190898867032,-139.91536529046314,96.78606565191102,-9.600270486683218,-3.507007951665671,-92.81805112336336,-9.485575323687721,33.401239087882985,29.315091874861984,309.1182557274473,121.92293933517523,40.542336963758345,-31.285479941501382,129.74867909473232,-45.97527734617497,-105.71170193070847
1968,-85.16299558651725,88.31668518130667,19.80670316145465,-84.4715946678278,46.00508139149034,199.2735089313876,-4.0705876170804896,-69.51003707370445,-25.55560471490538,20.364994512208586,15.398585079107903,15.025508664549957,100.98542252880422,22.244040470028374,-6.259539561938775,80.8307841897144,-32.566022671209026,-51.900560591744714
1969,-184.4664705642404,285.42972839317434,33.61366279218083,-162.8054006772208,89.52934674282658,-14.831690203115414,-12.835689559063676,-125.73411227348538,-62.25335302726109,13.29678928441933,13.324742728943717,55.20093395933542,67.43205319863192,20.27532115784119,-43.404096156763,122.5333861580906,-72.92782698075455,-88.94777355945257
1970,-127.28404841448089,172.82476237382033,26.11552973001955,-122.60338779149617,80.52387094312492,50.5317955038636,-3.5919959901290945,-110.34535513733438,-18.48167812891638,17.30121361794899,15.85559483605608,85.31726287595042,203.07020475678456,53.716040893097016,9.441775121505854,114.71616422686468,-19.681811965019087,-147.35531361775705
1971,-188.5193204133763,281.1652077442074,36.740497017040475,-166.01122958460977,95.79257043489964,-15.28396681237334,-10.863916316455185,-123.87921123553085,-62.878698900964736,15.710410457691198,16.55957836660045,94.7397858185749,106.79444854753979,23.193394078367362,-49.25937962254382,125.57486684267043,-79.44231745199995,-97.82556589214856
1972,-108.05692204896913,83.08520639015838,13.304330110196537,-115.53081518210547,67.07107374018115,4.393344690381847,-9.985390523978541,-85.63267895823292,-38.01902459799633,197.37816788778036,10.951702707638088,44.8462289618061,117.63995017916066,39.25083515491545,-33.33796085967369,105.902706892546,-17.19774152018438,-42.433500549780405
1975,-91.88298084013643,89.27556789014302,13.740649350600055,-94.46395130483332,56.85441597789136,2.989662618216754,-7.370941037290944,-72.27693278558861,-30.39586772451587,232.52132544529363,11.10691423351624,48.207428671313586,104.75316028244559,30.003299404318888,-25.07018768659966,89.20498863049721,-28.776678683290527,-34.10484820468281
1976,-143.6484829613164,106.30832589461521,28.638718792240407,-140.2115886941081,96.67112642378657,-11.02849543224452,-4.028196479643518,-92.63283628088817,-10.601133959168285,33.535878415412505,28.980155783994633,309.74001429836613,121.00064372700409,39.76326699653597,-32.08499655458181,129.76407042221035,-50.18605526403564,-103.50893687522817
1978,-89.31869163931553,88.39926890595706,11.388191688517965,-94.3723319525566,53.244409149184676,1.045893665894165,-9.339959845981793,-72.04160955688239,-32.62858778948125,194.17909345054332,10.062026856964124,42.01444818239809,109.18886877625799,85.55150296909326,-30.120062566396598,86.87520687601675,-24.43619346532277,-26.44344294215332
1979,-212.34214778888497,51.656593123481436,44.71188666466628,-174.23003146736818,105.71937504272162,1.4531497053259788,-5.888552457679587,-141.6967314722868,-52.14298088962598,17.637298037639738,24.645638758968545,113.33915700590721,187.08462751688594,39.34416363286953,-1.9655535659488343,131.796291397106,-169.33821378231033,-130.05233940988262
1980,-184.86850207211037,285.7897843200846,33.54726014393317,-162.95275583376326,89.36632409564511,-14.577750150071793,-13.111135630251843,-122.68285516801193,-65.57357817056585,13.373463075156506,13.238868285199258,54.89401716981901,68.14162289630315,19.865494145040977,-43.905526218914,121.41099129600404,-73.39654426200055,-88.90421266262834
1981,-142.28208369398394,132.5919246006065,-1.2660487274757364,-145.28507842052053,82.5977537953633,-14.684941836446777,-27.896684915264434,-104.09232199649733,-69.90728569472297,28.509957267722886,2.798958506246604,147.89707897771066,146.82709689756604,19.31354706478623,-42.69475782562575,125.44562334012309,-245.59666589878188,-60.70021487334152
1982,-121.95906883385796,113.34340141648572,21.19420904117743,-106.80714418212003,74.28005840278338,3.946622835117489,-15.549725382032303,64.83294676251424,-46.45693296515456,24.960143177634514,15.485908004272124,86.14391313079035,118.86413878164362,24.354732031688194,-20.888014429060465,106.60042212940517,-40.56305241824558,-67.32327794119378
1985,-115.72292258556458,108.85943011489657,20.95478065684453,-119.97821162559529,71.19514461531902,5.906608952712515,21.80190755052728,75.20649777330875,-42.299016707209,25.325584342379283,18.49907620967741,79.93685507956576,114.32322086614835,24.575901138617613,-22.480363986539917,78.93916374379039,-34.16715291046792,-61.91623905186535
1986,-180.96008266156755,288.9262037732531,31.172798399113624,-158.86149605231742,88.67342044728639,-19.885576554132527,-12.27698797938057,-122.07246027660037,-66.46234939150438,10.881621508830994,13.013595750492907,58.59707776145226,123.6279460310108,19.526225092985484,-36.18830915644398,116.13430709163221,-65.89831815037684,-77.06587247064667
1987,-105.80699042710468,108.44473376279522,25.862859486186284,-142.57605546813102,90.76112021244964,-14.121769965667147,-5.523007645047236,-100.88061937417899,-45.78544831323557,30.36309928490433,19.602296475375457,306.97870689152137,119.96451845115084,35.77499086772841,-39.343290964685345,127.57418011229812,-57.56214368426442,-102.35284816460616
1988,-109.43000287751107,153.8239491208079,0.30146442982944305,-103.58226498493752,58.22415988112521,-27.510451769429324,-12.252092016952155,-86.54036287975374,-55.69285867148054,8.773896805851022,9.705288764502646,126.43786916765391,196.14370754819535,19.673590578492018,33.068990752945496,76.27312628670443,20.556894870341107,-7.449105269538141
1989,-100.06051480602835,107.69929715404687,9.980237014858506,-103.2826649979864,58.391638902912746,-4.614383100998877,-9.658107916171259,-80.8710546768309,-43.028751661555866,194.59733149773152,11.381245852607092,57.55066962077329,134.1803788974433,32.08547889095099,-20.686155856880536,91.20830234501618,-16.414936700867198,-18.896722557468603
1990,34.839902361507356,77.75305755112387,25.012194858648332,-62.461751872694954,70.61350787615112,15.296181794170542,-11.772389147200569,-34.34873171156366,-17.100853176523568,24.2713695905439,46.37511810759671,59.81833515296083,114.16698323397836,18.50059336274587,0.37910498094369727,50.53667094991572,14.487273657157141,-67.3085368425354
1991,18.593228143849508,83.81572454428179,24.864027884026765,-90.91962958071846,72.6914861063066,15.283559423127413,-13.353415821586173,-9.3522736543456,-20.710966995831168,24.9344042725762,47.000001421194064,64.18499440912726,118.82614927355527,23.824205011490548,-1.6250652443516773,53.72900065339416,12.275292139958072,-69.77431259513286
1992,-142.14398625458298,112.19934742044167,22.973472096509646,-133.57804489457482,89.54308609239862,-14.611078939353092,-6.362536582536464,-89.42233215888085,-46.96329800607761,30.221519140449686,25.79639076727618,314.9650715680588,137.12839664324855,32.01972038505475,-26.574816959094903,113.69869425185486,-38.39349804991174,-85.813138577443
1993,-72.49622705318154,62.695623851759876,12.89773398774377,-71.68028045640693,36.5909662076675,213.06321851752352,-7.186552406382459,-55.53814583872234,-31.810132837151137,16.638611870003654,9.481278647931777,22.052763049419326,72.49965984369514,9.653334992488789,-12.9475988124491,67.59767526362441,-28.5500153446145,-25.12735332067609
1994,-214.38567673599158,46.61831078663865,51.00753542386411,-171.49704238280256,108.90323317097314,2.1863190964921504,-1.3139353755304146,-142.75889725223874,-46.75492311947557,19.04763694071551,30.31473844757384,153.48090760763571,183.42080127265123,42.625623780045856,-0.933734766325095,133.25666189726172,-131.3957975014526,-139.82152264077953
1995,-214.86480838604456,47.76998375499753,50.66178831882643,-174.68488996464094,109.40415378857199,2.122726781778503,-1.6463488658098824,-143.45473047425853,-47.35710166614081,19.300707395050605,30.306376709182988,154.04748733336712,184.5856004784887,42.85037660375296,-1.642899630425128,131.89513856649103,-135.51249239326842,-139.85612550777248
1996,-35.12977601126088,32.928585957702026,13.014166974110347,-47.892440044795386,215.29203457121397,-12.260898806609935,0.9571541545754124,-28.6383630643679,37.584987814565615,10.17141887025993,6.813904811771715,35.07507329591046,83.08060990946096,22.06828556406195,3.2586865138892422,58.30153070259399,-15.534505524380625,-26.68477233201768
1997,-133.32040313066594,90.02043539690624,22.421282892592707,-125.50608729269517,85.73466647021615,17.406475961235355,-7.260630651577765,-80.98749523917944,-40.43933405625287,28.644528510460045,21.530602528471867,311.3227576109878,108.20400428012206,27.861414532788388,-38.95641383520618,110.68027696692353,-43.99474299608829,-92.0772962009845
1998,-67.53385635228918,48.64185155023563,13.254436007945023,-57.7135816310769,42.34113990972626,-4.606647575314066,-5.37439083390507,-40.394480872783966,-21.982803845684494,231.9039310265254,3.9615449319203653,76.98820276143425,43.04737420106432,-3.2836629120843166,-3.712776390658014,56.90201280546233,-36.51444668524995,-52.61139097442976
1999,-128.1060076815088,124.54066616430427,18.057529888998396,-137.77416445560198,79.6054622475171,4.024642246980195,-18.912078452103927,59.68848563295632,-51.735467758732746,27.799919127239665,16.82148942308274,91.19381175412181,131.08996444576414,26.511509673092558,-27.314551952333623,91.45366913348677,-80.07355261194309,-67.78949344352255
2000,-99.43710030755003,90.7811128899605,20.975060168693027,-118.99132656942479,79.17531973512342,-13.869204088435584,-3.9174975348694328,-84.51858032292263,116.11894977102656,19.882741254912272,19.08183667801233,100.61167853504254,82.95033902178182,41.39809974770759,-1.2507149655269543,137.1088108605513,-10.60322720733046,-115.88952581818197
2001,-114.9603083155567,81.59636123886267,9.318419043984484,14.318086766823905,54.12148513739279,-12.455923856594481,-16.057144612420032,-70.3882764375839,-45.19491941254939,14.806966407467684,-2.3053771066107522,83.00160488655813,91.04631300472097,4.3120180021004675,-8.791155744884705,193.4455078590756,-76.3867387200604,-48.287032094929984
2002,-135.94266953935823,7.188758196782259,10.554833125635453,-159.42773578014786,89.73411592190763,3.1440472993610427,-17.830185817743285,-97.19155218716043,-55.48256741818099,18.996045015320746,4.178252160590274,51.76629926982437,94.7102998128111,37.17091512056244,-42.54707281954119,171.6872837949002,24.31442956585032,-92.75183572638058
2003,-185.28679936329897,283.249287475586,36.03337044906312,-165.50408872061374,93.44557355203624,-12.163893216954856,-12.571614335262563,-93.00785765100764,-63.44890065636232,14.686166399637555,15.23236524304801,55.13265522454898,111.07194333704872,22.137372569777025,-47.37625727906769,119.49924023376347,-78.11202495997871,-92.35877351241784
2004,-75.49286709037706,37.192269844303176,187.02622574930348,-70.41510163530185,50.23573494255414,5.054361289057991,4.692536828715504,-56.01025556158392,-17.514681108966418,21.834003196381172,37.391422070376926,31.29475539571558,83.77155989708133,17.61387030946696,5.7423791016933095,64.29926207108198,-26.91029306995116,-49.614324445877166
2005,-62.5445888924438,22.346601384276653,-6.5772241207221604,-57.93997474554573,34.60868730545704,133.3831217558585,-19.199676153199942,-33.60837230723695,-48.21098200960642,1.0135251146945292,-13.482424163134937,154.29644201194068,32.34837845660208,-12.285598522362573,-40.273673650582836,53.843545677293065,-10.525215365657752,-20.15065797583815
2006,-99.93564670518506,114.00734437242613,23.389571747550598,-125.65133459864445,78.00320468415003,8.905551241728062,-15.59867141569647,71.68365353830832,-42.195748652749806,27.109351304194945,25.132516506949443,83.56317151528941,125.18485849093445,27.505142240085156,-19.60171136329868,81.27519907036877,-30.25936692011274,-70.81161131499819
2007,-147.64171212163802,17.58692542184482,11.034216344450872,-162.81677947049067,93.28471270588382,2.4741620623696274,-18.3647801245402,-107.15811127743247,-56.86437070789388,55.98448984486996,3.103607590302927,56.134066673797925,106.77004659635689,43.22283083709832,-44.30513577085617,140.86635595551994,22.04696086886953,-93.65950497424633
2008,17.06697116985798,83.26200124128637,24.645825046379283,-93.32131382731633,72.4235008833579,14.90382464166177,-13.332288048295286,-5.992317987033639,-20.87560912513548,24.7090570571959,46.53749575694667,64.75787203979155,118.61481071331258,24.334060879975176,-1.6986330836160382,54.57615906652947,12.383992195683591,-69.95082288448396
2009,-22.92320722085734,74.63524263260537,22.253725383145124,31.231034004524147,58.79940291695458,7.526424023922327,-5.285214910979164,-66.54278038381915,-20.810579335898474,21.409094865585285,16.506891691210534,52.87798934991444,88.8808101714601,-4.663606817738694,-11.859981545764263,104.52608175718785,-24.065384376210474,-50.39307546731699
2010,80.82047668155516,98.17596016460507,9.336242105705805,-140.61906909432625,60.12226238288443,-23.962212987041237,-9.960422439016963,-131.2084804957095,-57.87702407842616,10.813789892690215,-22.596438925425357,139.32171151062153,90.82979741012726,30.139541114251468,-37.878797153404385,137.7789105804754,-76.79076901868045,-70.0572283861098
2011,-108.43506499444324,52.64798217514775,3.436640197454211,131.11810386641207,35.80041461179574,-5.571809504098579,-9.286065171526792,-54.81777143616822,-27.235080918090276,9.247083830157617,1.2657750145838358,59.51623839066507,48.02058491118152,32.17622374810472,-24.60646269738806,35.65271501458562,-18.542204319634575,-41.13121724481403
2012,39.121832842383064,77.31284921238746,24.723446742346542,-62.50744356171443,70.15732605474761,14.733647968544407,-11.681074109442157,-38.18358206819194,-17.313519839758285,23.903176744623494,45.49496442693411,59.95539591880143,113.42301828059585,18.50289386094057,0.1674538429806094,51.438761143316604,13.89051927243924,-67.15918175011433
2013,-148.85556011370747,17.253012157684967,13.028918296666678,-164.0152690189492,97.49453900828921,0.2992185355668886,-17.167799925064497,-108.58769662771017,-28.67820492907195,20.890992250790887,4.716253531802389,66.4515823704263,100.67692384678863,44.96106372142175,-38.31168532914503,151.23485486006683,24.1180456250916,-100.63535663654174
2014,-75.49286709037706,37.192269844303176,187.02622574930348,-70.41510163530185,50.23573494255414,5.054361289057991,4.692536828715504,-56.01025556158392,-17.514681108966418,21.834003196381172,37.391422070376926,31.29475539571558,83.77155989708133,17.61387030946696,5.7423791016933095,64.29926207108198,-26.91029306995116,-49.614324445877166
2017,-211.06363664202146,51.382957092967516,44.39925399529585,-173.3229540255445,105.12082404069044,1.5088738852220702,-6.012396919625644,-144.3676946107498,-51.98662352583715,17.46746055162436,30.30561733985626,112.33823256595271,186.22409193130215,38.913159443934276,-2.0431867992522754,130.5231332984639,-168.9726969771141,-129.0477137462865
2018,82.35055863395112,95.96866184531902,9.244050970808997,-138.901588556079,59.19118881280634,-21.001798087464827,-9.785452220961558,-129.84126297874226,-57.45641301208401,10.265108049360148,-22.918981326910906,139.48075898246597,88.5870082755085,29.519643806191667,-37.82239823482511,136.29317381676515,-72.1337680645315,-69.28519263369358
2019,79.8629794857093,101.1138921510464,10.111890445146152,-141.05306741272943,60.404300857397196,-23.969549794638723,-9.613923270123118,-131.62033107745208,-57.73242036709859,10.556201314014375,-22.314016989973933,138.25896434053493,90.13762469138669,30.226530131499054,-38.00627956236708,137.79206695741976,-73.51214077927027,-70.83029956794078
2020,81.29098677219723,96.68398805599294,9.496975475056223,-135.79770574291192,59.36577698094321,-23.780011684531864,-9.558711692017564,-130.3461832847747,-57.04238679359657,10.504148880147492,-22.51358277958359,138.49554517394677,89.04783133370893,30.531673458646196,-37.63712664124662,135.73230031465536,-72.34939802084878,-69.9046834696355
2021,-139.9128636446324,165.73740110659378,13.942951172724882,-130.49472385674426,63.84629982289298,-10.105055930505275,-16.95440439547865,-109.1670734292083,-57.6931388924501,19.277862383764266,10.063824089896821,101.93417608534077,-91.01826634234607,17.22534491516255,-12.413132773910483,106.12902768239425,-25.290866073161357,-61.513673282208444
2022,-185.07747572107428,283.7889569243574,35.40635537084438,-165.54733428267335,93.12522150865716,-12.231402562572654,-13.043326898291737,-93.21796098443062,-63.99738434678118,14.548676175365008,14.681137837413862,51.083658639358674,111.43080534868872,21.77253430118241,-47.45590706794199,119.50538920489004,-81.93182514067242,-91.35126099229299
2023,-127.28404841448089,172.82476237382033,26.11552973001955,-122.60338779149617,80.52387094312492,50.5317955038636,-3.5919959901290945,-110.34535513733438,-18.48167812891638,17.30121361794899,15.85559483605608,85.31726287595042,203.07020475678456,53.716040893097016,9.441775121505854,114.71616422686468,-19.681811965019087,-147.35531361775705
2024,-62.77330255506065,49.1061755291619,182.6988587669394,-63.98268447508933,47.968561500179746,2.2993182925369395,4.052451020343058,-45.87607764005583,-16.631922577957727,25.08834418863158,37.289937309792606,70.52953586891313,72.47712272335009,16.458818395623993,-1.8390532534821105,62.92154476259845,-11.178449121282098,-43.53518217071097
2025,-184.80326807098623,292.36835307926447,37.52957836890757,-163.58085266185864,94.27911600892675,-1.657731239680028,-10.059117259119901,-127.6095145918811,-53.6838573194339,13.031013521046283,14.665113942864718,47.927509419511914,123.18931635299342,27.958624718258708,-41.881846782044946,126.34899873279089,-75.51557042314792,-110.10323736525679
2026,-145.12976305707272,104.57726587735787,29.698470568695555,-140.8115848480697,97.21819581140308,-10.685481786974618,-3.4924753357770983,-93.43615073961799,-10.14092612185028,33.34793454046001,29.541531665687213,309.8655328362367,121.77122543273721,40.24361045651488,-31.247203530189957,129.89569318193213,-47.93943947820883,-105.12436362286964
2027,-68.03408086108364,36.37886110426237,-7.025326121645,-68.16213824820797,28.120908157285076,-43.199644377217666,-22.829619756737383,-44.46618596261362,-56.761318970460984,41.240757097178765,-9.355685814023074,71.51108245524652,59.70955227601255,-19.793024159327178,-30.99741450241661,53.965585522318975,-6.668047719233661,-272.6853959396193
2028,-146.41703507012178,116.92377107657789,29.417332556188036,-138.2755452094777,95.08308485407572,4.915082698184694,-4.177048040129983,-95.36980510863276,-36.851948494138334,32.30243499495194,27.313497357107867,303.6728856101082,138.68220167332515,40.59753671275595,-32.2949942456618,123.42839169684835,-48.2864943241046,-120.64090373307991
2029,-169.8820826894475,6.982296277089584,18.02378786697738,-175.90350366841062,101.98014526455492,2.4341857944098493,-17.20699647197094,-119.35860902356507,-61.956833368256085,20.06374587803828,6.179401081896754,72.31375360913891,119.89006909754563,44.017556765568635,-38.82483290091576,146.48738146851613,1.4220895794129151,-113.70809155553904
2030,-103.60237012610203,113.26732374495674,16.42270435831429,-107.11112485878772,64.1323822710837,15.093376518528855,-7.047158519446566,-86.0713933429424,-32.2907027553908,196.85866776865373,13.357120096563458,47.18964882094177,136.12036471723405,41.5962773011323,-24.206743822189136,100.33046716694955,-26.611889721979583,-53.26144512313682
2031,-168.12198382453101,5.755629713298024,17.51306307279729,-174.32748590358935,100.6239654694973,2.324723125023036,-17.411893742885272,-118.33251595480684,-61.79137467773596,19.496002120108844,5.604988217017695,67.17613848715395,118.66178254376781,48.75607453795828,-38.641760144361314,144.9868166890049,2.101992504845301,-112.05230624734246
2032,-152.96784150095414,121.76629085576607,2.5899580951753887,-150.8431323177648,84.49849387820892,-12.143003862719604,-27.238749544926375,-113.1979816672996,-67.46755086743788,25.3773969806085,2.8084150785458184,108.53763901173402,156.2808132656413,20.621908783444674,-35.12496222079583,127.16132075757197,-259.0886037139953,-65.57629519531974
2033,-109.72712941726716,106.49684383762298,24.289450118749034,-127.61825085367684,84.59894043686567,-8.031817976298086,-2.5639708549570326,-93.89649404513135,116.41730368175675,23.07171312147679,22.75291033897284,112.42938225833532,49.24501122780071,47.33971853898184,3.531331508517259,144.87995890541671,-13.199864725729018,-71.50760191625012
2034,-137.33878722979668,8.717893205580628,10.380586304698019,-161.23598160435023,87.30591336115894,2.8398625836412563,-18.19373044205815,-98.33797394801461,-55.84781337858177,19.30285578851644,4.085547725223032,52.73465144401388,96.85631400892721,37.60991665538669,-42.893100228998556,173.34113566646994,19.816317655485825,-93.22288626849168
2035,-35.66168313960128,78.89288650161694,21.94485141734383,56.032219505980315,62.4178179404756,4.3776335713062835,-6.733972783070709,-72.61557799638126,-25.815917184355065,21.324658378800944,12.593870616683745,61.22752568288656,92.30245128543206,-5.054882644909715,-9.625139961416203,86.56934864425897,-27.253945467070974,-53.25253003841432
2036,-193.30578107460343,33.01391477167203,48.10231220817786,-156.078497673504,133.3793197199523,1.8851970967872669,-0.2180206207999544,-130.4211503899407,-37.20637336099265,14.78737492827927,26.411197495208057,103.32458380983698,176.79113978836554,39.581560733939476,5.517300228923181,117.51727440123815,-125.80709192477171,-125.30865852471702
2037,-133.37329597212985,164.61859214801075,31.799340877647186,-128.26381069265872,87.12281874516123,56.535715367811775,-1.909262487254583,-111.33708558221684,-13.652347370577337,25.36990443201749,19.065690446331878,116.21431140599731,190.14057618559065,57.33523765043285,-2.7890101625880463,123.27069863130978,-33.23873120724592,-169.34090863789572
2038,-214.10469418815958,45.249414999338846,45.062176410490586,-172.96016819306226,99.30166019181135,-5.548666361510028,-7.259272811632285,-148.2359488978726,-57.46251712305592,12.441221403992703,22.047042168827446,108.7538904233048,190.81676454354445,28.86030361382116,-10.010782450279999,129.5098671193547,-114.55345638639491,-121.57670873838433
2039,-212.9808956060223,52.62700879394062,45.0186526148578,-175.07410002317746,106.52098539816042,1.5151426712183174,-5.8917619330724555,-145.3456604750654,-52.293454879910655,18.06329537659769,25.345330058475664,117.60651806665444,187.81535858324878,39.56683218640141,-2.3597477302938943,131.95047930663003,-169.89069401951184,-130.78851282664903
2040,-149.05108606074558,113.37569293989148,23.43027473144522,-142.65903638052944,94.97970537103379,-10.899356711443444,-9.04271500998601,-95.07008904332324,-47.31258727980554,34.06287078604768,24.621614940787257,309.1096652765329,132.62433033440368,34.205804315814376,-39.54704268196486,125.05265040786091,-90.84049653899956,-101.5880539861735
2041,-147.94711702251774,119.13106939586395,29.50952369108484,-139.99302574772497,96.01415842415382,1.9546677986082874,-4.352018258185389,-96.73702262560002,-37.27255956048048,32.851116838282,27.636039758593416,303.51383813826374,140.92499080794394,41.217434020815745,-32.351393164241074,124.9141284605586,-52.94349527825355,-121.41293948549612
2042,-141.65726406568967,112.09131516474297,23.114671144939727,-133.3176038603935,89.18831828762995,-17.474552660238302,-6.206580282826197,-89.29729582869939,-46.40057061623322,30.32102306238698,25.96755201756166,313.124664116104,137.00011254196318,32.16463279369836,-20.782360323904413,113.31175063967095,-38.35870857999345,-85.822733686758
2043,-113.01812899158847,102.1292045601885,27.37766088213212,-130.59295821411882,90.72244811364739,-8.421695308697782,-0.510339469545684,-92.02649254860381,119.026175313246,25.281680900659644,25.905866264402903,147.92009657747596,87.89612948842573,50.5266064557078,-1.5774454720915212,148.39719142981025,-19.047633458385658,-79.79024652327475
2044,-153.72969177576874,121.86940948423367,2.6285815566519464,-151.0742538647118,84.63820989350026,-12.205403139577829,-27.320607687729233,-113.21308212587259,-70.70176837263078,25.581050374697515,2.890294790772493,112.58577655183286,156.99209035392417,20.35309378724489,-35.87146870596787,126.68556891775827,-259.75532545258403,-66.17144292099108
2045,-114.25989539289137,145.61311196791544,0.004150868448739287,-106.8204088282006,60.37969048009642,-41.25485319893787,-12.953923203377066,-83.22423549451042,-65.00170560638165,11.303766915012318,11.68127615421456,172.08181451356677,183.71009773126616,14.984609344667629,24.916683827875282,75.9091033584764,15.439223818799238,4.142713696638989
2046,-140.31489515250237,166.09745703350404,13.876548524477224,-130.64207901328672,63.68327717571153,-9.851115877461654,-17.229850466666818,-106.11581632373485,-61.013364035754876,19.35453617450144,9.977949646152362,101.62725929582435,-90.30869664467484,16.815517902362338,-12.91456283606148,105.0066328203077,-25.759583354407354,-61.470112385384205
2047,35.118831411700036,76.525704582222,24.810455018181027,-61.70144970729021,70.11463618318514,14.917849498376356,-11.575591743422393,-33.76616027283148,-16.864371548127036,23.97235185493779,45.84318096406072,59.90602842182886,113.4379595582271,18.418936825814427,0.5282227222677117,51.02912606266454,14.841749437015892,-67.21107204826457
2048,-143.09851485329276,106.47536980188741,28.669804852899194,-139.44561525897285,96.23206577574332,-11.552886650436996,-3.725556805906319,-92.22330382838818,-10.496710274881648,33.19314750243276,29.163381215878815,310.2474743232424,121.76755883216757,39.684555330988225,-30.713462212844693,128.77570935023297,-44.985977718755684,-102.22892541514479
2049,-114.22836076519945,59.86674600525747,12.949498239208763,-97.69157101702154,54.1552391708437,-11.347572422935333,-2.565154874948342,121.61763105634145,-35.30663053468575,12.779305525994616,-6.588296723587291,92.12044458468363,89.93940226042369,24.33732898243841,-16.875735938415428,109.46708732541792,-22.58805439028444,-65.68416128292529
2050,-215.1878562043181,45.47224149085465,50.96969244503295,-175.18147496071492,109.75099249599307,2.4155185604582563,-1.4440766414947166,-143.5776410122124,-47.18220296605331,19.19036130511742,30.372158835005475,153.24204687451322,183.8435600533611,43.32366586331944,-1.7019669143240859,132.29117481750617,-130.28894409262847,-140.8068584804634
2051,-113.01812899158847,102.1292045601885,27.37766088213212,-130.59295821411882,90.72244811364739,-8.421695308697782,-0.510339469545684,-92.02649254860381,119.026175313246,25.281680900659644,25.905866264402903,147.92009657747596,87.89612948842573,50.5266064557078,-1.5774454720915212,148.39719142981025,-19.047633458385658,-79.79024652327475
2052,-182.13184224200313,271.4610510396156,33.67283751512527,-157.57054402651715,87.77646688051179,-15.903896471296735,-10.831821562526505,-87.3899212077445,-61.37395899811802,11.450437068111682,9.562665371529246,52.06617521110251,99.48713788391126,20.96670854304858,-45.31743797909323,124.03298774743016,-73.91751507998491,-90.4638317244846
2054,-130.7533867650707,124.07298646990911,17.823746266635112,-137.8796261460797,79.24657470720939,3.494901217812963,-18.768377918807218,62.2920363376766,-52.02957014017561,27.560022831299772,15.750507157490224,91.76034289113164,130.52707211764928,26.51830323363311,-27.618894190773695,92.57555374104604,-80.77877117182726,-67.72119690927335
2056,-65.88056431988358,26.694395818741537,1.3573559543345561,-69.72021765781092,31.071232851855942,-14.529783694277963,-17.250323696662488,-45.61264060120553,-37.94601655108666,4.518917442821124,-3.214767254115578,44.92178169753496,63.63788449179854,275.5658590237176,-30.945801281920804,54.13178802965186,-6.574029393014603,-27.718779995415428
2057,-96.67728718087936,65.37856991754141,12.861126862998757,23.260014400274564,45.09858313824956,-8.490201992188016,-11.133096438011016,-57.175582157335676,-30.70111985408324,12.100474398604419,1.683876047048792,64.67854714522993,74.64823587351086,3.341465756502047,-3.6553365550026506,222.08509252293453,-31.039830866437,-44.36845907875062
2058,-132.4576442779503,123.66246609703678,-4.855008040171389,-132.95539834399952,73.82130776424795,-15.262633979448973,-27.94651704007102,-66.30064084109148,-67.9991538191864,24.374767853790757,-4.445288600142768,104.3067077261465,137.87095001044423,16.238831916066648,-39.043197414083274,122.76462619137511,-238.05489895042393,-51.81788277204344
2059,-111.64439001633684,99.97628243662562,27.001589198281362,-129.2492462779803,90.15141224205486,-5.57210945833914,-0.5789005494737476,-90.66160042100093,119.18817731489031,24.84106080852179,25.3824248934421,147.97356016625685,90.30677106107198,49.895969536467376,-2.168338229120862,147.30840725104804,-18.860184766336715,-78.93099209595866
2060,-164.30959806305228,93.12786423028952,33.66022451557659,-149.45180631986474,100.68229872649546,-8.604653425625957,-4.004419874984499,-103.0409293261001,-43.65116884201858,32.20772527411906,29.966219792668188,310.1811687673032,138.66581135843614,38.703458207947605,-32.02769633502575,126.78030558357206,-67.36156829795227,-116.49028937979868
2061,-215.04603377348604,47.0934247274961,50.69426749570782,-174.7879569836073,108.76434853403488,1.416737581596082,-1.769170046390895,-143.79233230539887,-47.879377376079965,18.77755606565087,30.0308344869425,153.62378220012428,184.966334793938,41.83868285572511,-2.4709546099463084,131.51431011757376,-130.00845810106895,-139.03915663765775
2062,59.60734692842239,80.0872708228242,21.960083723828696,-94.53853288291585,68.36055436228881,9.656818681194611,-12.615935074489354,-44.9233929920487,-23.238757385879158,21.326146333597926,38.267896093856656,66.04078642932951,111.90418485523887,24.438722398853606,-3.9642622045709315,63.104605887789525,6.061972568645829,-68.55473675454411
2063,-67.16818973292014,49.127144803283905,12.911301478680235,-57.38305859102779,41.66075016786162,-4.5633278717141,-5.602572098950775,-40.602258816842586,-22.272678471405523,231.65837905106065,3.6112164957614694,73.04479005930752,38.75280550543932,-3.6377615694983114,-3.1451345039237055,56.51120919164082,-35.86469460384366,-51.6910971292048
2064,-198.05255687628335,36.267904522784725,81.34992122037455,-158.9931300796321,99.47192246136738,4.948825110472541,0.05960898531269575,-133.96149993711418,-42.14478625732734,17.27543020651633,31.90390967608915,98.14291596299563,173.67924897231904,38.68189152593235,5.8766869853524435,119.42827747419574,-127.06173773820393,-126.62718935448471
2065,-119.50215861733477,152.48900811075518,24.76990284032721,-116.57547191427324,74.73971275715658,49.57643379649818,-5.790979663441794,-103.61810080182545,-17.639794490076046,16.16331916313239,12.003135000894,69.0139377686547,180.0626302528918,52.993220942868334,-3.119492081474979,111.36777862913281,-24.101502090154607,-202.55850102596958
2066,-31.938254856368523,24.113504309831704,-5.514445874839468,-37.67441079650573,9.683230439125133,-16.094385805534113,-13.101887025344908,-22.822991653359704,-24.942213103333014,1.1482865858283453,-9.159958566822166,28.069831355625197,37.67103148665779,-9.209370992362812,262.30291632031793,21.697523896534477,4.921293582511427,1.6411447280851788
2067,-34.62914681229274,78.86350297472782,22.09722148701435,53.00099760661442,62.36916033322778,4.436603042286869,-3.0786549831366594,-72.18642906375287,-25.67749912588799,21.41085554245162,12.785871376060696,60.87134323840471,92.46403223670029,-5.641255198805996,-9.352957453150596,87.25231991035345,-27.034154638766704,-52.82457916914783
2068,-186.50027729258665,284.34145645315607,34.0850229518938,-163.67976394018905,89.89578010235536,-14.618585180321533,-12.85353912102929,-126.76263052421118,-65.57584638555487,13.175008579283304,13.416770917228824,55.32559345211452,69.27277400428788,20.122011353025705,-43.3924594064175,122.19540604912525,-75.16773311421021,-90.15083551264053
2069,-49.167337454554776,54.808909018791674,14.850843929308352,-99.40607381212664,34.12610955169959,7.657567134768437,-5.6824131465311085,-2.778430452725127,-14.230701966089876,14.62540492060032,20.7672415004008,32.628051661983804,66.5158479930776,11.36841694487472,-18.66137914303773,259.5063975972483,-18.09002611811259,-36.35191455156265
2070,-185.5651183458008,292.47147170773206,37.56820183038413,-163.81197420880565,94.4188320242181,-1.7201305165382528,-10.140975401922761,-127.6246150504541,-56.918074824626814,13.2346669151353,14.746993655091392,51.97564695961077,123.90059344127626,27.689809722058925,-42.628353267216994,125.87324689297718,-76.18229216173668,-110.69838509092813
2071,-169.12023241463288,6.879177648621994,17.98516440550082,-175.6723821214636,101.8404292492636,2.4965850712680737,-17.12513832916808,-119.34350856499206,-58.722615863063176,19.860092483949263,6.097521369670079,68.26561606904006,119.1787920092628,44.286371761768415,-38.07832641574372,146.96313330832982,2.0888113180016594,-113.1129438298677
2072,-212.9808956060223,52.62700879394062,45.0186526148578,-175.07410002317746,106.52098539816042,1.5151426712183174,-5.8917619330724555,-145.3456604750654,-52.293454879910655,18.06329537659769,25.345330058475664,117.60651806665444,187.81535858324878,39.56683218640141,-2.3597477302938943,131.95047930663003,-169.89069401951184,-130.78851282664903
2073,-156.34123818541573,23.101505881176973,7.859006800662332,-170.54678384481548,96.73616873262733,-0.7204463586370818,-22.500199329797887,-112.33888222841966,-66.64718759453697,21.617750528338195,0.5757907410293923,67.13509018311376,113.3136957575876,39.32962735716381,-46.44461990931671,145.3089256021465,-22.61725267372203,-98.16173830664117
2075,-175.27027859803235,268.6379603523222,30.289439275193484,-154.66257578150112,84.45085487163031,-22.092191192054646,-14.320550346727607,-115.97598083395148,-66.35299938824586,10.58360036374589,9.951840094976683,52.102122932250595,100.56750046108473,13.650655671739408,-49.652515940185374,114.295728629763,-71.38888893811172,-132.72959265170027
2076,-207.14922765709144,55.47660358831998,45.37797024985354,-167.16138783023985,101.92496610247318,-2.368053910762922,-2.8158892307517966,-141.6456541259636,-50.68214309198261,14.363856694998177,26.961293062550695,118.010363159308,196.76566725469468,39.19394722955171,12.075462511283336,122.05762623050472,-117.49894082954529,-119.18365076117047
2077,-150.4493466227675,83.08134899634999,-3.861865119325165,-154.4707653610774,49.88622767326805,-48.598982378410554,-36.96522880158436,-123.08970535605619,-100.11270524802623,-0.28075938234838815,-16.210755853703045,78.5493933621348,162.0283619345864,-30.745685552414557,-84.95093621207224,109.30606928397815,46.595991670107466,-16.388537685543344
2078,-125.57447563508946,130.03331909825758,12.109007407219769,-123.64219112959307,62.971991373933875,-8.795000906628387,-14.96554716889961,-102.8116301503959,-24.546381554800874,21.39576986644697,12.014961381683985,116.61837577721981,-94.08665306588605,22.423172394430857,-3.623252428992057,110.2177407600085,-13.878651013027246,-58.501757134105006
2079,-90.55251584563918,82.5452421101199,-2.7842032297101267,-88.60313534877228,37.689563590491616,-44.797248167824996,-24.0017997976382,-60.711332573144965,-64.68742573154069,4.625174652238933,-7.344499243611844,65.57681563341205,73.09501923659771,-14.408490831919474,-39.949338926128036,66.83450504365966,-14.538311168425166,-279.23743037611706
2080,-198.05255687628335,36.267904522784725,81.34992122037455,-158.9931300796321,99.47192246136738,4.948825110472541,0.05960898531269575,-133.96149993711418,-42.14478625732734,17.27543020651633,31.90390967608915,98.14291596299563,173.67924897231904,38.68189152593235,5.8766869853524435,119.42827747419574,-127.06173773820393,-126.62718935448471
2082,-184.80582659555247,293.1781850637757,36.97227281282418,-163.08924633573002,93.65941933279576,-2.312031080348526,-10.310048291214736,-127.42518593137709,-57.362134830759054,12.754445777883008,14.378991681341427,48.43411039929674,125.02637055807973,27.246259787916564,-41.33646871435419,124.89103479212635,-74.80201479715042,-108.41086111071989
2083,-162.51464873602728,93.73572912243966,37.04814875774362,-147.34279977323027,99.66258892973299,-8.54732602581851,-3.564383751158231,-101.75859240100884,-42.756352310805845,32.25303386947137,30.611418369170465,309.44514867431025,137.95835462130674,38.17815870919368,-31.137020600674738,125.1314342522008,-67.92024095239204,-115.22417531190376
2084,-214.7084654089002,47.71560755927436,50.945668867780384,-174.3111213625322,109.04411609008642,2.2335558309962678,-1.402817567826413,-143.45240508489417,-47.098492601442956,19.192645643858388,30.507275678658242,154.15307121643065,179.93216977122367,42.86111621493359,-0.9956079548165117,131.49818598154295,-131.04294013116842,-139.94334418267232
2085,-213.3347264336486,45.5626854357115,50.56959718392962,-172.9674094263937,108.47308021849389,5.083141681354909,-1.4713786477544766,-142.0875129572913,-46.93649059979866,18.752025551720536,29.98383430769744,154.20653480521156,182.3428113438699,42.230479295693165,-1.5865007118458532,130.40940180278076,-130.85549143911948,-139.08408975535625
2086,81.43243300804576,101.84159463506226,4.125843099973578,-141.65152086888403,57.465811336710296,-24.294292797949314,-14.141826925442292,-134.11282828866922,-62.901653145296876,9.250943775012265,-27.547337100074248,98.95726419658911,95.18899923226044,26.971501888284205,-37.83750201775562,137.9720230514628,-112.74215503979073,-61.59752993250299
2087,-109.72712941726716,106.49684383762298,24.289450118749034,-127.61825085367684,84.59894043686567,-8.031817976298086,-2.5639708549570326,-93.89649404513135,116.41730368175675,23.07171312147679,22.75291033897284,112.42938225833532,49.24501122780071,47.33971853898184,3.531331508517259,144.87995890541671,-13.199864725729018,-71.50760191625012
2088,-163.43658213675508,95.5926504017046,33.38340645002886,-148.18924788865553,99.89639937103112,-9.421836422498187,-3.904052425562465,-102.50848633564625,-43.72164385781943,31.975340451072498,30.083663098729886,311.49406925103335,140.1747668887272,38.151457282833384,-30.59709470938969,125.39590826057952,-67.38503905331224,-114.25954494702431
2090,-126.69636958829149,92.64616614315551,58.25986555510633,-119.468474063818,80.63070256205054,-11.787292136030429,-6.925255846349952,-74.06521089534516,-38.203353296345334,27.063038235773423,15.394241364189925,296.4106245253575,105.58491991271607,29.949727942511156,-36.677300546208244,105.85663348968305,-40.687816800900514,-89.17836512919422
2091,-127.84606638670297,113.4201523832747,21.481636758320413,-130.32779740366297,75.19728837318468,3.537211827744605,-14.147580404114986,96.61147678174865,-45.59434730251614,24.705870220455274,14.69675404808489,88.73231544103255,120.02856169688296,27.88481968644535,-23.48178102076209,91.14567819213511,-38.14961917136015,-70.9363200213302
2092,-125.242488766395,131.21247481991486,12.157464435627656,-123.38921328800774,62.76657855867926,-7.4342853066848855,-14.916071203950938,-103.20694832629408,-23.979306609739183,21.123640314644906,11.79867006691719,111.94762062111073,-92.80549544607491,22.837404093058616,-2.903385604785942,110.20849840365702,-13.487673275860287,-59.69700966946047
2093,-192.18339145720455,30.937037207483396,45.08619436149295,-155.31765116025414,93.95856051475785,3.166194836702773,34.164005665765366,-130.96006297567044,-41.586676223356406,13.02421390391642,29.173550056601993,98.80522208949964,164.8630021713051,36.91612383466894,4.324525770643055,113.15206321639181,-122.55896339896624,-123.74543205657665
2094,-124.93572781795214,129.0629034277984,11.80224145702825,-122.7981225737838,62.17038101849509,-8.856993872520727,-14.962337693506742,-99.16270114761726,-24.3959075645162,20.96977252748902,11.315270082176863,112.35101471647259,-94.8173841322489,22.200503840898982,-3.2290582646469974,110.06355285048447,-13.32617077582574,-57.765583717338615
2095,-131.55864870504521,170.58218158319283,25.61245653553702,-129.18704313201548,83.93291735430581,59.6628762104524,-6.616263519040092,-113.92348430163574,-19.299988096198064,20.489773938091574,13.785042271654257,74.46971508827662,194.64711812225943,54.136087623719924,-3.752859202190799,123.74782279649585,-71.36817798476072,-158.78062135576437
2096,-147.8046098113645,16.197386806757812,12.59098005673219,-165.48563606254032,97.06438605580996,3.196041120429649,-17.32524319728856,-107.91631233276271,-28.859772409395035,20.595380861795913,4.385349391925986,67.17720956800214,99.59893391800729,44.56591923706906,-38.96445127466579,148.38759476558587,24.658351687424712,-99.89792375111846
2097,-130.45844944845933,170.50744271539892,28.604851151494632,-126.29431457481424,81.17438442341047,56.94639745482422,-4.101221604863528,-114.40232531011756,-13.705606819611383,19.444251841735262,15.950450499740093,77.25036391772453,148.15546954421686,54.879368656580475,2.9458549453929455,121.1060009369716,-26.32034305822984,-160.43246724191843
2098,-99.32676278599696,107.73306810430927,10.536149454719304,-102.90523087001341,59.21208018553758,-3.7784852783404337,-8.981716029758212,-80.3082490536945,-38.72377475600492,195.05431965731478,12.126135768255057,57.975233799107535,132.72950548207115,33.730825903773244,-19.031944603313004,92.05873366262058,-17.432449073784216,-20.126056222036794
2099,-128.00663672243954,168.2040439639206,31.83721855207511,-127.99669493324502,86.68252413556847,56.99994775733329,-1.2078990633160736,-112.81059565753998,17.897217005243792,19.671812246633348,18.448011981106262,75.1395093228254,184.36635199882082,60.56184094517142,3.7808622467612283,129.31510898158083,-27.358540166277567,-164.04463482483217
2100,-151.20863837301584,82.37463564030634,-3.2659361017652127,-155.19349323415304,50.64564036469038,-48.007081814600284,-36.796155912292384,-123.2891344751332,-99.668645241894,0.19946175490390175,-15.842753879953078,82.09092992244882,160.9025848177829,-30.30213561827219,-86.24282076493505,110.28828138482898,45.215714305521225,-18.676061665751572
2101,-113.49751978700638,99.8858384917688,27.401684459384676,-131.46331181230153,91.42932451955404,-8.239732579235792,-0.5515985432139876,-92.15172847592204,118.94246494863566,25.279396561918674,25.770749420750136,147.0090722355585,91.80751977056318,50.98915610409365,-2.2838044315990946,149.19018026577345,-18.293637419845723,-80.65376082106584
2102,-142.5922032860926,105.2644245390858,-6.353227709254675,-143.1077394801946,42.81313347408886,-55.953629350260606,-36.06192175678606,-118.29771844197161,-100.74698039023397,-2.3722227897674246,-15.153766099147777,90.3654977157061,175.60896170720582,-35.71369387844254,-72.07552158134762,96.84649337704528,46.384754871867614,3.688162209425898
2103,-174.510986847784,269.3446737083658,29.693510257633534,-153.9398479084255,83.69144218020797,-22.68409175586492,-14.489623236019582,-115.77655171487447,-66.79705939437811,10.1033792264936,9.583838121226718,48.560586371936566,101.69327757788821,13.207105737597043,-48.36063138732257,113.31351652891217,-70.00861157352546,-130.44206867149205
2104,-145.15534830273526,112.6755857224704,24.125415007861598,-135.8955215867837,91.02122905009323,-17.228480193659593,-6.001785656725451,-91.59286413457794,-46.923701235101746,30.58225710882726,26.68030905045431,314.9315426340849,140.14176748360043,33.119961153093456,-25.79342285328233,115.3160537752869,-40.803883218233885,-88.20060107750068
2105,-79.3236067409291,59.08834260895121,-4.430351603815204,-80.8311680968007,35.4645712504407,-32.39424679999085,-22.473455061038816,-57.85022788549622,-55.989011441204696,5.646575578251896,-6.971068348435738,71.11592022088493,89.08432200270704,-8.34546296494173,-30.10733097704016,65.5760582549365,-4.22751475650093,-290.0515925970465
2106,-103.69734603001221,103.76293691369874,25.034806997853494,-140.93089390335243,89.59722325080254,-14.723414280059993,-5.766275780443717,-99.48912021326137,-45.75798584544448,30.220941880911706,19.175295274779913,307.43234308795314,119.24567748004338,35.06315641267125,-39.11870820993906,126.38788058155433,-56.15065368345143,-105.98566279433268
2107,-80.88994677097844,83.59226152517046,13.362842701776264,-79.77409435292489,40.46508262981325,179.7473472938498,-6.25607615948697,-63.56256412395256,-35.666954226844645,18.28407865770635,13.881478489276214,26.31769462250054,99.43161749872762,13.666224142327172,-0.5393622753718769,71.1010867447209,-22.673026397016166,-17.072795436107793
2108,-184.80582659555247,293.1781850637757,36.97227281282418,-163.08924633573002,93.65941933279576,-2.312031080348526,-10.310048291214736,-127.42518593137709,-57.362134830759054,12.754445777883008,14.378991681341427,48.43411039929674,125.02637055807973,27.246259787916564,-41.33646871435419,124.89103479212635,-74.80201479715042,-108.41086111071989
2109,-33.55246472317232,75.75833167667606,22.083171028279278,29.19829732321744,63.24855562605609,4.149930327807715,-5.379376543519027,-40.59040243401661,-24.689703066655092,21.231321969095056,11.865276519923269,64.75094890873896,94.30977789030815,-1.6424134470838048,-11.441833390721204,72.11513530765623,-24.06196222632943,-56.80413029600992
2110,-91.88298084013643,89.27556789014302,13.740649350600055,-94.46395130483332,56.85441597789136,2.989662618216754,-7.370941037290944,-72.27693278558861,-30.39586772451587,232.52132544529363,11.10691423351624,48.207428671313586,104.75316028244559,30.003299404318888,-25.07018768659966,89.20498863049721,-28.776678683290527,-34.10484820468281
2111,-211.2996704550462,51.476800870719345,48.087465905012614,-173.50492403467655,105.52776226543995,1.7977525040877218,-5.721166147960198,-144.396337421351,-51.77222333902931,17.860767657744262,25.505083355166285,112.0160609296173,186.72472343263183,39.14998367861935,-1.6077890687161371,130.7037931974005,-169.04561855400536,-129.46561921132025
2112,-216.18327553397484,29.512696573781838,47.50315797558554,-180.1862625649432,109.02921517445517,3.6695619122156358,-4.4635734335309865,-147.12247101916722,-51.61522727939375,16.299192923593566,25.17638168882588,105.07941175968256,181.1345506590624,42.92319276544369,-3.8581253376789624,135.53616233899092,-115.97097690160666,-138.47136116331905
2113,-207.45562928012333,46.19912802155018,50.90256878227961,-172.3304289331112,108.32734567903765,2.8142288959785446,-0.3560548747521163,-143.09362255510547,-14.466442923792826,17.401663678432985,30.03880699255039,117.61510851756888,177.11396758402032,45.903364834345375,5.901815010169597,136.64650799350144,-125.02547482668723,-134.91216077118395
2114,-152.4805948265475,81.18324507182047,-2.833199403528804,-155.83673495017428,50.87235770892783,-47.73157751494817,-36.73214733145514,-124.302552267286,-99.75692109499487,-0.1259723443211394,-15.832605403894647,78.16745187512907,162.03202853515603,-30.186630426887895,-85.4846775294175,110.42605311567733,43.64252991065431,-19.28397589326819
2115,-10.155477146027762,81.4775340454632,23.866974501521625,29.26013841964782,66.95980180088509,8.91208321058735,-7.147603381611468,-67.88139111270064,-22.741739314372825,23.678895747239494,21.652580804128856,59.870533151207376,100.46540192134452,-1.8457252070114951,-9.17659719797996,62.17851072027339,-22.087275605267067,-57.14746000089419
2116,-31.78598321875671,76.25892671863144,20.167221543313534,67.62733411377009,60.18008705849588,5.202836996647647,-6.073271290468515,-72.37162477732475,-24.076157698468787,20.710911584267677,12.75927811435155,59.2888289315434,86.80821430040729,0.9479634419028026,-14.428678919064332,54.78392114417294,-25.02750515142577,-52.44510326528301
2117,-169.85398443466428,6.845406698359603,17.429251965640027,-176.0498162494366,101.01998796663875,1.6606872486096311,-17.801530215581124,-119.90631418812845,-63.02759276861412,19.403104324365998,5.352631454022114,67.84105189070583,120.62966542463495,42.641024748946165,-39.73253766931125,146.1127019907254,3.1063236909186775,-111.88361016529952
2118,-142.47847911004374,107.02249735445722,-6.034116757242447,-142.567908922061,42.786646810046825,-56.17891178332256,-35.79248141807206,-117.96470457059478,-100.37339539990259,-2.1243864755616944,-14.668320819336115,95.21993475975026,175.99214012069336,-35.8221448694144,-71.93680450857435,96.44430815490355,44.981006751921385,3.631382661992028
2119,-141.79002381776607,106.41049383486978,-6.315384730423504,-139.42330690228223,41.965374149068914,-56.18282881422671,-35.93178049082176,-117.47897468199795,-100.31970054365624,-2.514947154169336,-15.211186486579413,90.60435844882859,175.18620292649595,-36.411735961716126,-71.30728943334863,97.81198045680081,45.277901463043506,4.673498049109788
2120,-142.14398625458298,112.19934742044167,22.973472096509646,-133.57804489457482,89.54308609239862,-14.611078939353092,-6.362536582536464,-89.42233215888085,-46.96329800607761,30.221519140449686,25.79639076727618,314.9650715680588,137.12839664324855,32.01972038505475,-26.574816959094903,113.69869425185486,-38.39349804991174,-85.813138577443
2121,-140.6014399212976,154.90801525782987,25.54386108196533,-142.73315484587172,82.18818006591123,3.5268458113303844,-15.534776970307352,54.3168235734138,-51.02388164290562,25.164582408034565,18.924089375352686,81.45681954888639,120.04150730098151,27.256763302226876,-28.720270558011414,92.470501806192,-47.895216933520736,-75.26778829912449
2122,-154.3162956400783,141.39258604235377,30.744526871414813,-147.21392270476161,97.24658244753978,-12.579634883086124,-5.729472176623141,-99.56176947743242,-46.732299412938126,31.263942101819104,26.614217773434557,298.9349551680016,123.67577318319279,34.52275127125676,-41.50830831073999,125.44890370478389,-58.84394180943994,-107.33544955421115
2123,-24.843451466794352,21.55358283408003,-1.796974212730598,-37.10828877677419,14.545847811905611,-5.183421595698093,208.67220637926928,-25.995810720127672,-13.872231101787076,2.514644947490031,-6.68313922687118,27.6240574155216,25.531300901112864,3.4833675277078364,-7.238880611117978,25.133048084052078,-3.9399470861285453,-16.9127454237027
2124,-100.41477835523804,115.15901734078503,23.043824642512913,-128.83918218048285,78.50412530174889,8.841958927014415,-15.931084905975938,70.98782031628852,-42.79792719941504,27.36242175853004,25.12415476855859,84.1297512410208,126.34965769677187,27.729895063792263,-20.31087622739871,79.91367573959808,-34.37606181192857,-70.84621418199112
2125,-142.11840100892044,104.10102757532916,28.546527657343603,-138.49410815586083,95.74005285370848,-8.068080532668114,-3.8532262615881123,-91.26561876392091,-10.180522892826138,32.98719657208244,28.657613382509084,309.8990617702106,118.75785459238533,39.14336968847617,-32.02859763600253,128.2783336585001,-45.52905430988669,-102.73690112281196
2126,-180.7251788606064,269.9526924788687,31.741395230510896,-117.39265704679593,84.50237519304805,-14.856857414665724,-11.704234741239047,-116.37994927060174,-60.103705842436796,10.947413858062252,11.530387534057285,45.2734617432062,95.8058249171735,22.83074978737829,-48.18936371953423,104.39406332688417,-73.00604330249726,-90.54365866281474
2127,-214.31228175345464,47.12719567775849,51.25017993556862,-174.4105228556343,109.58478981665972,2.252635404254526,-1.0927781599778486,-143.22952668226247,-43.57440047052902,19.23454422523413,30.775724402590463,154.04834637845855,183.51546137856582,43.48402986854736,-0.8167433563787796,132.36474143517816,-131.02597047398598,-140.26849030222596
2128,-133.32040313066594,90.02043539690624,22.421282892592707,-125.50608729269517,85.73466647021615,17.406475961235355,-7.260630651577765,-80.98749523917944,-40.43933405625287,28.644528510460045,21.530602528471867,311.3227576109878,108.20400428012206,27.861414532788388,-38.95641383520618,110.68027696692353,-43.99474299608829,-92.0772962009845
2129,-108.05692204896913,83.08520639015838,13.304330110196537,-115.53081518210547,67.07107374018115,4.393344690381847,-9.985390523978541,-85.63267895823292,-38.01902459799633,197.37816788778036,10.951702707638088,44.8462289618061,117.63995017916066,39.25083515491545,-33.33796085967369,105.902706892546,-17.19774152018438,-42.433500549780405
2130,-109.51780577504248,107.03651328639444,23.662435040530294,-127.66149641573645,84.2785883934866,-8.099327321915885,-3.035683417986207,-94.10659737855433,115.86881999133789,22.934222897204247,22.20168293333869,108.38038567314504,49.603873239440716,46.974880270387224,3.4516817196429512,144.88610787654326,-17.019664906422726,-70.50008939612528
2131,-158.1534920598307,16.33591560616262,8.183798569476176,-171.57745403447905,90.33811618725619,-7.780338360461282,-23.72841113560801,-115.71490053982372,-71.86994469392862,16.38623723434085,-2.179631481375536,62.89803885068579,117.12103891208072,29.212689876885264,-54.72516970452854,141.50064111297397,32.42309024827274,-89.99204960549424
2132,-146.41703507012178,116.92377107657789,29.417332556188036,-138.2755452094777,95.08308485407572,4.915082698184694,-4.177048040129983,-95.36980510863276,-36.851948494138334,32.30243499495194,27.313497357107867,303.6728856101082,138.68220167332515,40.59753671275595,-32.2949942456618,123.42839169684835,-48.2864943241046,-120.64090373307991
2134,-212.9808956060223,52.62700879394062,45.0186526148578,-175.07410002317746,106.52098539816042,1.5151426712183174,-5.8917619330724555,-145.3456604750654,-52.293454879910655,18.06329537659769,25.345330058475664,117.60651806665444,187.81535858324878,39.56683218640141,-2.3597477302938943,131.95047930663003,-169.89069401951184,-130.78851282664903
2135,-181.26648428459944,279.6487282064833,36.6973969315397,-164.03053715518877,95.07580002385087,-14.703293747391063,-9.817153623380891,-123.52042870574225,-30.246649223314613,13.919428492265801,16.0911096804926,58.201823119713154,103.97624636033646,26.235642697779152,-42.36195665755772,130.72318885462894,-73.42485214751876,-92.79438248066019
2136,-94.72366309364843,71.0804404166699,14.23665699186314,51.986188200846044,50.91191680096234,-8.488720287791889,-11.589203777138245,-64.74531587117542,-36.27276771806012,13.728236177601353,0.3666693373410508,70.21402090248068,80.840663762341,0.6624505436816751,-3.1550170967639675,181.33009362652314,-33.1293642812255,-48.07526279840408
2137,-149.25011664381177,104.16066771324928,-5.912240665593892,-150.87088498943453,47.4039706347169,-50.65949530174571,-38.75486957460679,-123.07344688774751,-101.5059080958698,0.9774885550107086,-16.4904266621195,86.22185646366788,169.45243278643176,-34.919523022552646,-84.89400469042792,106.46569060552577,-8.59295309574507,-9.776646166358598
2138,-154.3074314570695,24.189777821195253,7.387646640949368,-169.6724205818472,96.36973537309855,-0.933551381430963,-22.48234976783227,-111.31036397769385,-63.32469423624322,21.73953123347422,0.48376255274428576,67.01043069033467,111.47297495193165,39.482937161979294,-46.45625665966221,145.64690571111186,-20.377346540266377,-96.95867635345321
2139,3.1914226829587773,84.13251395439471,21.286070597762684,20.188828532688262,64.11817715681191,1.840166966213325,-6.2937091458128345,-85.8099986856796,-29.6257623546951,20.72567190897014,8.011820182571741,70.07851607622173,94.32820385224365,-0.5733809817499393,-15.748058586377358,77.48755863126021,-34.83196266918161,-56.953104197024736
2140,-163.98655024477873,95.4256064944324,33.35232038937007,-148.95522132379077,100.33546001907438,-8.897445204305711,-4.206692099299664,-102.91801878814624,-43.826067542106074,32.31807136405225,29.9004376668457,310.98660922615704,139.40785178356373,38.23016894838113,-31.9686290511268,126.3842693325569,-72.58511659859221,-115.53955640710771
2141,-207.45562928012333,46.19912802155018,50.90256878227961,-172.3304289331112,108.32734567903765,2.8142288959785446,-0.3560548747521163,-143.09362255510547,-14.466442923792826,17.401663678432985,30.03880699255039,117.61510851756888,177.11396758402032,45.903364834345375,5.901815010169597,136.64650799350144,-125.02547482668723,-134.91216077118395
2142,18.593228143849508,83.81572454428179,24.864027884026765,-90.91962958071846,72.6914861063066,15.283559423127413,-13.353415821586173,-9.3522736543456,-20.710966995831168,24.9344042725762,47.000001421194064,64.18499440912726,118.82614927355527,23.824205011490548,-1.6250652443516773,53.72900065339416,12.275292139958072,-69.77431259513286
2143,-85.16299558651725,88.31668518130667,19.80670316145465,-84.4715946678278,46.00508139149034,199.2735089313876,-4.0705876170804896,-69.51003707370445,-25.55560471490538,20.364994512208586,15.398585079107903,15.025508664549957,100.98542252880422,22.244040470028374,-6.259539561938775,80.8307841897144,-32.566022671209026,-51.900560591744714
2144,-140.32835872352933,153.4523063343224,25.580229661038594,-142.21960933011158,82.06695945233707,3.421533141838078,-15.303386229868778,58.17353052025105,-50.58353302689992,24.984137044541377,18.57472651200446,81.13287119026587,123.60534493024365,27.388193406108993,-28.893718280400666,92.70711751048948,-47.99248877772553,-75.45190872758306
2145,-120.86553114716916,136.419925659268,29.207128023613016,-135.69592005879602,91.01970216684907,-9.213476544450618,-1.534292145853289,-98.03825375620062,115.27725014805402,21.576444846640555,23.568139998734562,100.74607172683399,88.85759111304522,48.1022125996515,-4.216409337195874,148.9810485243408,-25.109104952627312,-78.36612698556115
2146,-214.0338577301889,46.568131874969936,44.74751536611169,-175.3820423397654,99.36352016136694,-6.13664989441615,-7.289046628174554,-148.5222496673924,-57.96027198543452,12.351560945348053,22.221905862320778,109.82793017391243,192.74847885454537,29.00634477198052,-9.348412972642919,127.15998271660663,-113.47007373293079,-120.33130014529387
2147,79.8629794857093,101.1138921510464,10.111890445146152,-141.05306741272943,60.404300857397196,-23.969549794638723,-9.613923270123118,-131.62033107745208,-57.73242036709859,10.556201314014375,-22.314016989973933,138.25896434053493,90.13762469138669,30.226530131499054,-38.00627956236708,137.79206695741976,-73.51214077927027,-70.83029956794078
2148,-22.92320722085734,74.63524263260537,22.253725383145124,31.231034004524147,58.79940291695458,7.526424023922327,-5.285214910979164,-66.54278038381915,-20.810579335898474,21.409094865585285,16.506891691210534,52.87798934991444,88.8808101714601,-4.663606817738694,-11.859981545764263,104.52608175718785,-24.065384376210474,-50.39307546731699
2149,-86.14055090632333,89.88119542335367,20.48728591309364,-85.91470809706843,47.11679098965615,196.44300265428723,-3.691987129303861,-70.65205079867573,-22.193514585635743,20.847513185722185,16.19047517400093,14.867320237796932,102.15807256350014,23.497591042882572,-5.489782206471701,82.78612382211179,-32.736501706075515,-53.08496113861443
2150,-121.866866269995,160.74292499037313,29.556765009112436,-118.34714854084673,77.54298447340877,94.73058582479665,-2.0490479018914107,-106.96826360204177,-12.225869317879646,19.235715756670935,16.78463014420577,59.461616529665015,185.39885487664904,54.03729105183276,3.021905082485226,115.03655163309531,-28.960213915716167,-154.19496081136407
2151,-97.55286163174283,63.723615730637576,12.580639372463086,22.48906229519396,45.26478581758293,-8.327318835984284,-11.484394919527883,-57.52369648728551,-34.308922349607535,12.056291478487704,1.2803104794638045,63.8722476412846,74.97633454830613,3.1811017512741238,-4.540560112947958,222.01152590526254,-30.30280448507952,-44.90682725698808
2152,105.54732785131814,92.96663106513202,9.004643730655907,-107.16876526190835,54.663640286231605,-20.24953742241551,-9.808383912871818,-127.06326550956142,-53.732802820389914,8.758677838168186,-24.0457769063031,90.13442898393937,85.10917159903768,22.949673048608577,-32.42299092565075,126.48322586567217,-67.2754682261412,-61.2700269625424
2153,-124.93288804195296,109.52585858059815,21.244440384554764,-126.60480072079304,74.70197680956089,3.9297997965331954,-14.040285307877674,97.52240403238088,-44.875351203835855,24.90029889982601,14.728373883007883,89.00382050489789,119.84247989786336,27.430144515775872,-22.806886819315665,90.12502652140486,-37.16466704860063,-70.25807765350656
2154,-93.08093303657012,90.31392958241365,24.750707936519316,-119.50052876848163,78.49485877689158,-5.240702911831645,-0.29639287593527763,-80.23642422850303,125.14448994429793,21.25893134001706,24.27218784286325,92.48304691554873,79.28658106332614,45.403364093075695,2.0772425323668333,178.3809898808398,-12.918306520572276,-66.26987448962562
2155,7.513304938191442,116.02236591198286,27.400621593485013,-96.52973228939169,75.33573704237169,11.371704591956094,-12.669670479086403,-46.23538844646561,-23.8896904056256,22.253412276610756,45.98948827907817,56.618100152511204,115.51011610866583,22.455832664024584,-6.14715145293217,60.388484356831654,4.883528153695148,-73.81698543714995
2156,-115.48424134436324,62.603955874761084,7.7746382432916725,-99.8807513850609,53.895929772584964,-15.036897692866898,-8.919210765159844,88.8813353202513,-39.77848819572521,12.647359304202189,-10.290772838847515,94.935878789967,93.59680140379722,22.169369947818296,-20.197919807321327,120.17502954154206,-62.95924398528157,-62.244275563322674
2157,-188.67566339052067,281.2195839399306,36.45661646808652,-166.38499818671852,96.15260813338521,-15.394795861591104,-11.107447614438655,-123.88153662489522,-63.137307965662586,15.818472208883414,16.3586793971252,94.63420193551134,111.4478792548048,23.18265446718674,-49.90667129815244,125.9718194276185,-83.91186971409996,-97.73834721724867
2158,-142.42755193950205,94.54204195418995,-3.4834353310134523,-117.62643958195378,41.408634423068634,-50.89097701807161,-35.66381614194133,-114.90226775631959,-95.83990678224889,-1.708003026367497,-16.784959728019388,80.93800069335973,157.8007741274877,-37.726106385150366,-77.26861473208234,118.96094008153364,35.52745758186641,-6.535179288704427
2159,-36.13219323024335,80.38485861022907,21.784118047993406,51.21085615456599,63.17430334241682,4.195432268796914,-7.135683530070109,-73.47787520731609,-26.650554469184648,21.63429939134367,12.511014470841976,62.053692019561296,94.08441736185038,-5.447014989304446,-9.866810473573976,88.61595891007902,-31.695316464902636,-53.40507495488863
2160,17.10805708558743,83.28011425190488,24.48630928770249,-89.38726459377088,72.1482737934764,15.08050956444568,-13.405499339717931,-8.989053112300438,-20.739929521009437,24.687923159338578,46.768815796661414,64.15007017867373,117.9224377148971,24.584023509307166,-1.9308065246776334,52.68988568136,12.45308277562004,-69.52693886465121
2161,-115.94073082537476,60.84843219198727,13.26340987840656,-99.43846690701038,55.2807342234118,-11.521233850807489,-6.150470858852618,120.53628824620122,-35.73120218756354,13.14023959915921,-6.311926223171861,97.3517899510305,91.20092537393377,24.896407460534576,-17.309939169964498,110.82457735401692,-23.42941603572666,-67.27216958879093
2162,-140.32835872352933,153.4523063343224,25.580229661038594,-142.21960933011158,82.06695945233707,3.421533141838078,-15.303386229868778,58.17353052025105,-50.58353302689992,24.984137044541377,18.57472651200446,81.13287119026587,123.60534493024365,27.388193406108993,-28.893718280400666,92.70711751048948,-47.99248877772553,-75.45190872758306
2163,-108.43175428740918,152.70040118548394,-0.17063690287408606,-102.23736876706324,57.00769610135894,-27.682313715674365,-12.538847430669348,-85.52937026956852,-58.761617486153334,8.409806442010602,9.21275561185026,125.34839158576779,195.62669808270033,24.143293354681877,32.50555702432789,74.29680966737952,20.570076057184746,-6.388467687012897
2164,-147.3971489144941,119.29811330313615,29.540609751743627,-139.22705231258973,95.57509777611055,1.4302765804158117,-4.04937858444819,-96.32749017310003,-37.168135876193844,32.50838592530226,27.8192651904776,304.02129816314005,141.6919059131074,41.138722355267994,-30.979858822503964,123.9257673885812,-47.7434177329736,-120.13292802541274
2165,-53.048336497509524,40.54715739556036,-0.21712997147234894,-37.25607418555854,191.12719233869743,29.24024446633476,-12.66902758729328,-34.17157386761923,-49.60122055715785,6.429478637048018,-1.395545984873382,60.45531964199762,18.846395056316727,-12.33057563815483,-25.637532806053212,28.29513194476424,-10.079156512548984,-18.14914308918697
2166,-151.20863837301584,82.37463564030634,-3.2659361017652127,-155.19349323415304,50.64564036469038,-48.007081814600284,-36.796155912292384,-123.2891344751332,-99.668645241894,0.19946175490390175,-15.842753879953078,82.09092992244882,160.9025848177829,-30.30213561827219,-86.24282076493505,110.28828138482898,45.215714305521225,-18.676061665751572
2168,-115.94073082537476,60.84843219198727,13.26340987840656,-99.43846690701038,55.2807342234118,-11.521233850807489,-6.150470858852618,120.53628824620122,-35.73120218756354,13.14023959915921,-6.311926223171861,97.3517899510305,91.20092537393377,24.896407460534576,-17.309939169964498,110.82457735401692,-23.42941603572666,-67.27216958879093
2169,96.15144809556003,84.94282091513492,41.08412678370908,-125.52730536327901,50.737100443296335,-20.793101013077294,-7.718743444027966,-122.51856441729512,-52.204500832294684,8.600568829203443,-20.437530076826615,83.54265867812057,80.6940276096907,26.451399496409763,-29.521417513234972,125.44367224790194,-66.09339857778913,-58.44371898046353
2171,-143.1868436897504,93.8353285981463,-2.8875063134534997,-118.3491674550294,42.16804711449096,-50.29907645426134,-35.49474325264936,-115.1016968753966,-95.39584677611666,-1.2277818891152072,-16.416957754269422,84.47953725367375,156.6749970106842,-37.282556451008,-78.56049928494515,119.94315218238447,34.147180217280166,-8.822703268912656
2172,-142.5922032860926,105.2644245390858,-6.353227709254675,-143.1077394801946,42.81313347408886,-55.953629350260606,-36.06192175678606,-118.29771844197161,-100.74698039023397,-2.3722227897674246,-15.153766099147777,90.3654977157061,175.60896170720582,-35.71369387844254,-72.07552158134762,96.84649337704528,46.384754871867614,3.688162209425898
2173,-216.21137378875804,29.649586152511816,48.09769387692289,-180.03994998391724,109.98937247237136,4.443060458015852,-3.869039689920798,-146.5747658546039,-50.544467879035714,16.959834477265847,26.003151316700517,109.55211347811564,180.39495433197305,44.29972478206616,-2.950420569283473,135.9108418167816,-117.65521101311245,-140.29584255355857
2174,114.11116986346002,91.63851528473423,8.926667955450668,-130.23645251358778,55.21377591951385,-19.279215974566853,-10.89041097963335,-116.89566517892425,-52.732302680447226,8.66427234782422,-19.031993158444404,90.76442505749382,88.06181694964421,27.987089688589926,-30.41958917233375,124.85784852899188,-59.84150062992844,-63.649798664296206
2175,-214.86480838604456,47.76998375499753,50.66178831882643,-174.68488996464094,109.40415378857199,2.122726781778503,-1.6463488658098824,-143.45473047425853,-47.35710166614081,19.300707395050605,30.306376709182988,154.04748733336712,184.5856004784887,42.85037660375296,-1.642899630425128,131.89513856649103,-135.51249239326842,-139.85612550777248
2177,-131.39213458220803,125.04340214036829,18.13051221682663,-138.72369470188895,80.04818506264819,3.5568941837053023,-18.771587394200086,58.643107334897955,-52.18004413046028,27.98602017025772,16.45019845699734,96.02770395187888,131.25780318401215,26.740971787164984,-28.01308835511875,92.72974165057006,-81.33125140902875,-68.45737032603974
2178,-144.7413236816197,112.01326617794048,22.98804347701133,-142.87393952072972,94.4261977024121,-12.506266807111238,-9.194463865561579,-95.44326366000688,-48.17833652621381,33.8398278885775,23.78999841892032,309.5624268688673,130.59750037059842,33.65286109878088,-40.233484221113024,125.31733993534044,-91.63022420354167,-99.60473773590141
2179,-169.12023241463288,6.879177648621994,17.98516440550082,-175.6723821214636,101.8404292492636,2.4965850712680737,-17.12513832916808,-119.34350856499206,-58.722615863063176,19.860092483949263,6.097521369670079,68.26561606904006,119.1787920092628,44.286371761768415,-38.07832641574372,146.96313330832982,2.0888113180016594,-113.1129438298677
2181,-184.80582659555247,293.1781850637757,36.97227281282418,-163.08924633573002,93.65941933279576,-2.312031080348526,-10.310048291214736,-127.42518593137709,-57.362134830759054,12.754445777883008,14.378991681341427,48.43411039929674,125.02637055807973,27.246259787916564,-41.33646871435419,124.89103479212635,-74.80201479715042,-108.41086111071989
2182,-152.4805948265475,81.18324507182047,-2.833199403528804,-155.83673495017428,50.87235770892783,-47.73157751494817,-36.73214733145514,-124.302552267286,-99.75692109499487,-0.1259723443211394,-15.832605403894647,78.16745187512907,162.03202853515603,-30.186630426887895,-85.4846775294175,110.42605311567733,43.64252991065431,-19.28397589326819
2183,-35.739277174299396,75.83019423933773,20.279727796158483,70.73386143216382,60.11773488139428,5.445114461467786,-6.110297472591325,-71.11740209614611,-23.72378854087585,20.815523354932285,13.264320283741988,58.891246184396394,86.74794945020398,0.49708386800681353,-13.832589128896563,55.89614627494217,-24.3318605129285,-52.19105159308188
2184,-188.67566339052067,281.2195839399306,36.45661646808652,-166.38499818671852,96.15260813338521,-15.394795861591104,-11.107447614438655,-123.88153662489522,-63.137307965662586,15.818472208883414,16.3586793971252,94.63420193551134,111.4478792548048,23.18265446718674,-49.90667129815244,125.9718194276185,-83.91186971409996,-97.73834721724867
2185,-113.83258207916865,83.45117963383849,24.24841791809357,-133.17718481572507,90.8464318349544,-6.2161077125823505,-3.115860664389776,-94.66312342971675,115.63389489189963,22.658309055459462,20.858876235201883,98.70356252823927,87.5529768549777,51.375623930538644,-2.902743011332757,154.17751956694616,-5.363009629207551,-79.10062950704325
