,F1,F2,F3,F4,F5,F6,F7,F8,F9,F10,F11,F12,F13,F14,F15,F16,F17
1,-428.127110898386,47.73085419077113,77.0716321781535,204.04447812886207,27.159241414908962,49.474110780777345,21.731124529440546,-73.254020021504,280.1824783766056,-140.6841155687909,27.42569139181751,-48.15170048555857,39.19861701426898,19.41061472949354,104.29019024856134,57.50037186688563,-3.802680078963371
2,-552.093883440805,-3.030156545504445,118.49313252193971,374.31532454230575,40.61740955954054,87.71290535545555,42.5568751023835,-71.46702205308094,170.96070191876606,-256.37524493860565,-31.20959195256848,-76.78636311018421,170.73700761785904,54.86774421894018,104.27698919257683,74.29498158226478,12.876558090044341
4,-502.92180382236444,-5.058234752885559,109.1903350302493,353.38548032515916,36.32485146073922,80.53206808044715,33.3997128257208,-63.90424594803774,160.3160057343672,-205.31981219404196,-31.173140492959956,-70.41048501926426,162.26114114476073,49.50926058391297,94.35360582602175,122.40842314142975,20.831701951364177
5,-519.6031317110273,-18.137615061244876,69.85723744924479,172.21007698636572,24.48771959622,53.6640896793866,13.0896866945032,-12.553217658809913,263.1708666198674,-188.56502414107305,-37.65965520236025,-53.51302908932208,58.13808195496523,32.00309372203458,37.06189969990097,32.417730673354555,25.009625866664102
6,-653.1743333940786,-2.019077122113592,103.36278670063342,225.38423611919418,8.905525369142724,63.56912056659284,17.634737612292742,-89.15854616406253,84.97943039066313,-188.18653278553242,-6.940590920541899,-66.94551634940237,76.045291557873,27.36274373255443,95.81585856144471,46.215462496767955,40.44039957643681
7,-504.37124176756447,1.200729487304232,113.44495485292049,358.21324329281794,37.25797940393318,83.04261761891604,36.82039522951535,-65.9418987557891,163.17778780468487,-217.37239034598272,-29.66965840169868,-91.21631935769247,163.71185050966446,50.74138299445807,99.86314758616646,75.34915030321295,24.772018633944686
8,-205.56168699528982,15.318092905038426,66.47716370039926,123.2251182907305,16.769435894183122,36.85256629625423,19.594739836686614,-29.521129324499125,91.68310075740173,-142.79201384490585,-3.8529657557409487,-83.0096783784376,35.4042957892136,14.09664372047473,66.95718127613726,46.819075788568306,31.868113672927624
9,-276.56001151412727,21.89922990655419,218.4850195426908,122.75409576843049,21.445162192386647,37.55078782210235,13.75946692259357,-35.558330858625396,85.75348957425686,-112.62583119529887,11.549292569729545,-37.18229650486262,40.65297148264496,-11.043927658132613,45.1816264120956,32.76150353990286,3.494568916534839
11,-655.6209486113693,-1.284989192193976,104.11591226092972,226.66499591273018,8.880932016416496,64.02685219475245,18.00877470669808,-90.5781612001928,89.5410353325664,-188.67035611113755,-8.459881129015978,-67.9482208170743,77.03715043384506,27.666550519050613,97.02308127615343,47.41326116545981,39.03389227225423
12,-488.1893451403261,9.035276254839552,88.97193770422297,208.41547593511828,34.93972534873283,59.40945449972925,51.05969156160199,-55.050072690459096,120.71297919755882,-337.81303659337533,-14.957578368307496,-39.18963860646285,64.09190182071147,32.18714764960667,81.57613493263216,47.31941277258575,-44.31680984471058
13,-509.0788799688169,75.14615793963294,78.54011321840883,171.89389337789237,29.098792668498728,53.11147943778284,26.241075722567714,-48.66135670568585,73.35966462500416,-170.54439029732623,-23.025111076238424,-66.08276978078912,62.21786512222372,34.844949856640206,76.82599202139825,80.17367338112027,-86.95017209008823
14,-268.4691785369762,83.35831381017469,197.21146330010677,121.31608406184478,19.842279125764072,37.55481849786442,13.593550721701828,-35.8914014048587,90.69974851625383,-110.78223075822379,19.440433996467668,-34.892756911033764,44.088228503956195,2.0394988815139183,44.925084420937864,28.409482439467904,11.293385692338775
15,-519.6031317110273,-18.137615061244876,69.85723744924479,172.21007698636572,24.48771959622,53.6640896793866,13.0896866945032,-12.553217658809913,263.1708666198674,-188.56502414107305,-37.65965520236025,-53.51302908932208,58.13808195496523,32.00309372203458,37.06189969990097,32.417730673354555,25.009625866664102
16,-454.57795462030157,16.335591756007446,81.65434133892799,167.4659028547787,17.259097154342378,49.16771116638209,-21.317629019322734,-30.01611061045475,131.49683670563397,-351.33751021377765,-19.830266729505563,-60.77248177126062,56.17880936248698,15.121417769893123,67.04724168666898,38.99668231328386,44.80476089966445
17,-202.5718471497471,-4.1819032503744165,42.54691722837215,94.06281312634665,13.013184647254889,26.426991278178456,181.18703084078763,-15.364587183501836,52.1452648072767,-130.49947649889592,-3.081990092331971,-20.89657071672943,21.88482943801855,7.528494902800366,30.041773960409646,-9.379386864799239,-9.101241705722973
18,-354.6215727202963,10.333152708319263,62.84648507125464,137.29214919805364,19.756407382573265,46.651573040980196,18.79750356733161,178.00551133024192,106.19169478698254,-128.24542943338213,-7.57982358246676,-41.33210273995039,64.53220965343189,26.212473801508708,31.586334234999136,43.50342880858964,3.700660457570268
19,-491.22454070033143,-2.7128245346615385,106.94178755692933,346.90033920829484,35.805582401591536,111.50666371963663,34.701906415161126,-64.39719965562452,155.96896739808332,-200.17074353626182,-30.009506495275602,-70.03852641436032,163.9576581361508,50.5116251061764,93.74884098910685,68.82229305470076,16.79319121821007
20,-503.7440646285296,1.0665670557901512,113.01122889555637,359.79058653697996,37.04546957279728,82.81850674410167,36.64128594345354,-65.77220097917095,162.98524614453967,-216.42096821573193,-29.67335027435465,-87.36011217523203,163.60707634454263,51.21901258986789,99.88052765713964,75.69291007540133,24.55724660736567
21,-441.1657723245614,-60.97068784896947,56.49561564581332,132.35189684227376,-4.178125150329629,27.010277002839054,4.301914993216321,-98.32395134317468,118.91325214885993,-98.37840820610728,-72.21745973885585,-45.82331588876734,56.039506452166094,8.475298766015706,59.70352520182999,3.200565331760474,74.8104666795875
22,-446.77493629028953,-22.838484639025978,101.51308922089913,195.9218951346108,30.975187139160965,53.935830909931994,42.55340240376447,-52.18366166851744,118.04598135164755,-321.9410524325961,-25.84105435309159,-33.77710759532508,55.682016894844395,10.618059654576431,73.58338120271308,35.7347075544253,-28.430091214290016
23,-180.36497649557185,-0.9325759206718798,68.89416558095763,137.27631641514233,21.59190939405774,37.88902732297307,25.060243702674246,-40.2618160380554,106.89024425507588,-111.2142851935512,-11.143509059674326,13.276171754079748,58.34637063310047,26.56277156112889,71.57947991430194,24.611767290405716,-18.830771883366854
24,-471.57088345477325,38.52891648734077,66.64159762243932,161.76063666485675,25.311825975290088,52.262031322154634,11.723758141256477,0.43270639053124665,249.60216260838266,-181.9166651830772,-30.43284116874175,-48.22268410728438,52.58906454102408,28.82447914239509,30.025467960726715,36.49738567030571,16.92145880192093
25,-525.9285131624193,4.320501957176701,76.4520037864397,193.44549701432115,30.591531622621527,59.44233861242734,17.20249767353384,-13.856046929569024,289.47210734137354,-199.00881497748142,-16.80464803902823,-55.293039179870256,57.676503937909665,34.61938568046809,49.87388620981396,44.64411675716204,9.892891626054789
26,-178.13438270359893,-0.5383220511834246,68.19978204465437,133.16411038515272,21.132183975913545,37.104048565901806,23.897015081912848,-39.61688127711766,105.54251914059938,-113.63271581527576,-10.853533568180328,13.660361811847515,56.02355673315412,25.732965811294488,70.98514702724033,23.894973899131855,-18.337573102239237
27,-386.58322196773446,-48.733712902714636,49.666539080457426,124.44155391198098,-2.025298495549104,22.191358647803597,4.246840466801425,-101.58861786189043,151.10428631091946,-83.08259620010172,-67.2600070837621,-40.8954831677663,47.368432415528005,5.037523017113125,61.984550898389884,2.8947360083215368,68.79023252782878
28,-372.33532266868735,11.173053475356648,78.61965674952819,197.3458248799354,21.66951673131774,45.863571307577935,21.586062544014933,139.93283144597845,77.34067747960738,-142.71706031588644,-13.184539537816777,-48.69538009193832,49.75523320615513,11.197317691588516,142.2199918579706,38.140154487050125,6.432941750252503
29,-443.51117236515313,15.102886428276742,83.42399822198398,168.52207939499928,17.244966513536404,48.14669179528084,-15.911370269917532,-40.52211617070615,104.2170385278315,-376.12992699573806,-18.145079207435113,-56.46865451184215,54.93218304942548,13.24603041412368,74.3275883982597,37.44788757121867,38.204618600933586
30,-656.7257938660707,-0.8112459410059379,104.00476042727604,225.79313745667417,8.976551861297972,64.05224206869319,18.08290167753181,-89.81960873964324,86.11388674000334,-189.24829475168477,-9.609916396043962,-68.2485646395384,77.42522313100113,27.99330372041814,96.24207210573704,47.805760827098055,37.41917243695525
31,-428.127110898386,47.73085419077113,77.0716321781535,204.04447812886207,27.159241414908962,49.474110780777345,21.731124529440546,-73.254020021504,280.1824783766056,-140.6841155687909,27.42569139181751,-48.15170048555857,39.19861701426898,19.41061472949354,104.29019024856134,57.50037186688563,-3.802680078963371
32,-636.5077454040006,12.994179436422238,102.86494192692807,233.63654989641842,15.098139998737507,65.20520297302961,18.293743803193205,-73.12388600802407,67.41934645837492,-194.19231865725712,26.819177426814136,-59.57730580822678,67.20158666088916,27.46157132859842,95.86299824873696,47.3761350499744,38.17486166422356
33,-503.67802445314504,0.8735475886908668,113.91665161832891,357.7908663188127,37.40488081788927,83.47854555357846,37.22515802446328,-66.47896706285788,164.04811391997333,-217.370279720078,-29.669342086678203,-86.39200350083601,165.2816205813725,51.736262269580656,101.24340366922222,75.82562401660881,24.322297760914765
34,-145.52486202319486,-3.008021581212049,32.29722692970457,72.88468876813093,9.232669230838624,177.7781358836163,8.141710410937243,-19.757227049269957,52.63509326242824,-54.37590230410062,-5.843763290221949,-1.6264830038269558,31.107297463051495,8.803263653287868,30.07870076262205,12.519214370301949,-6.270617821723483
35,-202.41572350841489,-13.214768307156547,42.66901172691318,101.1565356796287,11.679270929392974,22.176776018718062,1.41586858024219,-16.74344158872521,72.58653167548165,-78.95663327129799,-11.55925050356695,-3.1645241492919745,20.397606719036098,3.392894014169895,32.49081869663823,280.52523491837593,11.807414195639376
36,-348.02336273508956,19.34615723548239,65.5912963530674,135.07540185193687,183.90812851516492,40.713464012340694,14.56928281055882,-32.52381234455676,93.05227728211285,-128.4212912262824,-34.230724505850084,-42.046875236484816,46.3083406633499,26.018520260486373,57.27929155323598,39.22202977734658,-25.9128207906375
37,-670.8828249007295,25.002030507137864,108.78474212530895,234.65408483463355,15.708782260089016,69.52379729191694,22.963491412770804,-79.47111894545412,77.97684470201608,-207.20007017841183,0.5074886860252564,-71.78825618184595,78.90015568481978,33.304757446792294,99.73247681551572,62.59666565283898,7.066969364062563
38,-443.51117236515313,15.102886428276742,83.42399822198398,168.52207939499928,17.244966513536404,48.14669179528084,-15.911370269917532,-40.52211617070615,104.2170385278315,-376.12992699573806,-18.145079207435113,-56.46865451184215,54.93218304942548,13.24603041412368,74.3275883982597,37.44788757121867,38.204618600933586
39,-456.73246371212446,16.95713288171746,89.2352810234516,201.0971007112584,18.959524998710123,54.01423920891643,-16.94169811165036,-42.378257068867505,112.17100603838718,-357.22305570530017,-20.698003926306242,-64.56994635966726,76.20086655005697,18.343833331815343,78.80034206765372,45.06946452477815,45.22261801585448
40,-538.1505810266616,-13.365793389092943,110.46495044666914,356.3078681045395,33.71612953528789,80.50780514974747,34.19040435624644,-79.48331568383408,169.85677111654036,-206.70362597531442,-44.28735583230769,-77.0222389152019,168.59557112290426,50.537196819153245,98.90951920537246,66.87193040702083,29.769665548289524
41,-439.4269985768794,-6.276383072821318,83.5557270824029,195.92326789163383,31.027307393993127,55.06094034245321,76.9715870444522,-49.805641125495505,115.93440812170397,-330.60669185569293,-10.494466011053895,-32.201098550447476,57.217577796018546,26.796969802193292,73.81654773770497,29.90779502305776,-26.72730879506018
42,-538.6065099284137,-14.956558494629482,110.83596594801507,357.3902483407787,33.766250472271,80.72356611658209,34.59338519692676,-79.76893978806807,170.85345913514539,-210.25837015664874,-44.0084725931527,-76.52445826651528,168.72193020261872,50.47333008651082,99.12856857978635,66.11410759215532,30.988566291351773
43,-443.2430500651169,-59.658875507172226,56.698944880393135,132.93630649512505,-3.9499677341053636,27.058248749947232,4.4635129025322025,-102.12635298425025,118.2929837329618,-99.03994188089169,-72.59864431364116,-46.247540133907826,55.88297614550189,8.585255251307101,60.822358421655935,3.8785905057731607,73.00311625353572
44,-282.1415434159545,-2.696690636295053,54.264572786801395,125.96843780607396,211.87026313781786,34.19428838306978,10.112305021969437,-24.47383356197286,82.22328157612061,-110.39066006912724,1.2371134276026818,-38.34387423226243,37.685210350653435,2.7738138883903334,42.462368938602545,26.504717567139917,24.672115417047483
45,-518.150876020792,4.249082928045751,74.57985391660728,187.03016830735618,29.983414915453597,58.02013901160299,16.46739056982202,-13.074763575256474,287.17905814667586,-195.9905696840654,-16.541505817860923,-54.086619852967644,54.5232304318872,33.62139284848429,52.98608729434327,43.36328978822608,9.575721344326073
46,-529.4860438159625,-2.2730312281754403,76.60623871273731,182.0719604455205,28.348289201634255,58.61764576851413,8.648326966378237,-5.047951122428477,258.7738377048769,-243.0087626768614,-26.05050753090402,-56.85256308963863,58.499403073307484,33.11191671336427,41.84487126447217,39.96502561607894,18.927276663072497
47,-669.0567857856867,23.852391457306364,107.97283000429432,232.7938478842223,14.990450376925116,68.7824568994434,22.112749682634625,-80.24890623106245,77.89352968907029,-202.20562287253827,-0.7552467374211531,-71.88228961143315,78.6389392576949,32.83109213353306,99.18629190756535,61.79961570364383,9.005179002595805
48,-408.79894770513505,10.785317843060177,87.20148613024914,247.76306624769413,25.293516305136695,53.332165392880675,25.240738498697024,96.65550780986601,88.95364138379125,-160.7500216947437,-16.80315888505031,-56.00118048485355,69.74019101936108,17.81352921781593,159.03258200093524,44.01428454846743,9.47392138406521
49,-438.9572929892058,-5.624075828322196,83.4903098829686,196.75347370485542,31.241669370071758,55.09214755663291,77.84581481088645,-50.66011142437186,118.92552856037753,-326.44571027171804,-9.531723460443141,-31.963192906696513,56.925213211743696,26.901475322859348,74.5801835446247,30.307458867122428,-27.720309389296492
50,-591.5212669768999,1.3461140024486293,122.29140433338985,379.5220758449268,36.947759434138725,89.75630347943395,37.59525154999634,-76.40662962268233,161.81199686830075,-229.25571419301272,-28.540173852908385,-82.52249504160955,173.98113286927907,55.389208936431004,107.76444762639274,77.85372298735206,20.873679594144406
52,-656.7257938660707,-0.8112459410059379,104.00476042727604,225.79313745667417,8.976551861297972,64.05224206869319,18.08290167753181,-89.81960873964324,86.11388674000334,-189.24829475168477,-9.609916396043962,-68.2485646395384,77.42522313100113,27.99330372041814,96.24207210573704,47.805760827098055,37.41917243695525
53,-335.770991254986,15.449468840671118,47.516042101088296,155.5379340025501,26.058998564355974,29.909526595825955,4.658227996865527,-16.451671635710575,17.68526925135568,-119.10161212194075,109.95755590095635,-1.6042384611312552,-4.143629353318371,4.332405181005206,56.48016413442254,2.031942077871129,68.32347579624657
54,-535.6220050885892,-1.2423480641844733,116.0568137560043,372.94411772413036,38.013508560082926,84.75119762380564,37.377240829895726,-41.34236524899377,161.6416806059212,-217.2979551747066,-32.77929080588793,-78.36710956316645,167.91130092849463,51.070053314653485,118.38904169582727,72.8322026293323,20.23315811070575
55,-451.6123902820659,15.115491965815027,80.34249214986805,162.53418746778266,16.441142610977494,47.91375007179236,-21.980263792272012,-30.530505077686104,130.62645644292718,-348.7331947675352,-20.71143613872022,-60.04698267310659,53.816846228011435,14.185338696190646,66.10839990257423,37.517179663652286,45.847349632852286
56,-681.444706080235,10.025607399385517,116.16995591883347,276.7635732808162,16.62371594451172,75.72979754282773,24.091987651920782,-83.98287100778832,94.37208772398515,-213.34030116357778,-0.5268350416097328,-74.7593717815719,99.41506398623119,36.72164709719522,104.27393398608005,61.34752251826294,28.462080709235934
58,-205.56168699528982,15.318092905038426,66.47716370039926,123.2251182907305,16.769435894183122,36.85256629625423,19.594739836686614,-29.521129324499125,91.68310075740173,-142.79201384490585,-3.8529657557409487,-83.0096783784376,35.4042957892136,14.09664372047473,66.95718127613726,46.819075788568306,31.868113672927624
59,-273.5718541313929,36.45788332802346,225.6698386239585,125.83171253408406,21.632284999543632,38.90006814178152,16.187623507706924,-34.60492073638169,82.82647341800818,-115.38513886592001,22.86836591478917,-34.703976825475344,45.6548959228772,12.70960665266057,45.7170803298054,32.08488872685812,8.352619190074272
60,-425.5160461733142,5.873156834141787,75.85692546516,151.5694250611148,10.634238783196716,41.23347742224373,-24.045153652657238,-47.99513009749667,105.89766398527743,-327.04721842099445,-28.638545990579797,-57.51239220434942,52.066803428431,8.720156126065454,69.97388402270887,30.6397611816896,56.04432443996946
61,-498.1672827413604,-0.7639511054662045,105.25001351806097,380.02434172173054,34.79238668535873,76.9347409694812,32.354449144541746,-61.68285041532777,156.5378053018562,-201.31632261995068,-31.284551721241556,-74.322331201982,153.17551192546063,49.18193794288743,88.52093584239462,69.34056167941068,15.37550670101125
62,-316.57337836172553,46.64961085212215,205.0352976477098,146.16191890254564,24.009608331510755,43.003603101147775,17.960291376764626,-49.44010384548887,126.16973424818202,-124.37010289888477,31.337452254585482,-40.64426335062683,46.429001743567085,6.596273645879778,62.270292838894605,39.580042134105504,5.832616760493638
63,-555.0408619637989,-4.609807046146026,118.1431750371468,374.1323808944799,40.2312374207461,87.39562964884384,42.25006076815241,-72.7688542175931,171.6032942516575,-255.20839590951084,-32.643853782135025,-75.67815740023052,171.07287804674266,54.73631790584395,104.04423275133968,73.28755713491164,13.544679544552618
64,-207.9878780753025,13.246482668185994,60.624053051490044,116.36927034065677,14.588829818261388,33.261870746883005,15.203928094863516,-23.995292776927958,83.79704983916596,-133.44860196256923,-3.5188357903864382,-94.37013146610386,25.799692905094403,8.281743278478185,57.669082600086846,98.32803931411199,40.00478675837143
65,-446.1473332718872,16.253786031862067,83.927759735787,169.78352715268886,17.882916006444415,48.86473801540551,-15.667517892016795,-38.745167775795814,106.94129533228686,-378.38470107879135,-17.138979477117214,-56.7324538983814,55.08186579440896,13.813626555589613,74.05185445664154,38.25186672965718,37.03068206559222
66,-658.3212479910158,-2.3315503061815535,104.87571299666729,229.94699612949822,9.12629545848206,64.78062373764402,18.297775561025226,-90.36862566225419,87.89764000836934,-190.4129070733879,-9.712599171120731,-68.57031651859302,79.65232891806625,28.391850748218964,96.8537783562953,47.73039071266899,39.533694085362924
67,-237.64549928016027,5.435363513868676,31.72902018896717,280.18728470490413,7.718401095823315,13.042437557862396,-1.2381939093635534,-11.587809328325527,65.95837182166929,-75.89699985986847,-14.10283439643677,-29.677395678533642,-2.0095429349934393,7.717708165888456,9.458612943898224,21.18192403691439,-9.921296856543323
68,-506.9007892673322,-6.50588486697297,90.68228121552265,215.39007649503037,34.8045096333588,62.00063515706352,45.08592125733086,-48.448272977555575,158.18210482693408,-352.3410027308324,-14.960765101123792,-38.62116821481972,64.95935509232483,32.661211489616875,76.53670934546916,39.996923463881345,-24.1430246428596
69,-506.7457893860729,75.80416823259745,78.69590218755862,171.48270393974008,29.287609469591246,53.1352033696068,26.818167701231467,-48.9697565162804,73.24159958234813,-170.02326156167044,-23.130639649105863,-64.72260857497578,62.6705972633273,35.34665986585505,77.18545514995827,80.5016778448618,-83.61855606853095
70,-655.6209486113693,-1.284989192193976,104.11591226092972,226.66499591273018,8.880932016416496,64.02685219475245,18.00877470669808,-90.5781612001928,89.5410353325664,-188.67035611113755,-8.459881129015978,-67.9482208170743,77.03715043384506,27.666550519050613,97.02308127615343,47.41326116545981,39.03389227225423
71,-521.045269784555,-17.951853215134786,70.23713571691259,172.83613928205142,24.40589519148416,53.65546433837434,12.302929866551096,-16.259701461558677,262.98662635785877,-192.80960075928516,-37.85354706072832,-53.87481515574942,57.88584353541981,31.68179148529239,38.198106283223574,32.30359234166432,25.809995870147603
72,-682.8299767764353,10.181920779810579,116.48127859123278,274.7013899891545,17.08507080279155,76.1087315124902,24.261085341785574,-84.01460149174895,93.68323301773091,-214.22968724795663,1.8711031716046522,-74.2005073309427,99.66492290262845,36.72353446957921,105.20427640239207,61.01048899308374,30.01451224455855
73,-412.63083361862584,11.675719153404852,88.26593436294476,246.9816427495684,25.730277810690293,54.16883099070276,25.783873282967154,95.20416228977511,92.82639161944027,-162.12323110472772,-15.924510880310006,-56.44502050189627,70.98190881173038,18.119223376696098,161.17014713195596,44.87504969198008,9.61984561520524
74,-373.8512138350261,-54.62568837702103,76.00028657542255,114.73806224273372,-2.0505162983067584,21.927867864228848,3.707148212191934,-95.20604004658595,124.52107605222108,-84.05077652670819,-67.33013978226782,-40.30027870421066,49.82906133983241,3.6650447551439758,52.65814943750539,-0.1728245464962574,70.7538839698163
75,-169.2878361489919,236.96158815071183,37.04788686422418,65.85434063372416,4.015317726172924,17.769012007314576,0.19844043098863037,-12.433234722016728,51.979785158915206,-59.98805939645701,-41.75245073921505,-19.71345446432317,28.04575134395001,-3.9992900328072003,17.41105866519434,3.6095514345415807,10.195247419183998
76,-203.96987085043355,1.851340372726609,39.88810037048087,111.95610291836603,11.740450783340203,185.73345023759504,9.861307675116917,-23.992817220728398,62.144983814925226,-72.85287635826798,-9.774918069469877,-20.759340248260038,50.10688358745032,12.738655146587027,34.45653036108929,21.420599038530252,2.7366452199782394
77,-322.75076508163875,-7.7399468484761424,73.29961393841437,113.84384843777346,17.699218971700382,41.46724143291686,14.568317281855327,153.99457399186986,101.94925802075826,-113.38193370971419,-19.719887841258107,-37.71872715917053,57.340260987314664,8.88116816359376,6.413517549103126,40.528568755504246,-0.18154360015479415
78,-207.79228078726274,14.923839035549975,67.17154723670252,127.33732432072011,17.229161312327317,37.637545053325496,20.757968457448012,-30.16606408543687,93.03082587187825,-140.3735832231813,-4.142941247234946,-83.39386843620537,37.727109689159946,14.926449470309135,67.55151416319887,47.53586917984216,31.374914891800007
79,-268.9786140484285,15.260088919783211,75.18392118737027,167.66786162106393,23.28676778146521,45.95902232658591,22.73124395850943,-34.67797875565628,103.04513122580515,-159.98492349986435,-7.193478550867079,-102.91004124268437,56.98668858195797,19.06298128415808,72.49798327366038,57.08734011886552,40.360074767430845
80,-636.5077454040006,12.994179436422238,102.86494192692807,233.63654989641842,15.098139998737507,65.20520297302961,18.293743803193205,-73.12388600802407,67.41934645837492,-194.19231865725712,26.819177426814136,-59.57730580822678,67.20158666088916,27.46157132859842,95.86299824873696,47.3761350499744,38.17486166422356
81,-348.6824844772183,8.861328097082048,63.99131243706795,135.42728199771233,19.40929804567555,45.891990850018885,18.49419229719376,177.74790538396266,102.13034795427691,-125.70770901035517,-8.550738017592678,-40.88182758203955,63.60839075713675,24.01878595039147,31.32545231042684,43.1534781434798,3.217014805221206
82,-382.2775152861496,62.15156103736596,102.76512096144934,194.57426575304132,26.105046735954506,46.3424480336394,21.914806685930195,-78.63870923081521,246.41147926552924,-125.69403706384679,37.96114221275886,-44.88495755235316,36.95953806356342,13.727231620960499,106.22004932295835,56.71253729491703,-5.6653273971955205
83,-672.0223501239224,25.072491247498785,109.28467919335426,237.72556327121833,15.808404920289997,70.03641799403314,22.775384455583904,-79.73451176383111,78.76390995177707,-204.8099383187807,0.12592267179350172,-72.60778870958717,81.00090239217045,33.767171207235535,100.1251336916601,63.27911835327541,7.96259026940798
84,-491.22454070033143,-2.7128245346615385,106.94178755692933,346.90033920829484,35.805582401591536,111.50666371963663,34.701906415161126,-64.39719965562452,155.96896739808332,-200.17074353626182,-30.009506495275602,-70.03852641436032,163.9576581361508,50.5116251061764,93.74884098910685,68.82229305470076,16.79319121821007
85,-180.36497649557185,-0.9325759206718798,68.89416558095763,137.27631641514233,21.59190939405774,37.88902732297307,25.060243702674246,-40.2618160380554,106.89024425507588,-111.2142851935512,-11.143509059674326,13.276171754079748,58.34637063310047,26.56277156112889,71.57947991430194,24.611767290405716,-18.830771883366854
86,-539.416631720105,-14.955297940875653,110.52781534080349,356.7914591480571,33.685868082015105,80.70027194423325,33.98649584469131,-78.76977867876606,173.49440092665495,-207.51869693382844,-44.26510828628121,-76.88229108264173,168.6103965204773,50.56726091471752,98.3066497302178,66.12103680139869,31.752839394543642
87,-669.0567857856867,23.852391457306364,107.97283000429432,232.7938478842223,14.990450376925116,68.7824568994434,22.112749682634625,-80.24890623106245,77.89352968907029,-202.20562287253827,-0.7552467374211531,-71.88228961143315,78.6389392576949,32.83109213353306,99.18629190756535,61.79961570364383,9.005179002595805
88,-482.45685923962003,3.0373744792928687,90.5476849579594,218.4532412634082,33.79269659205119,59.353086135279995,46.88433051235697,-64.32849686190059,156.55463750318847,-333.3881606722534,-4.854032791817342,-36.675899275394045,60.89122491050433,28.986765196430788,90.03098690414657,42.81815364536242,-27.27817480035089
89,-533.174895603967,-4.917327170965502,96.85365431145627,225.17029730151538,31.298415477908854,63.59968894798474,46.55283851988552,-64.30040009367625,123.37210738591062,-347.32260405003086,-10.445725325612129,-41.14212143544862,68.80894015433563,31.73098886836724,87.80446828563805,42.176215201469795,-20.750255291530806
90,-174.45996834146945,-0.6422536855148967,67.50364256988857,133.19839645233802,21.122294277574476,36.522701057073796,24.407217350138787,-39.18970383252126,104.85343100376913,-109.04994695156766,-10.765747149653908,10.485900290180759,54.59424852163179,25.05414757767056,69.59383763216617,23.090112827495503,-19.26172590103656
91,-670.8828249007295,25.002030507137864,108.78474212530895,234.65408483463355,15.708782260089016,69.52379729191694,22.963491412770804,-79.47111894545412,77.97684470201608,-207.20007017841183,0.5074886860252564,-71.78825618184595,78.90015568481978,33.304757446792294,99.73247681551572,62.59666565283898,7.066969364062563
92,-215.02584221654553,15.426519009996408,45.30932731053692,158.3951651154071,14.246838696253192,16.092630589851822,4.822103955277732,-13.40840068461644,63.37393849065347,-111.31981648878855,-11.15932481069824,-227.939621088743,-20.142132952300717,-23.181192195000133,2.5666757615141,0.7880816206124829,3.655271768129171
93,-629.9755601108633,13.150339240065138,101.04069295849489,231.1359731777761,14.416015051118343,63.614765832315946,17.46160816459593,-71.88207602587178,65.18999154692294,-191.07655828502277,27.19324746417858,-58.511370089665334,63.344690384298644,26.4305769405499,93.89473603757436,46.198240359252566,37.52913561997485
94,-643.7300883906491,4.441052396709327,106.37710016977114,234.21921634006145,12.040792258749857,67.05063038398252,16.45569404451183,-76.24122697673054,84.33346843344819,-198.83824789178396,4.037845675185936,-68.76472374963764,74.69401266711425,27.199547281936972,95.98199667028413,48.86893519085501,-15.129624017491956
95,-319.5389426999612,47.869710642314566,206.34714683676972,151.09363428954165,24.827562874875635,44.25756419573751,18.62292614971391,-48.925709378257515,127.04011451088881,-126.97441834512719,32.218621663800135,-41.36976244878086,48.79096487804263,7.532352719582256,63.20913462298934,41.05954478373708,4.790028027305811
96,-509.72511799467435,-5.161575756402911,98.69774076865728,252.92295860131645,36.818922114006156,67.39099111589378,50.14797297425057,-61.928282553221656,142.63445984812188,-351.67543477874887,-15.247325761545467,-43.00025968721662,86.78979440297061,36.45054633264839,89.44610240951802,47.151822219876735,-23.822547215560473
97,-431.09267523662163,48.95095398096355,78.38348136721343,208.9761935158581,27.977195958273846,50.72807187536708,22.393759302389824,-72.73962555427266,281.0528586393124,-143.28843101503332,28.306860801032165,-48.8771995837126,41.56058014874453,20.34669380319602,105.2290320326561,58.97987451651721,-4.845268812151197
98,-263.2054476757501,-2.0171735355461156,77.22104461974918,158.6610876772708,20.961817904964104,43.964768586542554,25.396947554113193,-50.20345162202543,105.27139333575104,-122.09788312030078,-9.73894537594038,18.857972727209066,67.09063666831152,30.10052054744431,78.10684392295069,25.51931539720554,-21.04554329242917
99,-653.1743333940786,-2.019077122113592,103.36278670063342,225.38423611919418,8.905525369142724,63.56912056659284,17.634737612292742,-89.15854616406253,84.97943039066313,-188.18653278553242,-6.940590920541899,-66.94551634940237,76.045291557873,27.36274373255443,95.81585856144471,46.215462496767955,40.44039957643681
100,-505.7869194450082,75.66467516936852,78.07457433307994,170.12192272134686,28.97946863340004,52.597849083727496,26.29996938680267,-48.30800965820296,71.99029357743822,-169.0673282817745,-23.182527076899635,-65.61899101496324,61.46267487443268,39.9763147999418,76.1282825924772,80.2235720237372,-82.96114493559219
101,-670.8828249007295,25.002030507137864,108.78474212530895,234.65408483463355,15.708782260089016,69.52379729191694,22.963491412770804,-79.47111894545412,77.97684470201608,-207.20007017841183,0.5074886860252564,-71.78825618184595,78.90015568481978,33.304757446792294,99.73247681551572,62.59666565283898,7.066969364062563
102,-636.5077454040006,12.994179436422238,102.86494192692807,233.63654989641842,15.098139998737507,65.20520297302961,18.293743803193205,-73.12388600802407,67.41934645837492,-194.19231865725712,26.819177426814136,-59.57730580822678,67.20158666088916,27.46157132859842,95.86299824873696,47.3761350499744,38.17486166422356
103,-267.7863705481741,15.058808146405319,74.92528633023392,167.1509833502806,19.91651299731362,45.710195230402775,22.502239074730888,-34.471593261327605,102.80951381790253,-159.39555873231322,-7.521010917920198,-102.5188671294225,56.55074857974614,19.036543624493635,72.21031102682129,62.17387838518932,40.207071496520754
104,-249.71749615173331,-81.64844140082312,131.89865349285208,91.38774748487505,13.071694150457835,22.387834654037345,0.07648398647807936,-12.529844054588242,87.63919761890081,-83.44857437050464,-77.50941641455375,-33.65774208521378,13.152576935969337,-72.43291297977824,22.052161741393935,22.0831414122,-9.562262148659002
105,-652.0527563164362,-3.8725751040258616,105.2124526872237,224.41186129985044,8.599181071127475,63.48512667221765,17.57568189583883,-89.3636776808545,85.6901697174123,-187.52564528717184,-10.558583285143403,-67.65834164906741,76.51622963227906,25.82967996486518,95.37832070601009,46.704916556366086,38.918700630860315
106,-274.7096542868286,15.75757073304895,39.89809917493826,147.23725587728333,27.110833688861806,23.839563025122906,4.055842527623499,20.91781410997257,14.372225071864916,-105.46779585593957,107.07636116963268,3.213335516773872,-13.935500223282897,-0.48021278291916986,65.463631526231,-2.6126002068098204,63.880117886963696
107,-520.5755641968814,-17.299545970635666,70.1717185174783,173.66634509527302,24.62025716756279,53.68667155255404,13.177157632985349,-17.114171760435035,265.97774679653236,-188.64861917531027,-36.89080451011756,-53.636909511998454,57.59347895114496,31.786297005958446,38.96174209014331,32.70325618572899,24.81699527591129
108,-249.1056000125191,14.751248336444476,30.43638662024731,154.02481833274265,23.69087306948253,16.967156543279316,-0.7637779069385918,-2.1730390641420745,10.465439324612609,-91.08596801985053,107.45631717607334,7.475857354863831,-26.30192948068081,-1.9196379417076455,37.27768250073107,-6.3150943049612,60.489304113799506
109,-520.5755641968814,-17.299545970635666,70.1717185174783,173.66634509527302,24.62025716756279,53.68667155255404,13.177157632985349,-17.114171760435035,265.97774679653236,-188.64861917531027,-36.89080451011756,-53.636909511998454,57.59347895114496,31.786297005958446,38.96174209014331,32.70325618572899,24.81699527591129
110,-327.697479650651,9.724452842138094,65.92968321868796,156.72054723393032,22.72461128350806,206.14666936273645,13.450307353812471,-23.180310231031438,90.05802604491842,-135.22560989062663,-12.268525580835677,-44.686865206957975,39.249926581368605,14.122313474446637,49.68572672925493,34.401342710008954,11.890529964626811
111,-307.04896001869673,3.53169546800222,61.75231454232082,127.99966557880329,213.8823367766199,37.570933241152865,11.698307393340793,-28.88696866674309,94.89252045472281,-117.71858817789813,-28.2705733525339,-35.16311188863022,42.58103840599344,19.931970997047877,51.770387998345946,28.80110571393869,-4.017159648687979
113,-509.0788799688169,75.14615793963294,78.54011321840883,171.89389337789237,29.098792668498728,53.11147943778284,26.241075722567714,-48.66135670568585,73.35966462500416,-170.54439029732623,-23.025111076238424,-66.08276978078912,62.21786512222372,34.844949856640206,76.82599202139825,80.17367338112027,-86.95017209008823
114,-431.9816117856627,-5.553351186689992,81.56755664141215,191.0857026578677,30.29825164761181,53.30073670168575,77.8293894545876,-50.14042188925489,114.91068040933486,-313.48061981060204,-10.65011816917454,-31.294901985958944,57.16143396906279,26.692682357823422,73.38743003321531,38.055226987579395,-21.658234846499806
115,-427.8545242585001,49.799115650677386,84.64010915134918,243.17829309028028,29.095121515223408,54.49678347930398,25.749447614278022,-84.12335484891008,260.28473831037456,-143.66808427469036,27.43162762736418,-52.42826098129902,59.82648776707468,23.000528737512955,115.40652707862262,64.55721473772607,-4.177516834864478
116,-341.38672359252354,18.40019633009976,64.64588493864485,133.59658896623688,183.89138956502504,40.08845301090098,14.06607732788183,-31.47364277438067,93.67871287628131,-127.12507771852248,-34.44066649666702,-41.548465534853975,45.49666344232373,25.45394340491048,56.36779116758866,38.23016795568915,-30.27810184066771
117,-495.78256830513106,-2.6911071110177347,113.66926775694755,360.01827327007993,38.21391493977709,82.94647558227705,37.787160408980796,-68.31896146773445,166.24958746277747,-209.7962789251395,-31.55358676579106,-59.802203708428095,168.66330306797602,53.424440599919066,100.50662463182758,69.76035522366257,12.452512228569333
118,-412.3336840875898,-64.32624044975007,57.129609382326834,156.3348941974557,0.3129273420932935,29.653116137560712,7.29258390811531,-99.54638502425689,134.7495560207541,-100.05864254417355,-74.7991833776822,-47.42148616707591,73.74844387380539,12.479159103074444,59.97165205351866,6.520681042660859,72.75334789681618
119,-672.0223501239224,25.072491247498785,109.28467919335426,237.72556327121833,15.808404920289997,70.03641799403314,22.775384455583904,-79.73451176383111,78.76390995177707,-204.8099383187807,0.12592267179350172,-72.60778870958717,81.00090239217045,33.767171207235535,100.1251336916601,63.27911835327541,7.96259026940798
120,-496.2615326122332,-3.052782988794291,113.60675433964634,358.9380868290059,38.22656929464885,86.33794088085499,37.94084479370897,-68.54233451147371,166.3585684040038,-209.0894840450296,-31.2784862853368,-63.00589674937431,169.7885580492369,54.231971023674674,101.40023969520887,69.9673679952948,12.273107582231763
121,-489.7900760230901,-2.3347983621130264,91.70561846610535,211.4126308888819,32.287026324172906,59.75906021360767,38.38590522591519,-54.00684547822667,129.3676899209082,-377.2527505950555,-13.475358567606994,-39.318755099442896,63.96455349823629,28.509306131236144,82.11889489333097,39.62549436315426,-18.52210539332913
122,-587.1285561775373,-0.4078178864354668,121.72783353970611,378.48662417921526,36.55771769103737,89.25335201309362,37.071760474897324,-75.91073673653042,161.70956672250793,-227.7778133449647,-28.24014404826145,-81.62880168430664,173.20835714932383,54.76040303505881,106.98108874977335,81.96455458312666,23.013608940276562
123,-513.3440148545947,75.84102789605383,79.61472843321926,175.98300087654965,29.61032317211842,54.065601700843644,27.066431258818994,-49.50480041474576,74.40808671836645,-172.18971042955874,-23.508717874146758,-66.75665296793323,64.85294930308797,35.8604045741908,77.79084134903827,81.54685859437615,-82.73788117783133
124,-352.1531432946127,49.73054954282066,69.53267460720792,177.00827785547085,23.40079496575147,41.02561424897531,18.840138390232134,-76.99117060923169,238.18883795998855,-114.81116241692828,30.794375516832616,-40.68983818459773,29.76065781275119,13.141371214269215,147.54892937762884,52.17962480842673,-6.936898682031426
125,-339.05363300977945,19.05820662306427,64.80167390779464,133.1853995280846,184.08020636611755,40.112176942724936,14.64316930654558,-31.782042584975226,93.56064783362528,-126.60394898286667,-34.54619506953446,-40.18830432904062,45.94939558342731,25.955653414125326,56.72725429614868,38.55817241943068,-26.946485819110443
126,-452.4360830463758,65.61988582388709,66.19088553066844,146.83723791830147,25.65933780049742,43.46843441276745,22.898545753373448,-51.46663766270238,80.29788015891988,-146.45010758714483,-39.40627238238503,-60.048810156384036,56.64345328350543,29.8063368668547,67.25988053568518,69.01464318712972,-73.64138108898074
127,-376.2025592693407,5.506474652658779,62.996167646094534,130.6276532408453,20.823203003779813,48.30348115156861,17.298118713095967,156.31302750838333,138.5013795151089,-136.22141751695656,-10.98165792512488,-41.77120358036806,65.65463105397077,28.624358823648897,8.76145487025378,43.678124741492745,4.171267270986766
128,-523.2758635765279,-18.34610708462324,70.93151925321584,176.94834531204106,24.865620609628355,54.4404430954456,13.466158487312496,-16.904636222496418,264.3343514723353,-190.39117013756064,-38.143522552222315,-54.259005213517185,60.208657435366156,32.51159723512679,38.79243917028517,33.02038573293818,25.316797089019982
129,-480.0694746123177,-17.36257365832708,85.57924887805792,203.6058047313561,28.639376680357337,54.851380169996425,43.52162524475775,-67.07222722553524,133.93065722105402,-325.6322803163246,-24.059019853692018,-35.745268705676274,63.170163058215174,27.089755595623615,80.05768456857066,32.35679572356095,-13.396659883682212
131,-617.5081238450622,11.743518816239598,98.23878890690102,249.6956228027314,10.263821326599912,60.204360105353764,15.939728955812823,-71.5965016702261,71.38968390321118,-183.07208352561307,5.611803545249114,-63.5411501453282,61.095960136723406,26.41359058909404,85.52165429076621,49.231542085865314,23.55725180207132
132,-485.4224235778557,4.257474269485286,91.85953414701935,223.38495665040423,34.61065113541607,60.60704722986973,47.54696528530625,-63.81410239466923,157.42501776589526,-335.9924761184958,-3.972863382602687,-37.401398373548076,63.25318804497987,29.922844270133268,90.96982868824132,44.297656294994,-28.320763533538713
133,-379.5054866056846,5.82739966031067,61.34757876647817,131.23107268349702,20.532362847769516,48.345017122405245,17.357577605333084,154.7936850597523,139.83846954335917,-136.5043638569302,-11.016843220316863,-41.95767935173965,66.42876720528241,30.2504505333002,9.298070736444252,43.224096248164074,5.828849458677198
134,-503.7440646285296,1.0665670557901512,113.01122889555637,359.79058653697996,37.04546957279728,82.81850674410167,36.64128594345354,-65.77220097917095,162.98524614453967,-216.42096821573193,-29.67335027435465,-87.36011217523203,163.60707634454263,51.21901258986789,99.88052765713964,75.69291007540133,24.55724660736567
135,-348.6824844772183,8.861328097082048,63.99131243706795,135.42728199771233,19.40929804567555,45.891990850018885,18.49419229719376,177.74790538396266,102.13034795427691,-125.70770901035517,-8.550738017592678,-40.88182758203955,63.60839075713675,24.01878595039147,31.32545231042684,43.1534781434798,3.217014805221206
136,-450.90522275480106,16.54408377938581,80.58005953495693,162.72763452910337,16.881196140934023,48.39135775032309,-21.69410081213203,-25.664692046768238,130.3333518531661,-349.5113642172901,-19.3463993796435,-60.02650564706552,54.108233882086054,14.612914256800911,65.31670221628478,38.39402725370024,44.497589677308575
137,-382.47105094392026,7.047499450503087,62.659427955538106,136.16278807049306,21.3503173911344,49.59897821699498,18.020212378282363,155.30807952698365,140.70884980606596,-139.10867930317264,-10.135673811102208,-42.68317844989368,68.79073033975796,31.18652960700268,10.236912520538988,44.70359889779565,4.786260725489373
139,-282.1415434159545,-2.696690636295053,54.264572786801395,125.96843780607396,211.87026313781786,34.19428838306978,10.112305021969437,-24.47383356197286,82.22328157612061,-110.39066006912724,1.2371134276026818,-38.34387423226243,37.685210350653435,2.7738138883903334,42.462368938602545,26.504717567139917,24.672115417047483
141,-372.33532266868735,11.173053475356648,78.61965674952819,197.3458248799354,21.66951673131774,45.863571307577935,21.586062544014933,139.93283144597845,77.34067747960738,-142.71706031588644,-13.184539537816777,-48.69538009193832,49.75523320615513,11.197317691588516,142.2199918579706,38.140154487050125,6.432941750252503
142,-681.3786659048504,9.832587932286234,117.075378641606,274.76385306264893,16.98312718960371,76.38983635230453,24.67585973293053,-84.68963709147525,95.43495549941882,-214.28961266792382,-0.5228268539332835,-73.7912631071759,101.08960822306103,37.23889677690799,105.63680999816263,61.480236459470426,28.227131862785033
143,-428.127110898386,47.73085419077113,77.0716321781535,204.04447812886207,27.159241414908962,49.474110780777345,21.731124529440546,-73.254020021504,280.1824783766056,-140.6841155687909,27.42569139181751,-48.15170048555857,39.19861701426898,19.41061472949354,104.29019024856134,57.50037186688563,-3.802680078963371
144,-263.2764585220521,9.732674325163405,50.99528022502516,104.18012718193287,17.39920106770618,222.9418072203865,7.976996956976845,-14.219780288994013,69.17004081483311,-106.80882957086413,-7.596841765406415,-33.41309533532683,13.777858310436589,5.778265181926612,36.58585223143286,23.849641023785757,8.4845395843085
145,-522.1363383533351,-18.416567824984163,70.43158218517054,173.87686687545624,24.765997949427373,53.92782239332939,13.654265444499396,-16.64124340411945,263.5472862225743,-192.78130199719178,-37.761956537990564,-53.439472685775954,58.1079107280155,32.04918347468355,38.399782294140806,32.33793303250175,24.421176183674568
146,-427.0768203297678,4.756134979793286,76.11678913285225,151.77994684129806,10.7799795650613,41.474628263019085,-23.568045841143192,-47.522201741181085,103.46720341131939,-331.1799012428759,-29.5096980184528,-57.31495537812692,52.58123520530153,8.98304259479056,69.41192422670636,30.274438028462352,55.64850534773274
147,-414.59127632904267,-63.53392955832234,57.03768648522983,160.69253457887984,0.4655664502575441,29.48730589439527,7.0677516831712675,-99.36630131354708,134.5959589651832,-100.57986007508642,-79.26274493860622,-47.25809114953369,72.48725525435715,12.461586510806429,59.99929188097868,6.438559616606809,72.94201047996152
148,-425.5160461733142,5.873156834141787,75.85692546516,151.5694250611148,10.634238783196716,41.23347742224373,-24.045153652657238,-47.99513009749667,105.89766398527743,-327.04721842099445,-28.638545990579797,-57.51239220434942,52.066803428431,8.720156126065454,69.97388402270887,30.6397611816896,56.04432443996946
149,-178.13438270359893,-0.5383220511834246,68.19978204465437,133.16411038515272,21.132183975913545,37.104048565901806,23.897015081912848,-39.61688127711766,105.54251914059938,-113.63271581527576,-10.853533568180328,13.660361811847515,56.02355673315412,25.732965811294488,70.98514702724033,23.894973899131855,-18.337573102239237
150,-283.8570197506306,21.993851523995723,217.31255109970945,128.56228816074426,22.01005342198541,38.840308970389515,14.291998041121417,-36.780874184874364,88.5314583593479,-115.52731010546994,11.231600102525888,-38.4709707687119,43.5817568623827,-10.836352822272099,46.76152892155585,33.97609869279995,3.638111613366686
151,-686.3814372484273,11.389751960918232,117.1232523178754,275.1102913266345,17.156097294946797,76.59185301459054,24.709249407024643,-84.67566406732966,94.81768936707113,-215.29144921410898,-0.7982223038974107,-75.50355562107875,101.04485447575658,37.35409445744292,105.63048994668439,62.60078732341384,26.99328510507699
152,-269.8249341207633,13.609368683672793,56.5796212753557,110.9927343296464,18.528884367520657,193.54736278842907,9.847222213743539,-15.229435490693259,75.21237408541637,-121.84402751269673,-6.8789154467885965,-52.5568438857015,11.349698644189603,5.494278361872534,42.09477262941245,29.33131752278359,15.58269210934349
153,-297.4442947838427,40.77992229208015,198.6866874334188,135.67574174122447,24.578704848658116,39.35113665252027,14.560405152086247,-34.93628487807097,79.7492074043254,-121.787078464603,48.10507253726619,-31.167244286548286,37.04896915848398,4.043406992645705,51.08355853390951,28.70023470522017,19.008091206904957
154,-505.3939942131415,0.652630898065146,100.63631381225235,176.16073495698498,29.274367245794387,57.3299893187647,15.52613318860658,-6.6634792303621735,258.22014068808517,-195.92771619538019,-19.15904071769231,-53.38684463453775,57.56641393875199,31.834072983906466,37.76330765264376,38.863760273006676,13.599447749044314
155,-653.1743333940786,-2.019077122113592,103.36278670063342,225.38423611919418,8.905525369142724,63.56912056659284,17.634737612292742,-89.15854616406253,84.97943039066313,-188.18653278553242,-6.940590920541899,-66.94551634940237,76.045291557873,27.36274373255443,95.81585856144471,46.215462496767955,40.44039957643681
156,-530.6255690391554,-2.2025704878145183,77.10617578078262,185.14343888210527,28.447911861835237,59.13026647063034,8.460220009191337,-5.311343940805444,259.5609029546379,-240.61863081723027,-26.432073545135776,-57.67209561737986,60.60014978065815,33.57433047380752,42.237528140616526,40.64747831651537,19.82289756841791
157,-533.2138498584692,-14.729937950625656,109.5116540476272,357.9611500587212,33.18374818485282,79.64574967798465,33.573142601142585,-78.79052262429275,169.4111694734544,-204.75247792478322,-44.01596857002001,-76.27805507569506,166.96578063337887,49.90474945890555,97.55296324476812,65.61866560186992,31.238461152448462
158,-424.82418356204204,47.40992918311924,78.72022105776985,203.44105868621034,27.450081570919256,49.43257480994072,21.67166563720343,-71.73467757287297,278.8453883483553,-140.40116922881725,27.460876687009495,-47.96522471418699,38.42448086295734,17.784523019842233,103.75357438237089,57.9544003602143,-5.460262266653803
159,-587.9698065049079,0.1382828213409752,121.64943060674723,379.11317450744673,36.87673294198347,89.2731819773336,37.14708748475728,-75.74556704710162,160.67754051896057,-228.19395222686035,-25.870848377406322,-81.2194467514735,172.60120129615092,54.75864894856729,107.33823408210041,76.26342465702196,23.894906733625966
160,-685.2765919937259,10.916008709730194,117.23440415152908,275.9821497826905,17.06047745006532,76.56646314064982,24.635122436190912,-85.43421652787922,98.24483795963418,-214.71351057356176,0.35181296313057414,-75.20321179861463,100.6567817786005,37.02734125607539,106.41149911710079,62.20828766177559,28.608004940375967
161,-672.0223501239224,25.072491247498785,109.28467919335426,237.72556327121833,15.808404920289997,70.03641799403314,22.775384455583904,-79.73451176383111,78.76390995177707,-204.8099383187807,0.12592267179350172,-72.60778870958717,81.00090239217045,33.767171207235535,100.1251336916601,63.27911835327541,7.96259026940798
163,-539.4331203992623,6.56041149733897,115.54453836022431,372.0271630926476,38.773829602100264,84.9841212410903,37.478982653011926,-77.49813778074896,195.90789999123785,-213.88156769069596,-23.932333503405026,-77.65252566245555,165.92856027803734,52.107453218592894,109.66383071136475,76.94078866718404,17.502870466919816
164,-400.8254975169588,73.50018561746671,61.71146201142808,134.3876751203277,27.74721101165085,41.61046648628485,57.264132515553634,-34.60758100767675,64.86495375245578,-133.45000419860895,-24.885116335925392,-55.14396266944531,49.6670054361573,29.309543922746194,61.09324512733584,80.5138928326563,-82.73085443966131
165,-672.0223501239224,25.072491247498785,109.28467919335426,237.72556327121833,15.808404920289997,70.03641799403314,22.775384455583904,-79.73451176383111,78.76390995177707,-204.8099383187807,0.12592267179350172,-72.60778870958717,81.00090239217045,33.767171207235535,100.1251336916601,63.27911835327541,7.96259026940798
166,-517.0073719019483,-19.88713188246755,71.26825894377225,171.41321048239328,24.338506222273768,53.144946030019234,12.744064822126099,-15.899688241096724,262.1268811813782,-187.50390835134456,-38.989506666244985,-53.34703034399156,57.07255814957897,29.94942645177301,37.31698151999996,31.994911576635275,24.701803634517375
167,-293.7084748864608,-11.855566548150936,51.43618874903218,124.21041759097564,10.108236017050821,28.918028383826474,0.8918775038679937,-24.710156107151562,69.28657942872337,-98.2946680271582,-8.507227641799933,-22.071985102788545,26.21416330532713,4.4201095055811965,38.62289751806943,287.08843838310577,24.258586128776436
168,-653.864053150265,-1.5297663190858906,106.66552818241699,225.42969124569615,8.83101103307027,63.941013374845156,17.907401735500283,-89.80746498354898,86.50287669350823,-188.6226777775517,-8.607203455960919,-67.83015127235645,77.26233774737685,27.4816271567647,95.90590759884589,46.98317578200743,39.3002890112344
169,-533.1478096830847,-14.922957417724941,110.41707677039973,355.96142984055393,33.5431594299448,80.30578848746146,34.15701468215233,-79.49728870797968,170.47403724888807,-205.70178942912926,-44.01196038234356,-75.30994640129904,168.64032487020873,50.42199913861832,98.9158392568507,65.7513795430774,31.00351230599756
170,-427.0768203297678,4.756134979793286,76.11678913285225,151.77994684129806,10.7799795650613,41.474628263019085,-23.568045841143192,-47.522201741181085,103.46720341131939,-331.1799012428759,-29.5096980184528,-57.31495537812692,52.58123520530153,8.98304259479056,69.41192422670636,30.274438028462352,55.64850534773274
171,-202.25647328239322,11.821965981390107,44.778090192333686,156.1311413998425,14.905743312115364,15.21881576928569,5.541852327866103,-15.144900975490254,65.32582049085465,-102.59252556423348,-12.356374343456205,-204.1548176529714,-17.685151279674752,-21.07676443290144,2.867581856432284,-5.415022054025072,-8.521682646982995
172,-638.7273170470722,2.883888368077328,106.32922649350174,233.8727780760759,11.867822153406772,66.84861372169651,16.422304370417717,-76.25520000087613,84.95073456579588,-197.8364113455988,4.313241125150063,-67.05243123573479,74.7387664144187,27.084349601402046,95.98831672176237,47.7483843269116,-13.895777259783912
173,-485.4224235778557,4.257474269485286,91.85953414701935,223.38495665040423,34.61065113541607,60.60704722986973,47.54696528530625,-63.81410239466923,157.42501776589526,-335.9924761184958,-3.972863382602687,-37.401398373548076,63.25318804497987,29.922844270133268,90.96982868824132,44.297656294994,-28.320763533538713
174,-494.24028233289783,9.389160650854132,90.0536322741792,210.55416605985462,35.10712416608665,60.07596721220584,47.125006372882176,-55.5836430282358,121.80580672578823,-344.19029314569235,-15.18324056138854,-40.0206465404214,64.81110111659422,32.36057053397413,82.56540409701573,47.505859520102696,-43.97476310540083
175,-180.36497649557185,-0.9325759206718798,68.89416558095763,137.27631641514233,21.59190939405774,37.88902732297307,25.060243702674246,-40.2618160380554,106.89024425507588,-111.2142851935512,-11.143509059674326,13.276171754079748,58.34637063310047,26.56277156112889,71.57947991430194,24.611767290405716,-18.830771883366854
176,-485.4224235778557,4.257474269485286,91.85953414701935,223.38495665040423,34.61065113541607,60.60704722986973,47.54696528530625,-63.81410239466923,157.42501776589526,-335.9924761184958,-3.972863382602687,-37.401398373548076,63.25318804497987,29.922844270133268,90.96982868824132,44.297656294994,-28.320763533538713
177,-522.9629488241836,3.1004021669842836,75.14015459737976,188.5137816273251,29.773577079256643,58.18837751783761,16.539862900584563,-14.370441396800382,288.6017270786668,-196.404499531239,-17.685817448242886,-54.567540081716224,55.31454080343412,33.68330660676561,48.93504442571923,43.16461410753046,10.935480359242613
178,-681.3786659048504,9.832587932286234,117.075378641606,274.76385306264893,16.98312718960371,76.38983635230453,24.67585973293053,-84.68963709147525,95.43495549941882,-214.28961266792382,-0.5228268539332835,-73.7912631071759,101.08960822306103,37.23889677690799,105.63680999816263,61.480236459470426,28.227131862785033
179,-333.59216752709966,-22.262413685089143,61.09528222656547,159.28462204940854,14.648743710768088,37.8554695908103,-2.6331532358530483,-26.69098935656103,108.91920252418112,-137.8328140628971,-9.993098644012607,-45.65325923508763,38.23468930110124,5.024583720105161,53.944728210214215,12.640846520889726,-211.18213712280223
180,-392.1483348544991,20.586241063113636,79.19747480316607,152.18056481933203,14.418609910679574,44.22960770001545,-20.936273013606662,-34.232229015970915,96.6618581961473,-338.29181080630525,-15.170567511978303,-67.18250061244765,49.1409255840553,10.245974777860388,71.52675931614226,39.98595445291585,48.982236817295735
181,-423.55542937864124,53.441719300338384,76.78609235138333,203.0446382979972,27.25784048550368,49.37940291697736,21.630720990694183,-71.62477674107753,278.8978778316262,-140.10091639031768,28.156488272193194,-47.66961289857104,38.73664587553681,19.14463821313767,103.55299964032326,57.42945168960202,-4.644754677445726
182,-423.4949658789682,-63.4389984130035,58.73273165327514,160.58281668456485,0.6528998443969094,30.74863177348782,7.57773726819425,-100.81483715681554,135.15045618910443,-103.34651382284818,-78.94326618724538,-48.14855338258187,74.52074457110957,13.041703036880245,61.91420515014856,7.235130915730195,73.74072666198356
183,-686.8373661501795,9.798986855381695,117.49426781922134,276.1926715628737,17.206218231929903,76.80761398142516,25.112230247704957,-84.96128817156362,95.81437738567614,-218.84619339544327,-0.5193390647424244,-75.00577497239213,101.17121355547103,37.290227724800495,105.84953932109828,61.84296450854835,28.212185848139242
184,-333.59216752709966,-22.262413685089143,61.09528222656547,159.28462204940854,14.648743710768088,37.8554695908103,-2.6331532358530483,-26.69098935656103,108.91920252418112,-137.8328140628971,-9.993098644012607,-45.65325923508763,38.23468930110124,5.024583720105161,53.944728210214215,12.640846520889726,-211.18213712280223
185,-496.2615326122332,-3.052782988794291,113.60675433964634,358.9380868290059,38.22656929464885,86.33794088085499,37.94084479370897,-68.54233451147371,166.3585684040038,-209.0894840450296,-31.2784862853368,-63.00589674937431,169.7885580492369,54.231971023674674,101.40023969520887,69.9673679952948,12.273107582231763
186,-379.7707515642738,8.094060564490663,61.899627219800564,132.88078785372505,21.104953949068836,48.845206674103416,17.731211523955217,155.09854398904503,142.352245130263,-137.36612834092227,-8.882955768997455,-42.06108274837495,66.17555185553677,30.461229377834332,10.406215440397128,44.38646935058646,4.286458912380678
187,-365.6122699938278,18.959471094441874,105.41096066014553,200.52783411801204,22.80202690929862,45.314995734554635,21.506097933312354,102.2353841129574,74.31715352892584,-143.7371148207603,-3.3512635202378234,-48.0406635718586,46.09013822886426,8.713180675657284,150.4842168427532,36.20510171667251,8.692302178102587
188,-672.0223501239224,25.072491247498785,109.28467919335426,237.72556327121833,15.808404920289997,70.03641799403314,22.775384455583904,-79.73451176383111,78.76390995177707,-204.8099383187807,0.12592267179350172,-72.60778870958717,81.00090239217045,33.767171207235535,100.1251336916601,63.27911835327541,7.96259026940798
189,-509.72511799467435,-5.161575756402911,98.69774076865728,252.92295860131645,36.818922114006156,67.39099111589378,50.14797297425057,-61.928282553221656,142.63445984812188,-351.67543477874887,-15.247325761545467,-43.00025968721662,86.78979440297061,36.45054633264839,89.44610240951802,47.151822219876735,-23.822547215560473
190,-529.4860438159625,-2.2730312281754403,76.60623871273731,182.0719604455205,28.348289201634255,58.61764576851413,8.648326966378237,-5.047951122428477,258.7738377048769,-243.0087626768614,-26.05050753090402,-56.85256308963863,58.499403073307484,33.11191671336427,41.84487126447217,39.96502561607894,18.927276663072497
191,-509.4598530360852,-7.428236660582905,98.1456923153349,251.27324343108845,36.24633101270684,66.89080156419561,49.77433905562844,-62.2331414825144,140.12068426121803,-350.8136702947568,-17.38121321286487,-42.89685629058131,87.04300975271626,36.23976748811427,88.33795770556515,45.98944911745435,-22.280156669263953
192,-432.1188273004242,71.24493411831338,66.43232900596024,147.58254900781037,28.665593750582207,44.714271702521756,22.582132155063274,-37.195169577071766,70.61997176455444,-148.90653835230054,-25.72353117543718,-56.181461973977555,51.2647968714271,29.644776040232998,64.32033055519634,126.8407862207988,-83.86071544054629
193,-408.06985326653904,71.33296361587487,64.07070207262964,138.2858551155591,27.709907979447145,41.44785501060186,21.884948115806193,-34.424724429393095,65.09254877023284,-141.8144420266912,-26.779585209204587,-55.91932305700843,46.18439310789554,80.50093252227465,60.30367807617711,76.31342851417487,-86.47501243544849
194,-270.8715547517464,37.50444444201104,224.91003788822096,122.54971231731604,21.386921557478068,38.146296598889954,15.898622653379777,-34.814456274320314,84.46986874220522,-113.64258790366966,24.121083956893923,-34.08188112395662,43.039717438656005,11.984306423492223,45.88638324966354,31.767759179648927,7.852817376965578
195,-513.2386239656435,-5.280288739107807,71.99534391504471,173.9511005382521,28.44820136582876,57.962558786163186,15.665153515763073,31.239099619450887,260.53292531201754,-195.56854918886685,-25.374324370669758,-53.328735854952434,60.7605708416368,35.85127376752695,29.936620523295797,40.30935898378615,12.861786266770727
196,-214.72445393145748,18.195658021683634,62.45457958261835,131.56109406077306,15.760147172766402,33.27826570670125,16.71034050796871,-24.79538101474908,84.32756471899377,-140.3946894822288,-4.1461043974397285,-131.63702700476995,22.029408972079718,4.977656719083333,53.748953332641285,42.77113204588352,35.87212362209922
197,-426.6354803958709,49.752737968059215,80.17329655296314,204.45888863205604,27.681911532862056,49.88846151256822,22.00338547686488,-72.17846487556746,279.65809532445127,-141.4982017191971,29.412256516191974,-48.13703433747603,39.17058897805512,19.436470211741753,104.28116127520668,58.23265958585564,-5.078673886279721
198,-205.56168699528982,15.318092905038426,66.47716370039926,123.2251182907305,16.769435894183122,36.85256629625423,19.594739836686614,-29.521129324499125,91.68310075740173,-142.79201384490585,-3.8529657557409487,-83.0096783784376,35.4042957892136,14.09664372047473,66.95718127613726,46.819075788568306,31.868113672927624
199,-533.833492290377,-14.526547043819395,110.37401131179335,355.71295503819334,33.43409072790154,80.29950143072027,34.049457801021674,-79.24489490916422,170.12755178930811,-206.43077187987004,-43.836946187032574,-77.72669740605618,168.12484334661022,50.13109108634782,98.81514011307313,66.32448209031332,32.25865447537674
200,-501.3795262229435,-0.07694070192778996,105.45210448659043,381.49111324413263,34.9788056478636,77.11765481456767,32.42126872893279,-62.679823650547206,159.6941732216515,-201.01123807484788,-30.584926099488683,-73.3175288886636,153.25816700459862,49.26129047432533,89.39632410511035,69.49551033447993,14.501237609223011
201,-450.948314006299,-7.024107742299659,84.2413553042538,200.15799675990542,31.516688556033234,55.10304963692285,42.83845035915995,-50.72063200504375,120.34547711397012,-325.82824172178454,-12.370235231336403,-31.1461511461056,57.179052029923255,26.503770242285796,74.71444196732533,89.40633898355154,-25.183190073614576
202,-509.72511799467435,-5.161575756402911,98.69774076865728,252.92295860131645,36.818922114006156,67.39099111589378,50.14797297425057,-61.928282553221656,142.63445984812188,-351.67543477874887,-15.247325761545467,-43.00025968721662,86.78979440297061,36.45054633264839,89.44610240951802,47.151822219876735,-23.822547215560473
203,-229.15520795783524,16.720612913601425,31.015184205475983,131.56392332200218,24.281123140815208,16.35681337182164,-0.5707069497545605,-0.9527282249623845,7.905809325075373,-94.97066644023936,105.83589304144685,42.270303780238706,-29.321303922950886,-9.53627959431907,31.55382460068288,-9.126959397880999,64.15746108173119
204,-339.66369355399365,18.861438762812174,64.28597679038029,132.49638612635866,183.86313472835928,39.811242138670615,14.153067905540677,-31.27217667467775,92.84095155548474,-126.12788468100382,-34.52156071485165,-41.00690348564057,45.13186611616762,25.442045193288063,55.93757536805106,43.78955487914868,-26.04040323068633
205,-491.22454070033143,-2.7128245346615385,106.94178755692933,346.90033920829484,35.805582401591536,111.50666371963663,34.701906415161126,-64.39719965562452,155.96896739808332,-200.17074353626182,-30.009506495275602,-70.03852641436032,163.9576581361508,50.5116251061764,93.74884098910685,68.82229305470076,16.79319121821007
206,-185.58266834818758,-12.442476937853964,34.096493120924755,83.65054350046522,8.635165599684603,16.965844635608015,31.613069835701637,-10.308829586234449,59.84587660860556,-61.03286264425645,-10.183655908225502,-11.352988161603493,11.800995158351684,-1.5019452444912242,22.70866017298642,281.9446410256113,22.125683520814277
207,-449.3491276857227,66.63250979118926,70.03141048860577,158.5845774065923,28.948142117239673,47.48638042482536,21.712226378474817,-39.209830574101,78.99758497252017,-158.87846872748707,-24.914588993590883,-61.597082466111566,54.912770132988186,29.76375815645718,68.62248855057238,71.24691698620342,-126.2377015403601
208,-378.01385610316953,7.84928343759875,64.44924314128782,131.645483186691,21.05503296572261,48.75936785419612,17.62983855275742,155.86924020568887,139.31408649120485,-137.31845000733642,-9.030278095942396,-41.94301320365711,66.40073916906856,30.276306015548414,9.289041763089584,43.95638396713409,4.552855651360849
209,-517.0073719019483,-19.88713188246755,71.26825894377225,171.41321048239328,24.338506222273768,53.144946030019234,12.744064822126099,-15.899688241096724,262.1268811813782,-187.50390835134456,-38.989506666244985,-53.34703034399156,57.07255814957897,29.94942645177301,37.31698151999996,31.994911576635275,24.701803634517375
210,-496.47087612487076,8.994906781365676,90.74801581048246,214.66637208984426,35.566849584230845,60.860945969277104,48.28823499364357,-56.228577789173535,123.15353184026473,-341.7718625239678,-15.473216052882538,-40.40483659818917,67.13391501654057,33.19037628380854,83.15973698407734,48.22265291137656,-44.46796188652845
211,-420.0258929814732,47.71824865323285,80.15313825026942,210.0323700560787,27.963065317467873,49.707052504265825,27.80001805179502,-83.24563111452403,253.7730604615099,-168.0808477969938,29.99204832310262,-44.573372324294134,40.31395383568303,18.47130644742657,112.50937874424682,57.43107977445202,-11.445411110882072
212,-327.697479650651,9.724452842138094,65.92968321868796,156.72054723393032,22.72461128350806,206.14666936273645,13.450307353812471,-23.180310231031438,90.05802604491842,-135.22560989062663,-12.268525580835677,-44.686865206957975,39.249926581368605,14.122313474446637,49.68572672925493,34.401342710008954,11.890529964626811
213,-312.46559946240103,6.724084955551601,81.65690146266341,111.11327281111325,17.321450549258604,41.52700060430886,16.46394274844083,156.17052744036252,96.24427307941855,-113.23976247016428,-8.083122028994831,-33.95173321593398,59.41340004780917,32.427127638526436,5.369068957352671,38.63735878956242,4.53296397655279
214,-669.0567857856867,23.852391457306364,107.97283000429432,232.7938478842223,14.990450376925116,68.7824568994434,22.112749682634625,-80.24890623106245,77.89352968907029,-202.20562287253827,-0.7552467374211531,-71.88228961143315,78.6389392576949,32.83109213353306,99.18629190756535,61.79961570364383,9.005179002595805
215,-443.2430500651169,-59.658875507172226,56.698944880393135,132.93630649512505,-3.9499677341053636,27.058248749947232,4.4635129025322025,-102.12635298425025,118.2929837329618,-99.03994188089169,-72.59864431364116,-46.247540133907826,55.88297614550189,8.585255251307101,60.822358421655935,3.8785905057731607,73.00311625353572
216,-348.97348438697617,-4.572597915647432,91.31885020027548,190.17402634418346,20.326596365801635,41.191278463271715,18.47546569262103,109.81459620539718,67.94480853320489,-133.1670182083298,-25.15320271277941,-47.20139138396366,40.16551895767878,-7.285687740765602,144.51572823886153,34.33478261657659,3.6625416609319865
217,-392.1483348544991,20.586241063113636,79.19747480316607,152.18056481933203,14.418609910679574,44.22960770001545,-20.936273013606662,-34.232229015970915,96.6618581961473,-338.29181080630525,-15.170567511978303,-67.18250061244765,49.1409255840553,10.245974777860388,71.52675931614226,39.98595445291585,48.982236817295735
218,-410.05179016553683,-64.45351025716712,48.908908831261684,120.07510629749267,-1.2604758138599488,24.296394689634027,2.976956267571248,-87.2012886645971,153.07103009942327,-97.18196152201335,-78.12436954377092,-42.500610425044655,51.06807413000454,8.80975874450569,52.933997919541476,-0.4196075735380381,71.95708822094609
219,-244.87037208423067,19.19811470154197,68.4971480846157,126.71793645211037,15.536330453629938,38.1613424637445,11.360054268121813,-28.53211156224768,90.0519589512779,-184.05592925142145,-4.645890357663028,-97.85836739514488,34.14013904754239,11.252094346986837,67.05666108430293,49.77456201273271,44.23297671937283
220,-423.4949658789682,-63.4389984130035,58.73273165327514,160.58281668456485,0.6528998443969094,30.74863177348782,7.57773726819425,-100.81483715681554,135.15045618910443,-103.34651382284818,-78.94326618724538,-48.14855338258187,74.52074457110957,13.041703036880245,61.91420515014856,7.235130915730195,73.74072666198356
221,-353.64477379712775,47.70866576553258,66.43101023239828,176.59386735227687,22.878124847798375,40.61126351718443,18.5678774428078,-78.06672575516824,238.71322101214287,-113.9970762665221,28.80781039245815,-40.70450433268027,29.788685848965052,13.115515732020999,147.5579583509835,51.44733708945672,-5.660904874715077
222,-653.1743333940786,-2.019077122113592,103.36278670063342,225.38423611919418,8.905525369142724,63.56912056659284,17.634737612292742,-89.15854616406253,84.97943039066313,-188.18653278553242,-6.940590920541899,-66.94551634940237,76.045291557873,27.36274373255443,95.81585856144471,46.215462496767955,40.44039957643681
223,-496.2615326122332,-3.052782988794291,113.60675433964634,358.9380868290059,38.22656929464885,86.33794088085499,37.94084479370897,-68.54233451147371,166.3585684040038,-209.0894840450296,-31.2784862853368,-63.00589674937431,169.7885580492369,54.231971023674674,101.40023969520887,69.9673679952948,12.273107582231763
224,-431.4211452134017,48.42285605684207,85.15250893072242,240.74715442192655,28.95929191947769,54.83325952542789,25.91894847992602,-85.87955929829371,261.6437129591198,-144.1795292006823,26.176388180785075,-52.768697601706435,61.32142090918964,23.095444051858994,116.43594750569046,64.25560677881633,-2.4892020574279297
225,-140.91593481086502,-4.229350818324327,22.02884338210744,50.25118066281152,7.590863689267815,13.47055177962989,0.6772170036006844,-0.7020767946925646,45.78384327786246,-65.35302804700106,-13.903378740019486,-17.869101615170432,10.013881104704934,1.093068993385506,272.94203566776486,9.174583567497928,2.4976666636881317
226,-276.56001151412727,21.89922990655419,218.4850195426908,122.75409576843049,21.445162192386647,37.55078782210235,13.75946692259357,-35.558330858625396,85.75348957425686,-112.62583119529887,11.549292569729545,-37.18229650486262,40.65297148264496,-11.043927658132613,45.1816264120956,32.76150353990286,3.494568916534839
227,-513.3440148545947,75.84102789605383,79.61472843321926,175.98300087654965,29.61032317211842,54.065601700843644,27.066431258818994,-49.50480041474576,74.40808671836645,-172.18971042955874,-23.508717874146758,-66.75665296793323,64.85294930308797,35.8604045741908,77.79084134903827,81.54685859437615,-82.73788117783133
228,-440.56419384215917,16.682536928918324,83.77395570677689,168.70502304282516,17.631138652330854,48.46396750189253,-15.604555935686436,-39.220284006193964,103.57444619494004,-377.2967760248329,-16.710817377868576,-57.57686022179585,54.59631262054186,13.377456727219915,74.56034483949686,38.45531201857182,37.536497146425305
229,-484.131314530284,-2.4992256992144117,91.07918277828728,209.89358817965285,31.927246034344343,59.06364195278156,38.0663226623713,-54.224489597142814,125.62762996500074,-374.9597787884935,-13.197576308986532,-38.56500957470017,63.176952380708016,27.850436134299677,81.93840549186625,44.48721956455099,-18.3653498934511
230,-456.73246371212446,16.95713288171746,89.2352810234516,201.0971007112584,18.959524998710123,54.01423920891643,-16.94169811165036,-42.378257068867505,112.17100603838718,-357.22305570530017,-20.698003926306242,-64.56994635966726,76.20086655005697,18.343833331815343,78.80034206765372,45.06946452477815,45.22261801585448
231,-490.11947945459167,-2.2655981755059327,92.51370614136226,215.08289851818836,32.467031374629784,60.29497508807273,38.80468762096373,-55.269399405905645,127.5138133791596,-377.6022919582446,-13.600288888710237,-39.78045481105768,66.17683388772836,28.87778906347269,83.3334706190439,40.30101785434733,-18.390757591175586
232,-514.796921631109,-5.957045921428748,99.32833770400697,253.59466420512717,36.569494002591924,67.81565139716426,50.11482377500343,-61.925472876399226,139.3162068363941,-353.0688791165266,-15.806495014924945,-43.44688190322208,87.58156592735375,36.72496869984204,89.22345054766717,47.08762837548747,-23.169755264678464
233,-267.1763100039599,15.255576006657417,75.44098344764825,167.8399967520065,20.133584635071887,46.011130034457096,22.992340475735798,-34.98145917162508,103.52921009604309,-159.87162303417605,-7.545645272603007,-101.70026797282256,57.36827804700583,19.550151845330895,72.9999899549189,56.942495925471306,39.30098890809664
234,-379.5054866056846,5.82739966031067,61.34757876647817,131.23107268349702,20.532362847769516,48.345017122405245,17.357577605333084,154.7936850597523,139.83846954335917,-136.5043638569302,-11.016843220316863,-41.95767935173965,66.42876720528241,30.2504505333002,9.298070736444252,43.224096248164074,5.828849458677198
235,-409.0626413236928,9.088133241572967,89.36247478923873,244.72850813668867,25.44852686540127,53.62710546816796,25.350780472107903,96.41864580911341,88.97552600428618,-160.978520280762,-18.023213036437426,-56.15514133388938,70.46098801016439,16.282352822510664,159.5253865618126,44.16670508288637,9.504653973811328
236,-522.2557812969187,4.528993980555069,75.37772198246864,188.7072286886458,30.213630609213173,58.66598519636834,16.826025880724544,-9.504628365882516,288.3086224889056,-197.18266898099384,-16.320780689166167,-54.54706305567515,55.60592845750874,34.11088216737588,48.14334673942977,44.04146169757841,9.585720403698907
237,-674.9861850164989,10.685144557309014,112.1238816374224,244.39550696078666,16.15987069293698,71.4656459934285,26.590318978893645,-82.04173588355998,86.94703686946124,-239.19276781042046,3.017437838420128,-67.30823034366642,80.03738740224996,32.72995685301049,101.70392118524074,55.77626031904951,18.037076051622847
238,-386.84919680589434,56.44069592779871,103.0506607882195,195.57410558390617,26.006447665359786,46.43715589743938,22.015210224676558,-80.26795251124169,247.69607981050862,-126.27723624232001,37.23034533238317,-45.36704513934069,37.421509202295596,13.993208137316367,106.95723993119643,56.78345747220064,-4.823252798713166
239,-423.31503809499424,48.879534951832596,76.51133149738101,202.56086480889314,27.369079251105912,49.30587227454273,21.658652198678006,-71.95834219996011,278.75980944461463,-140.2701857216173,28.570003022199472,-47.67078025680999,38.40730664272207,19.348700971212217,108.3412331171854,57.699047547581245,-5.162439093879912
240,-520.5755641968814,-17.299545970635666,70.1717185174783,173.66634509527302,24.62025716756279,53.68667155255404,13.177157632985349,-17.114171760435035,265.97774679653236,-188.64861917531027,-36.89080451011756,-53.636909511998454,57.59347895114496,31.786297005958446,38.96174209014331,32.70325618572899,24.81699527591129
241,-640.4393786276294,16.667187676506835,134.58050755570378,229.15938577444214,13.535042094648094,67.67016996096312,20.357750262319318,-80.12746867011992,81.78342922411919,-195.94945313120746,9.27188266340927,-67.69815593961359,77.01008542145209,27.714326496998638,95.82464683865386,53.57376525273749,27.816344745387248
242,-282.1415434159545,-2.696690636295053,54.264572786801395,125.96843780607396,211.87026313781786,34.19428838306978,10.112305021969437,-24.47383356197286,82.22328157612061,-110.39066006912724,1.2371134276026818,-38.34387423226243,37.685210350653435,2.7738138883903334,42.462368938602545,26.504717567139917,24.672115417047483
243,-372.0716290501296,12.870238076843858,76.4586680905386,200.38038299094086,21.514506171053164,45.56863123229065,21.476020570604053,140.16969344673103,77.31879285911245,-142.48856172986814,-11.964485386429658,-48.541419242902485,49.03443621535182,12.728494086893782,141.72718729709322,37.98773395263119,6.402209160506386
244,-281.1567203709841,23.040412637983298,216.5527503639719,125.28028794397625,21.764689979919847,38.08653742749795,14.00299718679427,-36.99040972281298,90.17485368354494,-113.78475914321959,12.484318144630642,-37.84887506719317,40.9665783781615,-11.561653051440445,46.93083184141399,33.65896914559075,3.1383098002579928
245,-426.84946369365696,54.13372116640932,84.86696910395226,239.7473145910617,29.05789099007241,54.73855166162791,25.818544941179656,-84.25031601786723,260.3591124141404,-143.5963300222091,26.90718506116076,-52.2866100147189,60.859449770457466,22.829467535503127,115.69875689745238,64.18468660153272,-3.3312766559102838
246,-428.39854462732967,49.40932832332601,85.02983475670737,240.4895594703871,29.237461122557132,54.85588748472646,25.843218294282863,-84.32025502229953,260.62790980766766,-144.14133147717357,27.460270169723437,-52.278751463502964,60.68350253664484,23.00417019638846,115.97972416260758,69.92131113865156,-3.5063830928912685
247,-629.9755601108633,13.150339240065138,101.04069295849489,231.1359731777761,14.416015051118343,63.614765832315946,17.46160816459593,-71.88207602587178,65.18999154692294,-191.07655828502277,27.19324746417858,-58.511370089665334,63.344690384298644,26.4305769405499,93.89473603757436,46.198240359252566,37.52913561997485
248,-267.1763100039599,15.255576006657417,75.44098344764825,167.8399967520065,20.133584635071887,46.011130034457096,22.992340475735798,-34.98145917162508,103.52921009604309,-159.87162303417605,-7.545645272603007,-101.70026797282256,57.36827804700583,19.550151845330895,72.9999899549189,56.942495925471306,39.30098890809664
249,-513.2386239656435,-5.280288739107807,71.99534391504471,173.9511005382521,28.44820136582876,57.962558786163186,15.665153515763073,31.239099619450887,260.53292531201754,-195.56854918886685,-25.374324370669758,-53.328735854952434,60.7605708416368,35.85127376752695,29.936620523295797,40.30935898378615,12.861786266770727
250,-672.0223501239224,25.072491247498785,109.28467919335426,237.72556327121833,15.808404920289997,70.03641799403314,22.775384455583904,-79.73451176383111,78.76390995177707,-204.8099383187807,0.12592267179350172,-72.60778870958717,81.00090239217045,33.767171207235535,100.1251336916601,63.27911835327541,7.96259026940798
251,-267.1763100039599,15.255576006657417,75.44098344764825,167.8399967520065,20.133584635071887,46.011130034457096,22.992340475735798,-34.98145917162508,103.52921009604309,-159.87162303417605,-7.545645272603007,-101.70026797282256,57.36827804700583,19.550151845330895,72.9999899549189,56.942495925471306,39.30098890809664
252,-653.1743333940786,-2.019077122113592,103.36278670063342,225.38423611919418,8.905525369142724,63.56912056659284,17.634737612292742,-89.15854616406253,84.97943039066313,-188.18653278553242,-6.940590920541899,-66.94551634940237,76.045291557873,27.36274373255443,95.81585856144471,46.215462496767955,40.44039957643681
253,-503.67802445314504,0.8735475886908668,113.91665161832891,357.7908663188127,37.40488081788927,83.47854555357846,37.22515802446328,-66.47896706285788,164.04811391997333,-217.370279720078,-29.669342086678203,-86.39200350083601,165.2816205813725,51.736262269580656,101.24340366922222,75.82562401660881,24.322297760914765
254,-522.9629488241836,3.1004021669842836,75.14015459737976,188.5137816273251,29.773577079256643,58.18837751783761,16.539862900584563,-14.370441396800382,288.6017270786668,-196.404499531239,-17.685817448242886,-54.567540081716224,55.31454080343412,33.68330660676561,48.93504442571923,43.16461410753046,10.935480359242613
255,-264.37275693203827,35.60371257212933,197.6247869470913,120.80255796838422,20.64993820582029,36.18735512225479,13.600052415234563,-34.327402534977985,85.2617427236179,-111.0096576219,23.331427440264715,-34.18005554131066,38.857653393941206,55.43071256043984,44.2851316597173,29.95279379992516,6.674733690084626
256,-670.8828249007295,25.002030507137864,108.78474212530895,234.65408483463355,15.708782260089016,69.52379729191694,22.963491412770804,-79.47111894545412,77.97684470201608,-207.20007017841183,0.5074886860252564,-71.78825618184595,78.90015568481978,33.304757446792294,99.73247681551572,62.59666565283898,7.066969364062563
257,-379.85997681295356,-34.91768818377153,69.4315961622599,179.22055958488534,11.520977850338157,42.77857199534452,-3.457651379074288,-34.78346109229773,111.17464546855207,-148.15431990309085,-4.462516732568432,-49.150087563458584,44.45402961313251,5.015020086702093,60.133687494949676,9.119092210128887,-187.62634437029274
258,-672.0223501239224,25.072491247498785,109.28467919335426,237.72556327121833,15.808404920289997,70.03641799403314,22.775384455583904,-79.73451176383111,78.76390995177707,-204.8099383187807,0.12592267179350172,-72.60778870958717,81.00090239217045,33.767171207235535,100.1251336916601,63.27911835327541,7.96259026940798
259,-249.98276111032249,-79.38178049664313,132.45070194617446,93.03746265510307,13.644285251757152,22.88802420573552,0.4501179051002145,-12.2249851252955,90.15297320580464,-84.31033885449672,-75.37552896323434,-33.76114548184909,12.899361586223689,-72.2221341352441,23.160306445346812,23.245514514622386,-11.10465269495552
260,-636.5077454040006,12.994179436422238,102.86494192692807,233.63654989641842,15.098139998737507,65.20520297302961,18.293743803193205,-73.12388600802407,67.41934645837492,-194.19231865725712,26.819177426814136,-59.57730580822678,67.20158666088916,27.46157132859842,95.86299824873696,47.3761350499744,38.17486166422356
261,-685.0113270351367,8.6493478055502,116.6823556982067,274.3324346124625,16.487886348766,76.06627358895163,24.26148851756878,-85.73907545717195,95.73106237273035,-213.8517460895697,-1.782074488188834,-75.09980840197933,100.90999712834615,36.81656241154126,105.3033544131479,61.0459145593532,30.150395486672483
262,-489.7900760230901,-2.3347983621130264,91.70561846610535,211.4126308888819,32.287026324172906,59.75906021360767,38.38590522591519,-54.00684547822667,129.3676899209082,-377.2527505950555,-13.475358567606994,-39.318755099442896,63.96455349823629,28.509306131236144,82.11889489333097,39.62549436315426,-18.52210539332913
263,-672.0223501239224,25.072491247498785,109.28467919335426,237.72556327121833,15.808404920289997,70.03641799403314,22.775384455583904,-79.73451176383111,78.76390995177707,-204.8099383187807,0.12592267179350172,-72.60778870958717,81.00090239217045,33.767171207235535,100.1251336916601,63.27911835327541,7.96259026940798
264,-489.7900760230901,-2.3347983621130264,91.70561846610535,211.4126308888819,32.287026324172906,59.75906021360767,38.38590522591519,-54.00684547822667,129.3676899209082,-377.2527505950555,-13.475358567606994,-39.318755099442896,63.96455349823629,28.509306131236144,82.11889489333097,39.62549436315426,-18.52210539332913
265,-552.018261377727,-3.6233347796620876,118.02050086313176,373.87478594294043,40.509406623825534,87.41825760814241,42.174330582509256,-71.20954994159892,170.58749110020545,-255.17019818600212,-31.359971793196657,-75.18821126202702,170.43495967419787,54.64504405037341,103.5880094082568,78.95326149474687,12.527498509089282
266,-424.56048994348436,49.10711378460645,76.55923239878025,206.4756167972158,27.29507101065468,49.13763473465343,21.56162366379255,-71.49781557212037,278.8235037278604,-140.17267064279898,28.680930838396613,-47.811263865151155,37.70368387215402,19.3156994151475,103.2607698214935,57.80197982579537,-5.4909948563999205
267,-480.60522431157256,72.87660195178896,75.77819195625705,168.76086802731754,33.067220551426786,51.90139603427136,31.846851312856632,-45.010339480930426,81.61115340853323,-199.23298864612357,-25.93499683035669,-60.14058906014038,60.25614486812391,35.2941677275307,74.344413065529,78.15424211439792,-93.0710014712453
268,-307.04896001869673,3.53169546800222,61.75231454232082,127.99966557880329,213.8823367766199,37.570933241152865,11.698307393340793,-28.88696866674309,94.89252045472281,-117.71858817789813,-28.2705733525339,-35.16311188863022,42.58103840599344,19.931970997047877,51.770387998345946,28.80110571393869,-4.017159648687979
269,-510.1948235823479,-5.813883000902033,98.76315796809158,252.09275278809486,36.60456013792753,67.35978390171408,49.273745207816326,-61.0738122543453,139.64333940944832,-355.83641636272375,-16.210068312156217,-43.23816533096758,87.08215898724546,36.346040811982334,88.68246660259828,46.752158375812066,-22.82954662132416
270,-653.1743333940786,-2.019077122113592,103.36278670063342,225.38423611919418,8.905525369142724,63.56912056659284,17.634737612292742,-89.15854616406253,84.97943039066313,-188.18653278553242,-6.940590920541899,-66.94551634940237,76.045291557873,27.36274373255443,95.81585856144471,46.215462496767955,40.44039957643681
271,-409.0626413236928,9.088133241572967,89.36247478923873,244.72850813668867,25.44852686540127,53.62710546816796,25.350780472107903,96.41864580911341,88.97552600428618,-160.978520280762,-18.023213036437426,-56.15514133388938,70.46098801016439,16.282352822510664,159.5253865618126,44.16670508288637,9.504653973811328
272,-672.0223501239224,25.072491247498785,109.28467919335426,237.72556327121833,15.808404920289997,70.03641799403314,22.775384455583904,-79.73451176383111,78.76390995177707,-204.8099383187807,0.12592267179350172,-72.60778870958717,81.00090239217045,33.767171207235535,100.1251336916601,63.27911835327541,7.96259026940798
273,-512.2044896314018,75.77056715569292,79.11479136517396,172.91152243996487,29.510700511917438,53.55298099872744,27.254538216005894,-49.24140759636879,73.62102146860546,-174.57984228918988,-23.127151859915003,-65.937120440192,62.75220259573729,35.39799081374756,77.3981844728939,80.86440589393972,-83.63350208317675
274,-288.56722543490764,-36.27688994277714,60.66441914014085,156.16667767353835,13.09201276268031,36.037319630236105,-2.9336603027000905,-26.816746573871374,114.47459771531034,-128.81628514723067,-7.514539594335456,-30.24262660996202,38.63747302684148,3.9878045952907932,54.001608673518454,2.5558887453990127,-200.07751630342983
275,-656.7257938660707,-0.8112459410059379,104.00476042727604,225.79313745667417,8.976551861297972,64.05224206869319,18.08290167753181,-89.81960873964324,86.11388674000334,-189.24829475168477,-9.609916396043962,-68.2485646395384,77.42522313100113,27.99330372041814,96.24207210573704,47.805760827098055,37.41917243695525
276,-267.3033624568133,34.916858530179155,226.00657831451494,120.2965777044363,21.105170612189045,37.60457107635516,15.465529842520526,-33.599972754982,80.61900312705113,-112.49787707970394,22.0223818007665,-33.79200195594972,42.51879663709001,10.147435869306786,44.24162267952019,31.059414570555216,7.737625735571665
278,-525.9285131624193,4.320501957176701,76.4520037864397,193.44549701432115,30.591531622621527,59.44233861242734,17.20249767353384,-13.856046929569024,289.47210734137354,-199.00881497748142,-16.80464803902823,-55.293039179870256,57.676503937909665,34.61938568046809,49.87388620981396,44.64411675716204,9.892891626054789
279,-376.2025592693407,5.506474652658779,62.996167646094534,130.6276532408453,20.823203003779813,48.30348115156861,17.298118713095967,156.31302750838333,138.5013795151089,-136.22141751695656,-10.98165792512488,-41.77120358036806,65.65463105397077,28.624358823648897,8.76145487025378,43.678124741492745,4.171267270986766
280,-446.4767367033888,16.32298621846916,84.73584741104392,173.45379478199533,18.06292105690129,49.40065288987057,-15.248735496968248,-40.007721703474786,105.08741879053828,-378.7342424419805,-17.263909798220457,-57.194153609996185,57.29414618390103,14.182109487826157,75.26643018235445,38.92739022085025,37.16202986774575
281,-665.4241246554004,25.035631584042402,108.36585294769361,233.22526633440873,15.485691217762824,69.1060196627963,22.527120897996376,-79.19946786536575,77.59742281575876,-202.6434894508924,0.5040008968343973,-70.57374431662971,78.81855035240979,33.253426498899785,99.51974749258008,62.233937603761056,7.081915378708353
282,-480.0694746123177,-17.36257365832708,85.57924887805792,203.6058047313561,28.639376680357337,54.851380169996425,43.52162524475775,-67.07222722553524,133.93065722105402,-325.6322803163246,-24.059019853692018,-35.745268705676274,63.170163058215174,27.089755595623615,80.05768456857066,32.35679572356095,-13.396659883682212
283,-342.6862941400657,17.87496649632823,64.40865096439533,132.75398107789815,183.58496552527984,39.788614179372054,14.228798091183828,-32.83148095067194,93.85675470693683,-126.16608240451255,-35.805442703790014,-41.49684962384405,45.769784488712425,25.533319048758596,56.393798711133954,38.12385051931345,-25.023222195222992
284,-263.2764585220521,9.732674325163405,50.99528022502516,104.18012718193287,17.39920106770618,222.9418072203865,7.976996956976845,-14.219780288994013,69.17004081483311,-106.80882957086413,-7.596841765406415,-33.41309533532683,13.777858310436589,5.778265181926612,36.58585223143286,23.849641023785757,8.4845395843085
285,-245.7573600845842,0.876937087461702,42.242622952738955,102.52388083758252,12.931591344509911,23.473832840981256,4.736095772635181,-15.974223171165798,65.75707097766481,-86.18078512426025,-13.900250093709953,-19.39400317564874,19.135161837227418,3.9401892131181526,31.455722380968805,290.7521333045902,1.7346203087844738
286,-373.2617513444317,-34.95454784722791,68.51276991659924,174.72026264807573,11.198264147810985,41.84817366410768,-3.705914936661819,-34.248417193832374,110.00815833253377,-145.98787103520255,-4.084438507527538,-47.11604317050112,42.27167757337185,4.501275378366342,59.52830129586967,8.07391146061454,-188.50701926099237
287,-215.02584221654553,15.426519009996408,45.30932731053692,158.3951651154071,14.246838696253192,16.092630589851822,4.822103955277732,-13.40840068461644,63.37393849065347,-111.31981648878855,-11.15932481069824,-227.939621088743,-20.142132952300717,-23.181192195000133,2.5666757615141,0.7880816206124829,3.655271768129171
288,-359.4047921881498,14.55567386719256,75.68628732409346,200.11873797949423,23.4726559339507,41.9679604602837,19.052120824444508,108.07565348833546,60.60613680331988,-139.81180989258684,11.648249298533361,-40.07894926527185,35.136722523329645,7.6432298577648545,149.67377550614273,29.29568214951731,18.953297264924302
289,-392.1483348544991,20.586241063113636,79.19747480316607,152.18056481933203,14.418609910679574,44.22960770001545,-20.936273013606662,-34.232229015970915,96.6618581961473,-338.29181080630525,-15.170567511978303,-67.18250061244765,49.1409255840553,10.245974777860388,71.52675931614226,39.98595445291585,48.982236817295735
290,-495.86232843915764,-3.2300492135935226,113.725978349914,358.914833124025,38.18742700213067,83.00406183511106,37.78252852134104,-68.34115819293507,166.26166251086283,-209.12452193277454,-31.47137146758182,-63.12087589325221,169.228513428463,59.274997726372334,101.19322254951693,69.81649272312511,12.428287200061835
291,-590.1511567636093,-1.3942901529194038,121.85050771372116,378.7442191307548,36.27954848795793,89.23072405379504,37.14749066054048,-77.47004101252462,162.72536987395998,-227.81601106847344,-29.524026037199807,-82.11874782251013,173.84627552186865,54.85167689052935,107.43731209285625,76.29885022329141,24.0307899757399
292,-643.7300883906491,4.441052396709327,106.37710016977114,234.21921634006145,12.040792258749857,67.05063038398252,16.45569404451183,-76.24122697673054,84.33346843344819,-198.83824789178396,4.037845675185936,-68.76472374963764,74.69401266711425,27.199547281936972,95.98199667028413,48.86893519085501,-15.129624017491956
293,-440.0621382439073,-5.150332577134157,83.37915804931491,195.88161524879942,31.337289214953234,55.11753743057365,77.91994178172018,-49.90155896382229,115.49837996781447,-327.02364891226523,-10.681758727471124,-32.26353672916062,57.313285908899765,27.228228524226875,73.79917437420832,30.699958528760682,-29.335029224595466
294,-485.1412782487524,-18.15804382335292,86.20984581340761,204.27751033516682,28.3899485689431,55.2760404512669,43.48847604551061,-67.06941754871282,130.61240420932623,-327.02572465410236,-24.618189107071494,-36.19189092168173,63.9619345825983,27.364177962817262,79.83503270671982,32.292601879171684,-12.743867932800203
295,-214.72445393145748,18.195658021683634,62.45457958261835,131.56109406077306,15.760147172766402,33.27826570670125,16.71034050796871,-24.79538101474908,84.32756471899377,-140.3946894822288,-4.1461043974397285,-131.63702700476995,22.029408972079718,4.977656719083333,53.748953332641285,42.77113204588352,35.87212362209922
296,-586.5184956333231,-0.2110500261833693,122.24353065712044,379.17563758094116,36.774789328795634,89.55428681714794,37.56186187590223,-76.4206026468279,162.42926300064846,-228.25387764682756,-28.264778402944255,-80.81020252770669,174.02588661658353,55.27401125589607,107.77076767787098,76.73317212340864,22.10752635185245
297,-133.3824231329738,14.302789949397079,25.506440536698285,50.506175844250734,8.651985479093922,12.686074462403782,176.7173505736268,-9.428053963537414,38.59297877885919,-21.681459843036436,-8.366919955994495,-19.406118162577513,17.07070908559851,5.122279666704513,22.217413091858553,41.36948270386147,7.896093169360023
298,-509.4598530360852,-7.428236660582905,98.1456923153349,251.27324343108845,36.24633101270684,66.89080156419561,49.77433905562844,-62.2331414825144,140.12068426121803,-350.8136702947568,-17.38121321286487,-42.89685629058131,87.04300975271626,36.23976748811427,88.33795770556515,45.98944911745435,-22.280156669263953
299,-137.40915512224973,-22.024644715768446,188.23502914704005,59.50060785135479,8.234428787224877,15.505159333175195,6.793759565451459,-3.1505811289811056,17.976421532991647,-58.174600092891986,-27.048166580122007,-10.305354641840102,14.25205523927677,23.385861365960952,14.212070563564039,9.859872650362533,7.897825404071955
300,-439.0688589548978,81.1143307536846,97.37039493152,151.7235878295668,31.06560911251306,47.729277553774835,25.645828580720025,-40.78102520776907,75.32284703090382,-155.13597054617128,-18.987536030077695,-59.89429012434269,56.18722568755419,30.239594350222188,67.45055806729368,82.07414491394864,-86.57642559912523
301,-666.8754355269853,25.384964431566747,107.7717528973204,233.1628032609143,15.58763483095066,68.82491482298197,22.11234650685142,-78.52443226563945,75.84570033407086,-202.5835640309252,2.897930922372333,-70.98298854039652,77.3938650319772,32.738064191571006,99.08721389680952,61.76419013737437,8.86929576048187
302,-491.22454070033143,-2.7128245346615385,106.94178755692933,346.90033920829484,35.805582401591536,111.50666371963663,34.701906415161126,-64.39719965562452,155.96896739808332,-200.17074353626182,-30.009506495275602,-70.03852641436032,163.9576581361508,50.5116251061764,93.74884098910685,68.82229305470076,16.79319121821007
303,-208.16901614362283,11.462415270940944,45.7399818966007,160.87991313901267,15.337525716685798,16.155501157263718,5.89767276658429,-15.932338672771074,66.8387930864529,-104.02999198138103,-12.909466763808085,-203.77211104117174,-14.98731771631559,-20.272111672295196,3.5736671992898668,-4.942943851746633,-8.89614992566254
304,-385.9771913888687,17.018547697963722,79.58506393062348,154.41683804057703,15.40022822906892,44.286191210686155,-19.96826108343076,-36.50377320531009,99.78022733236678,-331.73096874963846,-16.74569526977716,-45.43174156963351,53.780259296441926,12.864147248294833,72.43305161014045,34.828031527792646,37.685957292883195
305,-685.0113270351367,8.6493478055502,116.6823556982067,274.3324346124625,16.487886348766,76.06627358895163,24.26148851756878,-85.73907545717195,95.73106237273035,-213.8517460895697,-1.782074488188834,-75.09980840197933,100.90999712834615,36.81656241154126,105.3033544131479,61.0459145593532,30.150395486672483
306,-338.68831876773845,9.891433888380313,99.67613772452452,187.44345071752323,19.948827943359856,41.25103763466372,20.371091159206536,111.99054965388986,62.23982359186515,-133.0248469687799,-13.516436900516132,-43.43439744072711,42.23865801817328,16.260271734167073,143.4712796471111,32.443572650634756,8.377049237639572
307,-333.59216752709966,-22.262413685089143,61.09528222656547,159.28462204940854,14.648743710768088,37.8554695908103,-2.6331532358530483,-26.69098935656103,108.91920252418112,-137.8328140628971,-9.993098644012607,-45.65325923508763,38.23468930110124,5.024583720105161,53.944728210214215,12.640846520889726,-211.18213712280223
308,-412.03709868325666,9.937156173346338,80.94485834611339,213.56096667327196,24.175590748187133,49.563453788943775,21.885050186808826,108.03923710450343,109.72176171272899,-160.37036843508668,-15.927925711382331,-52.45011908726713,51.47428340103092,15.159694283498984,148.85508695496873,38.436944327258544,8.80616940677849
310,-498.842380381659,9.245997730327415,90.61881201009459,212.05607747688694,35.072058030751045,60.53183470765602,47.96608494006928,-56.435303650289725,121.478674152734,-341.4227558994952,-14.779667264157265,-40.2293631126759,65.3105080567025,32.73949842183384,83.10638804208462,47.8413295197781,-44.31497174875514
311,-639.9281046208193,12.280714694655407,106.12120110370836,226.74856977023947,13.46039922464739,98.90856301532781,19.71759564455059,-74.81879551854445,78.22129464182245,-199.74052082878606,4.038809526239595,-67.27387987799392,70.69878318237605,28.24080679828339,94.29586432974747,52.639397952462474,26.374320543219003
312,-657.1817227678229,-2.402011046542475,104.37577592862198,226.87551769291343,9.02667279828108,64.26800303552781,18.485882518212126,-90.1052328438772,87.11057475860835,-192.80303893301905,-9.331033156888976,-67.7507839908518,77.55158221071558,27.92943698777572,96.46112148015092,47.047938012232564,38.63807318001751
313,-284.77180956153563,0.9886523980912859,35.560384413979705,129.7134316492055,22.33257711202534,20.331917004518385,0.93123074954133,-19.735083557978506,24.05518581206454,-96.20041727976988,94.90392271028234,4.071491150789662,-11.352598059531237,-0.9704847982472539,47.57188677140956,-9.331173894058555,77.372451888165
314,-426.6354803958709,49.752737968059215,80.17329655296314,204.45888863205604,27.681911532862056,49.88846151256822,22.00338547686488,-72.17846487556746,279.65809532445127,-141.4982017191971,29.412256516191974,-48.13703433747603,39.17058897805512,19.436470211741753,104.28116127520668,58.23265958585564,-5.078673886279721
315,-487.2324989695752,-4.48548678265385,108.1340276596058,346.66780215848615,35.41415947640979,78.16787326219732,33.11874369148186,-62.38543647023809,154.99990846667373,-200.52112241371117,-31.938358317725793,-71.18831785313937,158.3572119284115,100.94189213315293,91.67866953218746,67.3135403330037,18.344987396510806
316,-520.5755641968814,-17.299545970635666,70.1717185174783,173.66634509527302,24.62025716756279,53.68667155255404,13.177157632985349,-17.114171760435035,265.97774679653236,-188.64861917531027,-36.89080451011756,-53.636909511998454,57.59347895114496,31.786297005958446,38.96174209014331,32.70325618572899,24.81699527591129
317,-496.2615326122332,-3.052782988794291,113.60675433964634,358.9380868290059,38.22656929464885,86.33794088085499,37.94084479370897,-68.54233451147371,166.3585684040038,-209.0894840450296,-31.2784862853368,-63.00589674937431,169.7885580492369,54.231971023674674,101.40023969520887,69.9673679952948,12.273107582231763
318,-267.24235017934444,15.4485954737567,74.53556072487571,169.83971697017378,19.774173389979897,45.3510912249803,22.40846839472605,-34.274693087938154,102.46634232060941,-158.92231152983,-7.5496534602794565,-102.66837664721858,55.693733810175985,19.03290216561813,71.63711394283634,56.80978198426382,39.53593775454755
319,-506.7457893860729,75.80416823259745,78.69590218755862,171.48270393974008,29.287609469591246,53.1352033696068,26.818167701231467,-48.9697565162804,73.24159958234813,-170.02326156167044,-23.130639649105863,-64.72260857497578,62.6705972633273,35.34665986585505,77.18545514995827,80.5016778448618,-83.61855606853095
321,-500.45385951050855,-4.273796277100631,113.95428326099339,359.8441958922318,38.00032699748417,83.21785335763747,37.88635562040809,-70.0523434167092,167.80907538908426,-209.64258863431635,-32.678731674043604,-63.53303874806818,170.25682472264273,54.22300842691887,101.91693952198325,69.66027664413247,13.694139691010509
322,-342.5618972524098,-21.97446307267103,61.88490467183825,161.17462437326083,14.476665859815464,38.45675666042606,-2.707039731839809,-27.43275911614257,108.41083197266869,-139.65015630631282,-9.677628080328228,-47.51183014253183,38.59363438102383,5.0874505664662095,54.496765467301515,13.30470387880562,-210.1484720943293
323,-509.4598530360852,-7.428236660582905,98.1456923153349,251.27324343108845,36.24633101270684,66.89080156419561,49.77433905562844,-62.2331414825144,140.12068426121803,-350.8136702947568,-17.38121321286487,-42.89685629058131,87.04300975271626,36.23976748811427,88.33795770556515,45.98944911745435,-22.280156669263953
324,-655.6209486113693,-1.284989192193976,104.11591226092972,226.66499591273018,8.880932016416496,64.02685219475245,18.00877470669808,-90.5781612001928,89.5410353325664,-188.67035611113755,-8.459881129015978,-67.9482208170743,77.03715043384506,27.666550519050613,97.02308127615343,47.41326116545981,39.03389227225423
325,-398.746560323021,20.62310072657002,80.11630104882673,156.68086175614164,14.741323613206747,45.160006031252294,-20.688009456019135,-34.76727291443627,97.82834533216561,-340.4582596741935,-15.5486457370192,-69.21654500540512,51.32327762381596,10.759719486196138,72.13214551522228,41.0311352024302,49.86291170799535
326,-267.7863705481741,15.058808146405319,74.92528633023392,167.1509833502806,19.91651299731362,45.710195230402775,22.502239074730888,-34.471593261327605,102.80951381790253,-159.39555873231322,-7.521010917920198,-102.5188671294225,56.55074857974614,19.036543624493635,72.21031102682129,62.17387838518932,40.207071496520754
327,-309.3820506014408,2.8736851750377124,61.596525573171036,128.41085501695557,213.69351997552738,37.547209309328906,11.121215414677042,-28.57856885614854,95.01058549737884,-118.23971691355392,-28.16504477966646,-36.523273094443574,42.12830626488986,19.43026098783303,51.41092486978593,28.473101250197157,-7.348775670245248
328,-509.0788799688169,75.14615793963294,78.54011321840883,171.89389337789237,29.098792668498728,53.11147943778284,26.241075722567714,-48.66135670568585,73.35966462500416,-170.54439029732623,-23.025111076238424,-66.08276978078912,62.21786512222372,34.844949856640206,76.82599202139825,80.17367338112027,-86.95017209008823
329,-519.6600214878398,2.779477159332393,76.78874347699612,187.91036218467337,30.06441723526694,58.146841547000975,16.480404008347445,-12.851098948169327,287.26463705041647,-196.12155319126535,-17.650632153050903,-54.381064310344634,54.540404652122476,32.05721489711431,48.39842855952875,43.61864260085914,9.277898171552183
330,-418.8928678302071,-63.29583549247679,58.167551917359745,159.08090526753253,0.687965979732513,30.292764278037644,6.736658701007143,-99.96317653476163,135.47758876215866,-106.11405106904532,-79.34683948447667,-47.93983681032737,74.02133763100129,12.662775149020542,61.373221205079666,6.899660916054791,74.08093530533786
331,-452.4360830463758,65.61988582388709,66.19088553066844,146.83723791830147,25.65933780049742,43.46843441276745,22.898545753373448,-51.46663766270238,80.29788015891988,-146.45010758714483,-39.40627238238503,-60.048810156384036,56.64345328350543,29.8063368668547,67.25988053568518,69.01464318712972,-73.64138108898074
332,-414.15669544166366,-64.1735992046578,49.70677689712304,121.75216667878232,-1.0302601201003707,24.94224087439937,3.3355915784737733,-83.63115345522314,154.20059444165307,-98.37406081894181,-77.90364441507617,-42.961053627752165,52.15077215562608,9.299248063397274,48.091257364627964,0.2585643358143018,71.96708728031892
333,-266.0346082734125,40.948648647398294,224.0724496081284,119.90015731622314,20.912929526773468,37.5513991833918,15.424585196011282,-33.49007192318657,80.67149261032202,-112.19762424120437,22.7179933859502,-33.49639014033378,42.83096164966948,11.507551062602223,44.04104793747258,30.53446589994293,8.553133324779743
334,-424.88083021454446,27.25957723824568,80.70268737104644,166.15926664162743,16.06572789797002,45.75781134682586,-20.758178570701173,-43.69209545786782,127.50584111595977,-334.76490105341446,-8.149676939766765,-57.9530766358637,49.14994690817536,10.525891871402093,79.4909630152019,46.76682346332631,41.14562848783744
335,-507.2701860822251,0.4844076570606759,109.84059159980964,365.809376265661,37.02787185502084,79.33547120098292,34.2021874072393,-60.76122416355317,158.19296788457194,-210.86709812575697,-31.43270310317726,-111.9510591033391,154.50418272086256,44.38125452983325,90.09504449382483,65.64705400881104,16.921986639391783
336,-586.5184956333231,-0.2110500261833693,122.24353065712044,379.17563758094116,36.774789328795634,89.55428681714794,37.56186187590223,-76.4206026468279,162.42926300064846,-228.25387764682756,-28.264778402944255,-80.81020252770669,174.02588661658353,55.27401125589607,107.77076767787098,76.73317212340864,22.10752635185245
338,-517.0073719019483,-19.88713188246755,71.26825894377225,171.41321048239328,24.338506222273768,53.144946030019234,12.744064822126099,-15.899688241096724,262.1268811813782,-187.50390835134456,-38.989506666244985,-53.34703034399156,57.07255814957897,29.94942645177301,37.31698151999996,31.994911576635275,24.701803634517375
339,-172.80788108598523,-1.1089286473571878,67.3540114808183,131.4152382599395,20.96105485533936,36.421274705856916,24.29378183065792,-39.065025281512604,104.47245111414767,-108.091903045767,-10.817318262427204,14.41383370704975,54.956096204445195,30.678681786879874,69.91692115774087,23.288480719766767,-19.054035641127705
340,-590.1511567636093,-1.3942901529194038,121.85050771372116,378.7442191307548,36.27954848795793,89.23072405379504,37.14749066054048,-77.47004101252462,162.72536987395998,-227.81601106847344,-29.524026037199807,-82.11874782251013,173.84627552186865,54.85167689052935,107.43731209285625,76.29885022329141,24.0307899757399
341,-267.0278679803433,-15.586575827960754,51.416377563850865,145.38164833355268,14.23819700848392,30.955179905447597,3.450743266661637,-23.15729196322109,85.164776041324,-99.18141882564171,-16.32388493826733,-23.101220859767206,42.0862697692322,7.992809051625741,38.21754515390181,289.42216964945874,23.771273484231113
342,-507.3558499302871,75.60740037234535,78.18020507014428,170.79369053801418,29.07053783183298,52.83426856555248,26.32806630022656,-48.45989060598292,72.52190330420758,-169.5471972598076,-23.106005294423053,-65.54120773157572,61.853067796067606,34.83305164501779,76.39577622186064,85.73306030457981,-82.71247348010684
343,-233.57786224663855,-4.168532314714352,77.55119091936076,180.01526206767375,25.47795103519165,46.31919581477538,28.262627651137933,-47.34875531358278,120.5069976154602,-124.15148294787916,-16.121340842841242,16.720531260276704,82.62687270333298,33.804646406585086,77.93424800002016,28.86047111091166,-22.20097739148277
344,-333.59216752709966,-22.262413685089143,61.09528222656547,159.28462204940854,14.648743710768088,37.8554695908103,-2.6331532358530483,-26.69098935656103,108.91920252418112,-137.8328140628971,-9.993098644012607,-45.65325923508763,38.23468930110124,5.024583720105161,53.944728210214215,12.640846520889726,-211.18213712280223
345,-371.3068061067636,12.619456655759421,79.45538550195309,197.07276731726938,21.63173988907356,45.86954722471713,21.775625090673483,140.1504267908277,76.77017898547341,-142.70284319193146,-12.020862956590449,-48.31868069761466,49.96254711220458,13.551913639081784,142.11554699879557,37.95103349045594,6.90439250792326
346,-502.92180382236444,-5.058234752885559,109.1903350302493,353.38548032515916,36.32485146073922,80.53206808044715,33.3997128257208,-63.90424594803774,160.3160057343672,-205.31981219404196,-31.173140492959956,-70.41048501926426,162.26114114476073,49.50926058391297,94.35360582602175,122.40842314142975,20.831701951364177
347,-247.6874943988497,-10.423937342883782,45.78439138987824,109.19130342065256,10.458897370406866,24.359353429324734,-7.5189081680030725,-16.19354988661234,72.55790515926559,-125.97004048912959,-12.542960614112694,-19.98481938024357,21.22009390424432,0.6308306269841665,33.213058067380544,283.7337383863517,27.66067256231948
348,-178.13438270359893,-0.5383220511834246,68.19978204465437,133.16411038515272,21.132183975913545,37.104048565901806,23.897015081912848,-39.61688127711766,105.54251914059938,-113.63271581527576,-10.853533568180328,13.660361811847515,56.02355673315412,25.732965811294488,70.98514702724033,23.894973899131855,-18.337573102239237
349,-454.57795462030157,16.335591756007446,81.65434133892799,167.4659028547787,17.259097154342378,49.16771116638209,-21.317629019322734,-30.01611061045475,131.49683670563397,-351.33751021377765,-19.830266729505563,-60.77248177126062,56.17880936248698,15.121417769893123,67.04724168666898,38.99668231328386,44.80476089966445
350,-312.05173136227364,5.088859496634219,61.80018821859022,128.34610384278886,214.055306881963,37.77294990343889,11.731697067434908,-28.8729956425975,94.27525432237513,-118.72042472408329,-28.545968802498027,-36.875404402533064,42.53628465868897,20.047168677582803,51.7640679468677,29.9216565778821,-5.251006406396021
351,-535.8664994443607,7.936671091174288,115.03213858085107,374.4583017610012,38.90965919784598,84.6476451949664,37.309481787363936,-75.74193333136533,194.54892534249268,-213.370122764704,-22.677094056825926,-77.31208904204813,164.43362713592236,52.012537904246855,108.6344102842969,77.24239662609378,15.814555689483273
352,-536.6646242408927,-14.619812596433325,110.62732981990082,357.27142202374375,33.54447758620468,80.45912291407826,34.10610320310109,-76.62629089120813,169.85729777057176,-206.4673260831683,-44.02201629552799,-76.79335348280888,168.4057724907939,50.106703627391774,100.5630494742351,66.0685721415974,31.657414147967085
353,-502.92180382236444,-5.058234752885559,109.1903350302493,353.38548032515916,36.32485146073922,80.53206808044715,33.3997128257208,-63.90424594803774,160.3160057343672,-205.31981219404196,-31.173140492959956,-70.41048501926426,162.26114114476073,49.50926058391297,94.35360582602175,122.40842314142975,20.831701951364177
354,-506.7457893860729,75.80416823259745,78.69590218755862,171.48270393974008,29.287609469591246,53.1352033696068,26.818167701231467,-48.9697565162804,73.24159958234813,-170.02326156167044,-23.130639649105863,-64.72260857497578,62.6705972633273,35.34665986585505,77.18545514995827,80.5016778448618,-83.61855606853095
355,-354.6215727202963,10.333152708319263,62.84648507125464,137.29214919805364,19.756407382573265,46.651573040980196,18.79750356733161,178.00551133024192,106.19169478698254,-128.24542943338213,-7.57982358246676,-41.33210273995039,64.53220965343189,26.212473801508708,31.586334234999136,43.50342880858964,3.700660457570268
356,-509.1313830593051,-6.900138736461425,91.37666475182591,219.50228252502,35.26423505150299,62.785613914134785,46.249149878092254,-49.09320773849331,159.52982994141058,-349.9225721091078,-15.25074059261779,-39.00535827258748,67.28216899227117,33.49101723945129,77.13104223253077,40.713716855155205,-24.636223423987218
357,-670.8828249007295,25.002030507137864,108.78474212530895,234.65408483463355,15.708782260089016,69.52379729191694,22.963491412770804,-79.47111894545412,77.97684470201608,-207.20007017841183,0.5074886860252564,-71.78825618184595,78.90015568481978,33.304757446792294,99.73247681551572,62.59666565283898,7.066969364062563
358,-432.1561157596645,50.037209716522945,85.7699745834791,241.56666377893296,29.317521044698378,55.30224186294636,25.4183546321139,-84.72023007012463,261.16636810735,-149.20227526864926,27.34753308149373,-53.110006642092706,61.36057014371884,23.201717375727068,116.7804564027236,65.01831603717405,-3.038592009488137
360,-232.33251387135718,-4.527169527049592,76.8537045132208,178.92620935662197,25.318021193561876,49.122007631381194,28.01030249020772,-47.14057857285945,119.69908296327118,-122.43152932949754,-16.15535728370098,18.355878968924287,82.49447645881082,33.68218269024466,77.18479173200862,28.160138014720857,-22.95388804575324
361,-509.0788799688169,75.14615793963294,78.54011321840883,171.89389337789237,29.098792668498728,53.11147943778284,26.241075722567714,-48.66135670568585,73.35966462500416,-170.54439029732623,-23.025111076238424,-66.08276978078912,62.21786512222372,34.844949856640206,76.82599202139825,80.17367338112027,-86.95017209008823
362,-270.555525790275,-1.3992150173039797,51.75473949903834,135.3780776316731,178.8727395945955,30.98723315020148,9.033358703183366,-22.241050157081904,77.44789418609385,-109.61059022960633,4.7115219238074655,-71.28814026000386,28.724011899612456,-4.835468726032731,33.68357645859405,21.358214353798623,26.069308119850756
363,-156.89557732828098,209.41854069076453,30.031928861480893,58.69465554578233,-2.6416858463216877,12.571405763921453,-4.485002303634635,-23.244982137925945,62.00530058643963,-45.84999389148415,-51.50595246960924,-15.749211300820777,26.626081742563215,-10.194388585136272,14.32454071211215,-6.53837934296409,41.93530162969528
364,-509.9356966292995,-5.601213746759698,73.64393279466107,173.34768109560036,28.739041521839056,57.92102281532655,15.60569462352596,32.75844206808194,259.1958352837672,-195.2856028488932,-25.339139075477775,-53.142260083580844,59.986434690325154,34.22518205787564,29.400004657105328,40.76338747711482,11.204204079080297
365,-327.697479650651,9.724452842138094,65.92968321868796,156.72054723393032,22.72461128350806,206.14666936273645,13.450307353812471,-23.180310231031438,90.05802604491842,-135.22560989062663,-12.268525580835677,-44.686865206957975,39.249926581368605,14.122313474446637,49.68572672925493,34.401342710008954,11.890529964626811
366,-342.5618972524098,-21.97446307267103,61.88490467183825,161.17462437326083,14.476665859815464,38.45675666042606,-2.707039731839809,-27.43275911614257,108.41083197266869,-139.65015630631282,-9.677628080328228,-47.51183014253183,38.59363438102383,5.0874505664662095,54.496765467301515,13.30470387880562,-210.1484720943293
367,-444.8385041900619,-61.17917987234784,57.56989744978437,137.0901651679491,-3.8002241369212757,27.786630418898053,4.678386786025618,-102.67536990686119,120.0767370013278,-100.20455420259484,-72.70132708871792,-46.56929201296244,58.11008193256703,8.983802279107922,61.43406467221419,3.8032203913440976,75.1176379019434
368,-685.2765919937259,10.916008709730194,117.23440415152908,275.9821497826905,17.06047745006532,76.56646314064982,24.635122436190912,-85.43421652787922,98.24483795963418,-214.71351057356176,0.35181296313057414,-75.20321179861463,100.6567817786005,37.02734125607539,106.41149911710079,62.20828766177559,28.608004940375967
369,-339.05363300977945,19.05820662306427,64.80167390779464,133.1853995280846,184.08020636611755,40.112176942724936,14.64316930654558,-31.782042584975226,93.56064783362528,-126.60394898286667,-34.54619506953446,-40.18830432904062,45.94939558342731,25.955653414125326,56.72725429614868,38.55817241943068,-26.946485819110443
370,-541.536254726956,-6.849716586308293,79.05064046336221,195.55071481615352,32.04893944126736,61.85384702018088,21.973575788674324,-9.126763366413153,265.1675016017932,-240.3356431962963,-25.51616831775822,-53.31867091764523,62.820821706614986,37.248250367719145,44.254288249788885,40.99088522488964,5.934700703687588
371,-669.0567857856867,23.852391457306364,107.97283000429432,232.7938478842223,14.990450376925116,68.7824568994434,22.112749682634625,-80.24890623106245,77.89352968907029,-202.20562287253827,-0.7552467374211531,-71.88228961143315,78.6389392576949,32.83109213353306,99.18629190756535,61.79961570364383,9.005179002595805
372,-522.1363383533351,-18.416567824984163,70.43158218517054,173.87686687545624,24.765997949427373,53.92782239332939,13.654265444499396,-16.64124340411945,263.5472862225743,-192.78130199719178,-37.761956537990564,-53.439472685775954,58.1079107280155,32.04918347468355,38.399782294140806,32.33793303250175,24.421176183674568
373,-278.13646136192745,-1.177705528194189,50.530706649390304,130.529677156676,181.36118986603475,32.53546409868241,8.933242741213135,-20.861377230506726,68.63393052209926,-108.99022977088686,28.6539853293916,-27.137423929107374,30.174859412366718,-0.040299048094746125,43.16080133144599,21.42547682389039,39.4459032072867
374,-527.9252696595089,-1.1560093738269424,76.34637504504505,181.86143866533723,28.20254841976967,58.376494927738776,8.171219154864188,-5.520879478744063,261.2042982788349,-238.87607985497993,-25.179355503031022,-57.049999915861136,57.98497129643695,32.84903024463917,42.40683106047467,40.33034876930618,19.323095755309218
375,-392.1483348544991,20.586241063113636,79.19747480316607,152.18056481933203,14.418609910679574,44.22960770001545,-20.936273013606662,-34.232229015970915,96.6618581961473,-338.29181080630525,-15.170567511978303,-67.18250061244765,49.1409255840553,10.245974777860388,71.52675931614226,39.98595445291585,48.982236817295735
377,-539.3056609349832,-6.455462716819838,78.35625692705894,191.4385087861639,31.589214023123162,61.068868263109614,20.810347167912926,-8.481828605475416,263.8197764873167,-242.75407381802086,-25.22619282626422,-52.93448085987746,60.49800780666864,36.41844461788474,43.65995536272729,40.27409183361578,6.427899484815206
378,-513.3440148545947,75.84102789605383,79.61472843321926,175.98300087654965,29.61032317211842,54.065601700843644,27.066431258818994,-49.50480041474576,74.40808671836645,-172.18971042955874,-23.508717874146758,-66.75665296793323,64.85294930308797,35.8604045741908,77.79084134903827,81.54685859437615,-82.73788117783133
379,-523.2758635765279,-18.34610708462324,70.93151925321584,176.94834531204106,24.865620609628355,54.4404430954456,13.466158487312496,-16.904636222496418,264.3343514723353,-190.39117013756064,-38.143522552222315,-54.259005213517185,60.208657435366156,32.51159723512679,38.79243917028517,33.02038573293818,25.316797089019982
380,-506.7457893860729,75.80416823259745,78.69590218755862,171.48270393974008,29.287609469591246,53.1352033696068,26.818167701231467,-48.9697565162804,73.24159958234813,-170.02326156167044,-23.130639649105863,-64.72260857497578,62.6705972633273,35.34665986585505,77.18545514995827,80.5016778448618,-83.61855606853095
381,-451.2737634667954,16.990733958622002,88.81639184583626,199.66828221103358,18.73643395638393,53.59646157979579,-17.37806862642479,-42.106605988779116,111.79158415212986,-352.66647497778075,-20.7014917154971,-63.355434494451025,76.11926121764698,18.292502383922834,78.58761274471807,44.70673647570024,45.23756403050027
382,-651.7890626978784,-2.175390502538653,103.05146402823411,227.4464194108559,8.444170510862897,63.19018659693037,17.46563992242795,-89.1268156801019,85.66828509691736,-187.29714670115357,-9.338529133756285,-67.50438080003157,75.79543264147574,27.360856360170445,94.8855161451327,46.55249602194716,38.8879680411142
383,-433.2471843284445,49.572495106673564,85.96442105173705,242.60739137233782,29.677623802641588,55.574599917901416,26.769690210062198,-85.10177201268539,261.72702797206557,-149.17397650655587,27.43912360423149,-52.67466417211924,61.58263733631452,23.56910936511823,116.98213241364084,65.05265672801147,-4.427411695961169
384,-428.86208144464877,49.345207850452006,77.68909783091017,204.86398748586848,27.51747054012965,49.94309311829581,21.230530681628426,-72.09469079333492,279.7051335248358,-145.70686163675788,28.596836292526163,-48.49300952594484,39.23776624879818,19.516888053361612,104.63469914559448,58.26308112524335,-4.352070031023579
385,-446.1473332718872,16.253786031862067,83.927759735787,169.78352715268886,17.882916006444415,48.86473801540551,-15.667517892016795,-38.745167775795814,106.94129533228686,-378.38470107879135,-17.138979477117214,-56.7324538983814,55.08186579440896,13.813626555589613,74.05185445664154,38.25186672965718,37.03068206559222
386,-396.85081446904763,14.62085764463267,74.8900473927018,149.20399732590337,13.561671595855717,41.70090785600477,-24.325347697574717,-31.92915898123916,93.3091718967985,-330.79792400778865,-16.670878129069195,-52.41549399609214,46.20205147985355,8.070304040085212,64.84969079587742,86.93148162681469,45.47669499309935
387,-518.391267304439,8.811267276551533,74.8546147706096,187.51394179646024,29.872176149851363,58.093669654037626,16.4394593618382,-12.741198116373898,287.3171265336874,-195.82130035276577,-16.9550205678672,-54.08545249472869,54.852569664701946,33.41733009040974,48.197853817481146,43.09369393024685,10.09340576076026
388,-505.7909281055324,-2.8026055379464747,115.13692864966546,362.1656166662705,38.32348998736925,84.14270319060611,38.22684033978308,-69.74467481059405,167.0045979642603,-211.89779745608618,-31.104013476103667,-64.08306436070893,170.7953808972802,54.708209638646636,102.80243236408529,70.7584559021656,12.804541095595999
389,-375.1740427074169,6.952877833061554,63.83189639851944,130.35459567817927,20.785426161535632,48.309457068707815,17.487681259754517,156.53062285323261,137.93088102097494,-136.20720039300159,-9.817981343898552,-41.39450418604441,65.86194496002022,30.97895477114216,8.657010011078738,43.48900374489857,4.642718028657524
390,-512.723101249727,0.4692134481871826,110.41996099558133,366.38938640632347,36.854475847808345,79.78342384398186,34.179212390303775,-64.37399173990626,158.30133681137582,-211.91890371513364,-31.10717662630845,-112.32622292927348,155.09768018019997,44.759416887420834,88.99987153352772,65.99371876820695,17.3017498258952
391,-208.42761674802364,15.389659346540025,44.39050106487628,153.8948681785975,13.92412499372602,15.162232258614987,4.5738403976902005,-12.873356786151083,62.20745135463516,-109.15336762090026,-10.781246585657344,-225.90557669578553,-22.32448499206137,-23.694936903335886,1.9612895624340934,-0.2570991289018681,2.7745968774295457
392,-333.59216752709966,-22.262413685089143,61.09528222656547,159.28462204940854,14.648743710768088,37.8554695908103,-2.6331532358530483,-26.69098935656103,108.91920252418112,-137.8328140628971,-9.993098644012607,-45.65325923508763,38.23468930110124,5.024583720105161,53.944728210214215,12.640846520889726,-211.18213712280223
393,-366.23349128568873,14.004980829058637,73.76726833795587,202.025748250339,23.27314880588269,42.47845956146147,19.120344596395157,107.30776694851409,60.326042430650254,-141.25293256395045,11.236402372098825,-40.64364102599515,35.703306734180984,8.102575587244417,150.5682973215994,29.661573688580425,19.339692476826137
394,-500.45385951050855,-4.273796277100631,113.95428326099339,359.8441958922318,38.00032699748417,83.21785335763747,37.88635562040809,-70.0523434167092,167.80907538908426,-209.64258863431635,-32.678731674043604,-63.53303874806818,170.25682472264273,54.22300842691887,101.91693952198325,69.66027664413247,13.694139691010509
395,-523.6979193704465,4.714755826665157,75.75762025013644,189.33329098433154,30.131806204477336,58.65735985535608,16.039269052772443,-13.211112168631283,288.124382226897,-201.42724559920595,-16.514672547534232,-54.908849122102495,55.35369003796332,33.789579930633685,49.279553322752356,43.927323365888185,10.386090407182406
396,-215.02584221654553,15.426519009996408,45.30932731053692,158.3951651154071,14.246838696253192,16.092630589851822,4.822103955277732,-13.40840068461644,63.37393849065347,-111.31981648878855,-11.15932481069824,-227.939621088743,-20.142132952300717,-23.181192195000133,2.5666757615141,0.7880816206124829,3.655271768129171
397,-205.56168699528982,15.318092905038426,66.47716370039926,123.2251182907305,16.769435894183122,36.85256629625423,19.594739836686614,-29.521129324499125,91.68310075740173,-142.79201384490585,-3.8529657557409487,-83.0096783784376,35.4042957892136,14.09664372047473,66.95718127613726,46.819075788568306,31.868113672927624
398,-398.46257449470113,35.900933147266,73.68260591973942,190.82658110931447,21.070586641839164,42.25211260869392,19.23314185819607,-89.50416152197626,251.6028203038017,-117.85342839828441,17.39987938383051,-45.32723084879451,36.92765341312257,12.108561605182905,106.51091379855265,49.91460877582924,6.279103086759898
399,-513.3440148545947,75.84102789605383,79.61472843321926,175.98300087654965,29.61032317211842,54.065601700843644,27.066431258818994,-49.50480041474576,74.40808671836645,-172.18971042955874,-23.508717874146758,-66.75665296793323,64.85294930308797,35.8604045741908,77.79084134903827,81.54685859437615,-82.73788117783133
400,-307.7421773331162,3.8588773666155856,61.28061777691241,128.42204255280856,213.73543536266382,37.13500530649044,11.293544598392861,-28.34990035967431,94.02219433943438,-117.72069880380288,-28.27088966755438,-39.98742774548668,41.01126833428542,18.937091721925295,50.39013191529019,28.324632000542824,-3.567438775658057
401,-312.0016968419808,52.360475961689396,204.74975782093964,145.16207907168075,24.10820740210547,42.9088952373478,17.85988783801827,-47.81086056506239,124.88513370320265,-123.78690372041154,32.068249134961164,-40.1621757636393,45.96703060483491,6.33029712952391,61.53310223065652,39.50912195682189,4.990542162011283
402,-496.14147269336917,8.925706594758582,89.93992813522554,210.9961044605378,35.38684453377397,60.32503109481204,47.869452598595025,-54.96602386149456,125.00740838201331,-341.42232116077867,-15.348285731779296,-39.94313688657438,64.9216346270485,32.821893351571994,81.94516125836442,47.54712942018349,-44.599309688682
403,-665.4241246554004,25.035631584042402,108.36585294769361,233.22526633440873,15.485691217762824,69.1060196627963,22.527120897996376,-79.19946786536575,77.59742281575876,-202.6434894508924,0.5040008968343973,-70.57374431662971,78.81855035240979,33.253426498899785,99.51974749258008,62.233937603761056,7.081915378708353
404,-556.4109721770895,-1.8694028907779923,118.5840716568155,374.9102376086519,40.89944836692689,87.92120907448275,42.69782165760827,-71.70544282775082,170.68992124599828,-256.64809903405006,-31.660001597843593,-76.08190461932993,171.20773539415308,55.2738499517456,104.37136828487617,74.84242989897228,10.387569162957126
405,-455.1716895556708,18.07415473606596,88.97541735575936,200.88657893107515,18.81378421684554,53.773088368141075,-17.418805923164406,-42.85118542518309,114.60146661234522,-353.0903728834187,-19.826851898433244,-64.76738318588976,75.68643477318645,18.08094686309024,79.36230186365623,45.434787678005385,45.6184371080912
406,-376.2025592693407,5.506474652658779,62.996167646094534,130.6276532408453,20.823203003779813,48.30348115156861,17.298118713095967,156.31302750838333,138.5013795151089,-136.22141751695656,-10.98165792512488,-41.77120358036806,65.65463105397077,28.624358823648897,8.76145487025378,43.678124741492745,4.171267270986766
407,-673.6160748032082,7.944740401940981,111.68298501775371,243.61765024661466,15.491659746756179,70.94006656778959,26.14255808943778,-83.10514727340227,87.86040987512047,-237.75306468588118,2.0335856541287054,-66.90448312456701,79.90253005483953,32.192424807108836,101.37678565170425,54.22138755498887,21.19418643321834
408,-433.2471843284445,49.572495106673564,85.96442105173705,242.60739137233782,29.677623802641588,55.574599917901416,26.769690210062198,-85.10177201268539,261.72702797206557,-149.17397650655587,27.43912360423149,-52.67466417211924,61.58263733631452,23.56910936511823,116.98213241364084,65.05265672801147,-4.427411695961169
409,-514.796921631109,-5.957045921428748,99.32833770400697,253.59466420512717,36.569494002591924,67.81565139716426,50.11482377500343,-61.925472876399226,139.3162068363941,-353.0688791165266,-15.806495014924945,-43.44688190322208,87.58156592735375,36.72496869984204,89.22345054766717,47.08762837548747,-23.169755264678464
410,-656.7257938660707,-0.8112459410059379,104.00476042727604,225.79313745667417,8.976551861297972,64.05224206869319,18.08290167753181,-89.81960873964324,86.11388674000334,-189.24829475168477,-9.609916396043962,-68.2485646395384,77.42522313100113,27.99330372041814,96.24207210573704,47.805760827098055,37.41917243695525
411,-672.0223501239224,25.072491247498785,109.28467919335426,237.72556327121833,15.808404920289997,70.03641799403314,22.775384455583904,-79.73451176383111,78.76390995177707,-204.8099383187807,0.12592267179350172,-72.60778870958717,81.00090239217045,33.767171207235535,100.1251336916601,63.27911835327541,7.96259026940798
412,-240.7598447301408,-3.5066110284041048,44.43583585923208,113.38115552287884,12.142791713048966,23.886446814050473,0.060140875578043373,-24.093318114438173,101.12138443152473,-86.77865527110527,-2.6255596165111443,-17.221572884966196,15.973634161549487,0.8460800838103386,40.255083249516346,287.0135834357245,18.223865401083973
413,-333.59216752709966,-22.262413685089143,61.09528222656547,159.28462204940854,14.648743710768088,37.8554695908103,-2.6331532358530483,-26.69098935656103,108.91920252418112,-137.8328140628971,-9.993098644012607,-45.65325923508763,38.23468930110124,5.024583720105161,53.944728210214215,12.640846520889726,-211.18213712280223
414,-424.82418356204204,47.40992918311924,78.72022105776985,203.44105868621034,27.450081570919256,49.43257480994072,21.67166563720343,-71.73467757287297,278.8453883483553,-140.40116922881725,27.460876687009495,-47.96522471418699,38.42448086295734,17.784523019842233,103.75357438237089,57.9544003602143,-5.460262266653803
415,-263.2054476757501,-2.0171735355461156,77.22104461974918,158.6610876772708,20.961817904964104,43.964768586542554,25.396947554113193,-50.20345162202543,105.27139333575104,-122.09788312030078,-9.73894537594038,18.857972727209066,67.09063666831152,30.10052054744431,78.10684392295069,25.51931539720554,-21.04554329242917
416,-551.4082008335128,-3.426566919409991,118.53619798054609,374.56379934466634,40.7264782615838,87.71919241219673,42.664431983514156,-71.7194158518964,171.307187378346,-255.64626248786496,-31.384606147879463,-74.36961210542708,171.25248914145754,55.15865227121067,104.37768833635441,73.72187903502886,11.62141592066517
417,-342.0317393649849,44.0832289562819,70.93091259217032,172.5793939244559,21.134321479596647,41.00134128173676,20.118175290818023,-74.18674143793247,240.36175134815468,-108.62383631961625,76.53926928804424,-43.728624443431634,35.336316301553275,12.98708157630219,96.46789814610973,54.030161851108446,-12.109082138684897
418,-244.87037208423067,19.19811470154197,68.4971480846157,126.71793645211037,15.536330453629938,38.1613424637445,11.360054268121813,-28.53211156224768,90.0519589512779,-184.05592925142145,-4.645890357663028,-97.85836739514488,34.14013904754239,11.252094346986837,67.05666108430293,49.77456201273271,44.23297671937283
419,-446.1473332718872,16.253786031862067,83.927759735787,169.78352715268886,17.882916006444415,48.86473801540551,-15.667517892016795,-38.745167775795814,106.94129533228686,-378.38470107879135,-17.138979477117214,-56.7324538983814,55.08186579440896,13.813626555589613,74.05185445664154,38.25186672965718,37.03068206559222
420,-669.0567857856867,23.852391457306364,107.97283000429432,232.7938478842223,14.990450376925116,68.7824568994434,22.112749682634625,-80.24890623106245,77.89352968907029,-202.20562287253827,-0.7552467374211531,-71.88228961143315,78.6389392576949,32.83109213353306,99.18629190756535,61.79961570364383,9.005179002595805
421,-217.62332099718844,11.034511337041812,68.8416652254484,138.4766753394335,23.980515063350772,39.03537912526715,26.11388881620378,-41.85858608747328,102.66946493180014,-112.50535973084773,-15.094513092073566,19.93805005082289,60.35581483268172,29.819176128576885,71.81718549443762,29.614172255202288,-43.34619387555944
422,-539.3056609349832,-6.455462716819838,78.35625692705894,191.4385087861639,31.589214023123162,61.068868263109614,20.810347167912926,-8.481828605475416,263.8197764873167,-242.75407381802086,-25.22619282626422,-52.93448085987746,60.49800780666864,36.41844461788474,43.65995536272729,40.27409183361578,6.427899484815206
424,-398.746560323021,20.62310072657002,80.11630104882673,156.68086175614164,14.741323613206747,45.160006031252294,-20.688009456019135,-34.76727291443627,97.82834533216561,-340.4582596741935,-15.5486457370192,-69.21654500540512,51.32327762381596,10.759719486196138,72.13214551522228,41.0311352024302,49.86291170799535
425,-672.0223501239224,25.072491247498785,109.28467919335426,237.72556327121833,15.808404920289997,70.03641799403314,22.775384455583904,-79.73451176383111,78.76390995177707,-204.8099383187807,0.12592267179350172,-72.60778870958717,81.00090239217045,33.767171207235535,100.1251336916601,63.27911835327541,7.96259026940798
426,-628.0952421302957,7.533172358657826,103.64897125651686,227.37104661410353,11.907987489276477,65.00690333062971,17.5404737045937,-74.77558290231227,77.73960849384845,-190.03092983830058,3.1262207182628714,-63.67085513655824,73.27314519261829,27.479112193513618,92.29154492546634,104.38743431102131,29.361883730729534
427,-176.2090709194476,-0.8010334709297022,67.89367819977177,132.66522446605853,24.469008143545036,36.98003920695056,24.58041461727094,-39.52019339356377,105.53465106790247,-109.3443877597181,-11.150964190276428,14.0593540393448,55.86558057788276,25.965938237458698,70.67028110838059,23.75692859512065,-19.358349769549914
428,-555.3061269223881,-2.3431461419660318,118.69522349046919,375.7820960647079,40.803828522045414,87.89581920054202,42.62369468677454,-72.46399528830037,174.11706983856135,-256.0701603935028,-30.509966330815608,-75.78156079686582,170.819662696997,54.94709675037807,105.15237745529257,74.44993023733402,12.0022889982561
429,-263.2764585220521,9.732674325163405,50.99528022502516,104.18012718193287,17.39920106770618,222.9418072203865,7.976996956976845,-14.219780288994013,69.17004081483311,-106.80882957086413,-7.596841765406415,-33.41309533532683,13.777858310436589,5.778265181926612,36.58585223143286,23.849641023785757,8.4845395843085
430,-507.3558499302871,75.60740037234535,78.18020507014428,170.79369053801418,29.07053783183298,52.83426856555248,26.32806630022656,-48.45989060598292,72.52190330420758,-169.5471972598076,-23.106005294423053,-65.54120773157572,61.853067796067606,34.83305164501779,76.39577622186064,85.73306030457981,-82.71247348010684
431,-685.0113270351367,8.6493478055502,116.6823556982067,274.3324346124625,16.487886348766,76.06627358895163,24.26148851756878,-85.73907545717195,95.73106237273035,-213.8517460895697,-1.782074488188834,-75.09980840197933,100.90999712834615,36.81656241154126,105.3033544131479,61.0459145593532,30.150395486672483
432,-669.0567857856867,23.852391457306364,107.97283000429432,232.7938478842223,14.990450376925116,68.7824568994434,22.112749682634625,-80.24890623106245,77.89352968907029,-202.20562287253827,-0.7552467374211531,-71.88228961143315,78.6389392576949,32.83109213353306,99.18629190756535,61.79961570364383,9.005179002595805
433,-348.02336273508956,19.34615723548239,65.5912963530674,135.07540185193687,183.90812851516492,40.713464012340694,14.56928281055882,-32.52381234455676,93.05227728211285,-128.4212912262824,-34.230724505850084,-42.046875236484816,46.3083406633499,26.018520260486373,57.27929155323598,39.22202977734658,-25.9128207906375
434,-327.697479650651,9.724452842138094,65.92968321868796,156.72054723393032,22.72461128350806,206.14666936273645,13.450307353812471,-23.180310231031438,90.05802604491842,-135.22560989062663,-12.268525580835677,-44.686865206957975,39.249926581368605,14.122313474446637,49.68572672925493,34.401342710008954,11.890529964626811
435,-523.6979193704465,4.714755826665157,75.75762025013644,189.33329098433154,30.131806204477336,58.65735985535608,16.039269052772443,-13.211112168631283,288.124382226897,-201.42724559920595,-16.514672547534232,-54.908849122102495,55.35369003796332,33.789579930633685,49.279553322752356,43.927323365888185,10.386090407182406
436,-523.6979193704465,4.714755826665157,75.75762025013644,189.33329098433154,30.131806204477336,58.65735985535608,16.039269052772443,-13.211112168631283,288.124382226897,-201.42724559920595,-16.514672547534232,-54.908849122102495,55.35369003796332,33.789579930633685,49.279553322752356,43.927323365888185,10.386090407182406
437,-523.6979193704465,4.714755826665157,75.75762025013644,189.33329098433154,30.131806204477336,58.65735985535608,16.039269052772443,-13.211112168631283,288.124382226897,-201.42724559920595,-16.514672547534232,-54.908849122102495,55.35369003796332,33.789579930633685,49.279553322752356,43.927323365888185,10.386090407182406
438,-373.2617513444317,-34.95454784722791,68.51276991659924,174.72026264807573,11.198264147810985,41.84817366410768,-3.705914936661819,-34.248417193832374,110.00815833253377,-145.98787103520255,-4.084438507527538,-47.11604317050112,42.27167757337185,4.501275378366342,59.52830129586967,8.07391146061454,-188.50701926099237
439,-382.47105094392026,7.047499450503087,62.659427955538106,136.16278807049306,21.3503173911344,49.59897821699498,18.020212378282363,155.30807952698365,140.70884980606596,-139.10867930317264,-10.135673811102208,-42.68317844989368,68.79073033975796,31.18652960700268,10.236912520538988,44.70359889779565,4.786260725489373
440,-658.3212479910158,-2.3315503061815535,104.87571299666729,229.94699612949822,9.12629545848206,64.78062373764402,18.297775561025226,-90.36862566225419,87.89764000836934,-190.4129070733879,-9.712599171120731,-68.57031651859302,79.65232891806625,28.391850748218964,96.8537783562953,47.73039071266899,39.533694085362924
441,-281.1567203709841,23.040412637983298,216.5527503639719,125.28028794397625,21.764689979919847,38.08653742749795,14.00299718679427,-36.99040972281298,90.17485368354494,-113.78475914321959,12.484318144630642,-37.84887506719317,40.9665783781615,-11.561653051440445,46.93083184141399,33.65896914559075,3.1383098002579928
442,-686.8373661501795,9.798986855381695,117.49426781922134,276.1926715628737,17.206218231929903,76.80761398142516,25.112230247704957,-84.96128817156362,95.81437738567614,-218.84619339544327,-0.5193390647424244,-75.00577497239213,101.17121355547103,37.290227724800495,105.84953932109828,61.84296450854835,28.212185848139242
443,-453.43842939710873,16.26513101564652,81.15440427088268,164.39442441819392,17.159474494141396,48.65509046426588,-21.129522062135834,-29.752717792077778,130.70977145587298,-353.7276420734088,-19.448700715273812,-59.9529492435194,54.078062655136314,14.659004009449882,66.65458481052461,38.31422961284743,43.90913999431904
445,-323.2903870104729,52.512521536753425,206.40809694321416,136.5668573366679,25.21887009409164,43.22194178685773,18.831664739523386,-40.11764144651286,89.99065980016728,-129.8523258404281,21.035961460723946,-43.084526409572675,49.742906469865574,10.592309897397008,53.81914040936511,43.76994624722254,-11.500713022515786
446,-257.8199942230317,30.49547932186997,67.65028399939652,130.80170696057587,18.95886236575818,39.65771167618571,21.091865198389172,-30.026333843980932,86.85816454840133,-150.39194868503293,-6.896895746876222,-100.51679357523383,37.279572216115234,16.07842627565844,67.48831364841637,58.74137781927629,19.036447314719567
447,-658.3212479910158,-2.3315503061815535,104.87571299666729,229.94699612949822,9.12629545848206,64.78062373764402,18.297775561025226,-90.36862566225419,87.89764000836934,-190.4129070733879,-9.712599171120731,-68.57031651859302,79.65232891806625,28.391850748218964,96.8537783562953,47.73039071266899,39.533694085362924
448,-538.8359553473096,-5.803155472320716,78.29083972762464,192.26871459938548,31.803575999201794,61.100075477289316,21.68457493434718,-9.336298904351773,266.8108969259903,-238.59309223404597,-24.263450275653465,-52.6965752161265,60.20564322239379,36.5229501385508,44.423591169647025,40.67375567768045,5.434898890578893
449,-628.8514627610762,13.464954700234253,108.37528784459646,231.77643260775702,12.988016846426527,67.95338080376105,21.365918903336183,-77.3503040171324,81.47171667945457,-202.08139736433662,4.6300191245446225,-79.65237361813,76.29362462923002,29.706113879181302,99.18134276866682,57.80463518620039,32.852479540280136
450,-522.2557812969187,4.528993980555069,75.37772198246864,188.7072286886458,30.213630609213173,58.66598519636834,16.826025880724544,-9.504628365882516,288.3086224889056,-197.18266898099384,-16.320780689166167,-54.54706305567515,55.60592845750874,34.11088216737588,48.14334673942977,44.04146169757841,9.585720403698907
451,-420.2009315639524,-64.13100027907444,50.65185490070623,123.88014039150033,-1.1471506601718158,25.389483028837287,3.389913317708778,-88.18929788002583,153.68922160659022,-99.85110019095677,-77.69396297621296,-43.531556266434,52.39794067618894,9.356873714514787,49.768447893019456,0.4798960037994705,72.42724864044811
452,-513.3440148545947,75.84102789605383,79.61472843321926,175.98300087654965,29.61032317211842,54.065601700843644,27.066431258818994,-49.50480041474576,74.40808671836645,-172.18971042955874,-23.508717874146758,-66.75665296793323,64.85294930308797,35.8604045741908,77.79084134903827,81.54685859437615,-82.73788117783133
453,-121.57664666808667,15.075772307615784,35.422897794764566,126.89401082183484,8.599951487251106,8.204870954719524,0.45749117452868987,-8.588574862307505,47.18604620111235,-89.71564630959396,-19.598787312934927,158.55816904348376,-25.155451599994937,-31.57325753449257,-14.602052406442837,2.1685757886898447,2.699614495155124
454,-131.15178953622927,-3.07360111202644,29.785506846230316,62.26863594493506,7.738168894284596,17.038283603862027,207.02052694850278,-6.2134643801271805,35.61039087782738,-67.00989859665991,-1.7412733888991039,-16.939916076878603,12.472164553234208,2.1203461652141673,18.132322207401423,-11.587261248342985,1.3664877659098236
455,-307.04896001869673,3.53169546800222,61.75231454232082,127.99966557880329,213.8823367766199,37.570933241152865,11.698307393340793,-28.88696866674309,94.89252045472281,-117.71858817789813,-28.2705733525339,-35.16311188863022,42.58103840599344,19.931970997047877,51.770387998345946,28.80110571393869,-4.017159648687979
456,-289.71913688843,3.813748235357645,63.85124037969219,130.1433938622341,182.2036038987306,37.656082385202296,13.904509770656489,-31.384704519362383,98.86298304181376,-116.58769414691984,-31.792556884913658,-27.889695046868603,44.827162984763994,23.808797333653445,55.410198727875404,26.87619006660069,-14.15829736900008
457,-586.5184956333231,-0.2110500261833693,122.24353065712044,379.17563758094116,36.774789328795634,89.55428681714794,37.56186187590223,-76.4206026468279,162.42926300064846,-228.25387764682756,-28.264778402944255,-80.81020252770669,174.02588661658353,55.27401125589607,107.77076767787098,76.73317212340864,22.10752635185245
458,-268.57205103835474,13.319959946629732,56.31076617601777,109.23282984222877,18.406787237803712,196.7798154829561,9.892102966630599,-15.305933258223236,74.92830008893587,-120.85094571915111,-6.7376013773168735,-48.5139313249546,12.271590947776945,6.0757858683841945,42.624873300679084,29.68056068722456,15.635202751422273
459,-522.9629488241836,3.1004021669842836,75.14015459737976,188.5137816273251,29.773577079256643,58.18837751783761,16.539862900584563,-14.370441396800382,288.6017270786668,-196.404499531239,-17.685817448242886,-54.567540081716224,55.31454080343412,33.68330660676561,48.93504442571923,43.16461410753046,10.935480359242613
460,-529.4860438159625,-2.2730312281754403,76.60623871273731,182.0719604455205,28.348289201634255,58.61764576851413,8.648326966378237,-5.047951122428477,258.7738377048769,-243.0087626768614,-26.05050753090402,-56.85256308963863,58.499403073307484,33.11191671336427,41.84487126447217,39.96502561607894,18.927276663072497
461,-505.3939942131415,0.652630898065146,100.63631381225235,176.16073495698498,29.274367245794387,57.3299893187647,15.52613318860658,-6.6634792303621735,258.22014068808517,-195.92771619538019,-19.15904071769231,-53.38684463453775,57.56641393875199,31.834072983906466,37.76330765264376,38.863760273006676,13.599447749044314
462,-643.7300883906491,4.441052396709327,106.37710016977114,234.21921634006145,12.040792258749857,67.05063038398252,16.45569404451183,-76.24122697673054,84.33346843344819,-198.83824789178396,4.037845675185936,-68.76472374963764,74.69401266711425,27.199547281936972,95.98199667028413,48.86893519085501,-15.129624017491956
463,-485.4224235778557,4.257474269485286,91.85953414701935,223.38495665040423,34.61065113541607,60.60704722986973,47.54696528530625,-63.81410239466923,157.42501776589526,-335.9924761184958,-3.972863382602687,-37.401398373548076,63.25318804497987,29.922844270133268,90.96982868824132,44.297656294994,-28.320763533538713
464,-375.6382500050313,11.493978483008538,76.97106786991183,197.94924432258713,21.378676575307445,45.90510727841456,21.64552143625205,138.4134889973474,78.67776750785764,-143.0000066558601,-13.21972483300876,-48.8818558633099,50.52936935746678,12.823409401239822,142.75660772416109,37.68612599372145,8.090523937942935
465,-286.9070263468641,-3.057473611812958,55.155158729825146,126.97487933229348,212.24025559410012,35.04799394685284,10.9534383316918,-25.282552949130025,83.4730295776664,-114.94513017074195,1.240917531814018,-34.73407024062221,39.33658575477145,3.820024111405422,44.055354344593944,27.343919329613698,24.207448529371774
466,-375.938865650783,7.203659254145989,60.83517898710494,133.66221135185074,20.668192443515238,48.00854107628133,17.188076739685087,156.54988950913594,138.479494894614,-135.99291893093826,-9.761603773737761,-41.61724273133223,64.93383406316747,30.155535218954164,8.268650309376403,43.52570420707381,4.1405346812406485
467,-587.1285561775373,-0.4078178864354668,121.72783353970611,378.48662417921526,36.55771769103737,89.25335201309362,37.071760474897324,-75.91073673653042,161.70956672250793,-227.7778133449647,-28.24014404826145,-81.62880168430664,173.20835714932383,54.76040303505881,106.98108874977335,81.96455458312666,23.013608940276562
468,-415.21091876095034,-63.33053865151608,57.90004374939599,158.444339558352,0.7159089933062726,30.14105764713087,7.544066883050355,-99.82067359841855,135.31234128103694,-102.25815403017322,-79.08372255561879,-48.70673347989481,73.64631796758847,12.687928138248703,61.26146874928369,7.144376105050212,73.96220380288979
469,-655.6209486113693,-1.284989192193976,104.11591226092972,226.66499591273018,8.880932016416496,64.02685219475245,18.00877470669808,-90.5781612001928,89.5410353325664,-188.67035611113755,-8.459881129015978,-67.9482208170743,77.03715043384506,27.666550519050613,97.02308127615343,47.41326116545981,39.03389227225423
470,-451.2737634667954,16.990733958622002,88.81639184583626,199.66828221103358,18.73643395638393,53.59646157979579,-17.37806862642479,-42.106605988779116,111.79158415212986,-352.66647497778075,-20.7014917154971,-63.355434494451025,76.11926121764698,18.292502383922834,78.58761274471807,44.70673647570024,45.23756403050027
471,-268.23872796761225,12.190562615953933,53.96635264894008,201.1341107679385,18.132880337387114,24.522799081654128,8.024487903741418,-20.49533996014382,76.99069185103778,-124.2570142431165,-16.137156593865157,-224.49526158254602,4.138369117931782,-15.93931734954394,8.921443847232348,5.036785441118425,0.2850662600132557
472,-509.0788799688169,75.14615793963294,78.54011321840883,171.89389337789237,29.098792668498728,53.11147943778284,26.241075722567714,-48.66135670568585,73.35966462500416,-170.54439029732623,-23.025111076238424,-66.08276978078912,62.21786512222372,34.844949856640206,76.82599202139825,80.17367338112027,-86.95017209008823
473,-269.7239580882224,-6.6387126059586,51.31473597897908,124.26417387436112,178.17103735657375,32.337164456282515,8.17997264261363,-22.513074124794926,78.9541925575728,-104.82884095193033,4.961028620840338,-31.230973257438833,36.24641794409582,-0.022758183179547666,39.589348008175364,78.43677608493734,30.632925273792672
474,-522.9629488241836,3.1004021669842836,75.14015459737976,188.5137816273251,29.773577079256643,58.18837751783761,16.539862900584563,-14.370441396800382,288.6017270786668,-196.404499531239,-17.685817448242886,-54.567540081716224,55.31454080343412,33.68330660676561,48.93504442571923,43.16461410753046,10.935480359242613
475,-454.57795462030157,16.335591756007446,81.65434133892799,167.4659028547787,17.259097154342378,49.16771116638209,-21.317629019322734,-30.01611061045475,131.49683670563397,-351.33751021377765,-19.830266729505563,-60.77248177126062,56.17880936248698,15.121417769893123,67.04724168666898,38.99668231328386,44.80476089966445
476,-451.9669807812149,17.317915857235366,88.34469508042785,200.09065918503887,18.58953254242784,53.16053364513336,-17.78283142137272,-41.56953768171034,110.92125803684141,-352.6685856036854,-20.70180803051758,-68.17975035130748,74.54949114593896,17.297623108800256,77.20735666166232,44.23026276230437,45.68728490353019
477,-502.92180382236444,-5.058234752885559,109.1903350302493,353.38548032515916,36.32485146073922,80.53206808044715,33.3997128257208,-63.90424594803774,160.3160057343672,-205.31981219404196,-31.173140492959956,-70.41048501926426,162.26114114476073,49.50926058391297,94.35360582602175,122.40842314142975,20.831701951364177
478,-268.23872796761225,12.190562615953933,53.96635264894008,201.1341107679385,18.132880337387114,24.522799081654128,8.024487903741418,-20.49533996014382,76.99069185103778,-124.2570142431165,-16.137156593865157,-224.49526158254602,4.138369117931782,-15.93931734954394,8.921443847232348,5.036785441118425,0.2850662600132557
479,-586.5184956333231,-0.2110500261833693,122.24353065712044,379.17563758094116,36.774789328795634,89.55428681714794,37.56186187590223,-76.4206026468279,162.42926300064846,-228.25387764682756,-28.264778402944255,-80.81020252770669,174.02588661658353,55.27401125589607,107.77076767787098,76.73317212340864,22.10752635185245
480,-513.3440148545947,75.84102789605383,79.61472843321926,175.98300087654965,29.61032317211842,54.065601700843644,27.066431258818994,-49.50480041474576,74.40808671836645,-172.18971042955874,-23.508717874146758,-66.75665296793323,64.85294930308797,35.8604045741908,77.79084134903827,81.54685859437615,-82.73788117783133
481,-375.1740427074169,6.952877833061554,63.83189639851944,130.35459567817927,20.785426161535632,48.309457068707815,17.487681259754517,156.53062285323261,137.93088102097494,-136.20720039300159,-9.817981343898552,-41.39450418604441,65.86194496002022,30.97895477114216,8.657010011078738,43.48900374489857,4.642718028657524
482,-523.6979193704465,4.714755826665157,75.75762025013644,189.33329098433154,30.131806204477336,58.65735985535608,16.039269052772443,-13.211112168631283,288.124382226897,-201.42724559920595,-16.514672547534232,-54.908849122102495,55.35369003796332,33.789579930633685,49.279553322752356,43.927323365888185,10.386090407182406
483,-533.1478096830847,-14.922957417724941,110.41707677039973,355.96142984055393,33.5431594299448,80.30578848746146,34.15701468215233,-79.49728870797968,170.47403724888807,-205.70178942912926,-44.01196038234356,-75.30994640129904,168.64032487020873,50.42199913861832,98.9158392568507,65.7513795430774,31.00351230599756
484,-267.55304536031997,11.794152242048387,54.00941810754646,201.38258557029906,18.241949039430374,24.529086138395318,8.132044784872074,-20.747733758959285,77.33717731061772,-123.52803179237574,-16.31217078917614,-222.0785105777889,4.653850641530295,-15.648409297273448,9.022142991009924,4.463682893882515,-0.9700759093659153
485,-685.0113270351367,8.6493478055502,116.6823556982067,274.3324346124625,16.487886348766,76.06627358895163,24.26148851756878,-85.73907545717195,95.73106237273035,-213.8517460895697,-1.782074488188834,-75.09980840197933,100.90999712834615,36.81656241154126,105.3033544131479,61.0459145593532,30.150395486672483
486,-642.3599781773585,1.7006482413412933,105.93620355010245,233.44135962588945,11.372581312569064,66.52505095834361,16.007933155055966,-77.30463836657283,85.24684143910741,-197.3985447672447,3.0539934908945123,-68.36097653053822,74.55915531970382,26.662015236035316,95.65486113674764,47.31406242679437,-11.972513635896464
487,-432.1561157596645,50.037209716522945,85.7699745834791,241.56666377893296,29.317521044698378,55.30224186294636,25.4183546321139,-84.72023007012463,261.16636810735,-149.20227526864926,27.34753308149373,-53.110006642092706,61.36057014371884,23.201717375727068,116.7804564027236,65.01831603717405,-3.038592009488137
488,-534.1303745860741,0.7795357131036075,119.15847813081395,373.3585282273243,38.53617867803601,85.16554835559653,37.64950177732006,-40.26681010305721,161.1172975537669,-218.1120413251128,-30.792725681513456,-78.3524434150839,167.88327289228076,51.095908796901696,118.38001272247261,73.5644903483023,18.957164303389405
489,-519.6031317110273,-18.137615061244876,69.85723744924479,172.21007698636572,24.48771959622,53.6640896793866,13.0896866945032,-12.553217658809913,263.1708666198674,-188.56502414107305,-37.65965520236025,-53.51302908932208,58.13808195496523,32.00309372203458,37.06189969990097,32.417730673354555,25.009625866664102
490,-379.7707515642738,8.094060564490663,61.899627219800564,132.88078785372505,21.104953949068836,48.845206674103416,17.731211523955217,155.09854398904503,142.352245130263,-137.36612834092227,-8.882955768997455,-42.06108274837495,66.17555185553677,30.461229377834332,10.406215440397128,44.38646935058646,4.286458912380678
491,-121.57664666808667,15.075772307615784,35.422897794764566,126.89401082183484,8.599951487251106,8.204870954719524,0.45749117452868987,-8.588574862307505,47.18604620111235,-89.71564630959396,-19.598787312934927,158.55816904348376,-25.155451599994937,-31.57325753449257,-14.602052406442837,2.1685757886898447,2.699614495155124
492,-431.09267523662163,48.95095398096355,78.38348136721343,208.9761935158581,27.977195958273846,50.72807187536708,22.393759302389824,-72.73962555427266,281.0528586393124,-143.28843101503332,28.306860801032165,-48.8771995837126,41.56058014874453,20.34669380319602,105.2290320326561,58.97987451651721,-4.845268812151197
493,-205.56168699528982,15.318092905038426,66.47716370039926,123.2251182907305,16.769435894183122,36.85256629625423,19.594739836686614,-29.521129324499125,91.68310075740173,-142.79201384490585,-3.8529657557409487,-83.0096783784376,35.4042957892136,14.09664372047473,66.95718127613726,46.819075788568306,31.868113672927624
494,-383.2825758509927,57.81695552163402,102.53826100884626,198.0052442522599,26.142277261105505,46.10067985131547,21.84570935902856,-78.51174806185806,246.33710516176345,-125.76579131632808,38.48558477896228,-45.02660851893327,35.926576060180636,13.898292822970328,105.92781950412858,57.08506543111038,-6.511567576149715
495,-511.40034727145405,0.5957917919781355,107.50088297788798,361.65070382564136,39.155592725108264,80.07032891337025,33.56911084331056,-61.54578297006262,148.93287592346,-208.5318895086524,-7.4841919720851475,-67.28504436532882,154.5150383762018,48.974470039285,96.56218313720979,65.26440993917532,29.8796287313091
496,-204.2697782377607,-10.807828596733083,42.19048346458001,98.32534939203755,10.415613803617282,21.911888789020146,0.3069100948415152,-14.233476624716177,69.73894321202992,-85.24462123252034,-9.533713100492978,-25.619741682960406,15.287545230355438,0.36861581093002777,31.490147310340703,285.13570952679163,25.592682647139124
497,-672.0223501239224,25.072491247498785,109.28467919335426,237.72556327121833,15.808404920289997,70.03641799403314,22.775384455583904,-79.73451176383111,78.76390995177707,-204.8099383187807,0.12592267179350172,-72.60778870958717,81.00090239217045,33.767171207235535,100.1251336916601,63.27911835327541,7.96259026940798
498,-489.3940936243239,8.948656774173747,89.22727272191358,209.04942360019817,35.0091243098374,59.631061613351015,51.05801917730716,-55.101760676288556,120.7826387114903,-339.24889007326476,-14.901655822772305,-39.30112992013716,64.14745689741787,32.235469182829625,81.673145097588,46.53821657610113,-44.85773810390205
499,-208.42761674802364,15.389659346540025,44.39050106487628,153.8948681785975,13.92412499372602,15.162232258614987,4.5738403976902005,-12.873356786151083,62.20745135463516,-109.15336762090026,-10.781246585657344,-225.90557669578553,-22.32448499206137,-23.694936903335886,1.9612895624340934,-0.2570991289018681,2.7745968774295457
500,-527.9252696595089,-1.1560093738269424,76.34637504504505,181.86143866533723,28.20254841976967,58.376494927738776,8.171219154864188,-5.520879478744063,261.2042982788349,-238.87607985497993,-25.179355503031022,-57.049999915861136,57.98497129643695,32.84903024463917,42.40683106047467,40.33034876930618,19.323095755309218
501,-286.9070263468641,-3.057473611812958,55.155158729825146,126.97487933229348,212.24025559410012,35.04799394685284,10.9534383316918,-25.282552949130025,83.4730295776664,-114.94513017074195,1.240917531814018,-34.73407024062221,39.33658575477145,3.820024111405422,44.055354344593944,27.343919329613698,24.207448529371774
502,-536.6646242408927,-14.619812596433325,110.62732981990082,357.27142202374375,33.54447758620468,80.45912291407826,34.10610320310109,-76.62629089120813,169.85729777057176,-206.4673260831683,-44.02201629552799,-76.79335348280888,168.4057724907939,50.106703627391774,100.5630494742351,66.0685721415974,31.657414147967085
503,-429.9295147108866,50.444739834130154,88.25417330553206,241.16156492512053,29.481962037430783,55.24761025721877,26.191209427350355,-84.80400415235717,261.11932990696545,-144.99361535108852,28.16295330515954,-52.754031453623895,61.29339287297578,23.12129953410721,116.4269185323358,64.98789449778633,-3.7651958647442796
504,-529.4860438159625,-2.2730312281754403,76.60623871273731,182.0719604455205,28.348289201634255,58.61764576851413,8.648326966378237,-5.047951122428477,258.7738377048769,-243.0087626768614,-26.05050753090402,-56.85256308963863,58.499403073307484,33.11191671336427,41.84487126447217,39.96502561607894,18.927276663072497
505,-372.0716290501296,12.870238076843858,76.4586680905386,200.38038299094086,21.514506171053164,45.56863123229065,21.476020570604053,140.16969344673103,77.31879285911245,-142.48856172986814,-11.964485386429658,-48.541419242902485,49.03443621535182,12.728494086893782,141.72718729709322,37.98773395263119,6.402209160506386
506,-198.17913635038445,-5.935835139258511,41.98334643468841,93.02736146063518,12.623142904153537,25.924039811838114,180.66353976568863,-14.868694297349952,52.042834661483845,-129.02157565084792,-2.7819602876850342,-20.002877359426535,21.112053718063333,6.899689001428174,29.258415083790272,-5.268555269024644,-6.961312359590818
507,-338.114612620321,23.585831605895486,64.12311113762519,131.75414124703326,183.68356459587457,39.69390631557207,14.12839455243747,-31.202237670245456,92.57215416195744,-125.58288322603933,-35.07464582341433,-41.014762036856524,45.30781334998025,25.26734253240273,55.656608102895866,38.05293034202984,-25.865296793705344
508,-323.0073818627774,-4.339297032330194,64.74114336406822,171.65698032290658,183.24617705690096,43.720097477957324,15.315358670950452,-32.42712831395791,96.64953956314316,-129.08752378155356,1.3119810486441856,-41.351381228056496,64.06288097453857,9.737026400214827,52.934613080871664,35.52957823338642,29.498173405848174
509,-427.8869421214591,4.7573955335471165,75.80863852564065,151.18115764857637,10.69959717480541,41.45133409067023,-24.174935193378637,-46.52304063187908,106.10814520282895,-328.44022802005566,-29.766333711581307,-57.67278819425336,52.46970152316013,9.076973422997256,68.59000537713781,30.281367237705716,56.41277845092461
510,-586.5845358087078,-0.01803055908408464,121.33810793434792,381.17535779910844,36.415378083703644,88.89424800767115,36.97798979489249,-75.71383656314099,161.3663952252148,-227.3045661424815,-28.268786590620707,-81.7783112021027,172.35134237975367,54.7567615761833,106.4078916657884,76.60045818220115,22.34247519830335
512,-188.24185699701178,8.51390732831557,17.404110328502913,235.93213985854828,5.410074745501984,1.3618451137817806,-7.504710484594685,2.7089478706362606,37.91125864797866,-54.4587190553197,11.213262170629172,-14.503556844370081,-36.889783595908185,-2.373295194654623,1.1591588085475046,6.819581942810684,-1.98772048560842
513,-288.56722543490764,-36.27688994277714,60.66441914014085,156.16667767353835,13.09201276268031,36.037319630236105,-2.9336603027000905,-26.816746573871374,114.47459771531034,-128.81628514723067,-7.514539594335456,-30.24262660996202,38.63747302684148,3.9878045952907932,54.001608673518454,2.5558887453990127,-200.07751630342983
514,-376.2025592693407,5.506474652658779,62.996167646094534,130.6276532408453,20.823203003779813,48.30348115156861,17.298118713095967,156.31302750838333,138.5013795151089,-136.22141751695656,-10.98165792512488,-41.77120358036806,65.65463105397077,28.624358823648897,8.76145487025378,43.678124741492745,4.171267270986766
515,-178.13438270359893,-0.5383220511834246,68.19978204465437,133.16411038515272,21.132183975913545,37.104048565901806,23.897015081912848,-39.61688127711766,105.54251914059938,-113.63271581527576,-10.853533568180328,13.660361811847515,56.02355673315412,25.732965811294488,70.98514702724033,23.894973899131855,-18.337573102239237
516,-215.02584221654553,15.426519009996408,45.30932731053692,158.3951651154071,14.246838696253192,16.092630589851822,4.822103955277732,-13.40840068461644,63.37393849065347,-111.31981648878855,-11.15932481069824,-227.939621088743,-20.142132952300717,-23.181192195000133,2.5666757615141,0.7880816206124829,3.655271768129171
517,-489.7900760230901,-2.3347983621130264,91.70561846610535,211.4126308888819,32.287026324172906,59.75906021360767,38.38590522591519,-54.00684547822667,129.3676899209082,-377.2527505950555,-13.475358567606994,-39.318755099442896,63.96455349823629,28.509306131236144,82.11889489333097,39.62549436315426,-18.52210539332913
518,-333.59216752709966,-22.262413685089143,61.09528222656547,159.28462204940854,14.648743710768088,37.8554695908103,-2.6331532358530483,-26.69098935656103,108.91920252418112,-137.8328140628971,-9.993098644012607,-45.65325923508763,38.23468930110124,5.024583720105161,53.944728210214215,12.640846520889726,-211.18213712280223
519,-385.9771913888687,17.018547697963722,79.58506393062348,154.41683804057703,15.40022822906892,44.286191210686155,-19.96826108343076,-36.50377320531009,99.78022733236678,-331.73096874963846,-16.74569526977716,-45.43174156963351,53.780259296441926,12.864147248294833,72.43305161014045,34.828031527792646,37.685957292883195
520,-324.4586927343621,-3.9899641848058494,64.14704331369501,171.59451724941218,183.3481206700888,43.438992638143,14.900584279805498,-31.752092714231612,94.89781708145526,-129.02759836158634,3.7059110741821217,-41.7606254518233,62.638195654105985,9.221664092886044,52.5020794851011,35.05983076699973,31.28555378762169
521,-376.8944124747179,-36.137787973963945,68.11974697319995,174.2888441978893,10.703023306973277,41.52461090075479,-4.1202861520235725,-35.29785555952909,110.3042652058453,-145.55000445684843,-5.3436861417830865,-48.42458846530455,42.09206647865697,4.078941012999615,59.19484571085494,7.639589560497305,-186.5837556371049
522,-506.43725245001315,-6.441764394098968,98.02301814131985,251.015648479549,36.52450021578628,66.91342952349419,49.698608869985286,-60.673837206520204,139.10488110976596,-350.77547257124803,-16.09733122392651,-42.40691015237783,86.40509138017147,36.14849363264373,87.88173436248225,51.65515347728958,-23.29733770472729
523,-314.4274529438923,13.189650300015456,48.67887630457905,179.03058551916584,30.51212254567416,32.87152795041574,7.55757847903416,-14.591138885664925,32.75898843913234,-122.24357174219408,103.71561680242888,-3.183499830750683,12.267033285224196,8.390305938777525,56.96030461235692,5.46385260225723,66.94656455628675
524,-423.55542937864124,53.441719300338384,76.78609235138333,203.0446382979972,27.25784048550368,49.37940291697736,21.630720990694183,-71.62477674107753,278.8978778316262,-140.10091639031768,28.156488272193194,-47.66961289857104,38.73664587553681,19.14463821313767,103.55299964032326,57.42945168960202,-4.644754677445726
525,-449.3491276857227,66.63250979118926,70.03141048860577,158.5845774065923,28.948142117239673,47.48638042482536,21.712226378474817,-39.209830574101,78.99758497252017,-158.87846872748707,-24.914588993590883,-61.597082466111566,54.912770132988186,29.76375815645718,68.62248855057238,71.24691698620342,-126.2377015403601
527,-375.62055534576217,52.673066070272576,72.5075636024251,194.24307731356865,27.00465433985044,42.682667761218696,19.4186726470226,-72.04182652289687,230.55402825967332,-121.61862285819859,55.095332562991686,-35.95752074410461,24.68422506199494,13.532878133055629,105.41568883181927,49.37123211654047,5.391721423291291
528,-288.56722543490764,-36.27688994277714,60.66441914014085,156.16667767353835,13.09201276268031,36.037319630236105,-2.9336603027000905,-26.816746573871374,114.47459771531034,-128.81628514723067,-7.514539594335456,-30.24262660996202,38.63747302684148,3.9878045952907932,54.001608673518454,2.5558887453990127,-200.07751630342983
529,-375.6382500050313,11.493978483008538,76.97106786991183,197.94924432258713,21.378676575307445,45.90510727841456,21.64552143625205,138.4134889973474,78.67776750785764,-143.0000066558601,-13.21972483300876,-48.8818558633099,50.52936935746678,12.823409401239822,142.75660772416109,37.68612599372145,8.090523937942935
530,-205.56168699528982,15.318092905038426,66.47716370039926,123.2251182907305,16.769435894183122,36.85256629625423,19.594739836686614,-29.521129324499125,91.68310075740173,-142.79201384490585,-3.8529657557409487,-83.0096783784376,35.4042957892136,14.09664372047473,66.95718127613726,46.819075788568306,31.868113672927624
531,-268.57205103835474,13.319959946629732,56.31076617601777,109.23282984222877,18.406787237803712,196.7798154829561,9.892102966630599,-15.305933258223236,74.92830008893587,-120.85094571915111,-6.7376013773168735,-48.5139313249546,12.271590947776945,6.0757858683841945,42.624873300679084,29.68056068722456,15.635202751422273
532,-522.9629488241836,3.1004021669842836,75.14015459737976,188.5137816273251,29.773577079256643,58.18837751783761,16.539862900584563,-14.370441396800382,288.6017270786668,-196.404499531239,-17.685817448242886,-54.567540081716224,55.31454080343412,33.68330660676561,48.93504442571923,43.16461410753046,10.935480359242613
533,-507.6512976132924,1.2646836132130193,109.78936406023165,365.71768080251275,37.10390395922258,79.35876356271139,34.21236158955092,-64.3768014167287,161.6195898231036,-210.5254593773559,-30.54800737292897,-111.87960071326802,154.30590865581684,44.48499452022719,89.22252339537857,66.05791261259621,16.648957875013192
534,-359.01425097183375,94.55060904078279,70.49046796148144,186.36331763031347,22.583691735140928,42.600531036120486,18.951200135918885,-74.21667669911112,240.96428514496498,-114.90869839976823,25.553832301610033,-41.41832984844483,35.44404131158801,12.010967224978002,100.61446536645703,50.23088115929602,-1.5266494435610365
535,-392.1483348544991,20.586241063113636,79.19747480316607,152.18056481933203,14.418609910679574,44.22960770001545,-20.936273013606662,-34.232229015970915,96.6618581961473,-338.29181080630525,-15.170567511978303,-67.18250061244765,49.1409255840553,10.245974777860388,71.52675931614226,39.98595445291585,48.982236817295735
536,-518.391267304439,8.811267276551533,74.8546147706096,187.51394179646024,29.872176149851363,58.093669654037626,16.4394593618382,-12.741198116373898,287.3171265336874,-195.82130035276577,-16.9550205678672,-54.08545249472869,54.852569664701946,33.41733009040974,48.197853817481146,43.09369393024685,10.09340576076026
537,-498.1672827413604,-0.7639511054662045,105.25001351806097,380.02434172173054,34.79238668535873,76.9347409694812,32.354449144541746,-61.68285041532777,156.5378053018562,-201.31632261995068,-31.284551721241556,-74.322331201982,153.17551192546063,49.18193794288743,88.52093584239462,69.34056167941068,15.37550670101125
538,-312.0016968419808,52.360475961689396,204.74975782093964,145.16207907168075,24.10820740210547,42.9088952373478,17.85988783801827,-47.81086056506239,124.88513370320265,-123.78690372041154,32.068249134961164,-40.1621757636393,45.96703060483491,6.33029712952391,61.53310223065652,39.50912195682189,4.990542162011283
539,-286.9070263468641,-3.057473611812958,55.155158729825146,126.97487933229348,212.24025559410012,35.04799394685284,10.9534383316918,-25.282552949130025,83.4730295776664,-114.94513017074195,1.240917531814018,-34.73407024062221,39.33658575477145,3.820024111405422,44.055354344593944,27.343919329613698,24.207448529371774
540,-435.6694274445446,-6.904264466018253,82.81558725563117,194.84616358308796,30.94724747185188,54.61458596423331,77.39645070662117,-49.40566607767041,115.3959498220216,-325.5457480642172,-10.381728922824188,-31.369843371857726,56.540510188944545,26.599422622854682,73.01581549758893,34.81079012453527,-27.19509987846331
541,-208.1262284629356,18.15879835822725,61.53575333695772,127.06079712396345,15.43743347023923,32.3478673754644,16.462076950381178,-24.26033711628372,83.16107758297547,-138.2282406143405,-3.7680261723988338,-129.60298261181248,19.847056932319067,4.463912010747581,53.14356713356128,41.72595129636917,34.9914487313996
542,-327.697479650651,9.724452842138094,65.92968321868796,156.72054723393032,22.72461128350806,206.14666936273645,13.450307353812471,-23.180310231031438,90.05802604491842,-135.22560989062663,-12.268525580835677,-44.686865206957975,39.249926581368605,14.122313474446637,49.68572672925493,34.401342710008954,11.890529964626811
543,-633.5421810657649,11.77407964622982,101.55309273786813,228.70483450942237,14.280185455372626,63.95124187843986,17.631109030243927,-73.63828047525541,66.54896619566814,-191.5880032110147,25.93800801759948,-58.85180671007275,64.83962352641362,26.52549225489594,94.92415646464221,45.896632400342824,39.2174503974114
544,-673.6160748032082,7.944740401940981,111.68298501775371,243.61765024661466,15.491659746756179,70.94006656778959,26.14255808943778,-83.10514727340227,87.86040987512047,-237.75306468588118,2.0335856541287054,-66.90448312456701,79.90253005483953,32.192424807108836,101.37678565170425,54.22138755498887,21.19418643321834
545,-643.7300883906491,4.441052396709327,106.37710016977114,234.21921634006145,12.040792258749857,67.05063038398252,16.45569404451183,-76.24122697673054,84.33346843344819,-198.83824789178396,4.037845675185936,-68.76472374963764,74.69401266711425,27.199547281936972,95.98199667028413,48.86893519085501,-15.129624017491956
546,-490.11947945459167,-2.2655981755059327,92.51370614136226,215.08289851818836,32.467031374629784,60.29497508807273,38.80468762096373,-55.269399405905645,127.5138133791596,-377.6022919582446,-13.600288888710237,-39.78045481105768,66.17683388772836,28.87778906347269,83.3334706190439,40.30101785434733,-18.390757591175586
547,-375.938865650783,7.203659254145989,60.83517898710494,133.66221135185074,20.668192443515238,48.00854107628133,17.188076739685087,156.54988950913594,138.479494894614,-135.99291893093826,-9.761603773737761,-41.61724273133223,64.93383406316747,30.155535218954164,8.268650309376403,43.52570420707381,4.1405346812406485
548,-538.8359553473096,-5.803155472320716,78.29083972762464,192.26871459938548,31.803575999201794,61.100075477289316,21.68457493434718,-9.336298904351773,266.8108969259903,-238.59309223404597,-24.263450275653465,-52.6965752161265,60.20564322239379,36.5229501385508,44.423591169647025,40.67375567768045,5.434898890578893
549,-505.7909281055324,-2.8026055379464747,115.13692864966546,362.1656166662705,38.32348998736925,84.14270319060611,38.22684033978308,-69.74467481059405,167.0045979642603,-211.89779745608618,-31.104013476103667,-64.08306436070893,170.7953808972802,54.708209638646636,102.80243236408529,70.7584559021656,12.804541095595999
550,-509.1313830593051,-6.900138736461425,91.37666475182591,219.50228252502,35.26423505150299,62.785613914134785,46.249149878092254,-49.09320773849331,159.52982994141058,-349.9225721091078,-15.25074059261779,-39.00535827258748,67.28216899227117,33.49101723945129,77.13104223253077,40.713716855155205,-24.636223423987218
551,-407.793887140292,15.119923358792105,87.42834608285222,244.33208774847554,25.256285779985696,53.573933575204606,25.309835825598658,96.52854664090886,89.02801548755707,-160.67826744226244,-17.327601451253724,-55.85952951827343,70.77315302274386,17.642468015806102,159.32481181976502,43.64175641227408,10.320161563019406
552,-324.4586927343621,-3.9899641848058494,64.14704331369501,171.59451724941218,183.3481206700888,43.438992638143,14.900584279805498,-31.752092714231612,94.89781708145526,-129.02759836158634,3.7059110741821217,-41.7606254518233,62.638195654105985,9.221664092886044,52.5020794851011,35.05983076699973,31.28555378762169
553,-392.8415521689186,20.913422961727,78.72577803775766,152.60294179333732,14.271708496723482,43.79367976535302,-21.341035808554594,-33.69516070890213,95.79153208085886,-338.2939214322099,-15.170883826998782,-72.0068164693041,47.57115551234728,9.251095502737808,70.1465032330865,39.50948073951999,49.43195769032565
554,-520.5755641968814,-17.299545970635666,70.1717185174783,173.66634509527302,24.62025716756279,53.68667155255404,13.177157632985349,-17.114171760435035,265.97774679653236,-188.64861917531027,-36.89080451011756,-53.636909511998454,57.59347895114496,31.786297005958446,38.96174209014331,32.70325618572899,24.81699527591129
555,-208.42761674802364,15.389659346540025,44.39050106487628,153.8948681785975,13.92412499372602,15.162232258614987,4.5738403976902005,-12.873356786151083,62.20745135463516,-109.15336762090026,-10.781246585657344,-225.90557669578553,-22.32448499206137,-23.694936903335886,1.9612895624340934,-0.2570991289018681,2.7745968774295457
556,-276.9969361387346,-1.2481662685551111,50.030769581345005,127.45819872009123,181.26156720583379,32.0228433965662,9.121349698400037,-20.597984412129758,67.84686527233828,-111.38036163051801,29.03555134362335,-26.317891401366147,28.07411270501606,-0.5027128085379882,42.76814445530162,20.743024123453957,38.55028230194129
557,-512.647754178455,1.1614982011089894,114.70627406360168,359.68086864266496,37.232802966936646,84.07983262319422,37.15127152847652,-67.22073682243942,163.5397433684609,-219.18762196349368,-29.353871522993824,-88.25057440828022,165.64056566129508,51.7991291159417,101.79544092630952,76.48948137452471,25.355962789387707
558,-520.5755641968814,-17.299545970635666,70.1717185174783,173.66634509527302,24.62025716756279,53.68667155255404,13.177157632985349,-17.114171760435035,265.97774679653236,-188.64861917531027,-36.89080451011756,-53.636909511998454,57.59347895114496,31.786297005958446,38.96174209014331,32.70325618572899,24.81699527591129
559,-386.84919680589434,56.44069592779871,103.0506607882195,195.57410558390617,26.006447665359786,46.43715589743938,22.015210224676558,-80.26795251124169,247.69607981050862,-126.27723624232001,37.23034533238317,-45.36704513934069,37.421509202295596,13.993208137316367,106.95723993119643,56.78345747220064,-4.823252798713166
560,-312.05173136227364,5.088859496634219,61.80018821859022,128.34610384278886,214.055306881963,37.77294990343889,11.731697067434908,-28.8729956425975,94.27525432237513,-118.72042472408329,-28.545968802498027,-36.875404402533064,42.53628465868897,20.047168677582803,51.7640679468677,29.9216565778821,-5.251006406396021
561,-327.697479650651,9.724452842138094,65.92968321868796,156.72054723393032,22.72461128350806,206.14666936273645,13.450307353812471,-23.180310231031438,90.05802604491842,-135.22560989062663,-12.268525580835677,-44.686865206957975,39.249926581368605,14.122313474446637,49.68572672925493,34.401342710008954,11.890529964626811
562,-312.05173136227364,5.088859496634219,61.80018821859022,128.34610384278886,214.055306881963,37.77294990343889,11.731697067434908,-28.8729956425975,94.27525432237513,-118.72042472408329,-28.545968802498027,-36.875404402533064,42.53628465868897,20.047168677582803,51.7640679468677,29.9216565778821,-5.251006406396021
563,-430.86899513885214,27.493204761954157,82.13721073412142,171.34857698016293,16.605513238255458,46.989144482117034,-20.019813612108738,-44.73700526663065,129.39202453011865,-337.40741422316563,-8.552389519490474,-59.16852187222121,52.14982841519571,11.553244800575104,80.88602814237953,42.58062175312265,41.12022079011295
564,-519.1518335135106,-4.702357394539158,75.65242999315976,189.43073625880788,29.0132560372393,57.95545390055294,16.43812107746836,21.785331134954838,254.33550769335014,-199.82088701524967,-26.532774750725782,-55.28212398242712,57.297281453891394,32.64590670282621,57.66025541018175,39.056028069678725,13.66576800302855
565,-511.7469934631284,-3.2584049618197266,75.09700828985436,174.36551104144607,28.970871483781853,58.37690951795406,15.93741446318741,32.314654765387445,260.0085422598632,-196.38263533927307,-23.387759246295293,-53.314069706869894,60.73254280542294,35.87712924977516,29.927591549941127,41.04164670275616,11.58579245945438
566,-408.1732417617614,10.630071537531197,87.36635698827533,244.4258185161145,25.38392900655565,56.7887289622221,25.4647285376459,96.40931226571787,88.86210904745596,-160.7083620314489,-16.658152942922612,-55.814475106567095,70.76685748807024,17.91740712891778,159.5453026012287,44.01976794072003,9.741204052723011
567,-286.9070263468641,-3.057473611812958,55.155158729825146,126.97487933229348,212.24025559410012,35.04799394685284,10.9534383316918,-25.282552949130025,83.4730295776664,-114.94513017074195,1.240917531814018,-34.73407024062221,39.33658575477145,3.820024111405422,44.055354344593944,27.343919329613698,24.207448529371774
568,-550.7009131669115,-5.750855313210618,83.35562760751193,222.15329315201177,32.58544062513298,66.1950752842717,18.929277596043917,-11.115756789245097,271.6904289849266,-218.85275522170937,-29.04185296858176,-61.12980613728976,81.50547488017526,41.042582222317165,47.586524124170936,47.098618837980105,15.384108538269347
569,-207.9878780753025,13.246482668185994,60.624053051490044,116.36927034065677,14.588829818261388,33.261870746883005,15.203928094863516,-23.995292776927958,83.79704983916596,-133.44860196256923,-3.5188357903864382,-94.37013146610386,25.799692905094403,8.281743278478185,57.669082600086846,98.32803931411199,40.00478675837143
570,-312.0016968419808,52.360475961689396,204.74975782093964,145.16207907168075,24.10820740210547,42.9088952373478,17.85988783801827,-47.81086056506239,124.88513370320265,-123.78690372041154,32.068249134961164,-40.1621757636393,45.96703060483491,6.33029712952391,61.53310223065652,39.50912195682189,4.990542162011283
571,-219.7073827066105,17.775077007501444,63.327364867388944,117.05836744595985,16.118767084116346,70.90860382822439,17.23782383052056,-24.378395979067108,84.78172724042045,-139.77497929987797,-2.8464989271697445,-94.7497761745339,26.247969905790182,10.087359150202865,60.59615955177899,47.61169882043055,37.965355118285096
572,-653.1743333940786,-2.019077122113592,103.36278670063342,225.38423611919418,8.905525369142724,63.56912056659284,17.634737612292742,-89.15854616406253,84.97943039066313,-188.18653278553242,-6.940590920541899,-66.94551634940237,76.045291557873,27.36274373255443,95.81585856144471,46.215462496767955,40.44039957643681
573,-333.59216752709966,-22.262413685089143,61.09528222656547,159.28462204940854,14.648743710768088,37.8554695908103,-2.6331532358530483,-26.69098935656103,108.91920252418112,-137.8328140628971,-9.993098644012607,-45.65325923508763,38.23468930110124,5.024583720105161,53.944728210214215,12.640846520889726,-211.18213712280223
574,-686.8373661501795,9.798986855381695,117.49426781922134,276.1926715628737,17.206218231929903,76.80761398142516,25.112230247704957,-84.96128817156362,95.81437738567614,-218.84619339544327,-0.5193390647424244,-75.00577497239213,101.17121355547103,37.290227724800495,105.84953932109828,61.84296450854835,28.212185848139242
575,-210.8680037062826,-10.7709689332767,43.109309710240645,102.82564632884714,10.738327506144454,22.84228712025699,0.5551736524290466,-14.768520523181534,70.90543034804823,-87.41107010040864,-9.911791325533875,-27.65378607591787,17.469897270116093,0.882360519265778,32.09553350942071,286.18089027630595,26.47335753783875
576,-426.018221858282,73.21261272083434,71.58930018010363,154.47268302506941,30.83631012816486,47.72361974306497,27.483146165112313,-42.29382868004654,77.81693454595997,-153.66718137092906,-25.96987472226527,-47.99547040797803,59.44009154402398,34.78085824860562,72.21711983617257,74.52696162361875,-92.92154132478741
577,-342.5618972524098,-21.97446307267103,61.88490467183825,161.17462437326083,14.476665859815464,38.45675666042606,-2.707039731839809,-27.43275911614257,108.41083197266869,-139.65015630631282,-9.677628080328228,-47.51183014253183,38.59363438102383,5.0874505664662095,54.496765467301515,13.30470387880562,-210.1484720943293
578,-658.0083332386716,19.114958945425972,109.0843483408312,241.51243244478226,14.03425192811035,68.52855816003606,21.3714799742973,-87.83443083655814,112.16501561470082,-196.42623646706627,10.745105932858694,-68.87885138679206,74.75821228613422,29.563560119857787,106.99638361172933,57.87461908726128,25.152377355585546
579,-672.0223501239224,25.072491247498785,109.28467919335426,237.72556327121833,15.808404920289997,70.03641799403314,22.775384455583904,-79.73451176383111,78.76390995177707,-204.8099383187807,0.12592267179350172,-72.60778870958717,81.00090239217045,33.767171207235535,100.1251336916601,63.27911835327541,7.96259026940798
580,-244.87037208423067,19.19811470154197,68.4971480846157,126.71793645211037,15.536330453629938,38.1613424637445,11.360054268121813,-28.53211156224768,90.0519589512779,-184.05592925142145,-4.645890357663028,-97.85836739514488,34.14013904754239,11.252094346986837,67.05666108430293,49.77456201273271,44.23297671937283
581,-657.9918445595142,-2.400750492788648,104.06762532141038,226.27672850019175,8.94629040802519,64.24470886317896,17.87899316597668,-89.10607173457522,89.75151655011791,-190.06336571019878,-9.587668850017488,-68.10861680697823,77.44004852857418,28.023367815982418,95.63920263058237,47.054867221475924,39.402346283209376
582,-672.0223501239224,25.072491247498785,109.28467919335426,237.72556327121833,15.808404920289997,70.03641799403314,22.775384455583904,-79.73451176383111,78.76390995177707,-204.8099383187807,0.12592267179350172,-72.60778870958717,81.00090239217045,33.767171207235535,100.1251336916601,63.27911835327541,7.96259026940798
583,-487.153915116356,-3.4856979656983498,91.20185695230232,210.1511831311923,31.6490768312649,59.041013993483,38.14205284801445,-55.78379387313701,126.64343311645283,-374.9979765120022,-14.481458297924892,-39.05495571290365,63.81487075325281,27.94170998977021,82.39462883494915,38.82151520471575,-17.348168857987762
584,-509.0788799688169,75.14615793963294,78.54011321840883,171.89389337789237,29.098792668498728,53.11147943778284,26.241075722567714,-48.66135670568585,73.35966462500416,-170.54439029732623,-23.025111076238424,-66.08276978078912,62.21786512222372,34.844949856640206,76.82599202139825,80.17367338112027,-86.95017209008823
585,-496.2615326122332,-3.052782988794291,113.60675433964634,358.9380868290059,38.22656929464885,86.33794088085499,37.94084479370897,-68.54233451147371,166.3585684040038,-209.0894840450296,-31.2784862853368,-63.00589674937431,169.7885580492369,54.231971023674674,101.40023969520887,69.9673679952948,12.273107582231763
586,-268.8539070953861,-14.436936778129258,52.2282896848655,147.2418852839639,14.95652889164782,31.696520297921122,4.30148499679782,-22.37950467761277,85.2480910542698,-104.17586613151526,-15.061149514820922,-23.00718743018001,42.34748619635709,8.466474364884977,38.76373006185218,290.21921959865386,21.833063845697872
587,-233.57786224663855,-4.168532314714352,77.55119091936076,180.01526206767375,25.47795103519165,46.31919581477538,28.262627651137933,-47.34875531358278,120.5069976154602,-124.15148294787916,-16.121340842841242,16.720531260276704,82.62687270333298,33.804646406585086,77.93424800002016,28.86047111091166,-22.20097739148277
588,-396.1172243228043,-58.70098955309311,51.15829935489288,118.78905078085798,-3.6949262256307955,22.47418392150475,-4.021399740172595,-94.3682992242606,124.99145805606706,-126.13737570231586,-75.48434201892593,-43.860030588898745,50.50083404726302,4.469223171342546,56.19352814138342,0.13139084738085616,78.01992252237774
589,-443.7764373237423,17.369547332456737,83.97604667530636,170.1717945652273,17.817557614835724,48.64688134697901,-15.537736351295395,-40.21725724141341,106.73081411473534,-376.99169147973015,-16.011191756115704,-56.57205790847746,54.67896769967983,13.456809258657811,75.4357331022126,38.61026067364106,36.66222805463706
590,-200.23518537767612,14.747486308864666,65.63139313656319,121.47624616551731,16.598306773608936,36.16979243620934,19.991506585431686,-28.969273328894065,90.61303273095004,-137.25120107539706,-3.816750449987826,-82.25620648323536,34.33683526050467,19.042359696060124,65.8889554066378,46.21258260920321,31.151651134039156
591,-636.5077454040006,12.994179436422238,102.86494192692807,233.63654989641842,15.098139998737507,65.20520297302961,18.293743803193205,-73.12388600802407,67.41934645837492,-194.19231865725712,26.819177426814136,-59.57730580822678,67.20158666088916,27.46157132859842,95.86299824873696,47.3761350499744,38.17486166422356
592,-541.1907324601315,1.547761077697149,116.12003653255809,364.57890038462335,36.978549268195586,84.55968392798377,28.74631340908323,-67.3669281192199,164.83026261590223,-255.93136073470362,-32.30082769027751,-83.54735266201817,167.4620471437927,50.48985310217646,100.9806721441263,72.90199841325874,25.959333658425415
593,-193.61984733286283,9.971815916106872,38.27319142122902,82.20355909824283,12.121933534322475,23.76643014349195,176.63373135888546,-12.012453255010131,42.075954475433655,-93.47413383750502,-5.570792679234891,-24.980683846292656,19.84846292091869,7.538356327852392,27.067921339651367,2.309672879630308,-19.15031979021337
594,-505.48032849761364,0.8780605018166607,113.65958935805092,357.6187311878701,40.55806396428259,83.42643784570728,36.96406150723692,-66.17548664688907,163.56403504973537,-217.4835801857663,-29.317175364942276,-87.60177677069782,164.90003111632464,51.24909170840784,100.7413969879637,75.97046821000303,25.381383620248968
595,-517.0073719019483,-19.88713188246755,71.26825894377225,171.41321048239328,24.338506222273768,53.144946030019234,12.744064822126099,-15.899688241096724,262.1268811813782,-187.50390835134456,-38.989506666244985,-53.34703034399156,57.07255814957897,29.94942645177301,37.31698151999996,31.994911576635275,24.701803634517375
596,-204.10813816097402,-71.81312149104467,160.36199973495937,82.0408979346014,12.171963714674774,19.315319717001966,0.4906733361355297,-17.806838750845618,53.24521053041962,-68.74453158010519,-66.50590059756978,-30.309911573300653,10.808646878733738,-77.12181533411344,24.078150698663496,21.631134514249503,-11.768966298428468
597,-483.03074681819095,73.29325874298004,79.98794019143725,197.58565006931312,34.23552500438923,56.42631598581766,30.03966823697439,-46.902497905118565,89.99017645765554,-173.51432780639638,-30.066127536358607,-66.47734343010848,80.90466686170795,39.85543848560208,77.71894456988535,84.31491176084636,-85.1484574462641
598,-359.01425097183375,94.55060904078279,70.49046796148144,186.36331763031347,22.583691735140928,42.600531036120486,18.951200135918885,-74.21667669911112,240.96428514496498,-114.90869839976823,25.553832301610033,-41.41832984844483,35.44404131158801,12.010967224978002,100.61446536645703,50.23088115929602,-1.5266494435610365
600,-287.4244591474271,23.655261439891234,41.08086894720358,146.21058335148555,28.058488125018513,25.333812521500125,4.667569935762683,-16.686494265051106,49.192941681102795,-104.81806211969067,116.24279722347642,3.037457184436592,-13.884751556987732,1.1373036470940503,58.65333381093834,2.2925571301653043,61.94854642519979
601,-180.36497649557185,-0.9325759206718798,68.89416558095763,137.27631641514233,21.59190939405774,37.88902732297307,25.060243702674246,-40.2618160380554,106.89024425507588,-111.2142851935512,-11.143509059674326,13.276171754079748,58.34637063310047,26.56277156112889,71.57947991430194,24.611767290405716,-18.830771883366854
602,-439.6915895931247,-60.866706688279876,56.05697115375052,132.52740515764506,-4.020994226260612,26.57512724784688,4.015348837293133,-101.46529040866955,117.15852738362157,-97.97817991473934,-69.9293188381391,-44.944491843771786,54.50304457237377,7.954695263443391,60.39614487736362,2.288292175443059,76.02434339301728
603,-454.57795462030157,16.335591756007446,81.65434133892799,167.4659028547787,17.259097154342378,49.16771116638209,-21.317629019322734,-30.01611061045475,131.49683670563397,-351.33751021377765,-19.830266729505563,-60.77248177126062,56.17880936248698,15.121417769893123,67.04724168666898,38.99668231328386,44.80476089966445
604,-523.6979193704465,4.714755826665157,75.75762025013644,189.33329098433154,30.131806204477336,58.65735985535608,16.039269052772443,-13.211112168631283,288.124382226897,-201.42724559920595,-16.514672547534232,-54.908849122102495,55.35369003796332,33.789579930633685,49.279553322752356,43.927323365888185,10.386090407182406
605,-342.5618972524098,-21.97446307267103,61.88490467183825,161.17462437326083,14.476665859815464,38.45675666042606,-2.707039731839809,-27.43275911614257,108.41083197266869,-139.65015630631282,-9.677628080328228,-47.51183014253183,38.59363438102383,5.0874505664662095,54.496765467301515,13.30470387880562,-210.1484720943293
606,-513.5038889242326,-3.013627834927814,72.5473923683671,175.6008157084801,29.02079246712808,58.462748337861356,16.038787434385203,31.543958548743625,263.0467008989213,-196.43031367285892,-23.24043691935035,-53.432139251587735,60.50735549189115,36.06205261206108,31.044765227248675,41.47173208620853,11.319395720474208
607,-426.84946369365696,54.13372116640932,84.86696910395226,239.7473145910617,29.05789099007241,54.73855166162791,25.818544941179656,-84.25031601786723,260.3591124141404,-143.5963300222091,26.90718506116076,-52.2866100147189,60.859449770457466,22.829467535503127,115.69875689745238,64.18468660153272,-3.3312766559102838
608,-382.2775152861496,62.15156103736596,102.76512096144934,194.57426575304132,26.105046735954506,46.3424480336394,21.914806685930195,-78.63870923081521,246.41147926552924,-125.69403706384679,37.96114221275886,-44.88495755235316,36.95953806356342,13.727231620960499,106.22004932295835,56.71253729491703,-5.6653273971955205
609,-669.0567857856867,23.852391457306364,107.97283000429432,232.7938478842223,14.990450376925116,68.7824568994434,22.112749682634625,-80.24890623106245,77.89352968907029,-202.20562287253827,-0.7552467374211531,-71.88228961143315,78.6389392576949,32.83109213353306,99.18629190756535,61.79961570364383,9.005179002595805
610,-496.4429700589769,-0.7609124400248881,104.6150405292222,380.0154754517528,34.619802488857204,76.34608748750908,31.94843959888336,-61.25130063086518,155.62090970844088,-200.30316388167893,-31.593668642555556,-69.48329045238822,151.91786069967753,48.251943802791395,86.87786451100179,68.43321581158763,14.802000693078353
611,-153.7108266267092,-0.9393656513087044,201.31270860377964,68.66107736396636,10.320898444710048,19.608139656822782,9.77923812240452,-7.144666853231557,25.290784317855028,-68.04789250631056,-9.485748117479668,-11.851641251441546,20.967028275156796,38.25338609305665,18.960352599086264,12.364205681134537,11.3321208274387
612,-276.14603972927,15.543526619075536,76.23060589292103,169.7299990758588,19.961506784119262,46.612417104072854,22.918453979749035,-35.72322893120662,103.02083954453066,-161.68896527759176,-7.230174708918629,-103.55883888026676,57.72722312692842,19.613018691691945,73.55202721200621,57.60635328338721,40.33465393656958
613,-205.59952463676044,-2.587342252748624,18.52606557857159,229.50133562738694,-0.9597297212563286,0.3656608246265131,-7.964542001819541,-16.826984685635637,58.01779800462155,-48.89270506058414,-25.83690926800112,-22.839618181042397,-24.846071192763358,-1.816031145530138,-0.5679174945313838,6.351402929584453,-0.20160088103348384
614,-237.89495098292315,-3.0077786599878995,77.64213005423655,180.61017513401987,25.759989842577998,46.52749953380259,28.403574206362705,-47.58717608825265,120.23621694269244,-124.42433704332356,-16.571750488116354,17.424989751131005,83.09760047962703,34.21075213939051,78.0286270923195,29.40791942761916,-24.689966318569986
615,-431.09267523662163,48.95095398096355,78.38348136721343,208.9761935158581,27.977195958273846,50.72807187536708,22.393759302389824,-72.73962555427266,281.0528586393124,-143.28843101503332,28.306860801032165,-48.8771995837126,41.56058014874453,20.34669380319602,105.2290320326561,58.97987451651721,-4.845268812151197
616,-542.1175394083947,-14.63500680530682,111.20669921567251,357.8514321644062,33.371081578992175,80.9070755570772,34.08312818616557,-80.23905846756121,169.96566669737564,-207.51913167254497,-43.69648981865918,-77.16851730874325,168.99926995013132,50.484865984979365,99.467876513938,66.4152369009933,32.037177334470506
617,-333.59216752709966,-22.262413685089143,61.09528222656547,159.28462204940854,14.648743710768088,37.8554695908103,-2.6331532358530483,-26.69098935656103,108.91920252418112,-137.8328140628971,-9.993098644012607,-45.65325923508763,38.23468930110124,5.024583720105161,53.944728210214215,12.640846520889726,-211.18213712280223
618,-512.2044896314018,75.77056715569292,79.11479136517396,172.91152243996487,29.510700511917438,53.55298099872744,27.254538216005894,-49.24140759636879,73.62102146860546,-174.57984228918988,-23.127151859915003,-65.937120440192,62.75220259573729,35.39799081374756,77.3981844728939,80.86440589393972,-83.63350208317675
619,-391.8897342500983,16.65899698751456,80.54695563489051,159.1656097797472,15.832010633639355,45.22287659866419,-19.612440644712574,-37.291210902590905,101.29319992796502,-333.168435166786,-17.29878769012904,-45.04903495783385,56.478092859801095,13.668800008901075,73.13913695299803,35.300109730071085,37.31149001420364
620,-542.1175394083947,-14.63500680530682,111.20669921567251,357.8514321644062,33.371081578992175,80.9070755570772,34.08312818616557,-80.23905846756121,169.96566669737564,-207.51913167254497,-43.69648981865918,-77.16851730874325,168.99926995013132,50.484865984979365,99.467876513938,66.4152369009933,32.037177334470506
621,-258.5981800866505,-15.071083441377555,47.728856072457816,119.59857935470082,14.059924949838985,27.082933978875264,5.9944476114799246,-20.008969312220053,78.16450380642091,-125.68705286819561,-11.627055386735138,-15.631394680508938,23.44076583020115,4.304750520895796,35.22981817655289,284.077145294726,13.772475697589154
622,-417.7216220580515,72.79715759415623,65.19939848336391,142.84498367307688,28.881363302781022,44.54525005567744,58.17388058838469,-35.90597785635716,66.66066705616853,-152.84118402688497,-24.347037446065425,-56.654788514804615,51.12169100289101,30.35769842370554,63.06575502792767,67.83327645716996,-89.06116563464592
623,-440.4885717790811,16.08935869476068,83.30132404796893,168.26448444345982,17.523135716615847,48.169319754579405,-15.987100455560684,-38.962811894711955,103.20123537637942,-376.0917292722294,-16.861197218496752,-55.978708373638675,54.29426467688069,13.154756558653146,73.87136505517682,43.11359193105391,37.18743756547025
624,-456.73246371212446,16.95713288171746,89.2352810234516,201.0971007112584,18.959524998710123,54.01423920891643,-16.94169811165036,-42.378257068867505,112.17100603838718,-357.22305570530017,-20.698003926306242,-64.56994635966726,76.20086655005697,18.343833331815343,78.80034206765372,45.06946452477815,45.22261801585448
625,-672.0223501239224,25.072491247498785,109.28467919335426,237.72556327121833,15.808404920289997,70.03641799403314,22.775384455583904,-79.73451176383111,78.76390995177707,-204.8099383187807,0.12592267179350172,-72.60778870958717,81.00090239217045,33.767171207235535,100.1251336916601,63.27911835327541,7.96259026940798
626,-555.3061269223881,-2.3431461419660318,118.69522349046919,375.7820960647079,40.803828522045414,87.89581920054202,42.62369468677454,-72.46399528830037,174.11706983856135,-256.0701603935028,-30.509966330815608,-75.78156079686582,170.819662696997,54.94709675037807,105.15237745529257,74.44993023733402,12.0022889982561
627,-279.12304139536906,39.558589584728836,198.00253154756533,126.08897785400598,21.16398841990672,38.13327931335174,13.366246795365392,-35.266407098047864,89.58934631964352,-114.78728164540341,23.568194511150686,-34.228680415251446,42.12000037684343,3.3097701294772586,45.88942176029878,84.54243453095039,10.242637270343094
628,-180.36497649557185,-0.9325759206718798,68.89416558095763,137.27631641514233,21.59190939405774,37.88902732297307,25.060243702674246,-40.2618160380554,106.89024425507588,-111.2142851935512,-11.143509059674326,13.276171754079748,58.34637063310047,26.56277156112889,71.57947991430194,24.611767290405716,-18.830771883366854
629,-507.3860326547033,-1.0019772909669744,109.23731560690926,364.06796563228477,36.53131285792326,78.85857401101322,33.83872767092878,-64.68166034602145,159.10581423619976,-209.6636948933638,-32.68189482424839,-111.77619731663272,154.5591240055625,44.274215675693064,88.1143786914257,64.89553951017382,18.19134842130971
630,-681.9887264490648,9.635820072034138,116.55968152419166,274.07483966092303,16.766055551845444,76.0889015482502,24.185758331925623,-84.17977118117777,94.71525922127826,-213.81354836606096,-0.49819249925047354,-74.60986226377584,100.27207875580136,36.72528855607072,104.84713107006502,66.71161891918841,29.13321445120915
631,-215.02584221654553,15.426519009996408,45.30932731053692,158.3951651154071,14.246838696253192,16.092630589851822,4.822103955277732,-13.40840068461644,63.37393849065347,-111.31981648878855,-11.15932481069824,-227.939621088743,-20.142132952300717,-23.181192195000133,2.5666757615141,0.7880816206124829,3.655271768129171
632,-210.43647111509424,-6.031546458135878,19.36365385866413,232.1508906284798,-0.485737690551729,0.960558240124665,-7.4905045444510465,-18.15136903676938,61.81617413650475,-50.33766872304945,-24.433818697057397,-23.425109164665233,-24.637315403776835,-1.339275784640139,1.2774178176595803,7.584696209290455,-0.9019168288476502
634,-530.9507138832117,0.34034110189842404,115.77179825195846,373.1181951019785,38.227096502375844,84.47981984844523,37.27804561846843,-39.608983300019005,160.08219267961442,-217.45164546552974,-31.654145897635388,-74.63627452352635,166.31777927382788,50.271485487653685,116.9787268056716,72.93228120886239,18.991530648264575
635,-289.7116021813028,3.882976710649825,64.27987168649423,129.47254208586824,182.24143661064343,38.085723263123526,14.201715684473763,-31.669379027615697,99.38682369752227,-117.31456597175585,-31.6172263745822,-25.482130194769276,45.881451532873506,24.51276855650553,56.689755667153584,27.925766327232466,-13.35287607265083
636,-178.13438270359893,-0.5383220511834246,68.19978204465437,133.16411038515272,21.132183975913545,37.104048565901806,23.897015081912848,-39.61688127711766,105.54251914059938,-113.63271581527576,-10.853533568180328,13.660361811847515,56.02355673315412,25.732965811294488,70.98514702724033,23.894973899131855,-18.337573102239237
637,-405.9749827223646,118.27814107365862,63.1567981725375,136.51949867278762,26.737559743716744,42.41853326360952,25.429005245563925,-35.11054857291823,67.16630287410635,-139.84680449653575,-31.432293365214157,-55.22032297992399,51.80566297356232,27.345398659152497,59.98040479419197,68.952624102418,-82.1114891666919
638,-339.94371102790444,37.36723983898241,213.02632794848458,179.41333952041234,26.958483593004107,50.86488129341627,21.264671135397855,-46.29531010040597,109.43967413290005,-142.23347909974228,20.069519467793505,-45.55667507101067,72.7603976804939,14.27161030292998,60.9107192253279,43.18565950631466,8.907371267693124
639,-208.80681732876738,-1.5928638326606464,40.72568865057342,114.6056579194589,12.214442814044803,186.32834765309318,10.33534513248541,-25.317201571862142,65.94335994680843,-74.29784002073329,-8.371827498526153,-21.34483123188288,50.315639376436835,13.215410507477024,36.301865673280254,22.65389231823625,2.036329272164073
640,-511.40034727145405,0.5957917919781355,107.50088297788798,361.65070382564136,39.155592725108264,80.07032891337025,33.56911084331056,-61.54578297006262,148.93287592346,-208.5318895086524,-7.4841919720851475,-67.28504436532882,154.5150383762018,48.974470039285,96.56218313720979,65.26440993917532,29.8796287313091
641,-281.44832610153503,-3.0238725349084183,54.736269552209805,125.54606083206866,212.01716455177393,34.630216317732206,10.517067816917367,-25.01090186904164,83.09360769140906,-110.3885494432225,1.2374297426231597,-33.51955837540598,39.254980422361456,3.768693163512914,43.8426250216583,26.981191280535782,24.22239454401756
642,-444.5091007585603,-61.248380058954936,56.761809774527485,133.41989753864263,-3.980229187378148,27.250715544433,4.259604390977071,-101.41281597918223,121.93061354307639,-99.8550128394057,-72.57639676761468,-46.10759230134766,55.897801543074955,8.615319346871376,60.21948894650128,3.1276969001510238,74.98629009978984
643,-376.2025592693407,5.506474652658779,62.996167646094534,130.6276532408453,20.823203003779813,48.30348115156861,17.298118713095967,156.31302750838333,138.5013795151089,-136.22141751695656,-10.98165792512488,-41.77120358036806,65.65463105397077,28.624358823648897,8.76145487025378,43.678124741492745,4.171267270986766
644,-371.3068061067636,12.619456655759421,79.45538550195309,197.07276731726938,21.63173988907356,45.86954722471713,21.775625090673483,140.1504267908277,76.77017898547341,-142.70284319193146,-12.020862956590449,-48.31868069761466,49.96254711220458,13.551913639081784,142.11554699879557,37.95103349045594,6.90439250792326
645,-205.56168699528982,15.318092905038426,66.47716370039926,123.2251182907305,16.769435894183122,36.85256629625423,19.594739836686614,-29.521129324499125,91.68310075740173,-142.79201384490585,-3.8529657557409487,-83.0096783784376,35.4042957892136,14.09664372047473,66.95718127613726,46.819075788568306,31.868113672927624
646,-520.5755641968814,-17.299545970635666,70.1717185174783,173.66634509527302,24.62025716756279,53.68667155255404,13.177157632985349,-17.114171760435035,265.97774679653236,-188.64861917531027,-36.89080451011756,-53.636909511998454,57.59347895114496,31.786297005958446,38.96174209014331,32.70325618572899,24.81699527591129
647,-519.4170984720998,-2.4356964903591636,76.20447844648214,191.0804514290359,29.58584713853862,58.45564345225111,16.811754996090492,22.090190064247576,256.8492832802539,-200.68265149924173,-24.398887299406375,-55.38552737906243,57.04406610414574,32.856685547360335,58.76840011413462,40.21840117210111,12.123377456732031
648,-539.3056609349832,-6.455462716819838,78.35625692705894,191.4385087861639,31.589214023123162,61.068868263109614,20.810347167912926,-8.481828605475416,263.8197764873167,-242.75407381802086,-25.22619282626422,-52.93448085987746,60.49800780666864,36.41844461788474,43.65995536272729,40.27409183361578,6.427899484815206
649,-482.4403705604626,-18.478334958921753,85.53096193853857,203.21753731881768,28.704735071966027,55.069236838422924,43.391843704036354,-65.60013775991766,134.14113843860554,-327.0252899153858,-25.186807574693525,-35.905664695580214,63.573061152944305,27.44657289255542,78.67380592299962,31.998401779577073,-13.02820587272706
650,-266.973628662871,36.42102366456708,224.75101237829787,121.33141559727446,21.309571297016458,37.96966981054467,15.939359950119394,-34.06987683791634,81.65998628198986,-113.2186899980317,23.246444139830068,-32.66993243251788,43.47254388311654,12.19586194432482,45.11169413072539,31.03970797734377,7.4719442993746465
651,-207.79228078726274,14.923839035549975,67.17154723670252,127.33732432072011,17.229161312327317,37.637545053325496,20.757968457448012,-30.16606408543687,93.03082587187825,-140.3735832231813,-4.142941247234946,-83.39386843620537,37.727109689159946,14.926449470309135,67.55151416319887,47.53586917984216,31.374914891800007
652,-156.30658643578823,0.8101511699139702,199.90168710925215,69.4579438679388,10.470111818656282,20.12728330619014,10.12485999478162,-3.798196270944746,26.334769756344194,-69.10900829603908,-8.155896653594931,-12.017639996772063,22.032552080543056,40.30705336331821,18.70527077898727,12.787024777853818,11.639943059585423
653,-653.1743333940786,-2.019077122113592,103.36278670063342,225.38423611919418,8.905525369142724,63.56912056659284,17.634737612292742,-89.15854616406253,84.97943039066313,-188.18653278553242,-6.940590920541899,-66.94551634940237,76.045291557873,27.36274373255443,95.81585856144471,46.215462496767955,40.44039957643681
654,-667.7572152381446,24.377621291077894,108.21006397854383,233.63645577256102,15.296874416670304,69.08229573097233,21.950028919332624,-78.89106805477118,77.71548785841478,-203.16461818654818,0.6095294697018366,-71.93390552244307,78.36581821130622,32.75171648968494,99.16028436402007,61.90593314001953,3.7502993571510856
656,-685.0113270351367,8.6493478055502,116.6823556982067,274.3324346124625,16.487886348766,76.06627358895163,24.26148851756878,-85.73907545717195,95.73106237273035,-213.8517460895697,-1.782074488188834,-75.09980840197933,100.90999712834615,36.81656241154126,105.3033544131479,61.0459145593532,30.150395486672483
657,-686.8373661501795,9.798986855381695,117.49426781922134,276.1926715628737,17.206218231929903,76.80761398142516,25.112230247704957,-84.96128817156362,95.81437738567614,-218.84619339544327,-0.5193390647424244,-75.00577497239213,101.17121355547103,37.290227724800495,105.84953932109828,61.84296450854835,28.212185848139242
658,-535.800459268976,7.743651624075005,115.9375613036236,372.45858154283394,39.269070442937974,85.3076840044432,37.89335386837368,-76.44869941505226,195.61179311792634,-214.31943426905008,-22.673085869149475,-76.34398036765211,166.10817137275222,52.52978758395962,109.99728629637949,77.37511056730128,15.579606843032371
659,-497.4816001340682,-1.160361479371751,105.29307897666735,380.27281652409107,34.90145538740199,76.94102802622238,32.4620060256724,-61.93524421414323,156.88429076143615,-200.5873401692099,-31.459565916552542,-71.90558019722486,153.69099344905914,49.472845995157925,88.6216349861722,68.76745913217476,14.12036453163208
660,-626.4997880053506,9.053476723833441,102.77801868712561,223.2171879412795,11.75824389209239,64.2785216616789,17.325599821100287,-74.22656597970132,75.95585522548245,-188.86631751659743,3.228903493339639,-63.34910325750362,71.04603940555317,27.080565165712795,91.67983867490808,104.46280442545039,27.247362082321864
662,-590.1511567636093,-1.3942901529194038,121.85050771372116,378.7442191307548,36.27954848795793,89.23072405379504,37.14749066054048,-77.47004101252462,162.72536987395998,-227.81601106847344,-29.524026037199807,-82.11874782251013,173.84627552186865,54.85167689052935,107.43731209285625,76.29885022329141,24.0307899757399
663,-205.56168699528982,15.318092905038426,66.47716370039926,123.2251182907305,16.769435894183122,36.85256629625423,19.594739836686614,-29.521129324499125,91.68310075740173,-142.79201384490585,-3.8529657557409487,-83.0096783784376,35.4042957892136,14.09664372047473,66.95718127613726,46.819075788568306,31.868113672927624
664,-267.1763100039599,15.255576006657417,75.44098344764825,167.8399967520065,20.133584635071887,46.011130034457096,22.992340475735798,-34.98145917162508,103.52921009604309,-159.87162303417605,-7.545645272603007,-101.70026797282256,57.36827804700583,19.550151845330895,72.9999899549189,56.942495925471306,39.30098890809664
665,-672.0223501239224,25.072491247498785,109.28467919335426,237.72556327121833,15.808404920289997,70.03641799403314,22.775384455583904,-79.73451176383111,78.76390995177707,-204.8099383187807,0.12592267179350172,-72.60778870958717,81.00090239217045,33.767171207235535,100.1251336916601,63.27911835327541,7.96259026940798
666,-512.2044896314018,75.77056715569292,79.11479136517396,172.91152243996487,29.510700511917438,53.55298099872744,27.254538216005894,-49.24140759636879,73.62102146860546,-174.57984228918988,-23.127151859915003,-65.937120440192,62.75220259573729,35.39799081374756,77.3981844728939,80.86440589393972,-83.63350208317675
667,-350.4937813110471,11.20413688202202,65.44438793226124,136.44511194355803,19.64112800761835,46.347877552646395,18.825912136855212,177.30411808126817,102.94305493037285,-126.804741500735,-6.599358188410193,-41.0536372053286,64.35449887223453,25.670733142290988,31.85303920326264,43.431737369121144,3.5986031855952882
668,-653.864053150265,-1.5297663190858906,106.66552818241699,225.42969124569615,8.83101103307027,63.941013374845156,17.907401735500283,-89.80746498354898,86.50287669350823,-188.6226777775517,-8.607203455960919,-67.83015127235645,77.26233774737685,27.4816271567647,95.90590759884589,46.98317578200743,39.3002890112344
669,-503.67802445314504,0.8735475886908668,113.91665161832891,357.7908663188127,37.40488081788927,83.47854555357846,37.22515802446328,-66.47896706285788,164.04811391997333,-217.370279720078,-29.669342086678203,-86.39200350083601,165.2816205813725,51.736262269580656,101.24340366922222,75.82562401660881,24.322297760914765
670,-233.57786224663855,-4.168532314714352,77.55119091936076,180.01526206767375,25.47795103519165,46.31919581477538,28.262627651137933,-47.34875531358278,120.5069976154602,-124.15148294787916,-16.121340842841242,16.720531260276704,82.62687270333298,33.804646406585086,77.93424800002016,28.86047111091166,-22.20097739148277
671,-392.1483348544991,20.586241063113636,79.19747480316607,152.18056481933203,14.418609910679574,44.22960770001545,-20.936273013606662,-34.232229015970915,96.6618581961473,-338.29181080630525,-15.170567511978303,-67.18250061244765,49.1409255840553,10.245974777860388,71.52675931614226,39.98595445291585,48.982236817295735
672,-540.497515145712,1.2205791790837837,116.59173329796651,364.1565234106181,37.12545068215168,84.9956118626462,29.15107620403116,-67.90399642628869,165.70058873119066,-255.92925010879893,-32.30051137525703,-78.72303680516171,169.03181721550072,51.48473237729904,102.36092822718206,73.3784721266546,25.509612785395493
673,-153.7108266267092,-0.9393656513087044,201.31270860377964,68.66107736396636,10.320898444710048,19.608139656822782,9.77923812240452,-7.144666853231557,25.290784317855028,-68.04789250631056,-9.485748117479668,-11.851641251441546,20.967028275156796,38.25338609305665,18.960352599086264,12.364205681134537,11.3321208274387
674,-322.75076508163875,-7.7399468484761424,73.29961393841437,113.84384843777346,17.699218971700382,41.46724143291686,14.568317281855327,153.99457399186986,101.94925802075826,-113.38193370971419,-19.719887841258107,-37.71872715917053,57.340260987314664,8.88116816359376,6.413517549103126,40.528568755504246,-0.18154360015479415
675,-440.0621382439073,-5.150332577134157,83.37915804931491,195.88161524879942,31.337289214953234,55.11753743057365,77.91994178172018,-49.90155896382229,115.49837996781447,-327.02364891226523,-10.681758727471124,-32.26353672916062,57.313285908899765,27.228228524226875,73.79917437420832,30.699958528760682,-29.335029224595466
676,-440.56419384215917,16.682536928918324,83.77395570677689,168.70502304282516,17.631138652330854,48.46396750189253,-15.604555935686436,-39.220284006193964,103.57444619494004,-377.2967760248329,-16.710817377868576,-57.57686022179585,54.59631262054186,13.377456727219915,74.56034483949686,38.45531201857182,37.536497146425305
677,-536.6646242408927,-14.619812596433325,110.62732981990082,357.27142202374375,33.54447758620468,80.45912291407826,34.10610320310109,-76.62629089120813,169.85729777057176,-206.4673260831683,-44.02201629552799,-76.79335348280888,168.4057724907939,50.106703627391774,100.5630494742351,66.0685721415974,31.657414147967085
678,-268.57205103835474,13.319959946629732,56.31076617601777,109.23282984222877,18.406787237803712,196.7798154829561,9.892102966630599,-15.305933258223236,74.92830008893587,-120.85094571915111,-6.7376013773168735,-48.5139313249546,12.271590947776945,6.0757858683841945,42.624873300679084,29.68056068722456,15.635202751422273
679,-497.4312589244365,-3.2873240106166937,113.83160908697835,359.58660094069234,38.27849620056361,83.24048131693604,37.81062543476494,-68.49303914071503,166.79327223763218,-209.6043909108076,-31.39484968510524,-63.0430926098647,169.61890635009792,54.13173457144833,101.46071617890037,75.32598100396771,12.676958655547171
680,-506.7457893860729,75.80416823259745,78.69590218755862,171.48270393974008,29.287609469591246,53.1352033696068,26.818167701231467,-48.9697565162804,73.24159958234813,-170.02326156167044,-23.130639649105863,-64.72260857497578,62.6705972633273,35.34665986585505,77.18545514995827,80.5016778448618,-83.61855606853095
681,-301.7202221680825,5.4842862274202275,52.35554570033932,103.17704246426013,16.542086436669223,39.4406338879757,14.134871626463228,151.50032177471908,97.03212215064622,-109.53437821468778,-9.599538924484245,-34.32400742748976,56.24469988866681,22.32925982617636,52.02922297267596,37.62508996406383,2.3130424752350587
682,-288.56722543490764,-36.27688994277714,60.66441914014085,156.16667767353835,13.09201276268031,36.037319630236105,-2.9336603027000905,-26.816746573871374,114.47459771531034,-128.81628514723067,-7.514539594335456,-30.24262660996202,38.63747302684148,3.9878045952907932,54.001608673518454,2.5558887453990127,-200.07751630342983
683,-449.3491276857227,66.63250979118926,70.03141048860577,158.5845774065923,28.948142117239673,47.48638042482536,21.712226378474817,-39.209830574101,78.99758497252017,-158.87846872748707,-24.914588993590883,-61.597082466111566,54.912770132988186,29.76375815645718,68.62248855057238,71.24691698620342,-126.2377015403601
684,-456.73246371212446,16.95713288171746,89.2352810234516,201.0971007112584,18.959524998710123,54.01423920891643,-16.94169811165036,-42.378257068867505,112.17100603838718,-357.22305570530017,-20.698003926306242,-64.56994635966726,76.20086655005697,18.343833331815343,78.80034206765372,45.06946452477815,45.22261801585448
685,-290.1626795598526,-37.79719430795276,61.535371709532086,160.3205363463624,13.241756359864398,36.76570129918693,-2.7187864192066753,-27.365763496482327,116.25835098367634,-129.98089746893382,-7.617222369412224,-30.56437848901664,40.864578813906604,4.386351623091612,54.613314924076704,2.48051863096995,-197.96299465502216
686,-506.43725245001315,-6.441764394098968,98.02301814131985,251.015648479549,36.52450021578628,66.91342952349419,49.698608869985286,-60.673837206520204,139.10488110976596,-350.77547257124803,-16.09733122392651,-42.40691015237783,86.40509138017147,36.14849363264373,87.88173436248225,51.65515347728958,-23.29733770472729
687,-522.9629488241836,3.1004021669842836,75.14015459737976,188.5137816273251,29.773577079256643,58.18837751783761,16.539862900584563,-14.370441396800382,288.6017270786668,-196.404499531239,-17.685817448242886,-54.567540081716224,55.31454080343412,33.68330660676561,48.93504442571923,43.16461410753046,10.935480359242613
688,-666.0341851996147,24.838863723790304,107.85015583027928,232.53625293268283,15.268619580004557,68.80508485874198,22.03701949699147,-78.68960195506827,76.8777265376182,-202.16742514902953,0.5286352515172074,-71.39234347322966,78.00102088515011,32.73981827806252,98.73006856448247,67.46532006347904,7.98799796713247
689,-509.0788799688169,75.14615793963294,78.54011321840883,171.89389337789237,29.098792668498728,53.11147943778284,26.241075722567714,-48.66135670568585,73.35966462500416,-170.54439029732623,-23.025111076238424,-66.08276978078912,62.21786512222372,34.844949856640206,76.82599202139825,80.17367338112027,-86.95017209008823
690,-539.3056609349832,-6.455462716819838,78.35625692705894,191.4385087861639,31.589214023123162,61.068868263109614,20.810347167912926,-8.481828605475416,263.8197764873167,-242.75407381802086,-25.22619282626422,-52.93448085987746,60.49800780666864,36.41844461788474,43.65995536272729,40.27409183361578,6.427899484815206
691,-509.18810927847056,75.97257034579602,78.6142410520334,171.37190892746588,32.487421921605716,53.15661358482114,26.586602173415688,-48.76317777025413,73.05249353119302,-170.3198129957256,-23.516173004748858,-65.9734706826682,62.37215924787024,35.26357125052062,76.88164254311693,80.69201989909108,-83.2654590640144
692,-281.97154397992506,23.670455648764726,40.50149955143189,145.63057321082312,28.231884132231013,24.885859878501183,4.690544952698207,-13.073726688698025,49.08457275429892,-103.76625653031398,115.9172707466076,3.412621010370962,-14.478249016325135,0.7591412895064648,59.74850677123545,1.9458923707693927,61.568783238696376
693,-205.56168699528982,15.318092905038426,66.47716370039926,123.2251182907305,16.769435894183122,36.85256629625423,19.594739836686614,-29.521129324499125,91.68310075740173,-142.79201384490585,-3.8529657557409487,-83.0096783784376,35.4042957892136,14.09664372047473,66.95718127613726,46.819075788568306,31.868113672927624
694,-520.3040368213794,0.6907229372969736,109.1959281459333,361.54098593132636,39.34292611924762,81.3316547924628,34.07909642833354,-62.994318813331084,149.48737314738122,-211.29854325641418,-7.164713220724318,-68.175506598377,156.54852769295422,49.55458656535882,98.47709640637966,66.06098123829871,30.678344913331138
695,-379.3896400332065,7.313784608338319,61.95085475937856,132.9724833168733,21.028921844867103,48.82191431237495,17.721037341643594,158.71412124222056,138.92562319173135,-137.70776708932334,-9.767651499245744,-42.132541138446044,66.37382592058249,30.357489387440392,11.278736538843383,43.97561074680129,4.559487676759272
696,-288.56722543490764,-36.27688994277714,60.66441914014085,156.16667767353835,13.09201276268031,36.037319630236105,-2.9336603027000905,-26.816746573871374,114.47459771531034,-128.81628514723067,-7.514539594335456,-30.24262660996202,38.63747302684148,3.9878045952907932,54.001608673518454,2.5558887453990127,-200.07751630342983
697,-519.6600214878398,2.779477159332393,76.78874347699612,187.91036218467337,30.06441723526694,58.146841547000975,16.480404008347445,-12.851098948169327,287.26463705041647,-196.12155319126535,-17.650632153050903,-54.381064310344634,54.540404652122476,32.05721489711431,48.39842855952875,43.61864260085914,9.277898171552183
698,-427.8869421214591,4.7573955335471165,75.80863852564065,151.18115764857637,10.69959717480541,41.45133409067023,-24.174935193378637,-46.52304063187908,106.10814520282895,-328.44022802005566,-29.766333711581307,-57.67278819425336,52.46970152316013,9.076973422997256,68.59000537713781,30.281367237705716,56.41277845092461
699,-511.7469934631284,-3.2584049618197266,75.09700828985436,174.36551104144607,28.970871483781853,58.37690951795406,15.93741446318741,32.314654765387445,260.0085422598632,-196.38263533927307,-23.387759246295293,-53.314069706869894,60.73254280542294,35.87712924977516,29.927591549941127,41.04164670275616,11.58579245945438
700,-681.3786659048504,9.832587932286234,117.075378641606,274.76385306264893,16.98312718960371,76.38983635230453,24.67585973293053,-84.68963709147525,95.43495549941882,-214.28961266792382,-0.5228268539332835,-73.7912631071759,101.08960822306103,37.23889677690799,105.63680999816263,61.480236459470426,28.227131862785033
701,-509.1313830593051,-6.900138736461425,91.37666475182591,219.50228252502,35.26423505150299,62.785613914134785,46.249149878092254,-49.09320773849331,159.52982994141058,-349.9225721091078,-15.25074059261779,-39.00535827258748,67.28216899227117,33.49101723945129,77.13104223253077,40.713716855155205,-24.636223423987218
702,-378.2645226880086,-33.39738381859591,68.56064359286864,175.0667009120613,11.37123425315407,42.0501903263937,-3.6725252625677034,-34.234444169686775,109.39089220018607,-146.9897075813877,-4.359833957491664,-48.82833568440397,42.226923826067384,4.616473058901272,59.52198124439143,9.19446232455795,-189.74086601870042
703,-427.8545242585001,49.799115650677386,84.64010915134918,243.17829309028028,29.095121515223408,54.49678347930398,25.749447614278022,-84.12335484891008,260.28473831037456,-143.66808427469036,27.43162762736418,-52.42826098129902,59.82648776707468,23.000528737512955,115.40652707862262,64.55721473772607,-4.177516834864478
704,-121.57664666808667,15.075772307615784,35.422897794764566,126.89401082183484,8.599951487251106,8.204870954719524,0.45749117452868987,-8.588574862307505,47.18604620111235,-89.71564630959396,-19.598787312934927,158.55816904348376,-25.155451599994937,-31.57325753449257,-14.602052406442837,2.1685757886898447,2.699614495155124
705,-509.72511799467435,-5.161575756402911,98.69774076865728,252.92295860131645,36.818922114006156,67.39099111589378,50.14797297425057,-61.928282553221656,142.63445984812188,-351.67543477874887,-15.247325761545467,-43.00025968721662,86.78979440297061,36.45054633264839,89.44610240951802,47.151822219876735,-23.822547215560473
706,-522.9629488241836,3.1004021669842836,75.14015459737976,188.5137816273251,29.773577079256643,58.18837751783761,16.539862900584563,-14.370441396800382,288.6017270786668,-196.404499531239,-17.685817448242886,-54.567540081716224,55.31454080343412,33.68330660676561,48.93504442571923,43.16461410753046,10.935480359242613
708,-665.4241246554004,25.035631584042402,108.36585294769361,233.22526633440873,15.485691217762824,69.1060196627963,22.527120897996376,-79.19946786536575,77.59742281575876,-202.6434894508924,0.5040008968343973,-70.57374431662971,78.81855035240979,33.253426498899785,99.51974749258008,62.233937603761056,7.081915378708353
710,-121.57664666808667,15.075772307615784,35.422897794764566,126.89401082183484,8.599951487251106,8.204870954719524,0.45749117452868987,-8.588574862307505,47.18604620111235,-89.71564630959396,-19.598787312934927,158.55816904348376,-25.155451599994937,-31.57325753449257,-14.602052406442837,2.1685757886898447,2.699614495155124
711,-312.05173136227364,5.088859496634219,61.80018821859022,128.34610384278886,214.055306881963,37.77294990343889,11.731697067434908,-28.8729956425975,94.27525432237513,-118.72042472408329,-28.545968802498027,-36.875404402533064,42.53628465868897,20.047168677582803,51.7640679468677,29.9216565778821,-5.251006406396021
712,-407.49761559827857,-64.00044289608601,53.16818123690676,128.36612090168464,-0.30826062227730316,25.16655725687559,8.61772827287615,-97.32924835099195,127.6069362645488,-130.01536966535676,-75.53117934215913,-39.74451153291506,53.0138705574947,8.038637544588116,57.44665244363603,0.07513391169045777,65.12472625188373
713,-385.67548961591575,-1.5718398625068952,75.90724320808296,200.9464890963761,17.79609581910704,42.38299158769698,19.446526407801468,90.26975315540014,82.47919366817543,-137.8226276045538,-25.98892301456131,-49.81212522187465,49.977455951196134,9.483732868839661,151.61242637115046,30.397152742873473,20.54553476019219
714,-672.0223501239224,25.072491247498785,109.28467919335426,237.72556327121833,15.808404920289997,70.03641799403314,22.775384455583904,-79.73451176383111,78.76390995177707,-204.8099383187807,0.12592267179350172,-72.60778870958717,81.00090239217045,33.767171207235535,100.1251336916601,63.27911835327541,7.96259026940798
715,-288.56722543490764,-36.27688994277714,60.66441914014085,156.16667767353835,13.09201276268031,36.037319630236105,-2.9336603027000905,-26.816746573871374,114.47459771531034,-128.81628514723067,-7.514539594335456,-30.24262660996202,38.63747302684148,3.9878045952907932,54.001608673518454,2.5558887453990127,-200.07751630342983
716,-673.6160748032082,7.944740401940981,111.68298501775371,243.61765024661466,15.491659746756179,70.94006656778959,26.14255808943778,-83.10514727340227,87.86040987512047,-237.75306468588118,2.0335856541287054,-66.90448312456701,79.90253005483953,32.192424807108836,101.37678565170425,54.22138755498887,21.19418643321834
717,-175.22937529832393,-80.75397494810605,151.14391399446177,68.52488653483275,9.432670195235858,14.683533409581685,-1.1334755790774487,-11.634272247344422,39.89807541851393,-57.51526905351188,-74.43748332316767,-24.90707633412027,5.196216661965709,-70.88574577429925,22.449936772544575,16.891100475855456,-11.043970110358577
718,-451.8838240110096,16.793966098369904,88.30069472842193,198.97926880930768,18.519362318625664,53.29552677574147,-17.868170027429695,-41.59674007848164,111.0718878739893,-352.1904106759179,-20.67685736081429,-64.17403365105096,75.3017317503873,17.77889416308557,77.79793381662046,49.93811893541824,46.143646618924386
719,-515.7386177185475,-13.855341765248411,69.33413023738575,171.01679009418015,24.14626513685819,53.091774137055886,12.703120175616855,-15.789787409301296,262.1793706646491,-187.203655512845,-38.29389508106129,-53.05141852837562,57.38472316215844,31.309541645068446,37.11640677795235,31.469962906022992,25.517311223725454
720,-506.43725245001315,-6.441764394098968,98.02301814131985,251.015648479549,36.52450021578628,66.91342952349419,49.698608869985286,-60.673837206520204,139.10488110976596,-350.77547257124803,-16.09733122392651,-42.40691015237783,86.40509138017147,36.14849363264373,87.88173436248225,51.65515347728958,-23.29733770472729
721,-411.56093563258463,-65.92311602588049,51.11779839165052,120.95530017480988,-1.1794734940466043,24.423097225032013,2.989969706096673,-86.97762403750995,153.1566090031639,-97.3129450292133,-79.23349587896091,-42.795054882421645,51.085248350239816,7.245580793135707,48.34633918472696,-0.16425476090497926,71.65926504817219
722,-523.6979193704465,4.714755826665157,75.75762025013644,189.33329098433154,30.131806204477336,58.65735985535608,16.039269052772443,-13.211112168631283,288.124382226897,-201.42724559920595,-16.514672547534232,-54.908849122102495,55.35369003796332,33.789579930633685,49.279553322752356,43.927323365888185,10.386090407182406
723,-500.99841469187623,-0.8572166580801346,105.50333202616844,381.58280870728095,34.902773543661866,77.0943624528392,32.411094546621165,-59.06424639737168,156.26755128311984,-201.35287682324895,-31.469621829736973,-73.3889872787347,153.45644106964434,49.15755048393139,90.26884520355661,69.08465173069476,14.774266373601606
724,-364.16454694786125,38.72347318796625,88.23436600951648,184.39596629458404,23.786747116526538,41.783581007364305,18.597608289315684,-74.20083620387028,238.2844095045699,-114.72371216004838,18.447343920934046,-43.16686131946267,29.498456912585617,-2.7922402980347063,100.94418039460032,53.92994503850369,-9.481211200936347
725,-552.018261377727,-3.6233347796620876,118.02050086313176,373.87478594294043,40.509406623825534,87.41825760814241,42.174330582509256,-71.20954994159892,170.58749110020545,-255.17019818600212,-31.359971793196657,-75.18821126202702,170.43495967419787,54.64504405037341,103.5880094082568,78.95326149474687,12.527498509089282
726,-442.1573736642409,75.00509361430737,69.94000092097245,151.22625577611467,62.89744379721895,47.33014776885135,25.13382050181065,-39.23387766138683,76.08775912634148,-155.54433591880604,-29.965664647068646,-61.06227158221509,55.58128478593229,33.59619719662967,68.5262573668944,76.33962735523164,-89.16909413871554
727,-519.3963278692821,4.476661760819602,74.62775481800652,190.94492029567883,29.909406675002366,57.851901471713695,16.370362034936566,-12.614236947416739,287.24275242992155,-195.89305460524704,-16.430578001663783,-54.22710346130881,53.81960766131916,33.58839129241957,47.90562399865138,43.4662220664402,9.247165581806065
728,-180.9606758847838,15.407509278723227,43.69233400571031,167.39668325312124,11.504374809995674,16.578455935851117,2.691863192816473,-13.403969948495718,57.68443042527719,-109.21368612058868,-23.001491338302987,140.2517695068666,-5.514283242149054,-26.949555159470812,-9.153576614722782,11.575202534318993,10.625688511451749
729,-350.0092800668992,12.190756075846297,70.78324541435057,225.25787577991332,19.154391776564232,39.018231126457906,17.751517751321543,107.83179764923656,68.8894471807235,-132.7081783446345,-13.436528548770296,-46.407759017800494,35.02812453004656,8.534579725379269,141.31822210047196,33.41323233197084,3.662386985826702
730,-520.5755641968814,-17.299545970635666,70.1717185174783,173.66634509527302,24.62025716756279,53.68667155255404,13.177157632985349,-17.114171760435035,265.97774679653236,-188.64861917531027,-36.89080451011756,-53.636909511998454,57.59347895114496,31.786297005958446,38.96174209014331,32.70325618572899,24.81699527591129
731,-444.5091007585603,-61.248380058954936,56.761809774527485,133.41989753864263,-3.980229187378148,27.250715544433,4.259604390977071,-101.41281597918223,121.93061354307639,-99.8550128394057,-72.57639676761468,-46.10759230134766,55.897801543074955,8.615319346871376,60.21948894650128,3.1276969001510238,74.98629009978984
733,-509.72511799467435,-5.161575756402911,98.69774076865728,252.92295860131645,36.818922114006156,67.39099111589378,50.14797297425057,-61.928282553221656,142.63445984812188,-351.67543477874887,-15.247325761545467,-43.00025968721662,86.78979440297061,36.45054633264839,89.44610240951802,47.151822219876735,-23.822547215560473
734,-202.5718471497471,-4.1819032503744165,42.54691722837215,94.06281312634665,13.013184647254889,26.426991278178456,181.18703084078763,-15.364587183501836,52.1452648072767,-130.49947649889592,-3.081990092331971,-20.89657071672943,21.88482943801855,7.528494902800366,30.041773960409646,-9.379386864799239,-9.101241705722973
735,-533.7578702272989,-15.119725277977038,109.9013796529854,355.27241643882803,33.326087792186534,80.00485368340713,33.66691328114742,-78.9874227976822,169.7543409707475,-205.22572512726643,-43.98732602766075,-76.128545557899,167.82279540294903,49.908390917781055,98.12616032875307,70.98276200279541,31.909594894421673
736,-313.2704510253816,46.32868584447026,206.68388652732614,145.5584994598939,24.30044848752105,42.962067130311155,17.900832484527513,-47.92076139685782,124.83264421993177,-124.08715655891112,31.372637549777465,-40.45778757925524,45.65486559225544,4.970181936228473,61.73367697270413,40.034070627434176,4.175034572803205
737,-440.37939796041263,66.34455917877115,69.241788043333,156.69457508274002,29.1202199681923,46.885093355209605,21.786112874461576,-38.46806081451946,79.5059555240326,-157.06112648407137,-25.23005955727526,-59.73851155866737,54.553825053065594,29.70089131009613,68.07045129348509,70.58305962828753,-127.27136656883305
738,-502.36213805437535,-5.020461591315254,108.44978316550296,352.0479528117469,36.05585291706619,83.32859284031177,33.03983078365993,-63.44367540849894,159.16160562259824,-204.32884102640108,-31.03214273850871,-71.19188831537382,161.61326337664002,49.095888815302054,93.50345041423263,122.28119259247485,21.333933466472878
739,-288.56722543490764,-36.27688994277714,60.66441914014085,156.16667767353835,13.09201276268031,36.037319630236105,-2.9336603027000905,-26.816746573871374,114.47459771531034,-128.81628514723067,-7.514539594335456,-30.24262660996202,38.63747302684148,3.9878045952907932,54.001608673518454,2.5558887453990127,-200.07751630342983
740,-497.4312589244365,-3.2873240106166937,113.83160908697835,359.58660094069234,38.27849620056361,83.24048131693604,37.81062543476494,-68.49303914071503,166.79327223763218,-209.6043909108076,-31.39484968510524,-63.0430926098647,169.61890635009792,54.13173457144833,101.46071617890037,75.32598100396771,12.676958655547171
741,-671.4347245445068,9.47731337620136,111.48190791077978,243.98660562330667,16.088844200781732,70.98252449132815,26.142154913654576,-81.38067330797927,85.81258052012103,-238.13100584426812,5.686763313922191,-66.00518205353038,78.65745582912183,32.09939686514678,101.27770764094842,54.18596198871941,21.058303191104407
742,-533.9098661502298,-3.3029735112846303,97.47111996421293,225.98980665852181,31.656644603129543,64.06867128550324,46.0522446720734,-63.14107086550713,122.89476253414088,-352.3453501179978,-9.274580424903474,-41.483430475834886,68.84808938886484,31.837262192235315,88.1489771826712,42.93892445982752,-21.299645243591012
743,-178.13438270359893,-0.5383220511834246,68.19978204465437,133.16411038515272,21.132183975913545,37.104048565901806,23.897015081912848,-39.61688127711766,105.54251914059938,-113.63271581527576,-10.853533568180328,13.660361811847515,56.02355673315412,25.732965811294488,70.98514702724033,23.894973899131855,-18.337573102239237
744,-522.9629488241836,3.1004021669842836,75.14015459737976,188.5137816273251,29.773577079256643,58.18837751783761,16.539862900584563,-14.370441396800382,288.6017270786668,-196.404499531239,-17.685817448242886,-54.567540081716224,55.31454080343412,33.68330660676561,48.93504442571923,43.16461410753046,10.935480359242613
745,-457.5425855038157,16.95839343547129,88.92713041624,200.49831151853672,18.879142608454234,53.990945036567574,-17.548587463885806,-41.3790959595655,114.81194782989674,-354.4833824824799,-20.954639619434754,-64.92777917579369,76.08933286791557,18.43776416002204,77.97842321808517,45.076393734021515,45.986891119046355
746,-378.01385610316953,7.84928343759875,64.44924314128782,131.645483186691,21.05503296572261,48.75936785419612,17.62983855275742,155.86924020568887,139.31408649120485,-137.31845000733642,-9.030278095942396,-41.94301320365711,66.40073916906856,30.276306015548414,9.289041763089584,43.95638396713409,4.552855651360849
747,-497.5068809875146,-2.694145776459051,114.30424074578632,360.02713954005765,38.386499136278616,83.53512906424916,38.19316995463918,-68.75051125219704,167.1664830561928,-210.80943766341122,-31.244469844477063,-64.64124445802186,169.9209542937591,54.354434740015094,102.14969596322041,70.66770109148561,13.02601823650223
748,-132.74724366117428,-4.593905477202057,30.65645941562155,66.42249461775909,7.887912491468684,17.766665272812848,207.2354008319962,-6.762481302738131,37.39414414619338,-68.17451091836304,-1.8439561639758721,-17.26166795593322,14.699270340299332,2.518893193014988,18.74402845795968,-11.662631362772048,3.481009414317492
750,-431.09267523662163,48.95095398096355,78.38348136721343,208.9761935158581,27.977195958273846,50.72807187536708,22.393759302389824,-72.73962555427266,281.0528586393124,-143.28843101503332,28.306860801032165,-48.8771995837126,41.56058014874453,20.34669380319602,105.2290320326561,58.97987451651721,-4.845268812151197
751,-244.87037208423067,19.19811470154197,68.4971480846157,126.71793645211037,15.536330453629938,38.1613424637445,11.360054268121813,-28.53211156224768,90.0519589512779,-184.05592925142145,-4.645890357663028,-97.85836739514488,34.14013904754239,11.252094346986837,67.05666108430293,49.77456201273271,44.23297671937283
752,-129.49152991541197,18.532241119402848,28.563071045371743,121.76908315008109,9.296673916602309,4.463424225339361,-3.938516294508375,-1.303174966579178,28.50233424821498,-86.94994324203367,4.718591167485313,156.49977119877317,-41.584656844081586,-37.240625316116144,-19.53277456322847,-3.5740796246913877,19.692743422190638
753,-681.9887264490648,9.635820072034138,116.55968152419166,274.07483966092303,16.766055551845444,76.0889015482502,24.185758331925623,-84.17977118117777,94.71525922127826,-213.81354836606096,-0.49819249925047354,-74.60986226377584,100.27207875580136,36.72528855607072,104.84713107006502,66.71161891918841,29.13321445120915
754,-503.7440646285296,1.0665670557901512,113.01122889555637,359.79058653697996,37.04546957279728,82.81850674410167,36.64128594345354,-65.77220097917095,162.98524614453967,-216.42096821573193,-29.67335027435465,-87.36011217523203,163.60707634454263,51.21901258986789,99.88052765713964,75.69291007540133,24.55724660736567
755,-633.5421810657649,11.77407964622982,101.55309273786813,228.70483450942237,14.280185455372626,63.95124187843986,17.631109030243927,-73.63828047525541,66.54896619566814,-191.5880032110147,25.93800801759948,-58.85180671007275,64.83962352641362,26.52549225489594,94.92415646464221,45.896632400342824,39.2174503974114
756,-180.30671306030482,-79.63599480498753,152.25626312855664,71.65821502502969,9.795423460338224,15.351961467514469,-0.687369329692775,-12.625091139595588,43.834519937408665,-58.79096338467755,-73.44790750223022,-25.49139995950416,5.734311683766975,-70.6130531714838,19.507038607873408,17.854797897582227,-11.226601641738556
757,-172.80788108598523,-1.1089286473571878,67.3540114808183,131.4152382599395,20.96105485533936,36.421274705856916,24.29378183065792,-39.065025281512604,104.47245111414767,-108.091903045767,-10.817318262427204,14.41383370704975,54.956096204445195,30.678681786879874,69.91692115774087,23.288480719766767,-19.054035641127705
758,-619.6894741037636,10.21094584197922,98.43986601387495,249.3266674260394,9.666636872574367,60.16190218181521,15.940132131596028,-73.3209756356491,73.43751325821061,-182.69414236722614,1.95862588545563,-64.44045121636482,62.341034362441114,26.50661853105609,85.62073230152204,49.266967652134774,23.693135044185254
759,-509.9356966292995,-5.601213746759698,73.64393279466107,173.34768109560036,28.739041521839056,57.92102281532655,15.60569462352596,32.75844206808194,259.1958352837672,-195.2856028488932,-25.339139075477775,-53.142260083580844,59.986434690325154,34.22518205787564,29.400004657105328,40.76338747711482,11.204204079080297
760,-379.3896400332065,7.313784608338319,61.95085475937856,132.9724833168733,21.028921844867103,48.82191431237495,17.721037341643594,158.71412124222056,138.92562319173135,-137.70776708932334,-9.767651499245744,-42.132541138446044,66.37382592058249,30.357489387440392,11.278736538843383,43.97561074680129,4.559487676759272
761,-354.9509761517978,10.402352894926358,63.654572746511526,140.9624168273601,19.93641243303014,47.18748791544525,19.216285962380155,176.74295740256295,104.33781824523396,-128.5949707965713,-7.704753903570003,-41.79380245156517,66.74449004292396,26.580956733745253,32.80090996071205,44.17895229978271,3.832008259723812
762,-665.4241246554004,25.035631584042402,108.36585294769361,233.22526633440873,15.485691217762824,69.1060196627963,22.527120897996376,-79.19946786536575,77.59742281575876,-202.6434894508924,0.5040008968343973,-70.57374431662971,78.81855035240979,33.253426498899785,99.51974749258008,62.233937603761056,7.081915378708353
763,-491.22454070033143,-2.7128245346615385,106.94178755692933,346.90033920829484,35.805582401591536,111.50666371963663,34.701906415161126,-64.39719965562452,155.96896739808332,-200.17074353626182,-30.009506495275602,-70.03852641436032,163.9576581361508,50.5116251061764,93.74884098910685,68.82229305470076,16.79319121821007
764,-454.57795462030157,16.335591756007446,81.65434133892799,167.4659028547787,17.259097154342378,49.16771116638209,-21.317629019322734,-30.01611061045475,131.49683670563397,-351.33751021377765,-19.830266729505563,-60.77248177126062,56.17880936248698,15.121417769893123,67.04724168666898,38.99668231328386,44.80476089966445
765,-241.86190936465636,-4.2769920762017755,78.38387882323993,182.1537391938866,25.41494188628229,46.92676994113232,28.296298036281826,-48.34291887197978,120.3451125235277,-125.23984274055411,-15.98088447446785,17.27871135758964,83.50129930685408,34.15842130521663,78.58698440088504,28.951225921591643,-22.422454532389
766,-392.1483348544991,20.586241063113636,79.19747480316607,152.18056481933203,14.418609910679574,44.22960770001545,-20.936273013606662,-34.232229015970915,96.6618581961473,-338.29181080630525,-15.170567511978303,-67.18250061244765,49.1409255840553,10.245974777860388,71.52675931614226,39.98595445291585,48.982236817295735
767,-208.8294178974687,13.392609941933792,36.685754668875354,180.87711532068553,11.743413265765913,9.555113062495757,0.0589519564868522,-8.864677835901789,56.210115332116295,-94.53687693792048,-12.949548640572578,-213.45319778513186,-31.73276008461405,-25.444608469422864,-10.055092921535921,-6.270083263821567,-6.546661461153519
768,-533.8410269975042,-14.595775519111575,109.94538000499132,356.3838068145592,33.396258015988714,79.86986055279903,33.752251887204395,-78.9602204009109,169.60371113359963,-205.703900055034,-44.01227669736404,-80.1342622581555,167.0705547985007,49.42711986349573,97.53558317379495,65.27490582968154,31.45323317902748
769,-508.88682001384404,76.64281188314949,81.40454361896897,171.4656959927476,29.31503874670663,53.22599133804479,26.67605743329405,-48.94363973604056,73.01332340350532,-170.39948113372253,-22.403322158986946,-66.01648772169666,62.46295813239855,34.95018098273654,76.84297059158887,80.79964366371456,-82.97128625195985
770,-636.5077454040006,12.994179436422238,102.86494192692807,233.63654989641842,15.098139998737507,65.20520297302961,18.293743803193205,-73.12388600802407,67.41934645837492,-194.19231865725712,26.819177426814136,-59.57730580822678,67.20158666088916,27.46157132859842,95.86299824873696,47.3761350499744,38.17486166422356
771,-507.6512976132924,1.2646836132130193,109.78936406023165,365.71768080251275,37.10390395922258,79.35876356271139,34.21236158955092,-64.3768014167287,161.6195898231036,-210.5254593773559,-30.54800737292897,-111.87960071326802,154.30590865581684,44.48499452022719,89.22252339537857,66.05791261259621,16.648957875013192
772,-328.46608210810643,-4.372898109234733,65.16003254168356,173.0857988231314,183.46926809922715,44.13787510707797,15.751729185724884,-32.6987793940463,97.0289614494005,-133.644104509073,1.3154688378350439,-42.565893093272734,64.14448630694856,9.788357348107334,53.14734240380731,35.89230628246433,29.483227391202387
773,-288.32713680602905,3.4288043827591284,66.41423183374258,128.4131214327246,182.1083277856151,37.7328875028144,14.025005004664106,-31.234273398647556,98.12182750802951,-115.85055347873234,-31.85262632773042,-23.810749319120333,45.650499716494934,25.109846481251257,55.815938500550914,27.18324937661382,-13.870886048162223
774,-477.8851777198753,8.748239588860118,90.26214513118924,217.45340143254333,33.89129566264591,59.25837827148001,46.78392697361061,-62.6992535814741,155.2700369582091,-332.8049614937802,-4.123235911441656,-36.19381168840651,60.42925377177215,28.72078868007492,89.29379629590849,42.74723346807881,-28.12024939883324
775,-207.9878780753025,13.246482668185994,60.624053051490044,116.36927034065677,14.588829818261388,33.261870746883005,15.203928094863516,-23.995292776927958,83.79704983916596,-133.44860196256923,-3.5188357903864382,-94.37013146610386,25.799692905094403,8.281743278478185,57.669082600086846,98.32803931411199,40.00478675837143
776,-133.2475736654395,2.808349676052379,47.98525253679866,40.55739624428706,8.441375511540752,13.515942552498291,0.08353167406498851,-30.42214896939066,53.3876294526756,-63.35428416802845,-10.11455826316973,-16.254267266781557,10.26354276248659,0.5693568410779182,255.21029286870754,9.760959488284472,2.765933223989263
777,-505.65925917173064,2.91929180224514,101.18836226557474,177.810450127213,29.846958347093707,57.83017887046287,15.899767107228717,-6.3586203010694335,260.73391627498904,-196.78948067937225,-17.025153266372904,-53.49024803117305,57.31319858900634,32.044851828440606,38.87145235659664,40.02613337542906,12.057057202747796
778,-331.31379641423524,16.25125282776678,49.305857286838005,151.02062911874802,25.763714138944184,29.069916233027108,4.267854171340581,-15.890510957005372,16.29050593649456,-117.31138282610452,111.06295161611617,-0.8640732148946805,-6.533620524007776,3.4221815895509446,55.532293376973136,1.2847271472095583,68.09007072211804
779,-266.0346082734125,40.948648647398294,224.0724496081284,119.90015731622314,20.912929526773468,37.5513991833918,15.424585196011282,-33.49007192318657,80.67149261032202,-112.19762424120437,22.7179933859502,-33.49639014033378,42.83096164966948,11.507551062602223,44.04104793747258,30.53446589994293,8.553133324779743
780,-263.2764585220521,9.732674325163405,50.99528022502516,104.18012718193287,17.39920106770618,222.9418072203865,7.976996956976845,-14.219780288994013,69.17004081483311,-106.80882957086413,-7.596841765406415,-33.41309533532683,13.777858310436589,5.778265181926612,36.58585223143286,23.849641023785757,8.4845395843085
781,-142.40870410895187,-3.6878213479810333,24.933637896424944,51.3012053705642,7.860736515452464,13.605657528890932,0.7519892987260713,-0.5412597398860732,45.08163234865251,-66.08852703997722,-18.423317871104295,-17.48296805234038,9.680803382109447,1.8989159533054916,273.3580351969272,9.05576167926863,3.188512594250346
782,-544.1301762759982,0.03733905234774926,116.19871035456721,363.7251049604317,36.63020984131398,84.6720490992933,28.736704988669413,-68.95343479198539,165.9966956045022,-255.4913835304448,-33.559759009512575,-80.03158209996515,168.85220612078584,51.062398011932316,102.02747264216733,72.94415022653736,27.432876409282944
783,-514.796921631109,-5.957045921428748,99.32833770400697,253.59466420512717,36.569494002591924,67.81565139716426,50.11482377500343,-61.925472876399226,139.3162068363941,-353.0688791165266,-15.806495014924945,-43.44688190322208,87.58156592735375,36.72496869984204,89.22345054766717,47.08762837548747,-23.169755264678464
784,-397.99033969224047,14.691318384993592,75.38998446074712,152.27547576248816,13.661294256056697,42.21352855812098,-24.513454654761617,-32.19255179961613,94.09623714655949,-328.4077921481575,-17.052444143300946,-53.23502652383336,48.30279818720422,8.532717800528454,65.24234767202178,87.6139343272511,46.37231589844476
785,-482.7697739919642,-18.40913477231466,86.33904961379548,206.88780494812414,28.8847401224229,55.60515171288799,43.8106260990849,-66.86269168759662,132.28726189685696,-327.37483127857496,-25.311737895796767,-36.367364407195,65.78534154243636,27.815055824791965,79.88838164871254,32.67392527077014,-12.896858070573515
786,-200.23518537767612,14.747486308864666,65.63139313656319,121.47624616551731,16.598306773608936,36.16979243620934,19.991506585431686,-28.969273328894065,90.61303273095004,-137.25120107539706,-3.816750449987826,-82.25620648323536,34.33683526050467,19.042359696060124,65.8889554066378,46.21258260920321,31.151651134039156
787,-655.8269829799702,20.647531919686354,108.88327123385727,241.88138782147428,14.631436382135895,68.57101608357462,21.371076798514096,-86.10995687113514,110.11718625970138,-196.8041776254532,14.398283592652179,-67.97955031575543,73.51313806041652,29.470532177895734,106.8973056009735,57.83919352099182,25.016494113471612
788,-660.9738975769073,20.335058735618393,110.39619752989114,246.4441478317783,14.852206471475231,69.78251925462578,22.03411474724658,-87.3200363693268,113.0353958774076,-199.0305519133087,11.626275342073349,-69.6043504849461,77.12017542060977,30.499639193560267,107.93522539582408,59.35412173689286,24.109788622397723
789,-180.36497649557185,-0.9325759206718798,68.89416558095763,137.27631641514233,21.59190939405774,37.88902732297307,25.060243702674246,-40.2618160380554,106.89024425507588,-111.2142851935512,-11.143509059674326,13.276171754079748,58.34637063310047,26.56277156112889,71.57947991430194,24.611767290405716,-18.830771883366854
790,-376.2025592693407,5.506474652658779,62.996167646094534,130.6276532408453,20.823203003779813,48.30348115156861,17.298118713095967,156.31302750838333,138.5013795151089,-136.22141751695656,-10.98165792512488,-41.77120358036806,65.65463105397077,28.624358823648897,8.76145487025378,43.678124741492745,4.171267270986766
791,-274.7096542868286,15.75757073304895,39.89809917493826,147.23725587728333,27.110833688861806,23.839563025122906,4.055842527623499,20.91781410997257,14.372225071864916,-105.46779585593957,107.07636116963268,3.213335516773872,-13.935500223282897,-0.48021278291916986,65.463631526231,-2.6126002068098204,63.880117886963696
792,-231.85354956425502,-4.165493649273036,76.91621793052201,180.00639579769606,25.305366838690126,45.73054233280325,27.856618105479544,-46.917205529120196,119.59010202204487,-123.1383242096074,-16.430457764155243,21.559572009870504,81.36922147754989,32.87465226648905,76.29117666862733,27.953125243088614,-22.77448339941567
793,-636.5077454040006,12.994179436422238,102.86494192692807,233.63654989641842,15.098139998737507,65.20520297302961,18.293743803193205,-73.12388600802407,67.41934645837492,-194.19231865725712,26.819177426814136,-59.57730580822678,67.20158666088916,27.46157132859842,95.86299824873696,47.3761350499744,38.17486166422356
794,-244.72193006061403,-11.6440371330762,44.4725422008183,104.25958803365653,9.640942827041986,23.105392334735,-8.181542940952356,-16.707944353843697,71.68752489655881,-123.36572504288718,-13.424130023327349,-19.259320282089536,18.858130769768778,-0.3052484467183115,32.2742162832858,282.25423573672015,28.703261295507303
795,-442.1573736642409,75.00509361430737,69.94000092097245,151.22625577611467,62.89744379721895,47.33014776885135,25.13382050181065,-39.23387766138683,76.08775912634148,-155.54433591880604,-29.965664647068646,-61.06227158221509,55.58128478593229,33.59619719662967,68.5262573668944,76.33962735523164,-89.16909413871554
796,-482.7697739919642,-18.40913477231466,86.33904961379548,206.88780494812414,28.8847401224229,55.60515171288799,43.8106260990849,-66.86269168759662,132.28726189685696,-327.37483127857496,-25.311737895796767,-36.367364407195,65.78534154243636,27.815055824791965,79.88838164871254,32.67392527077014,-12.896858070573515
797,-516.7436782833905,-18.18994728098034,69.10727028478267,174.44776859339873,24.183495662009193,52.850005954731955,12.63402284871522,-15.662826240344135,262.1049965608833,-187.27540976532626,-37.76945251485787,-53.193069494955736,56.35176115877565,31.480602847078277,36.82417695912259,31.842491042216338,24.67107104477126
799,-416.432535469244,-63.44191657803787,57.72462878211171,158.2487011182587,0.7731094971484564,33.287837938499166,7.360423861453106,-99.59386203039745,135.06600560224982,-101.78505319065505,-79.18100011687247,-47.55083735865532,73.29690849363814,12.587638806203236,60.81218659300619,6.696097651720064,73.40394999371821
800,-349.54670877654974,-37.465457336845304,69.80480792047786,200.82320877764877,16.146179682608974,45.13928628031853,-0.4844144009188953,-32.18115858267054,126.75673520784117,-149.47893727992852,-11.019926394780288,-48.87077802563381,60.50574717175249,9.010053998113367,60.06179071579676,11.887145376599099,-190.03692063872555
801,-431.09267523662163,48.95095398096355,78.38348136721343,208.9761935158581,27.977195958273846,50.72807187536708,22.393759302389824,-72.73962555427266,281.0528586393124,-143.28843101503332,28.306860801032165,-48.8771995837126,41.56058014874453,20.34669380319602,105.2290320326561,58.97987451651721,-4.845268812151197
802,-251.46859755275256,19.234974364998354,69.41597433027636,131.21823338891997,15.859044156157111,39.09174079498134,11.608317825709344,-29.067155460713042,91.2184460872962,-186.22237811930975,-5.023968582703923,-99.89241178810235,36.32249108730305,11.765839055322587,67.66204728338295,50.81974276224706,45.113651610072445
803,-153.7108266267092,-0.9393656513087044,201.31270860377964,68.66107736396636,10.320898444710048,19.608139656822782,9.77923812240452,-7.144666853231557,25.290784317855028,-68.04789250631056,-9.485748117479668,-11.851641251441546,20.967028275156796,38.25338609305665,18.960352599086264,12.364205681134537,11.3321208274387
804,-357.3298017357632,13.910049683739798,72.07222316991056,202.13546614465398,23.085815411743326,41.21713368236891,18.610359011372175,108.75630279178255,59.77154520672902,-138.48627881618867,10.916923620737995,-39.753178792946976,33.66981741742855,7.5224590611706,148.65338405242954,28.86500238945704,18.5409762948041
805,-266.0346082734125,40.948648647398294,224.0724496081284,119.90015731622314,20.912929526773468,37.5513991833918,15.424585196011282,-33.49007192318657,80.67149261032202,-112.19762424120437,22.7179933859502,-33.49639014033378,42.83096164966948,11.507551062602223,44.04104793747258,30.53446589994293,8.553133324779743
806,-496.2615326122332,-3.052782988794291,113.60675433964634,358.9380868290059,38.22656929464885,86.33794088085499,37.94084479370897,-68.54233451147371,166.3585684040038,-209.0894840450296,-31.2784862853368,-63.00589674937431,169.7885580492369,54.231971023674674,101.40023969520887,69.9673679952948,12.273107582231763
807,-496.2615326122332,-3.052782988794291,113.60675433964634,358.9380868290059,38.22656929464885,86.33794088085499,37.94084479370897,-68.54233451147371,166.3585684040038,-209.0894840450296,-31.2784862853368,-63.00589674937431,169.7885580492369,54.231971023674674,101.40023969520887,69.9673679952948,12.273107582231763
808,-512.2044896314018,75.77056715569292,79.11479136517396,172.91152243996487,29.510700511917438,53.55298099872744,27.254538216005894,-49.24140759636879,73.62102146860546,-174.57984228918988,-23.127151859915003,-65.937120440192,62.75220259573729,35.39799081374756,77.3981844728939,80.86440589393972,-83.63350208317675
809,-457.5425855038157,16.95839343547129,88.92713041624,200.49831151853672,18.879142608454234,53.990945036567574,-17.548587463885806,-41.3790959595655,114.81194782989674,-354.4833824824799,-20.954639619434754,-64.92777917579369,76.08933286791557,18.43776416002204,77.97842321808517,45.076393734021515,45.986891119046355
810,-382.51775290762663,57.56617410054959,105.53497842026076,194.69762857858842,26.259510979125903,46.40159584374195,22.14531387909799,-78.53101471776138,245.7884912881244,-125.98007277839137,38.429207208801486,-44.80386997364545,36.8546869570334,14.72171237515833,106.31617920583092,57.04836496893513,-6.0093842287328405
811,-501.3795262229435,-0.07694070192778996,105.45210448659043,381.49111324413263,34.9788056478636,77.11765481456767,32.42126872893279,-62.679823650547206,159.6941732216515,-201.01123807484788,-30.584926099488683,-73.3175288886636,153.25816700459862,49.26129047432533,89.39632410511035,69.49551033447993,14.501237609223011
812,-477.8851777198753,8.748239588860118,90.26214513118924,217.45340143254333,33.89129566264591,59.25837827148001,46.78392697361061,-62.6992535814741,155.2700369582091,-332.8049614937802,-4.123235911441656,-36.19381168840651,60.42925377177215,28.72078868007492,89.29379629590849,42.74723346807881,-28.12024939883324
813,-496.88723855560687,-2.897536683265313,113.44188348162015,362.2753345605855,38.136156593229884,82.88137731151356,37.7168547547601,-68.29613896732558,166.45010074033908,-209.13114370832443,-31.423492227464497,-63.19260212766076,168.76189158052776,54.12809311257282,100.8875190949154,69.96188460304221,12.005824913573962
814,-509.4598530360852,-7.428236660582905,98.1456923153349,251.27324343108845,36.24633101270684,66.89080156419561,49.77433905562844,-62.2331414825144,140.12068426121803,-350.8136702947568,-17.38121321286487,-42.89685629058131,87.04300975271626,36.23976748811427,88.33795770556515,45.98944911745435,-22.280156669263953
815,-189.20220070647667,-11.114193213481945,66.17006578241777,139.11532081112293,20.190061802493197,36.1893197021952,19.60306274296673,-38.482768438521084,109.10588108842194,-106.68512288728242,-11.5943897850719,28.298403881311607,55.018379668907535,22.720105090983107,66.64268339222708,14.221273110529793,-64.89739252198459
816,-312.5076602640258,3.4980943910976805,62.17120371993616,129.4284840790281,214.1054278189461,37.98871087027351,12.134677908115224,-29.15861974683148,95.27194234098015,-122.27516890541757,-28.26708556334304,-36.37762375384646,42.66264373840343,19.983301944940383,51.98311732128159,29.163833763016605,-4.032105663333768
817,-497.4816001340682,-1.160361479371751,105.29307897666735,380.27281652409107,34.90145538740199,76.94102802622238,32.4620060256724,-61.93524421414323,156.88429076143615,-200.5873401692099,-31.459565916552542,-71.90558019722486,153.69099344905914,49.472845995157925,88.6216349861722,68.76745913217476,14.12036453163208
818,-327.697479650651,9.724452842138094,65.92968321868796,156.72054723393032,22.72461128350806,206.14666936273645,13.450307353812471,-23.180310231031438,90.05802604491842,-135.22560989062663,-12.268525580835677,-44.686865206957975,39.249926581368605,14.122313474446637,49.68572672925493,34.401342710008954,11.890529964626811
819,-522.1363383533351,-18.416567824984163,70.43158218517054,173.87686687545624,24.765997949427373,53.92782239332939,13.654265444499396,-16.64124340411945,263.5472862225743,-192.78130199719178,-37.761956537990564,-53.439472685775954,58.1079107280155,32.04918347468355,38.399782294140806,32.33793303250175,24.421176183674568
820,-672.0223501239224,25.072491247498785,109.28467919335426,237.72556327121833,15.808404920289997,70.03641799403314,22.775384455583904,-79.73451176383111,78.76390995177707,-204.8099383187807,0.12592267179350172,-72.60778870958717,81.00090239217045,33.767171207235535,100.1251336916601,63.27911835327541,7.96259026940798
821,-536.4105198131903,7.546883763822908,115.42186418620926,371.76956814110804,39.05199880517971,85.00674920038888,37.40325246736877,-75.93883350475478,194.89209683978578,-213.84336996718721,-22.648451514466664,-77.16257952425207,165.29064190549255,52.016179363122355,109.20760736828186,82.60649302701928,16.48568943145648
822,-498.1672827413604,-0.7639511054662045,105.25001351806097,380.02434172173054,34.79238668535873,76.9347409694812,32.354449144541746,-61.68285041532777,156.5378053018562,-201.31632261995068,-31.284551721241556,-74.322331201982,153.17551192546063,49.18193794288743,88.52093584239462,69.34056167941068,15.37550670101125
823,-472.2455551304767,72.39188347911873,74.47287239356993,166.18185230173933,33.022226764621145,50.99917416060128,31.43063640783849,-43.75870381105141,81.3998276819051,-196.939582100845,-26.22583303935826,-59.10061730929613,59.07967032094164,34.71769266033239,73.00269688034408,82.72176721620002,-93.19858391129414
824,-641.2709210151929,11.497345277232354,106.47640477937435,228.59047049831665,45.856058297664525,67.01885035226506,19.46279448775249,-76.59837504683267,80.12730114599681,-195.53071290962555,1.7965518655836255,-66.36868447829218,74.85702235045132,30.755201232877297,96.11228834317869,52.462102040233106,24.73873338272794
825,-502.36213805437535,-5.020461591315254,108.44978316550296,352.0479528117469,36.05585291706619,83.32859284031177,33.03983078365993,-63.44367540849894,159.16160562259824,-204.32884102640108,-31.03214273850871,-71.19188831537382,161.61326337664002,49.095888815302054,93.50345041423263,122.28119259247485,21.333933466472878
826,-335.770991254986,15.449468840671118,47.516042101088296,155.5379340025501,26.058998564355974,29.909526595825955,4.658227996865527,-16.451671635710575,17.68526925135568,-119.10161212194075,109.95755590095635,-1.6042384611312552,-4.143629353318371,4.332405181005206,56.48016413442254,2.031942077871129,68.32347579624657
827,-361.5276107622838,55.69531920283834,66.6244794196205,214.74154740463857,22.23664151388078,38.83418025449149,17.497188555206904,-71.83221619634439,238.06556329962066,-112.43872629986548,30.64788543480523,-41.6272528291044,22.29048700455247,12.519523655017949,96.01613478582652,52.40573969431431,-9.788537098397512
828,-201.88727263316034,15.214161270706958,65.78102422563346,123.25940435791581,16.759546195844052,36.27121878742622,20.104942104912553,-29.093951879902733,90.9940126205715,-138.20924498119774,-3.7651793372145295,-86.18413990010434,33.974987577691266,13.417825486850806,65.5658718810631,46.014214716931946,30.9439608741303
830,-268.57205103835474,13.319959946629732,56.31076617601777,109.23282984222877,18.406787237803712,196.7798154829561,9.892102966630599,-15.305933258223236,74.92830008893587,-120.85094571915111,-6.7376013773168735,-48.5139313249546,12.271590947776945,6.0757858683841945,42.624873300679084,29.68056068722456,15.635202751422273
831,-523.2758635765279,-18.34610708462324,70.93151925321584,176.94834531204106,24.865620609628355,54.4404430954456,13.466158487312496,-16.904636222496418,264.3343514723353,-190.39117013756064,-38.143522552222315,-54.259005213517185,60.208657435366156,32.51159723512679,38.79243917028517,33.02038573293818,25.316797089019982
832,-282.1415434159545,-2.696690636295053,54.264572786801395,125.96843780607396,211.87026313781786,34.19428838306978,10.112305021969437,-24.47383356197286,82.22328157612061,-110.39066006912724,1.2371134276026818,-38.34387423226243,37.685210350653435,2.7738138883903334,42.462368938602545,26.504717567139917,24.672115417047483
833,-498.1672827413604,-0.7639511054662045,105.25001351806097,380.02434172173054,34.79238668535873,76.9347409694812,32.354449144541746,-61.68285041532777,156.5378053018562,-201.31632261995068,-31.284551721241556,-74.322331201982,153.17551192546063,49.18193794288743,88.52093584239462,69.34056167941068,15.37550670101125
834,-518.391267304439,8.811267276551533,74.8546147706096,187.51394179646024,29.872176149851363,58.093669654037626,16.4394593618382,-12.741198116373898,287.3171265336874,-195.82130035276577,-16.9550205678672,-54.08545249472869,54.852569664701946,33.41733009040974,48.197853817481146,43.09369393024685,10.09340576076026
835,-560.2026360648449,-3.0867794832583426,114.98299514302175,368.998284391455,39.7757529450688,87.05032275404584,36.19077566621175,-61.19073645180758,196.8462791781532,-228.25164088556684,-33.95127939418506,-82.77225612354798,168.5673822483355,55.10308127815506,94.7782437576132,73.31469741406661,19.713867825613782
837,-270.480178719003,-0.706930264382173,56.04105256705869,128.6695598680146,179.2510667137238,35.28364192941383,12.005417841356113,-25.087795239615065,82.68630074317893,-116.87930847796639,6.464827027122092,-47.212491739010595,39.26689738070757,2.204243502488137,46.47914585137584,31.853976960116388,34.12352108334327
838,-342.5618972524098,-21.97446307267103,61.88490467183825,161.17462437326083,14.476665859815464,38.45675666042606,-2.707039731839809,-27.43275911614257,108.41083197266869,-139.65015630631282,-9.677628080328228,-47.51183014253183,38.59363438102383,5.0874505664662095,54.496765467301515,13.30470387880562,-210.1484720943293
839,-411.65840113277187,10.837650062795642,87.95145329471126,245.5253746406611,25.597740239347505,54.14624911753532,25.696402344485,99.76511639140023,90.01951144277534,-162.03963607049053,-16.69336157255269,-56.321140079219894,71.52651181555065,18.336020092772234,159.2703047417136,44.58952417960565,9.81247620595805
840,-505.7909281055324,-2.8026055379464747,115.13692864966546,362.1656166662705,38.32348998736925,84.14270319060611,38.22684033978308,-69.74467481059405,167.0045979642603,-211.89779745608618,-31.104013476103667,-64.08306436070893,170.7953808972802,54.708209638646636,102.80243236408529,70.7584559021656,12.804541095595999
841,-397.30410876991954,50.76478262754251,79.71536584874328,208.24068744307735,26.036176612814995,47.021084508391,22.867739221301225,-50.29979969729364,242.4743567875233,-129.88746072221588,29.89179659454169,-47.075848715858484,36.37824056612334,13.178950146584803,126.31757182254394,57.42975376220136,-6.414514732419361
842,-451.9669807812149,17.317915857235366,88.34469508042785,200.09065918503887,18.58953254242784,53.16053364513336,-17.78283142137272,-41.56953768171034,110.92125803684141,-352.6685856036854,-20.70180803051758,-68.17975035130748,74.54949114593896,17.297623108800256,77.20735666166232,44.23026276230437,45.68728490353019
843,-532.5881439150955,-14.885184256154636,109.6765249056534,354.6239023271416,33.27416088627177,83.10231324732608,33.797132640091455,-79.03671816844087,169.31963713711912,-204.71081826148838,-43.87096262789232,-76.0913496974086,167.99244710208802,50.008627370007396,98.06568384506159,65.6241489941225,31.505743821106265
844,-485.4224235778557,4.257474269485286,91.85953414701935,223.38495665040423,34.61065113541607,60.60704722986973,47.54696528530625,-63.81410239466923,157.42501776589526,-335.9924761184958,-3.972863382602687,-37.401398373548076,63.25318804497987,29.922844270133268,90.96982868824132,44.297656294994,-28.320763533538713
845,-538.5706903887203,-8.069816376500711,77.73879127430227,190.61899942915747,31.230984897902474,60.599885925591146,21.310941015725046,-9.641157833644513,264.29712133908646,-237.73132775005388,-26.397337726972875,-52.5931718194912,60.45885857213944,36.312171294016665,43.31544646569415,39.51138257525806,6.977289436875413
846,-180.36497649557185,-0.9325759206718798,68.89416558095763,137.27631641514233,21.59190939405774,37.88902732297307,25.060243702674246,-40.2618160380554,106.89024425507588,-111.2142851935512,-11.143509059674326,13.276171754079748,58.34637063310047,26.56277156112889,71.57947991430194,24.611767290405716,-18.830771883366854
847,-533.2138498584692,-14.729937950625656,109.5116540476272,357.9611500587212,33.18374818485282,79.64574967798465,33.573142601142585,-78.79052262429275,169.4111694734544,-204.75247792478322,-44.01596857002001,-76.27805507569506,166.96578063337887,49.90474945890555,97.55296324476812,65.61866560186992,31.238461152448462
848,-392.1483348544991,20.586241063113636,79.19747480316607,152.18056481933203,14.418609910679574,44.22960770001545,-20.936273013606662,-34.232229015970915,96.6618581961473,-338.29181080630525,-15.170567511978303,-67.18250061244765,49.1409255840553,10.245974777860388,71.52675931614226,39.98595445291585,48.982236817295735
851,-591.9771958786522,-0.24465110308790888,122.66241983473579,380.60445608116595,36.99788037112183,89.97206444626858,37.99823239067666,-76.69225372691629,162.8086848869058,-232.810458374347,-28.2612906137534,-82.02471439292292,174.10749194899353,55.32534220378858,107.98349700080662,77.09590017248657,22.092580337206662
852,-523.2758635765279,-18.34610708462324,70.93151925321584,176.94834531204106,24.865620609628355,54.4404430954456,13.466158487312496,-16.904636222496418,264.3343514723353,-190.39117013756064,-38.143522552222315,-54.259005213517185,60.208657435366156,32.51159723512679,38.79243917028517,33.02038573293818,25.316797089019982
853,-539.3056609349832,-6.455462716819838,78.35625692705894,191.4385087861639,31.589214023123162,61.068868263109614,20.810347167912926,-8.481828605475416,263.8197764873167,-242.75407381802086,-25.22619282626422,-52.93448085987746,60.49800780666864,36.41844461788474,43.65995536272729,40.27409183361578,6.427899484815206
854,-512.2044896314018,75.77056715569292,79.11479136517396,172.91152243996487,29.510700511917438,53.55298099872744,27.254538216005894,-49.24140759636879,73.62102146860546,-174.57984228918988,-23.127151859915003,-65.937120440192,62.75220259573729,35.39799081374756,77.3981844728939,80.86440589393972,-83.63350208317675
855,-378.01385610316953,7.84928343759875,64.44924314128782,131.645483186691,21.05503296572261,48.75936785419612,17.62983855275742,155.86924020568887,139.31408649120485,-137.31845000733642,-9.030278095942396,-41.94301320365711,66.40073916906856,30.276306015548414,9.289041763089584,43.95638396713409,4.552855651360849
856,-518.8186687357771,-17.54432309752758,72.72133443896556,172.431040428239,24.570336184216565,53.600832732646744,13.07578466178755,-16.343475543791218,262.9395881574742,-188.60094084172442,-37.03812683706251,-53.51883996728061,57.81866626467675,31.601373643672527,37.84456841283577,32.27317080227662,25.08339201489146
857,-409.0626413236928,9.088133241572967,89.36247478923873,244.72850813668867,25.44852686540127,53.62710546816796,25.350780472107903,96.41864580911341,88.97552600428618,-160.978520280762,-18.023213036437426,-56.15514133388938,70.46098801016439,16.282352822510664,159.5253865618126,44.16670508288637,9.504653973811328
858,-620.3991825632083,11.021155326354407,107.93498986126899,230.10732195853853,13.928960269675047,67.28786970222212,22.22661383114933,-79.3252250826761,83.15281800688798,-193.62696053522595,2.982559946511547,-55.163111691504106,79.22133407815004,32.21664737408542,99.57662795588432,52.14897982827034,18.18653619808074
859,-672.0223501239224,25.072491247498785,109.28467919335426,237.72556327121833,15.808404920289997,70.03641799403314,22.775384455583904,-79.73451176383111,78.76390995177707,-204.8099383187807,0.12592267179350172,-72.60778870958717,81.00090239217045,33.767171207235535,100.1251336916601,63.27911835327541,7.96259026940798
860,-178.5498175992006,-79.88077193187945,154.8058790500439,70.42291035799568,9.745502476991998,15.266122647607178,-0.7887423008905724,-11.854394922951768,40.796361298350504,-58.743285051091675,-73.59522982917517,-25.373330414786313,5.9594989972987635,-70.79797653376971,18.38986493056586,17.42471251412985,-10.960204902758385
861,-350.3418464607838,47.387740757880685,68.07959911201463,175.99044790962515,23.16896500380867,40.569727546347806,18.50841855057068,-76.5473833065372,237.3761309838926,-113.71412992654845,28.842995687650134,-40.51802856130869,29.014549697653408,11.489424022369693,147.02134248479302,51.90136558278539,-7.3184870624055085
862,-446.4767367033888,16.32298621846916,84.73584741104392,173.45379478199533,18.06292105690129,49.40065288987057,-15.248735496968248,-40.007721703474786,105.08741879053828,-378.7342424419805,-17.263909798220457,-57.194153609996185,57.29414618390103,14.182109487826157,75.26643018235445,38.92739022085025,37.16202986774575
864,-666.8754355269853,25.384964431566747,107.7717528973204,233.1628032609143,15.58763483095066,68.82491482298197,22.11234650685142,-78.52443226563945,75.84570033407086,-202.5835640309252,2.897930922372333,-70.98298854039652,77.3938650319772,32.738064191571006,99.08721389680952,61.76419013737437,8.86929576048187
865,-375.6382500050313,11.493978483008538,76.97106786991183,197.94924432258713,21.378676575307445,45.90510727841456,21.64552143625205,138.4134889973474,78.67776750785764,-143.0000066558601,-13.21972483300876,-48.8818558633099,50.52936935746678,12.823409401239822,142.75660772416109,37.68612599372145,8.090523937942935
866,-249.01032862446846,-80.21984958725234,132.13622087794096,91.58119454619577,13.511747680414363,22.865442332568076,0.36264696661806534,-7.664031023670377,87.34609302913972,-84.22674382025951,-76.14437965547704,-33.63726505917271,13.443964590043956,-72.00533741916797,21.26046405510447,22.959989002247955,-10.912022104202707
867,-332.8054269167503,14.2293690504787,46.20419291202836,150.60621861555404,25.24104402099109,28.65556550123622,3.9955932239162437,-16.96606610294193,16.814888988648896,-116.49729667569834,109.0763864917417,-0.8787393629772204,-6.505592487793915,3.396326107302729,55.5413223503278,0.5524394282395513,69.3660645294344
868,-471.15693755423746,72.57926099563528,74.38665266807604,165.75421415062874,33.004286830513145,51.000622939966355,34.938785550094515,-43.676796506929264,80.91511796728953,-197.05912281989308,-26.056985388971732,-59.21235586760164,59.093093708839284,34.790138488526495,72.91117012103238,76.85112917072094,-93.61376782639222
869,-221.1964638668922,-69.34214763381495,131.82122220727302,93.78680829029037,12.627948070567863,20.041029463537672,1.3018270629295363,-25.95506088922024,84.11171651139459,-69.10454853271904,-65.0872275741567,-31.572861957425786,8.33228561713114,-76.06299970737757,39.94199106572851,25.865756532734412,-14.606561273127037
870,-267.86952731837937,15.582757905270785,74.96928668223984,168.2623737260118,19.986683221115793,45.575202099794666,22.587577680787867,-34.444390864556304,102.65888398075464,-159.8737336600808,-7.545961587623485,-106.524583829679,55.7985079752978,18.555272570208317,71.61973387186316,56.466022212075444,39.75070978112656
871,-415.5988335151913,-63.98783735854772,50.08667516479084,122.37822897446803,-1.1120845248362112,24.933615533387112,2.5488347505216713,-87.3376372579719,154.01635417964442,-102.61863743715391,-78.09753627344423,-43.32283969417951,51.89853373608066,8.977945826655082,49.22746394795057,0.14442600412406603,72.76745728380241
872,-284.77180956153563,0.9886523980912859,35.560384413979705,129.7134316492055,22.33257711202534,20.331917004518385,0.93123074954133,-19.735083557978506,24.05518581206454,-96.20041727976988,94.90392271028234,4.071491150789662,-11.352598059531237,-0.9704847982472539,47.57188677140956,-9.331173894058555,77.372451888165
873,-610.8104831525612,9.626224694065154,101.72171131648211,216.49950977460642,10.84755190776297,61.91432684342905,17.04463068686135,-72.70775650190168,70.63975795778899,-184.06762773626667,2.4636856685737993,-64.12693609137872,67.14211018920388,78.51319671495276,89.00490238107379,49.367921617024344,24.760647527468493
874,-385.67548961591575,-1.5718398625068952,75.90724320808296,200.9464890963761,17.79609581910704,42.38299158769698,19.446526407801468,90.26975315540014,82.47919366817543,-137.8226276045538,-25.98892301456131,-49.81212522187465,49.977455951196134,9.483732868839661,151.61242637115046,30.397152742873473,20.54553476019219
875,-446.4767367033888,16.32298621846916,84.73584741104392,173.45379478199533,18.06292105690129,49.40065288987057,-15.248735496968248,-40.007721703474786,105.08741879053828,-378.7342424419805,-17.263909798220457,-57.194153609996185,57.29414618390103,14.182109487826157,75.26643018235445,38.92739022085025,37.16202986774575
877,-223.62115204298158,-90.89077653249636,127.41308680814406,80.42298507820722,7.26479032267706,15.707562004488723,-1.988405873907142,-29.9944690743988,62.910405161251056,-61.76259802396393,-85.43652626641331,-31.123151616456607,11.4025341363889,-77.89809554990343,25.917645861528563,15.205722930237323,0.6347126584581806
878,-307.04896001869673,3.53169546800222,61.75231454232082,127.99966557880329,213.8823367766199,37.570933241152865,11.698307393340793,-28.88696866674309,94.89252045472281,-117.71858817789813,-28.2705733525339,-35.16311188863022,42.58103840599344,19.931970997047877,51.770387998345946,28.80110571393869,-4.017159648687979
879,-163.12184967173664,-0.9021892662587174,62.54443569257002,137.1876537153653,19.8660674290425,32.00249250325188,21.00014824609038,-35.946318193429526,97.72128832092271,-101.08269781083375,-14.234678272814325,61.666579250017584,45.76985837526949,17.26283016016855,55.14876660037357,15.538308612175259,-24.565831962695828
880,-263.2764585220521,9.732674325163405,50.99528022502516,104.18012718193287,17.39920106770618,222.9418072203865,7.976996956976845,-14.219780288994013,69.17004081483311,-106.80882957086413,-7.596841765406415,-33.41309533532683,13.777858310436589,5.778265181926612,36.58585223143286,23.849641023785757,8.4845395843085
881,-525.9285131624193,4.320501957176701,76.4520037864397,193.44549701432115,30.591531622621527,59.44233861242734,17.20249767353384,-13.856046929569024,289.47210734137354,-199.00881497748142,-16.80464803902823,-55.293039179870256,57.676503937909665,34.61938568046809,49.87388620981396,44.64411675716204,9.892891626054789
882,-251.34715291402122,30.947967007149007,197.7943619237648,109.52327306424351,18.368665508098378,36.259489500883944,14.90736943792521,-34.99054795819767,87.07061392501659,-105.12867002598735,68.38544969284096,-37.276638189926594,46.056887769094324,4.443562217600197,39.977182528721585,32.05851245625399,1.3006171876202817
883,-263.2764585220521,9.732674325163405,50.99528022502516,104.18012718193287,17.39920106770618,222.9418072203865,7.976996956976845,-14.219780288994013,69.17004081483311,-106.80882957086413,-7.596841765406415,-33.41309533532683,13.777858310436589,5.778265181926612,36.58585223143286,23.849641023785757,8.4845395843085
884,-204.908891239892,-2.676284610104606,40.56666314065033,113.38736119941734,12.137092553583193,186.15172086474792,10.376082429225026,-24.572622135458168,63.13347748659307,-73.87394211509533,-9.246467315590012,-19.93288254044414,50.74846582089738,13.426966028309621,35.527176554342105,21.925841115931092,1.6554561945731414
885,-378.01385610316953,7.84928343759875,64.44924314128782,131.645483186691,21.05503296572261,48.75936785419612,17.62983855275742,155.86924020568887,139.31408649120485,-137.31845000733642,-9.030278095942396,-41.94301320365711,66.40073916906856,30.276306015548414,9.289041763089584,43.95638396713409,4.552855651360849
886,-313.00675740682385,48.025870445957466,204.52289786833654,148.59305757089936,24.145437927256474,42.66712705502387,17.790790511116636,-47.68389939610523,124.81075959943684,-123.85865797289283,32.59269170116458,-40.30382673021941,44.93406860145213,6.501358331533739,61.24087241182676,39.88165009301524,4.144301983057089
887,-471.57088345477325,38.52891648734077,66.64159762243932,161.76063666485675,25.311825975290088,52.262031322154634,11.723758141256477,0.43270639053124665,249.60216260838266,-181.9166651830772,-30.43284116874175,-48.22268410728438,52.58906454102408,28.82447914239509,30.025467960726715,36.49738567030571,16.92145880192093
888,-385.67548961591575,-1.5718398625068952,75.90724320808296,200.9464890963761,17.79609581910704,42.38299158769698,19.446526407801468,90.26975315540014,82.47919366817543,-137.8226276045538,-25.98892301456131,-49.81212522187465,49.977455951196134,9.483732868839661,151.61242637115046,30.397152742873473,20.54553476019219
889,-539.3056609349832,-6.455462716819838,78.35625692705894,191.4385087861639,31.589214023123162,61.068868263109614,20.810347167912926,-8.481828605475416,263.8197764873167,-242.75407381802086,-25.22619282626422,-52.93448085987746,60.49800780666864,36.41844461788474,43.65995536272729,40.27409183361578,6.427899484815206
890,-446.1473332718872,16.253786031862067,83.927759735787,169.78352715268886,17.882916006444415,48.86473801540551,-15.667517892016795,-38.745167775795814,106.94129533228686,-378.38470107879135,-17.138979477117214,-56.7324538983814,55.08186579440896,13.813626555589613,74.05185445664154,38.25186672965718,37.03068206559222
891,-180.36497649557185,-0.9325759206718798,68.89416558095763,137.27631641514233,21.59190939405774,37.88902732297307,25.060243702674246,-40.2618160380554,106.89024425507588,-111.2142851935512,-11.143509059674326,13.276171754079748,58.34637063310047,26.56277156112889,71.57947991430194,24.611767290405716,-18.830771883366854
892,-507.3558499302871,75.60740037234535,78.18020507014428,170.79369053801418,29.07053783183298,52.83426856555248,26.32806630022656,-48.45989060598292,72.52190330420758,-169.5471972598076,-23.106005294423053,-65.54120773157572,61.853067796067606,34.83305164501779,76.39577622186064,85.73306030457981,-82.71247348010684
893,-327.697479650651,9.724452842138094,65.92968321868796,156.72054723393032,22.72461128350806,206.14666936273645,13.450307353812471,-23.180310231031438,90.05802604491842,-135.22560989062663,-12.268525580835677,-44.686865206957975,39.249926581368605,14.122313474446637,49.68572672925493,34.401342710008954,11.890529964626811
894,-269.5740237916777,83.83205706136273,197.10031146645306,120.44422560578877,19.937898970645552,37.580208371805156,13.66767769253556,-35.13284894430913,87.27259992369078,-111.36016939877099,18.290398729439683,-35.19310073349787,44.476301201112264,2.3662520828814455,44.14407525052147,28.80198210110616,9.6786658570398
895,-454.57795462030157,16.335591756007446,81.65434133892799,167.4659028547787,17.259097154342378,49.16771116638209,-21.317629019322734,-30.01611061045475,131.49683670563397,-351.33751021377765,-19.830266729505563,-60.77248177126062,56.17880936248698,15.121417769893123,67.04724168666898,38.99668231328386,44.80476089966445
896,-263.2764585220521,9.732674325163405,50.99528022502516,104.18012718193287,17.39920106770618,222.9418072203865,7.976996956976845,-14.219780288994013,69.17004081483311,-106.80882957086413,-7.596841765406415,-33.41309533532683,13.777858310436589,5.778265181926612,36.58585223143286,23.849641023785757,8.4845395843085
897,-493.5053117866351,7.774806991173259,89.43616662142252,209.7346567028482,34.74889504086596,59.60698487468737,47.62560022069429,-56.7429722564049,122.28315157755796,-339.1675470777254,-16.35438546209719,-39.67933750003513,64.771951882065,32.25429721010606,82.22089519998259,46.74315026174498,-43.42537315334062
898,-275.7299422748657,13.31904644851581,57.97014428642475,115.0706542924507,18.998499484003922,194.91368905432833,10.500248566279001,-16.301547696227395,77.24918733672312,-124.00836575468027,-7.256677356809014,-49.7665724218025,15.101820755658279,7.002902345330865,44.0804149115482,30.852971985693802,16.01364612701319
899,-506.16581872106946,-8.120238526653843,90.06481556276597,214.57056713802396,34.446280508138116,61.53165281954505,45.58651510514297,-49.607602205724675,158.6594496787038,-347.3182566628654,-16.131910001832445,-38.27985917443345,64.92020585779562,32.55493816574881,76.19220044843603,39.23421420552363,-23.593634690799394
900,-506.9007892673322,-6.50588486697297,90.68228121552265,215.39007649503037,34.8045096333588,62.00063515706352,45.08592125733086,-48.448272977555575,158.18210482693408,-352.3410027308324,-14.960765101123792,-38.62116821481972,64.95935509232483,32.661211489616875,76.53670934546916,39.996923463881345,-24.1430246428596
901,-208.1262284629356,18.15879835822725,61.53575333695772,127.06079712396345,15.43743347023923,32.3478673754644,16.462076950381178,-24.26033711628372,83.16107758297547,-138.2282406143405,-3.7680261723988338,-129.60298261181248,19.847056932319067,4.463912010747581,53.14356713356128,41.72595129636917,34.9914487313996
902,-312.05173136227364,5.088859496634219,61.80018821859022,128.34610384278886,214.055306881963,37.77294990343889,11.731697067434908,-28.8729956425975,94.27525432237513,-118.72042472408329,-28.545968802498027,-36.875404402533064,42.53628465868897,20.047168677582803,51.7640679468677,29.9216565778821,-5.251006406396021
903,-207.79228078726274,14.923839035549975,67.17154723670252,127.33732432072011,17.229161312327317,37.637545053325496,20.757968457448012,-30.16606408543687,93.03082587187825,-140.3735832231813,-4.142941247234946,-83.39386843620537,37.727109689159946,14.926449470309135,67.55151416319887,47.53586917984216,31.374914891800007
904,-342.5618972524098,-21.97446307267103,61.88490467183825,161.17462437326083,14.476665859815464,38.45675666042606,-2.707039731839809,-27.43275911614257,108.41083197266869,-139.65015630631282,-9.677628080328228,-47.51183014253183,38.59363438102383,5.0874505664662095,54.496765467301515,13.30470387880562,-210.1484720943293
905,-281.1567203709841,23.040412637983298,216.5527503639719,125.28028794397625,21.764689979919847,38.08653742749795,14.00299718679427,-36.99040972281298,90.17485368354494,-113.78475914321959,12.484318144630642,-37.84887506719317,40.9665783781615,-11.561653051440445,46.93083184141399,33.65896914559075,3.1383098002579928
906,-400.27387132853,38.24374193220598,75.1356814149327,191.84441105516018,21.302416603781964,42.70799931132142,19.564861697857523,-89.94794882467075,252.41552727989765,-118.95046088866424,19.351259213012987,-45.49904047208355,37.67376152822035,13.760508797082426,107.03850069138845,50.19286800147058,6.66069146713398
907,-506.1569256997413,-7.7491616682347955,99.79428119495125,250.66982398843672,36.53717116871714,66.849265593359,49.71488016339132,-60.71379903388334,138.78359423296777,-350.5307239547831,-17.346027917672885,-42.71038051920972,86.26887360140462,34.613675778462955,87.80134183937467,46.44347761078302,-23.937738856954383
908,-522.1363383533351,-18.416567824984163,70.43158218517054,173.87686687545624,24.765997949427373,53.92782239332939,13.654265444499396,-16.64124340411945,263.5472862225743,-192.78130199719178,-37.761956537990564,-53.439472685775954,58.1079107280155,32.04918347468355,38.399782294140806,32.33793303250175,24.421176183674568
909,-536.6646242408927,-14.619812596433325,110.62732981990082,357.27142202374375,33.54447758620468,80.45912291407826,34.10610320310109,-76.62629089120813,169.85729777057176,-206.4673260831683,-44.02201629552799,-76.79335348280888,168.4057724907939,50.106703627391774,100.5630494742351,66.0685721415974,31.657414147967085
910,-420.2009315639524,-64.13100027907444,50.65185490070623,123.88014039150033,-1.1471506601718158,25.389483028837287,3.389913317708778,-88.18929788002583,153.68922160659022,-99.85110019095677,-77.69396297621296,-43.531556266434,52.39794067618894,9.356873714514787,49.768447893019456,0.4798960037994705,72.42724864044811
911,-533.9990088689757,-2.358951266933462,77.45325144753211,189.6191595982926,31.329583968497193,60.50517806179116,21.210537476978683,-8.01191455321803,263.01252079410705,-237.14812857158066,-25.66654084659719,-52.111084232503664,59.99688743340727,36.046194777660794,42.57825585745607,39.44046239797445,6.1352148383930585
912,-512.2044896314018,75.77056715569292,79.11479136517396,172.91152243996487,29.510700511917438,53.55298099872744,27.254538216005894,-49.24140759636879,73.62102146860546,-174.57984228918988,-23.127151859915003,-65.937120440192,62.75220259573729,35.39799081374756,77.3981844728939,80.86440589393972,-83.63350208317675
913,-431.09267523662163,48.95095398096355,78.38348136721343,208.9761935158581,27.977195958273846,50.72807187536708,22.393759302389824,-72.73962555427266,281.0528586393124,-143.28843101503332,28.306860801032165,-48.8771995837126,41.56058014874453,20.34669380319602,105.2290320326561,58.97987451651721,-4.845268812151197
914,-267.3033624568133,34.916858530179155,226.00657831451494,120.2965777044363,21.105170612189045,37.60457107635516,15.465529842520526,-33.599972754982,80.61900312705113,-112.49787707970394,22.0223818007665,-33.79200195594972,42.51879663709001,10.147435869306786,44.24162267952019,31.059414570555216,7.737625735571665
915,-449.3491276857227,66.63250979118926,70.03141048860577,158.5845774065923,28.948142117239673,47.48638042482536,21.712226378474817,-39.209830574101,78.99758497252017,-158.87846872748707,-24.914588993590883,-61.597082466111566,54.912770132988186,29.76375815645718,68.62248855057238,71.24691698620342,-126.2377015403601
916,-396.04626094337453,21.669661840557595,79.35650031308917,153.3988615393736,14.495960171141183,44.40623448836073,-20.97701031034628,-34.97680845237489,99.47174065636267,-338.7157087119432,-14.295927694914447,-68.59444930388639,48.708099139594765,10.03441925702779,72.30144843508042,40.71400565522101,49.36310989488666
917,-77.0200584432827,3.3616390688049416,18.845669692166872,35.133032796704505,4.392598574515678,7.553711769552601,206.5392578920936,-3.580113056364833,32.45278278124765,-7.552857098072532,-4.231230514222522,-11.59442872381954,9.653132998835467,-0.616023725961662,13.18758946739261,18.03479366969768,25.318653916681672
918,-333.59216752709966,-22.262413685089143,61.09528222656547,159.28462204940854,14.648743710768088,37.8554695908103,-2.6331532358530483,-26.69098935656103,108.91920252418112,-137.8328140628971,-9.993098644012607,-45.65325923508763,38.23468930110124,5.024583720105161,53.944728210214215,12.640846520889726,-211.18213712280223
919,-257.3639156608225,10.092225035612568,50.03338852075815,99.43135544276272,16.967418663135746,222.00512183240846,7.621176518258658,-13.432342591713192,67.65706821923486,-105.3713631537166,-7.043749345054534,-33.79580194712649,11.080024747077422,4.973612421320367,35.87976688857527,23.37756282150732,8.859006862988046
920,-495.78256830513106,-2.6911071110177347,113.66926775694755,360.01827327007993,38.21391493977709,82.94647558227705,37.787160408980796,-68.31896146773445,166.24958746277747,-209.7962789251395,-31.55358676579106,-59.802203708428095,168.66330306797602,53.424440599919066,100.50662463182758,69.76035522366257,12.452512228569333
921,-484.131314530284,-2.4992256992144117,91.07918277828728,209.89358817965285,31.927246034344343,59.06364195278156,38.0663226623713,-54.224489597142814,125.62762996500074,-374.9597787884935,-13.197576308986532,-38.56500957470017,63.176952380708016,27.850436134299677,81.93840549186625,44.48721956455099,-18.3653498934511
922,-323.69306447006966,-3.9428866584246474,64.69807790546186,171.40850552054602,183.1371083548577,43.71381042121614,15.207801789819797,-32.17473451514245,96.30305410356323,-129.8165062322943,1.4869952439551708,-43.76813223281363,63.547399450940055,9.446118347944333,52.83391393709409,36.10268078062233,30.753315575227347
923,-249.5816962283781,1.63835160108349,45.80851624474814,104.25747210850643,13.263431154596132,24.085713947730255,1.57426537915182,-16.59156759117503,66.80286030550961,-88.34938175901647,-13.310492063125183,-19.86903592113848,19.78718386236711,4.033194255865753,32.09145367496459,290.90815851271947,1.3500631928380844
924,-506.43725245001315,-6.441764394098968,98.02301814131985,251.015648479549,36.52450021578628,66.91342952349419,49.698608869985286,-60.673837206520204,139.10488110976596,-350.77547257124803,-16.09733122392651,-42.40691015237783,86.40509138017147,36.14849363264373,87.88173436248225,51.65515347728958,-23.29733770472729
925,-428.127110898386,47.73085419077113,77.0716321781535,204.04447812886207,27.159241414908962,49.474110780777345,21.731124529440546,-73.254020021504,280.1824783766056,-140.6841155687909,27.42569139181751,-48.15170048555857,39.19861701426898,19.41061472949354,104.29019024856134,57.50037186688563,-3.802680078963371
926,-366.5548782089045,34.54518105265938,88.31882872931271,185.7647615021409,24.285332499957367,41.92074679470284,18.69760865227884,-74.10560551887376,237.52118069454986,-115.68485249690852,21.369724700351846,-42.749647835413576,28.715353825600083,-2.6192917236408917,101.58229299208257,53.96543964951784,-8.77501984456793
927,-143.3896268248682,-10.224171352644392,36.52298984217432,66.11375645953585,38.950965422547505,10.36788741732628,-2.3380220432043903,-7.097579763609863,44.73225095781105,-56.926862164010984,-18.96527773386199,-17.8500168816888,-2.0616657699764462,259.6099679264904,16.084331210531676,5.833690554595125,4.138658224246205
928,-636.5077454040006,12.994179436422238,102.86494192692807,233.63654989641842,15.098139998737507,65.20520297302961,18.293743803193205,-73.12388600802407,67.41934645837492,-194.19231865725712,26.819177426814136,-59.57730580822678,67.20158666088916,27.46157132859842,95.86299824873696,47.3761350499744,38.17486166422356
929,-276.56001151412727,21.89922990655419,218.4850195426908,122.75409576843049,21.445162192386647,37.55078782210235,13.75946692259357,-35.558330858625396,85.75348957425686,-112.62583119529887,11.549292569729545,-37.18229650486262,40.65297148264496,-11.043927658132613,45.1816264120956,32.76150353990286,3.494568916534839
930,-418.8928678302071,-63.29583549247679,58.167551917359745,159.08090526753253,0.687965979732513,30.292764278037644,6.736658701007143,-99.96317653476163,135.47758876215866,-106.11405106904532,-79.34683948447667,-47.93983681032737,74.02133763100129,12.662775149020542,61.373221205079666,6.899660916054791,74.08093530533786
931,-449.3491276857227,66.63250979118926,70.03141048860577,158.5845774065923,28.948142117239673,47.48638042482536,21.712226378474817,-39.209830574101,78.99758497252017,-158.87846872748707,-24.914588993590883,-61.597082466111566,54.912770132988186,29.76375815645718,68.62248855057238,71.24691698620342,-126.2377015403601
932,-373.2617513444317,-34.95454784722791,68.51276991659924,174.72026264807573,11.198264147810985,41.84817366410768,-3.705914936661819,-34.248417193832374,110.00815833253377,-145.98787103520255,-4.084438507527538,-47.11604317050112,42.27167757337185,4.501275378366342,59.52830129586967,8.07391146061454,-188.50701926099237
933,-655.6209486113693,-1.284989192193976,104.11591226092972,226.66499591273018,8.880932016416496,64.02685219475245,18.00877470669808,-90.5781612001928,89.5410353325664,-188.67035611113755,-8.459881129015978,-67.9482208170743,77.03715043384506,27.666550519050613,97.02308127615343,47.41326116545981,39.03389227225423
934,-121.57664666808667,15.075772307615784,35.422897794764566,126.89401082183484,8.599951487251106,8.204870954719524,0.45749117452868987,-8.588574862307505,47.18604620111235,-89.71564630959396,-19.598787312934927,158.55816904348376,-25.155451599994937,-31.57325753449257,-14.602052406442837,2.1685757886898447,2.699614495155124
935,-450.90522275480106,16.54408377938581,80.58005953495693,162.72763452910337,16.881196140934023,48.39135775032309,-21.69410081213203,-25.664692046768238,130.3333518531661,-349.5113642172901,-19.3463993796435,-60.02650564706552,54.108233882086054,14.612914256800911,65.31670221628478,38.39402725370024,44.497589677308575
936,-324.4586927343621,-3.9899641848058494,64.14704331369501,171.59451724941218,183.3481206700888,43.438992638143,14.900584279805498,-31.752092714231612,94.89781708145526,-129.02759836158634,3.7059110741821217,-41.7606254518233,62.638195654105985,9.221664092886044,52.5020794851011,35.05983076699973,31.28555378762169
937,-378.60381434326695,12.714078273200956,78.28291705897178,202.88095970958318,22.19663111867233,47.159068373004295,22.30815620920133,138.92788346457874,79.54814777056441,-145.60432210210251,-12.338555423794105,-49.60735496146393,52.89133249194232,13.759488474942298,143.69544950825582,39.165628643353024,7.04793520475511
938,-633.5421810657649,11.77407964622982,101.55309273786813,228.70483450942237,14.280185455372626,63.95124187843986,17.631109030243927,-73.63828047525541,66.54896619566814,-191.5880032110147,25.93800801759948,-58.85180671007275,64.83962352641362,26.52549225489594,94.92415646464221,45.896632400342824,39.2174503974114
939,-503.67802445314504,0.8735475886908668,113.91665161832891,357.7908663188127,37.40488081788927,83.47854555357846,37.22515802446328,-66.47896706285788,164.04811391997333,-217.370279720078,-29.669342086678203,-86.39200350083601,165.2816205813725,51.736262269580656,101.24340366922222,75.82562401660881,24.322297760914765
940,-521.4713183216686,5.122285944272364,78.2418189721894,188.92819213051908,30.296247197209738,58.602728249628484,16.8121238480089,-13.29488625086382,288.07734402651243,-197.2185856816452,-15.699252323868421,-54.552873933633684,55.28651276722026,33.70916208901382,48.92601545236456,43.896901826500475,9.659486551926266
941,-415.5988335151913,-63.98783735854772,50.08667516479084,122.37822897446803,-1.1120845248362112,24.933615533387112,2.5488347505216713,-87.3376372579719,154.01635417964442,-102.61863743715391,-78.09753627344423,-43.32283969417951,51.89853373608066,8.977945826655082,49.22746394795057,0.14442600412406603,72.76745728380241
942,-307.7421773331162,3.8588773666155856,61.28061777691241,128.42204255280856,213.73543536266382,37.13500530649044,11.293544598392861,-28.34990035967431,94.02219433943438,-117.72069880380288,-28.27088966755438,-39.98742774548668,41.01126833428542,18.937091721925295,50.39013191529019,28.324632000542824,-3.567438775658057
943,-682.8299767764353,10.181920779810579,116.48127859123278,274.7013899891545,17.08507080279155,76.1087315124902,24.261085341785574,-84.01460149174895,93.68323301773091,-214.22968724795663,1.8711031716046522,-74.2005073309427,99.66492290262845,36.72353446957921,105.20427640239207,61.01048899308374,30.01451224455855
944,-511.50288731609334,-6.649047787499685,91.24746095143804,216.8919879120627,34.76944349802319,62.4565026525137,45.926999824517964,-49.2999335996095,157.85497225387985,-349.5734654846352,-14.557191803892517,-38.829884787074214,65.4587620324331,33.04013937747658,77.07769329053805,40.33239346355675,-24.483233286213906
945,-498.1672827413604,-0.7639511054662045,105.25001351806097,380.02434172173054,34.79238668535873,76.9347409694812,32.354449144541746,-61.68285041532777,156.5378053018562,-201.31632261995068,-31.284551721241556,-74.322331201982,153.17551192546063,49.18193794288743,88.52093584239462,69.34056167941068,15.37550670101125
946,-543.9077589837442,-6.598625637346553,78.92143666297433,192.9404202031962,31.554147887787558,61.524735758559785,21.651425735100034,-9.333489227529338,263.4926439142625,-239.9865365718237,-24.822619529032945,-53.143197432131956,60.99741474677692,36.79737250574444,44.200939307796176,40.60956183329118,6.087690841460901
947,-329.2388059618487,15.605628644314018,45.69179313265512,153.03735728390777,25.37687361673681,28.319089455112316,3.826092358268253,-15.20986165355829,15.455914339903705,-115.9858517497064,110.3316259383208,-0.5383027425698037,-8.000525629908871,3.3014107929566903,54.511901923259956,0.8540473871492867,67.67774975199784
948,-520.5755641968814,-17.299545970635666,70.1717185174783,173.66634509527302,24.62025716756279,53.68667155255404,13.177157632985349,-17.114171760435035,265.97774679653236,-188.64861917531027,-36.89080451011756,-53.636909511998454,57.59347895114496,31.786297005958446,38.96174209014331,32.70325618572899,24.81699527591129
949,-420.2009315639524,-64.13100027907444,50.65185490070623,123.88014039150033,-1.1471506601718158,25.389483028837287,3.389913317708778,-88.18929788002583,153.68922160659022,-99.85110019095677,-77.69396297621296,-43.531556266434,52.39794067618894,9.356873714514787,49.768447893019456,0.4798960037994705,72.42724864044811
950,-442.1382048104154,-60.132618758360266,56.81009671404682,133.80816495118106,-4.04558757898684,27.032858876006493,4.38938593169847,-102.88490544479981,121.72013232552484,-98.46200324034449,-71.44860904661317,-45.94719631144372,55.49490344834582,8.258502049939574,61.60336759207233,3.4860908441349028,74.6178360888347
951,-237.89495098292315,-3.0077786599878995,77.64213005423655,180.61017513401987,25.759989842577998,46.52749953380259,28.403574206362705,-47.58717608825265,120.23621694269244,-124.42433704332356,-16.571750488116354,17.424989751131005,83.09760047962703,34.21075213939051,78.0286270923195,29.40791942761916,-24.689966318569986
952,-454.57795462030157,16.335591756007446,81.65434133892799,167.4659028547787,17.259097154342378,49.16771116638209,-21.317629019322734,-30.01611061045475,131.49683670563397,-351.33751021377765,-19.830266729505563,-60.77248177126062,56.17880936248698,15.121417769893123,67.04724168666898,38.99668231328386,44.80476089966445
953,-638.258028368928,18.199760650767214,134.37943044872986,229.52834115113416,14.13222654867364,67.71262788450169,20.357347086536112,-78.40299470469692,79.73559986911975,-196.3273942895944,12.925060323202755,-66.79885486857697,75.76501119573439,27.621298555036585,95.72556882789803,53.53833968646803,27.680461503273314
955,-389.66327298496407,-52.422694234993806,53.053743282037225,125.85580424603985,-1.6012274481907292,22.70041724339446,4.61950495297212,-102.14230599638036,151.8645038037445,-84.47988152898114,-66.00423883976333,-41.362904606671286,47.80237551804632,5.329355015717209,62.7127125332733,3.6979439045751543,68.35631331899478
956,-335.770991254986,15.449468840671118,47.516042101088296,155.5379340025501,26.058998564355974,29.909526595825955,4.658227996865527,-16.451671635710575,17.68526925135568,-119.10161212194075,109.95755590095635,-1.6042384611312552,-4.143629353318371,4.332405181005206,56.48016413442254,2.031942077871129,68.32347579624657
957,-629.9755601108633,13.150339240065138,101.04069295849489,231.1359731777761,14.416015051118343,63.614765832315946,17.46160816459593,-71.88207602587178,65.18999154692294,-191.07655828502277,27.19324746417858,-58.511370089665334,63.344690384298644,26.4305769405499,93.89473603757436,46.198240359252566,37.52913561997485
958,-518.391267304439,8.811267276551533,74.8546147706096,187.51394179646024,29.872176149851363,58.093669654037626,16.4394593618382,-12.741198116373898,287.3171265336874,-195.82130035276577,-16.9550205678672,-54.08545249472869,54.852569664701946,33.41733009040974,48.197853817481146,43.09369393024685,10.09340576076026
959,-432.87504793120473,77.17671645988982,71.15864559403985,151.98793500146385,29.745623107732257,47.66074917565308,26.407577353805756,-39.76989069189191,74.35207995016056,-160.9570058783366,-24.219732769155428,-72.1629804555493,54.28527630803885,31.871777725900685,71.2101283983968,80.25798709597787,-80.3701196309957
960,-541.1075756899263,1.023811318831687,116.07603618055217,363.4675100088922,36.90837904439341,84.69467705859188,28.660974803026257,-67.39413051599121,164.98089245305013,-255.4531858069361,-32.27587702057422,-79.54163596176167,168.21428774824102,50.97112415646178,101.57124929908443,78.6098545863726,26.415695373819606
961,-205.56168699528982,15.318092905038426,66.47716370039926,123.2251182907305,16.769435894183122,36.85256629625423,19.594739836686614,-29.521129324499125,91.68310075740173,-142.79201384490585,-3.8529657557409487,-83.0096783784376,35.4042957892136,14.09664372047473,66.95718127613726,46.819075788568306,31.868113672927624
962,-513.2386239656435,-5.280288739107807,71.99534391504471,173.9511005382521,28.44820136582876,57.962558786163186,15.665153515763073,31.239099619450887,260.53292531201754,-195.56854918886685,-25.374324370669758,-53.328735854952434,60.7605708416368,35.85127376752695,29.936620523295797,40.30935898378615,12.861786266770727
963,-205.56168699528982,15.318092905038426,66.47716370039926,123.2251182907305,16.769435894183122,36.85256629625423,19.594739836686614,-29.521129324499125,91.68310075740173,-142.79201384490585,-3.8529657557409487,-83.0096783784376,35.4042957892136,14.09664372047473,66.95718127613726,46.819075788568306,31.868113672927624
964,-307.7421773331162,3.8588773666155856,61.28061777691241,128.42204255280856,213.73543536266382,37.13500530649044,11.293544598392861,-28.34990035967431,94.02219433943438,-117.72069880380288,-28.27088966755438,-39.98742774548668,41.01126833428542,18.937091721925295,50.39013191529019,28.324632000542824,-3.567438775658057
965,-509.9356966292995,-5.601213746759698,73.64393279466107,173.34768109560036,28.739041521839056,57.92102281532655,15.60569462352596,32.75844206808194,259.1958352837672,-195.2856028488932,-25.339139075477775,-53.142260083580844,59.986434690325154,34.22518205787564,29.400004657105328,40.76338747711482,11.204204079080297
966,-672.0223501239224,25.072491247498785,109.28467919335426,237.72556327121833,15.808404920289997,70.03641799403314,22.775384455583904,-79.73451176383111,78.76390995177707,-204.8099383187807,0.12592267179350172,-72.60778870958717,81.00090239217045,33.767171207235535,100.1251336916601,63.27911835327541,7.96259026940798
968,-146.03298047995466,-3.384707707161132,22.68688764947256,52.371129437202654,8.047726731642873,14.11882526111909,0.9080486244446208,2.5876154975514707,46.69611628127565,-67.16385995366073,-18.25714298844589,-18.025666191994553,10.539013281446259,1.5979872760737934,273.20739823600326,9.667701772582095,3.024884068726311
969,-454.57795462030157,16.335591756007446,81.65434133892799,167.4659028547787,17.259097154342378,49.16771116638209,-21.317629019322734,-30.01611061045475,131.49683670563397,-351.33751021377765,-19.830266729505563,-60.77248177126062,56.17880936248698,15.121417769893123,67.04724168666898,38.99668231328386,44.80476089966445
970,-488.5240253296467,-0.7452938103303163,91.64275357197101,210.92903984536431,32.31728777744569,59.56659341912191,38.589813737470315,-54.72038248329469,125.7300601107936,-376.4376796365415,-13.497606113633468,-39.458702932003064,63.94972810066323,28.479242035671867,82.72176436848564,40.37638796877639,-20.505279239583256
971,-517.0073719019483,-19.88713188246755,71.26825894377225,171.41321048239328,24.338506222273768,53.144946030019234,12.744064822126099,-15.899688241096724,262.1268811813782,-187.50390835134456,-38.989506666244985,-53.34703034399156,57.07255814957897,29.94942645177301,37.31698151999996,31.994911576635275,24.701803634517375
972,-449.3491276857227,66.63250979118926,70.03141048860577,158.5845774065923,28.948142117239673,47.48638042482536,21.712226378474817,-39.209830574101,78.99758497252017,-158.87846872748707,-24.914588993590883,-61.597082466111566,54.912770132988186,29.76375815645718,68.62248855057238,71.24691698620342,-126.2377015403601
973,-522.2557812969187,4.528993980555069,75.37772198246864,188.7072286886458,30.213630609213173,58.66598519636834,16.826025880724544,-9.504628365882516,288.3086224889056,-197.18266898099384,-16.320780689166167,-54.54706305567515,55.60592845750874,34.11088216737588,48.14334673942977,44.04146169757841,9.585720403698907
974,-423.4949658789682,-63.4389984130035,58.73273165327514,160.58281668456485,0.6528998443969094,30.74863177348782,7.57773726819425,-100.81483715681554,135.15045618910443,-103.34651382284818,-78.94326618724538,-48.14855338258187,74.52074457110957,13.041703036880245,61.91420515014856,7.235130915730195,73.74072666198356
975,-153.38109283276688,0.564799483079219,200.05714266756257,69.69591525680451,10.52529912953746,19.9732383910123,10.253068230003384,-7.614570936165896,26.33176747279376,-68.76870542463833,-8.261685778416101,-10.729571728009706,21.920775521183327,40.301812168074676,19.830424050291462,12.344499087923094,11.066439391241682
976,-520.5755641968814,-17.299545970635666,70.1717185174783,173.66634509527302,24.62025716756279,53.68667155255404,13.177157632985349,-17.114171760435035,265.97774679653236,-188.64861917531027,-36.89080451011756,-53.636909511998454,57.59347895114496,31.786297005958446,38.96174209014331,32.70325618572899,24.81699527591129
977,-313.2704510253816,46.32868584447026,206.68388652732614,145.5584994598939,24.30044848752105,42.962067130311155,17.900832484527513,-47.92076139685782,124.83264421993177,-124.08715655891112,31.372637549777465,-40.45778757925524,45.65486559225544,4.970181936228473,61.73367697270413,40.034070627434176,4.175034572803205
978,-288.56722543490764,-36.27688994277714,60.66441914014085,156.16667767353835,13.09201276268031,36.037319630236105,-2.9336603027000905,-26.816746573871374,114.47459771531034,-128.81628514723067,-7.514539594335456,-30.24262660996202,38.63747302684148,3.9878045952907932,54.001608673518454,2.5558887453990127,-200.07751630342983
979,-381.3147320564607,-61.33888397034633,47.41054421779291,112.62012328714913,-2.9527142824741257,22.53714496989886,3.8359943570368062,-53.687883943597384,123.40723873762178,-84.03324826859595,-74.43011916549355,-40.31362831469644,53.22149230776294,7.578505548370514,45.703983406603676,0.861915560498041,70.28925125192131
980,-672.0223501239224,25.072491247498785,109.28467919335426,237.72556327121833,15.808404920289997,70.03641799403314,22.775384455583904,-79.73451176383111,78.76390995177707,-204.8099383187807,0.12592267179350172,-72.60778870958717,81.00090239217045,33.767171207235535,100.1251336916601,63.27911835327541,7.96259026940798
981,-176.58484438549522,237.05620976815337,35.875418421242856,71.66253302603795,4.58020895577169,19.058533155601733,0.7309715495164772,-13.655778048265692,54.757753944006225,-62.889538306628076,-42.070143206418706,-21.00212872817245,30.974536723687745,-3.7917151969466842,18.99096117465459,4.824146587438668,10.338790116015847
982,-530.1522950178951,-3.9308549044815657,96.73098013744121,224.91270234997592,31.576584680988297,63.6223169072833,46.47710833424237,-62.74109581768204,122.35630423445853,-347.2844063265221,-9.161843336673769,-40.652175297245144,68.17102178179084,31.639715012896705,87.34824494255517,47.84191956130503,-21.767436326994144
983,-450.3131743392711,-8.150158237986819,84.41792433734179,200.19964940273982,31.20670673507313,55.04645254880241,41.89009562189197,-50.62471416671696,120.78150526785961,-329.41128466521224,-12.182942514919173,-31.08371296739245,57.083343917042036,26.072511520252213,74.73181533082197,88.6141754778486,-22.575469644079288
984,-451.9669807812149,17.317915857235366,88.34469508042785,200.09065918503887,18.58953254242784,53.16053364513336,-17.78283142137272,-41.56953768171034,110.92125803684141,-352.6685856036854,-20.70180803051758,-68.17975035130748,74.54949114593896,17.297623108800256,77.20735666166232,44.23026276230437,45.68728490353019
985,-255.89788070700382,-14.024522327389978,46.969055336720274,116.3165791379328,13.814561507773421,26.329162435983708,5.705446757152776,-20.21850485015867,79.80789913061795,-123.94450190594526,-10.374337344630385,-15.00929897899021,20.825587345979958,3.5794502917274498,35.39912109641104,283.7600157475168,13.272673884480461
986,-522.1363383533351,-18.416567824984163,70.43158218517054,173.87686687545624,24.765997949427373,53.92782239332939,13.654265444499396,-16.64124340411945,263.5472862225743,-192.78130199719178,-37.761956537990564,-53.439472685775954,58.1079107280155,32.04918347468355,38.399782294140806,32.33793303250175,24.421176183674568
987,-658.3212479910158,-2.3315503061815535,104.87571299666729,229.94699612949822,9.12629545848206,64.78062373764402,18.297775561025226,-90.36862566225419,87.89764000836934,-190.4129070733879,-9.712599171120731,-68.57031651859302,79.65232891806625,28.391850748218964,96.8537783562953,47.73039071266899,39.533694085362924
988,-382.47105094392026,7.047499450503087,62.659427955538106,136.16278807049306,21.3503173911344,49.59897821699498,18.020212378282363,155.30807952698365,140.70884980606596,-139.10867930317264,-10.135673811102208,-42.68317844989368,68.79073033975796,31.18652960700268,10.236912520538988,44.70359889779565,4.786260725489373
990,-423.31503809499424,48.879534951832596,76.51133149738101,202.56086480889314,27.369079251105912,49.30587227454273,21.658652198678006,-71.95834219996011,278.75980944461463,-140.2701857216173,28.570003022199472,-47.67078025680999,38.40730664272207,19.348700971212217,108.3412331171854,57.699047547581245,-5.162439093879912
991,-344.862365469962,12.503229259914258,69.2703191183167,220.6951157696093,18.933621687224893,37.80672795540673,17.088479802589063,109.04187714742822,65.97123756301727,-130.481804056779,-10.664520298191466,-44.78295884860984,31.421087169853323,7.505472709714736,140.28030230562138,31.898304116069795,4.569092476900592
992,-670.8828249007295,25.002030507137864,108.78474212530895,234.65408483463355,15.708782260089016,69.52379729191694,22.963491412770804,-79.47111894545412,77.97684470201608,-207.20007017841183,0.5074886860252564,-71.78825618184595,78.90015568481978,33.304757446792294,99.73247681551572,62.59666565283898,7.066969364062563
993,-681.3786659048504,9.832587932286234,117.075378641606,274.76385306264893,16.98312718960371,76.38983635230453,24.67585973293053,-84.68963709147525,95.43495549941882,-214.28961266792382,-0.5228268539332835,-73.7912631071759,101.08960822306103,37.23889677690799,105.63680999816263,61.480236459470426,28.227131862785033
994,-454.90642459708164,15.807493831885965,88.42336890243698,199.23686376084714,18.24119311554622,53.272898816442904,-17.79243984178654,-43.15604435447583,112.08769102544139,-352.2286083994266,-21.96073934975265,-64.66397978925445,75.9396501229321,17.870168018556107,78.25415715970334,44.27241457558301,47.160827654387724
995,-513.5038889242326,-3.013627834927814,72.5473923683671,175.6008157084801,29.02079246712808,58.462748337861356,16.038787434385203,31.543958548743625,263.0467008989213,-196.43031367285892,-23.24043691935035,-53.432139251587735,60.50735549189115,36.06205261206108,31.044765227248675,41.47173208620853,11.319395720474208
996,-427.0768203297678,4.756134979793286,76.11678913285225,151.77994684129806,10.7799795650613,41.474628263019085,-23.568045841143192,-47.522201741181085,103.46720341131939,-331.1799012428759,-29.5096980184528,-57.31495537812692,52.58123520530153,8.98304259479056,69.41192422670636,30.274438028462352,55.64850534773274
998,-313.9444900943525,-29.159666853470554,88.49258222324772,157.54016226348068,13.021257577538442,37.34446972194578,-4.462039152155118,-27.311321555200056,112.30073150771759,-133.39398656498196,0.34950132050219745,-43.32769647071226,36.96478054478104,-0.02931507006820813,51.13512039839003,5.078853427899275,-191.33730635153782
1000,-685.2765919937259,10.916008709730194,117.23440415152908,275.9821497826905,17.06047745006532,76.56646314064982,24.635122436190912,-85.43421652787922,98.24483795963418,-214.71351057356176,0.35181296313057414,-75.20321179861463,100.6567817786005,37.02734125607539,106.41149911710079,62.20828766177559,28.608004940375967
1001,-522.9629488241836,3.1004021669842836,75.14015459737976,188.5137816273251,29.773577079256643,58.18837751783761,16.539862900584563,-14.370441396800382,288.6017270786668,-196.404499531239,-17.685817448242886,-54.567540081716224,55.31454080343412,33.68330660676561,48.93504442571923,43.16461410753046,10.935480359242613
1002,-658.3212479910158,-2.3315503061815535,104.87571299666729,229.94699612949822,9.12629545848206,64.78062373764402,18.297775561025226,-90.36862566225419,87.89764000836934,-190.4129070733879,-9.712599171120731,-68.57031651859302,79.65232891806625,28.391850748218964,96.8537783562953,47.73039071266899,39.533694085362924
1003,-665.4241246554004,25.035631584042402,108.36585294769361,233.22526633440873,15.485691217762824,69.1060196627963,22.527120897996376,-79.19946786536575,77.59742281575876,-202.6434894508924,0.5040008968343973,-70.57374431662971,78.81855035240979,33.253426498899785,99.51974749258008,62.233937603761056,7.081915378708353
1004,-415.0017295667708,10.55995785281018,88.2176474234254,246.59337533702998,25.795636202298986,54.38668765912926,25.654091742245754,96.67625175539268,93.0368728369918,-163.51624070378892,-17.052298601311513,-56.60541649180021,71.38480690645952,18.476040673627903,159.7862684863849,44.5166557479962,9.988299626160389
1005,-686.3814372484273,11.389751960918232,117.1232523178754,275.1102913266345,17.156097294946797,76.59185301459054,24.709249407024643,-84.67566406732966,94.81768936707113,-215.29144921410898,-0.7982223038974107,-75.50355562107875,101.04485447575658,37.35409445744292,105.63048994668439,62.60078732341384,26.99328510507699
1006,-392.1483348544991,20.586241063113636,79.19747480316607,152.18056481933203,14.418609910679574,44.22960770001545,-20.936273013606662,-34.232229015970915,96.6618581961473,-338.29181080630525,-15.170567511978303,-67.18250061244765,49.1409255840553,10.245974777860388,71.52675931614226,39.98595445291585,48.982236817295735
1007,-215.02584221654553,15.426519009996408,45.30932731053692,158.3951651154071,14.246838696253192,16.092630589851822,4.822103955277732,-13.40840068461644,63.37393849065347,-111.31981648878855,-11.15932481069824,-227.939621088743,-20.142132952300717,-23.181192195000133,2.5666757615141,0.7880816206124829,3.655271768129171
1009,-191.3264812726259,10.245812913289226,37.93163667804451,81.14197328205239,12.034594639109903,23.546271809235268,180.14355288543632,-11.87885796505853,41.5215852468866,-92.15782107666372,-5.457867574383555,-24.980931090923857,19.806331232109937,7.562480622823542,26.87938441538381,-2.779768969364148,-19.02457544611999
1010,-586.5184956333231,-0.2110500261833693,122.24353065712044,379.17563758094116,36.774789328795634,89.55428681714794,37.56186187590223,-76.4206026468279,162.42926300064846,-228.25387764682756,-28.264778402944255,-80.81020252770669,174.02588661658353,55.27401125589607,107.77076767787098,76.73317212340864,22.10752635185245
1011,-438.3063188969246,-61.02302006870494,55.745648481351196,134.58958844930677,-4.482349084540439,26.196193278184413,3.846251147428344,-101.43355992470892,117.84738208987584,-97.08879383036049,-72.32725705135347,-45.503356294400994,54.253185655976516,7.952807891059405,59.46580246105161,2.625325700622255,74.47191185769466
1012,-198.46848703397768,10.13498269945443,39.2077777162587,84.32139100019354,12.562096214406932,24.48514257666691,177.5602032746648,-12.793970245395997,43.175072639831534,-98.50677886688732,-5.591939244726842,-25.37659655490894,20.74759772058837,8.103295496582161,28.070329590684633,-2.558981531009773,-20.07134839328327
1013,-502.92180382236444,-5.058234752885559,109.1903350302493,353.38548032515916,36.32485146073922,80.53206808044715,33.3997128257208,-63.90424594803774,160.3160057343672,-205.31981219404196,-31.173140492959956,-70.41048501926426,162.26114114476073,49.50926058391297,94.35360582602175,122.40842314142975,20.831701951364177
1014,-522.2557812969187,4.528993980555069,75.37772198246864,188.7072286886458,30.213630609213173,58.66598519636834,16.826025880724544,-9.504628365882516,288.3086224889056,-197.18266898099384,-16.320780689166167,-54.54706305567515,55.60592845750874,34.11088216737588,48.14334673942977,44.04146169757841,9.585720403698907
1015,-645.3255425155942,2.9207480315337104,107.24805273916239,238.3730750128855,12.190535855933945,67.77901205293334,16.670567928005244,-76.79024389934149,86.11722170181419,-200.0028602134871,3.9351629001091672,-69.08647562869226,76.92111845417936,27.598094309737796,96.59370292084239,48.79356507642595,-13.015102369084287
1016,-291.3590101567546,2.8285560437797708,64.16714817595083,130.1322063263811,182.16168851159418,38.068286388040754,13.73218058694067,-31.613373015836608,99.85137419975824,-117.1067122566709,-31.686711997025743,-24.425540395825504,45.94420091536844,24.30196659956118,56.43099168237114,27.024659316255022,-17.939634263587273
1017,-428.127110898386,47.73085419077113,77.0716321781535,204.04447812886207,27.159241414908962,49.474110780777345,21.731124529440546,-73.254020021504,280.1824783766056,-140.6841155687909,27.42569139181751,-48.15170048555857,39.19861701426898,19.41061472949354,104.29019024856134,57.50037186688563,-3.802680078963371
1018,-503.67802445314504,0.8735475886908668,113.91665161832891,357.7908663188127,37.40488081788927,83.47854555357846,37.22515802446328,-66.47896706285788,164.04811391997333,-217.370279720078,-29.669342086678203,-86.39200350083601,165.2816205813725,51.736262269580656,101.24340366922222,75.82562401660881,24.322297760914765
1019,-377.159677433307,-33.87112706978395,68.67179542652232,175.9385593681173,11.275614408272594,42.02480045245296,-3.746652233401436,-34.99299663023635,112.81804079274913,-146.4117689408405,-3.2097986904636797,-48.52799186193986,41.83885112891132,4.289719857533745,60.302990414807816,8.8019626629197,-188.1261461834014
1020,-430.86899513885214,27.493204761954157,82.13721073412142,171.34857698016293,16.605513238255458,46.989144482117034,-20.019813612108738,-44.73700526663065,129.39202453011865,-337.40741422316563,-8.552389519490474,-59.16852187222121,52.14982841519571,11.553244800575104,80.88602814237953,42.58062175312265,41.12022079011295
1021,-354.9509761517978,10.402352894926358,63.654572746511526,140.9624168273601,19.93641243303014,47.18748791544525,19.216285962380155,176.74295740256295,104.33781824523396,-128.5949707965713,-7.704753903570003,-41.79380245156517,66.74449004292396,26.580956733745253,32.80090996071205,44.17895229978271,3.832008259723812
1022,-178.13438270359893,-0.5383220511834246,68.19978204465437,133.16411038515272,21.132183975913545,37.104048565901806,23.897015081912848,-39.61688127711766,105.54251914059938,-113.63271581527576,-10.853533568180328,13.660361811847515,56.02355673315412,25.732965811294488,70.98514702724033,23.894973899131855,-18.337573102239237
1023,-503.67802445314504,0.8735475886908668,113.91665161832891,357.7908663188127,37.40488081788927,83.47854555357846,37.22515802446328,-66.47896706285788,164.04811391997333,-217.370279720078,-29.669342086678203,-86.39200350083601,165.2816205813725,51.736262269580656,101.24340366922222,75.82562401660881,24.322297760914765
1024,-587.9698065049079,0.1382828213409752,121.64943060674723,379.11317450744673,36.87673294198347,89.2731819773336,37.14708748475728,-75.74556704710162,160.67754051896057,-228.19395222686035,-25.870848377406322,-81.2194467514735,172.60120129615092,54.75864894856729,107.33823408210041,76.26342465702196,23.894906733625966
1025,-385.9771913888687,17.018547697963722,79.58506393062348,154.41683804057703,15.40022822906892,44.286191210686155,-19.96826108343076,-36.50377320531009,99.78022733236678,-331.73096874963846,-16.74569526977716,-45.43174156963351,53.780259296441926,12.864147248294833,72.43305161014045,34.828031527792646,37.685957292883195
1026,-375.1740427074169,6.952877833061554,63.83189639851944,130.35459567817927,20.785426161535632,48.309457068707815,17.487681259754517,156.53062285323261,137.93088102097494,-136.20720039300159,-9.817981343898552,-41.39450418604441,65.86194496002022,30.97895477114216,8.657010011078738,43.48900374489857,4.642718028657524
1027,-537.5154413596337,-14.491843884780103,110.64151947975712,356.3495207473739,33.40614771432778,80.45120806162704,33.24204961897846,-79.3873978455073,170.29279927042987,-210.28666891874212,-44.10006311589046,-76.95980073648875,168.49986301002303,50.10593809711966,98.9268925688691,66.0797669013179,32.37738597782481
1029,-507.3558499302871,75.60740037234535,78.18020507014428,170.79369053801418,29.07053783183298,52.83426856555248,26.32806630022656,-48.45989060598292,72.52190330420758,-169.5471972598076,-23.106005294423053,-65.54120773157572,61.853067796067606,34.83305164501779,76.39577622186064,85.73306030457981,-82.71247348010684
1030,-251.46859755275256,19.234974364998354,69.41597433027636,131.21823338891997,15.859044156157111,39.09174079498134,11.608317825709344,-29.067155460713042,91.2184460872962,-186.22237811930975,-5.023968582703923,-99.89241178810235,36.32249108730305,11.765839055322587,67.66204728338295,50.81974276224706,45.113651610072445
1031,-373.2617513444317,-34.95454784722791,68.51276991659924,174.72026264807573,11.198264147810985,41.84817366410768,-3.705914936661819,-34.248417193832374,110.00815833253377,-145.98787103520255,-4.084438507527538,-47.11604317050112,42.27167757337185,4.501275378366342,59.52830129586967,8.07391146061454,-188.50701926099237
1032,-449.3491276857227,66.63250979118926,70.03141048860577,158.5845774065923,28.948142117239673,47.48638042482536,21.712226378474817,-39.209830574101,78.99758497252017,-158.87846872748707,-24.914588993590883,-61.597082466111566,54.912770132988186,29.76375815645718,68.62248855057238,71.24691698620342,-126.2377015403601
1033,-498.27250925180704,-2.7412233028402526,113.75320615401947,360.2131512689238,38.59751145150971,83.26031128117603,37.885952444624884,-68.3278694512862,165.76124603408482,-210.02052979270326,-29.025554014250112,-62.633737677031554,169.011750496925,54.12998048495681,101.81786151122742,69.62485107786301,13.558256448896573
1034,-472.2455551304767,72.39188347911873,74.47287239356993,166.18185230173933,33.022226764621145,50.99917416060128,31.43063640783849,-43.75870381105141,81.3998276819051,-196.939582100845,-26.22583303935826,-59.10061730929613,59.07967032094164,34.71769266033239,73.00269688034408,82.72176721620002,-93.19858391129414
1035,-381.218294775165,-0.7700558754112324,77.69705839383266,196.42918421257403,17.50081139369525,41.54338122489812,19.056152582276525,90.83091383410535,81.0844303533143,-136.0323983087176,-24.8835272994015,-49.07195997563808,47.58746478050673,8.5735092773854,150.66455561370105,29.649937812211903,20.312129686063667
1036,-645.3255425155942,2.9207480315337104,107.24805273916239,238.3730750128855,12.190535855933945,67.77901205293334,16.670567928005244,-76.79024389934149,86.11722170181419,-200.0028602134871,3.9351629001091672,-69.08647562869226,76.92111845417936,27.598094309737796,96.59370292084239,48.79356507642595,-13.015102369084287
1037,-430.86899513885214,27.493204761954157,82.13721073412142,171.34857698016293,16.605513238255458,46.989144482117034,-20.019813612108738,-44.73700526663065,129.39202453011865,-337.40741422316563,-8.552389519490474,-59.16852187222121,52.14982841519571,11.553244800575104,80.88602814237953,42.58062175312265,41.12022079011295
1039,-672.0223501239224,25.072491247498785,109.28467919335426,237.72556327121833,15.808404920289997,70.03641799403314,22.775384455583904,-79.73451176383111,78.76390995177707,-204.8099383187807,0.12592267179350172,-72.60778870958717,81.00090239217045,33.767171207235535,100.1251336916601,63.27911835327541,7.96259026940798
1040,-423.4949658789682,-63.4389984130035,58.73273165327514,160.58281668456485,0.6528998443969094,30.74863177348782,7.57773726819425,-100.81483715681554,135.15045618910443,-103.34651382284818,-78.94326618724538,-48.14855338258187,74.52074457110957,13.041703036880245,61.91420515014856,7.235130915730195,73.74072666198356
1041,-506.5128745130912,-5.848586159941324,98.49564980012782,251.45618707891433,36.63250315150129,67.20807727080731,50.08115338985954,-60.93130931800222,139.47809192832656,-351.98051932385164,-15.94695138329834,-44.00506200053501,86.70713932383264,36.371193801210495,88.5707141468023,46.99687356480749,-22.94827812377223
1042,-379.5054866056846,5.82739966031067,61.34757876647817,131.23107268349702,20.532362847769516,48.345017122405245,17.357577605333084,154.7936850597523,139.83846954335917,-136.5043638569302,-11.016843220316863,-41.95767935173965,66.42876720528241,30.2504505333002,9.298070736444252,43.224096248164074,5.828849458677198
1043,-670.8828249007295,25.002030507137864,108.78474212530895,234.65408483463355,15.708782260089016,69.52379729191694,22.963491412770804,-79.47111894545412,77.97684470201608,-207.20007017841183,0.5074886860252564,-71.78825618184595,78.90015568481978,33.304757446792294,99.73247681551572,62.59666565283898,7.066969364062563
1044,-385.67548961591575,-1.5718398625068952,75.90724320808296,200.9464890963761,17.79609581910704,42.38299158769698,19.446526407801468,90.26975315540014,82.47919366817543,-137.8226276045538,-25.98892301456131,-49.81212522187465,49.977455951196134,9.483732868839661,151.61242637115046,30.397152742873473,20.54553476019219
1045,-682.8299767764353,10.181920779810579,116.48127859123278,274.7013899891545,17.08507080279155,76.1087315124902,24.261085341785574,-84.01460149174895,93.68323301773091,-214.22968724795663,1.8711031716046522,-74.2005073309427,99.66492290262845,36.72353446957921,105.20427640239207,61.01048899308374,30.01451224455855
1046,-519.6031317110273,-18.137615061244876,69.85723744924479,172.21007698636572,24.48771959622,53.6640896793866,13.0896866945032,-12.553217658809913,263.1708666198674,-188.56502414107305,-37.65965520236025,-53.51302908932208,58.13808195496523,32.00309372203458,37.06189969990097,32.417730673354555,25.009625866664102
1047,-681.3786659048504,9.832587932286234,117.075378641606,274.76385306264893,16.98312718960371,76.38983635230453,24.67585973293053,-84.68963709147525,95.43495549941882,-214.28961266792382,-0.5228268539332835,-73.7912631071759,101.08960822306103,37.23889677690799,105.63680999816263,61.480236459470426,28.227131862785033
1048,-172.80788108598523,-1.1089286473571878,67.3540114808183,131.4152382599395,20.96105485533936,36.421274705856916,24.29378183065792,-39.065025281512604,104.47245111414767,-108.091903045767,-10.817318262427204,14.41383370704975,54.956096204445195,30.678681786879874,69.91692115774087,23.288480719766767,-19.054035641127705
1049,-672.0223501239224,25.072491247498785,109.28467919335426,237.72556327121833,15.808404920289997,70.03641799403314,22.775384455583904,-79.73451176383111,78.76390995177707,-204.8099383187807,0.12592267179350172,-72.60778870958717,81.00090239217045,33.767171207235535,100.1251336916601,63.27911835327541,7.96259026940798
1050,-503.67802445314504,0.8735475886908668,113.91665161832891,357.7908663188127,37.40488081788927,83.47854555357846,37.22515802446328,-66.47896706285788,164.04811391997333,-217.370279720078,-29.669342086678203,-86.39200350083601,165.2816205813725,51.736262269580656,101.24340366922222,75.82562401660881,24.322297760914765
1052,-249.14503352946616,16.820111714376903,47.22460825443697,161.4788219904445,13.722045118450039,16.855925356028,-3.540978719481531,-15.042965585985867,66.66980862606789,-148.1362359152592,-12.537776057172307,-219.64855869154997,-19.00711480239368,-24.158022316450094,3.853503239332077,-1.9761998165509287,4.342784979501206
1053,-268.57205103835474,13.319959946629732,56.31076617601777,109.23282984222877,18.406787237803712,196.7798154829561,9.892102966630599,-15.305933258223236,74.92830008893587,-120.85094571915111,-6.7376013773168735,-48.5139313249546,12.271590947776945,6.0757858683841945,42.624873300679084,29.68056068722456,15.635202751422273
1054,-307.04896001869673,3.53169546800222,61.75231454232082,127.99966557880329,213.8823367766199,37.570933241152865,11.698307393340793,-28.88696866674309,94.89252045472281,-117.71858817789813,-28.2705733525339,-35.16311188863022,42.58103840599344,19.931970997047877,51.770387998345946,28.80110571393869,-4.017159648687979
1055,-219.7009785004516,7.378832460301128,33.27463457735489,108.54140424765647,22.363989115908034,18.114759873755958,1.4163205705511752,-3.2059896314188463,12.281504252991207,-84.43267003935824,152.5037797117482,6.406598940164884,-14.256627497049644,-2.203257748507051,36.10676241067414,-5.8597715834838064,58.21628307044427
1056,-307.04896001869673,3.53169546800222,61.75231454232082,127.99966557880329,213.8823367766199,37.570933241152865,11.698307393340793,-28.88696866674309,94.89252045472281,-117.71858817789813,-28.2705733525339,-35.16311188863022,42.58103840599344,19.931970997047877,51.770387998345946,28.80110571393869,-4.017159648687979
1057,-388.32813920180723,21.09476917929306,81.42772774130682,217.4436407986562,23.522006832100214,47.38488710467872,23.18286559402282,93.31834244832753,107.61694953721367,-146.44027244447463,-4.650048501367228,-50.84615918822773,47.44530245373964,11.591521314180966,162.69387341067923,42.02088376709734,5.1216292972269954
1058,-656.7257938660707,-0.8112459410059379,104.00476042727604,225.79313745667417,8.976551861297972,64.05224206869319,18.08290167753181,-89.81960873964324,86.11388674000334,-189.24829475168477,-9.609916396043962,-68.2485646395384,77.42522313100113,27.99330372041814,96.24207210573704,47.805760827098055,37.41917243695525
1059,-656.7257938660707,-0.8112459410059379,104.00476042727604,225.79313745667417,8.976551861297972,64.05224206869319,18.08290167753181,-89.81960873964324,86.11388674000334,-189.24829475168477,-9.609916396043962,-68.2485646395384,77.42522313100113,27.99330372041814,96.24207210573704,47.805760827098055,37.41917243695525
1060,-686.3814372484273,11.389751960918232,117.1232523178754,275.1102913266345,17.156097294946797,76.59185301459054,24.709249407024643,-84.67566406732966,94.81768936707113,-215.29144921410898,-0.7982223038974107,-75.50355562107875,101.04485447575658,37.35409445744292,105.63048994668439,62.60078732341384,26.99328510507699
1061,-392.1483348544991,20.586241063113636,79.19747480316607,152.18056481933203,14.418609910679574,44.22960770001545,-20.936273013606662,-34.232229015970915,96.6618581961473,-338.29181080630525,-15.170567511978303,-67.18250061244765,49.1409255840553,10.245974777860388,71.52675931614226,39.98595445291585,48.982236817295735
1062,-509.0788799688169,75.14615793963294,78.54011321840883,171.89389337789237,29.098792668498728,53.11147943778284,26.241075722567714,-48.66135670568585,73.35966462500416,-170.54439029732623,-23.025111076238424,-66.08276978078912,62.21786512222372,34.844949856640206,76.82599202139825,80.17367338112027,-86.95017209008823
1063,-273.5409821734109,82.56284364514886,197.84206023545644,121.9877896656555,19.59285101434984,37.979478779134894,13.560401522454683,-35.88859172803626,87.38149550452604,-112.17567509600154,18.88126474308819,-35.33937912703922,44.880000028339325,2.3139212487075635,44.702432559087015,28.345288595078642,11.946177643220784
1064,-278.13646136192745,-1.177705528194189,50.530706649390304,130.529677156676,181.36118986603475,32.53546409868241,8.933242741213135,-20.861377230506726,68.63393052209926,-108.99022977088686,28.6539853293916,-27.137423929107374,30.174859412366718,-0.040299048094746125,43.16080133144599,21.42547682389039,39.4459032072867
1065,-433.2471843284445,49.572495106673564,85.96442105173705,242.60739137233782,29.677623802641588,55.574599917901416,26.769690210062198,-85.10177201268539,261.72702797206557,-149.17397650655587,27.43912360423149,-52.67466417211924,61.58263733631452,23.56910936511823,116.98213241364084,65.05265672801147,-4.427411695961169
1066,-546.7663371827324,1.1882386559330724,116.70247186837025,364.98655271812123,37.268159334221984,85.390095319418,28.980557366570146,-67.17648639707507,168.72095240895757,-257.746157613498,-32.55365927919468,-80.2953814865044,169.0018888657693,51.62999415339824,101.75173870054915,73.74812938497587,26.258939873941575
1067,-541.1831977530043,1.6169895529893297,116.54866783936014,363.9080486082575,37.01638198010842,84.98932480590501,29.043519322900504,-67.65160262747322,165.35410327161074,-256.6582325595396,-32.125497179946045,-81.13978780991884,168.5163356919022,51.19382432502855,102.26022908340448,73.9515746738905,26.764754954774666
1068,-533.2138498584692,-14.729937950625656,109.5116540476272,357.9611500587212,33.18374818485282,79.64574967798465,33.573142601142585,-78.79052262429275,169.4111694734544,-204.75247792478322,-44.01596857002001,-76.27805507569506,166.96578063337887,49.90474945890555,97.55296324476812,65.61866560186992,31.238461152448462
1070,-525.9285131624193,4.320501957176701,76.4520037864397,193.44549701432115,30.591531622621527,59.44233861242734,17.20249767353384,-13.856046929569024,289.47210734137354,-199.00881497748142,-16.80464803902823,-55.293039179870256,57.676503937909665,34.61938568046809,49.87388620981396,44.64411675716204,9.892891626054789
1071,-205.56168699528982,15.318092905038426,66.47716370039926,123.2251182907305,16.769435894183122,36.85256629625423,19.594739836686614,-29.521129324499125,91.68310075740173,-142.79201384490585,-3.8529657557409487,-83.0096783784376,35.4042957892136,14.09664372047473,66.95718127613726,46.819075788568306,31.868113672927624
1072,-416.6899020839714,-64.4525519683971,50.2811216330488,123.41895656787285,-0.7519817668929996,25.205973588342165,3.900170328469971,-87.71917920053268,154.57701404435997,-102.59033867506052,-78.00594575070649,-42.887497224206044,52.12060092867634,9.345337816046246,49.4291399588678,0.17876669496149267,71.37863759732939
1073,-529.4860438159625,-2.2730312281754403,76.60623871273731,182.0719604455205,28.348289201634255,58.61764576851413,8.648326966378237,-5.047951122428477,258.7738377048769,-243.0087626768614,-26.05050753090402,-56.85256308963863,58.499403073307484,33.11191671336427,41.84487126447217,39.96502561607894,18.927276663072497
1075,-423.4949658789682,-63.4389984130035,58.73273165327514,160.58281668456485,0.6528998443969094,30.74863177348782,7.57773726819425,-100.81483715681554,135.15045618910443,-103.34651382284818,-78.94326618724538,-48.14855338258187,74.52074457110957,13.041703036880245,61.91420515014856,7.235130915730195,73.74072666198356
1076,-455.1716895556708,18.07415473606596,88.97541735575936,200.88657893107515,18.81378421684554,53.773088368141075,-17.418805923164406,-42.85118542518309,114.60146661234522,-353.0903728834187,-19.826851898433244,-64.76738318588976,75.68643477318645,18.08094686309024,79.36230186365623,45.434787678005385,45.6184371080912
1077,-588.6595262610942,0.6275936243686769,124.9521720885308,379.15862963394875,36.802218605911015,89.64507478558593,37.41975160796481,-76.39448586658807,162.20098682180566,-228.63009721887965,-27.537460912825342,-82.10408167442758,173.81824748565478,54.87753237277756,107.42828311950159,77.03113794226141,22.754796168423553
1078,-327.697479650651,9.724452842138094,65.92968321868796,156.72054723393032,22.72461128350806,206.14666936273645,13.450307353812471,-23.180310231031438,90.05802604491842,-135.22560989062663,-12.268525580835677,-44.686865206957975,39.249926581368605,14.122313474446637,49.68572672925493,34.401342710008954,11.890529964626811
1079,-515.7386177185475,-13.855341765248411,69.33413023738575,171.01679009418015,24.14626513685819,53.091774137055886,12.703120175616855,-15.789787409301296,262.1793706646491,-187.203655512845,-38.29389508106129,-53.05141852837562,57.38472316215844,31.309541645068446,37.11640677795235,31.469962906022992,25.517311223725454
1080,-392.1483348544991,20.586241063113636,79.19747480316607,152.18056481933203,14.418609910679574,44.22960770001545,-20.936273013606662,-34.232229015970915,96.6618581961473,-338.29181080630525,-15.170567511978303,-67.18250061244765,49.1409255840553,10.245974777860388,71.52675931614226,39.98595445291585,48.982236817295735
1081,-672.0223501239224,25.072491247498785,109.28467919335426,237.72556327121833,15.808404920289997,70.03641799403314,22.775384455583904,-79.73451176383111,78.76390995177707,-204.8099383187807,0.12592267179350172,-72.60778870958717,81.00090239217045,33.767171207235535,100.1251336916601,63.27911835327541,7.96259026940798
1082,-537.5154413596337,-14.491843884780103,110.64151947975712,356.3495207473739,33.40614771432778,80.45120806162704,33.24204961897846,-79.3873978455073,170.29279927042987,-210.28666891874212,-44.10006311589046,-76.95980073648875,168.49986301002303,50.10593809711966,98.9268925688691,66.0797669013179,32.37738597782481
1083,-672.0223501239224,25.072491247498785,109.28467919335426,237.72556327121833,15.808404920289997,70.03641799403314,22.775384455583904,-79.73451176383111,78.76390995177707,-204.8099383187807,0.12592267179350172,-72.60778870958717,81.00090239217045,33.767171207235535,100.1251336916601,63.27911835327541,7.96259026940798
1084,-423.4949658789682,-63.4389984130035,58.73273165327514,160.58281668456485,0.6528998443969094,30.74863177348782,7.57773726819425,-100.81483715681554,135.15045618910443,-103.34651382284818,-78.94326618724538,-48.14855338258187,74.52074457110957,13.041703036880245,61.91420515014856,7.235130915730195,73.74072666198356
1085,-490.11947945459167,-2.2655981755059327,92.51370614136226,215.08289851818836,32.467031374629784,60.29497508807273,38.80468762096373,-55.269399405905645,127.5138133791596,-377.6022919582446,-13.600288888710237,-39.78045481105768,66.17683388772836,28.87778906347269,83.3334706190439,40.30101785434733,-18.390757591175586
1086,-452.4360830463758,65.61988582388709,66.19088553066844,146.83723791830147,25.65933780049742,43.46843441276745,22.898545753373448,-51.46663766270238,80.29788015891988,-146.45010758714483,-39.40627238238503,-60.048810156384036,56.64345328350543,29.8063368668547,67.25988053568518,69.01464318712972,-73.64138108898074
1087,-407.1025704260689,37.69304889407205,73.21666242879513,193.75142132600493,21.102909475713954,43.218498412499194,19.633085469808176,-90.71583536449214,252.13543290722802,-120.39158356002787,18.939412286578452,-46.063732232806856,38.24034573907169,14.219854526561985,107.93302250684515,50.55875954053369,7.047086679035819
1088,-633.5421810657649,11.77407964622982,101.55309273786813,228.70483450942237,14.280185455372626,63.95124187843986,17.631109030243927,-73.63828047525541,66.54896619566814,-191.5880032110147,25.93800801759948,-58.85180671007275,64.83962352641362,26.52549225489594,94.92415646464221,45.896632400342824,39.2174503974114
1089,-329.2388059618487,15.605628644314018,45.69179313265512,153.03735728390777,25.37687361673681,28.319089455112316,3.826092358268253,-15.20986165355829,15.455914339903705,-115.9858517497064,110.3316259383208,-0.5383027425698037,-8.000525629908871,3.3014107929566903,54.511901923259956,0.8540473871492867,67.67774975199784
1090,-485.4224235778557,4.257474269485286,91.85953414701935,223.38495665040423,34.61065113541607,60.60704722986973,47.54696528530625,-63.81410239466923,157.42501776589526,-335.9924761184958,-3.972863382602687,-37.401398373548076,63.25318804497987,29.922844270133268,90.96982868824132,44.297656294994,-28.320763533538713
1091,-686.3814372484273,11.389751960918232,117.1232523178754,275.1102913266345,17.156097294946797,76.59185301459054,24.709249407024643,-84.67566406732966,94.81768936707113,-215.29144921410898,-0.7982223038974107,-75.50355562107875,101.04485447575658,37.35409445744292,105.63048994668439,62.60078732341384,26.99328510507699
1092,-672.0223501239224,25.072491247498785,109.28467919335426,237.72556327121833,15.808404920289997,70.03641799403314,22.775384455583904,-79.73451176383111,78.76390995177707,-204.8099383187807,0.12592267179350172,-72.60778870958717,81.00090239217045,33.767171207235535,100.1251336916601,63.27911835327541,7.96259026940798
1093,-449.3491276857227,66.63250979118926,70.03141048860577,158.5845774065923,28.948142117239673,47.48638042482536,21.712226378474817,-39.209830574101,78.99758497252017,-158.87846872748707,-24.914588993590883,-61.597082466111566,54.912770132988186,29.76375815645718,68.62248855057238,71.24691698620342,-126.2377015403601
1094,-653.1743333940786,-2.019077122113592,103.36278670063342,225.38423611919418,8.905525369142724,63.56912056659284,17.634737612292742,-89.15854616406253,84.97943039066313,-188.18653278553242,-6.940590920541899,-66.94551634940237,76.045291557873,27.36274373255443,95.81585856144471,46.215462496767955,40.44039957643681
1095,-350.0092800668992,12.190756075846297,70.78324541435057,225.25787577991332,19.154391776564232,39.018231126457906,17.751517751321543,107.83179764923656,68.8894471807235,-132.7081783446345,-13.436528548770296,-46.407759017800494,35.02812453004656,8.534579725379269,141.31822210047196,33.41323233197084,3.662386985826702
1096,-398.19888087614345,37.59811774875321,71.52161726074982,193.86113922031993,20.91557608157459,41.957172533406634,19.12309988478519,-89.26729952122366,251.5809356833068,-117.62492981226612,18.619933535217626,-45.17326999975867,36.206856422319255,13.63973800048817,106.01810923767526,49.76218824141031,6.248370497013781
1097,-342.5618972524098,-21.97446307267103,61.88490467183825,161.17462437326083,14.476665859815464,38.45675666042606,-2.707039731839809,-27.43275911614257,108.41083197266869,-139.65015630631282,-9.677628080328228,-47.51183014253183,38.59363438102383,5.0874505664662095,54.496765467301515,13.30470387880562,-210.1484720943293
1098,-542.1175394083947,-14.63500680530682,111.20669921567251,357.8514321644062,33.371081578992175,80.9070755570772,34.08312818616557,-80.23905846756121,169.96566669737564,-207.51913167254497,-43.69648981865918,-77.16851730874325,168.99926995013132,50.484865984979365,99.467876513938,66.4152369009933,32.037177334470506
1099,-444.8385041900619,-61.17917987234784,57.56989744978437,137.0901651679491,-3.8002241369212757,27.786630418898053,4.678386786025618,-102.67536990686119,120.0767370013278,-100.20455420259484,-72.70132708871792,-46.56929201296244,58.11008193256703,8.983802279107922,61.43406467221419,3.8032203913440976,75.1176379019434
1100,-491.22454070033143,-2.7128245346615385,106.94178755692933,346.90033920829484,35.805582401591536,111.50666371963663,34.701906415161126,-64.39719965562452,155.96896739808332,-200.17074353626182,-30.009506495275602,-70.03852641436032,163.9576581361508,50.5116251061764,93.74884098910685,68.82229305470076,16.79319121821007
1101,-267.3033624568133,34.916858530179155,226.00657831451494,120.2965777044363,21.105170612189045,37.60457107635516,15.465529842520526,-33.599972754982,80.61900312705113,-112.49787707970394,22.0223818007665,-33.79200195594972,42.51879663709001,10.147435869306786,44.24162267952019,31.059414570555216,7.737625735571665
1102,-643.7300883906491,4.441052396709327,106.37710016977114,234.21921634006145,12.040792258749857,67.05063038398252,16.45569404451183,-76.24122697673054,84.33346843344819,-198.83824789178396,4.037845675185936,-68.76472374963764,74.69401266711425,27.199547281936972,95.98199667028413,48.86893519085501,-15.129624017491956
1103,-378.27441091176536,12.644878086593861,77.47482938371486,199.21069208027671,22.016626068215455,46.62315349853923,21.889373814152783,140.1904373922577,81.402024312313,-145.25478073891335,-12.213625102690862,-49.14565524984915,50.67905210245026,13.391005542705754,142.4808737825429,38.490105152159956,6.916587402601564
1104,-456.73246371212446,16.95713288171746,89.2352810234516,201.0971007112584,18.959524998710123,54.01423920891643,-16.94169811165036,-42.378257068867505,112.17100603838718,-357.22305570530017,-20.698003926306242,-64.56994635966726,76.20086655005697,18.343833331815343,78.80034206765372,45.06946452477815,45.22261801585448
1105,-504.86832196473426,-6.384489597075795,97.9173874042555,250.34388066288167,36.433431017353335,66.6770100416692,49.67051195656139,-60.52195625874024,138.5732713829966,-350.295603593215,-16.173853006403096,-42.484693435765344,86.01469845853654,41.291756787567735,87.61424073309882,46.14566519644698,-23.546009160212627
1106,-672.0223501239224,25.072491247498785,109.28467919335426,237.72556327121833,15.808404920289997,70.03641799403314,22.775384455583904,-79.73451176383111,78.76390995177707,-204.8099383187807,0.12592267179350172,-72.60778870958717,81.00090239217045,33.767171207235535,100.1251336916601,63.27911835327541,7.96259026940798
1107,-307.7421773331162,3.8588773666155856,61.28061777691241,128.42204255280856,213.73543536266382,37.13500530649044,11.293544598392861,-28.34990035967431,94.02219433943438,-117.72069880380288,-28.27088966755438,-39.98742774548668,41.01126833428542,18.937091721925295,50.39013191529019,28.324632000542824,-3.567438775658057
1108,-535.6220050885892,-1.2423480641844733,116.0568137560043,372.94411772413036,38.013508560082926,84.75119762380564,37.377240829895726,-41.34236524899377,161.6416806059212,-217.2979551747066,-32.77929080588793,-78.36710956316645,167.91130092849463,51.070053314653485,118.38904169582727,72.8322026293323,20.23315811070575
1109,-376.2025592693407,5.506474652658779,62.996167646094534,130.6276532408453,20.823203003779813,48.30348115156861,17.298118713095967,156.31302750838333,138.5013795151089,-136.22141751695656,-10.98165792512488,-41.77120358036806,65.65463105397077,28.624358823648897,8.76145487025378,43.678124741492745,4.171267270986766
1110,-268.23872796761225,12.190562615953933,53.96635264894008,201.1341107679385,18.132880337387114,24.522799081654128,8.024487903741418,-20.49533996014382,76.99069185103778,-124.2570142431165,-16.137156593865157,-224.49526158254602,4.138369117931782,-15.93931734954394,8.921443847232348,5.036785441118425,0.2850662600132557
1111,-379.3896400332065,7.313784608338319,61.95085475937856,132.9724833168733,21.028921844867103,48.82191431237495,17.721037341643594,158.71412124222056,138.92562319173135,-137.70776708932334,-9.767651499245744,-42.132541138446044,66.37382592058249,30.357489387440392,11.278736538843383,43.97561074680129,4.559487676759272
1112,-507.3558499302871,75.60740037234535,78.18020507014428,170.79369053801418,29.07053783183298,52.83426856555248,26.32806630022656,-48.45989060598292,72.52190330420758,-169.5471972598076,-23.106005294423053,-65.54120773157572,61.853067796067606,34.83305164501779,76.39577622186064,85.73306030457981,-82.71247348010684
1113,-241.86190936465636,-4.2769920762017755,78.38387882323993,182.1537391938866,25.41494188628229,46.92676994113232,28.296298036281826,-48.34291887197978,120.3451125235277,-125.23984274055411,-15.98088447446785,17.27871135758964,83.50129930685408,34.15842130521663,78.58698440088504,28.951225921591643,-22.422454532389
1114,-518.391267304439,8.811267276551533,74.8546147706096,187.51394179646024,29.872176149851363,58.093669654037626,16.4394593618382,-12.741198116373898,287.3171265336874,-195.82130035276577,-16.9550205678672,-54.08545249472869,54.852569664701946,33.41733009040974,48.197853817481146,43.09369393024685,10.09340576076026
1115,-412.0807716319082,53.58549454191904,79.52052275674978,204.55680950902646,25.179992281400637,48.23743304930502,14.949297045261318,-78.91581722168499,249.03684207706135,-170.96815086417013,29.957312504939726,-49.6522961221828,40.455245044201746,15.733465627217413,111.43146041916921,58.56717551570933,1.4001970206604346
1116,-276.44591815591264,15.569064179075461,40.54645963743281,145.06540052817348,30.623428080347118,24.447494126728518,4.37861809140688,20.514528442254452,14.951013977060635,-106.53040782597392,107.43253607904506,2.9716709213080787,-12.642545451500908,-0.45013366437921815,66.32450085705506,-2.3350420722081147,64.70425489984699
1117,-372.33532266868735,11.173053475356648,78.61965674952819,197.3458248799354,21.66951673131774,45.863571307577935,21.586062544014933,139.93283144597845,77.34067747960738,-142.71706031588644,-13.184539537816777,-48.69538009193832,49.75523320615513,11.197317691588516,142.2199918579706,38.140154487050125,6.432941750252503
1119,-518.150876020792,4.249082928045751,74.57985391660728,187.03016830735618,29.983414915453597,58.02013901160299,16.46739056982202,-13.074763575256474,287.17905814667586,-195.9905696840654,-16.541505817860923,-54.086619852967644,54.5232304318872,33.62139284848429,52.98608729434327,43.36328978822608,9.575721344326073
1120,-208.42761674802364,15.389659346540025,44.39050106487628,153.8948681785975,13.92412499372602,15.162232258614987,4.5738403976902005,-12.873356786151083,62.20745135463516,-109.15336762090026,-10.781246585657344,-225.90557669578553,-22.32448499206137,-23.694936903335886,1.9612895624340934,-0.2570991289018681,2.7745968774295457
1121,-497.5068809875146,-2.694145776459051,114.30424074578632,360.02713954005765,38.386499136278616,83.53512906424916,38.19316995463918,-68.75051125219704,167.1664830561928,-210.80943766341122,-31.244469844477063,-64.64124445802186,169.9209542937591,54.354434740015094,102.14969596322041,70.66770109148561,13.02601823650223
1122,-348.6824844772183,8.861328097082048,63.99131243706795,135.42728199771233,19.40929804567555,45.891990850018885,18.49419229719376,177.74790538396266,102.13034795427691,-125.70770901035517,-8.550738017592678,-40.88182758203955,63.60839075713675,24.01878595039147,31.32545231042684,43.1534781434798,3.217014805221206
1123,-378.60381434326695,12.714078273200956,78.28291705897178,202.88095970958318,22.19663111867233,47.159068373004295,22.30815620920133,138.92788346457874,79.54814777056441,-145.60432210210251,-12.338555423794105,-49.60735496146393,52.89133249194232,13.759488474942298,143.69544950825582,39.165628643353024,7.04793520475511
1124,-549.2166487674444,-4.025858343738433,117.72269815487057,372.20587918140944,40.214427908327565,87.22496384588538,42.30539212744846,-71.19273347891928,170.39791665848324,-254.17573345260604,-26.92505277463189,-75.50111579736532,170.83913352407595,54.65897518376592,102.98717249681181,73.67128651987542,11.667702183970732
1125,-510.1948235823479,-5.813883000902033,98.76315796809158,252.09275278809486,36.60456013792753,67.35978390171408,49.273745207816326,-61.0738122543453,139.64333940944832,-355.83641636272375,-16.210068312156217,-43.23816533096758,87.08215898724546,36.346040811982334,88.68246660259828,46.752158375812066,-22.82954662132416
1126,-239.82684953886178,3.9027905396082976,31.93009729594109,279.81832932821214,7.12121664179777,12.999979634323838,-1.2377907335803513,-13.312283293748541,68.00620117666872,-75.51905870148157,-17.75601205623025,-30.57669674957027,-0.7644687092757331,7.810736107850511,9.557690954654058,21.217349603183845,-9.78541361442939
1127,-288.56722543490764,-36.27688994277714,60.66441914014085,156.16667767353835,13.09201276268031,36.037319630236105,-2.9336603027000905,-26.816746573871374,114.47459771531034,-128.81628514723067,-7.514539594335456,-30.24262660996202,38.63747302684148,3.9878045952907932,54.001608673518454,2.5558887453990127,-200.07751630342983
1128,-685.0113270351367,8.6493478055502,116.6823556982067,274.3324346124625,16.487886348766,76.06627358895163,24.26148851756878,-85.73907545717195,95.73106237273035,-213.8517460895697,-1.782074488188834,-75.09980840197933,100.90999712834615,36.81656241154126,105.3033544131479,61.0459145593532,30.150395486672483
1129,-323.61744240699164,-4.53606489258229,64.22544624665389,170.96796692118068,183.0291054191427,43.41916267390301,14.825257269945547,-31.91726240366043,95.92984328500262,-128.6114594796907,1.3366154033269948,-42.16998038465645,63.24535150727888,9.223418179377564,52.14493415277404,40.760960693104415,30.404255994272287
1130,-489.3940936243239,8.948656774173747,89.22727272191358,209.04942360019817,35.0091243098374,59.631061613351015,51.05801917730716,-55.101760676288556,120.7826387114903,-339.24889007326476,-14.901655822772305,-39.30112992013716,64.14745689741787,32.235469182829625,81.673145097588,46.53821657610113,-44.85773810390205
1131,-485.4224235778557,4.257474269485286,91.85953414701935,223.38495665040423,34.61065113541607,60.60704722986973,47.54696528530625,-63.81410239466923,157.42501776589526,-335.9924761184958,-3.972863382602687,-37.401398373548076,63.25318804497987,29.922844270133268,90.96982868824132,44.297656294994,-28.320763533538713
1132,-504.28808499735925,0.6767797284387702,113.40095450091457,357.1018529170868,37.187809180131005,83.17761074952413,36.73505662345838,-65.9691011525604,163.32841764183277,-216.89421541821514,-29.644707731995393,-87.21060265743597,164.4640911141128,51.222654048743394,100.4537247411246,81.05700647632682,25.228380349338877
1133,-672.0223501239224,25.072491247498785,109.28467919335426,237.72556327121833,15.808404920289997,70.03641799403314,22.775384455583904,-79.73451176383111,78.76390995177707,-204.8099383187807,0.12592267179350172,-72.60778870958717,81.00090239217045,33.767171207235535,100.1251336916601,63.27911835327541,7.96259026940798
1134,-271.1694779166227,82.31175269618711,197.9712640358443,124.5980842786128,20.08764256782964,38.30859004075598,13.882551576028975,-35.68186586692008,89.05635319205679,-112.52478172047414,18.187715954362915,-35.51485261255249,46.70340698817739,2.764799110682266,44.755781501079724,28.726611986677096,11.793187505447468
1135,-549.8500960481706,-5.87882402486384,83.34143794765565,223.07519442838165,32.72377049700988,66.20299013672293,19.79333118016655,-8.354649834945931,271.2549274850685,-215.03341238613555,-28.963806148219295,-60.96335888360989,81.41138436094613,41.043347752589284,49.22268102953693,47.0874240782596,14.664136708411627
1136,-379.1433043227784,-1.415680058863993,74.08299423964978,198.44591237773378,17.113970871487876,40.79255444698333,18.614390769204192,91.51156313755243,80.24983875672345,-134.70686723231944,-25.61485297719686,-48.746189503313204,46.12055967460563,8.452738480791144,149.64416415998787,29.21925805215163,19.89980871594347
1137,-376.2025592693407,5.506474652658779,62.996167646094534,130.6276532408453,20.823203003779813,48.30348115156861,17.298118713095967,156.31302750838333,138.5013795151089,-136.22141751695656,-10.98165792512488,-41.77120358036806,65.65463105397077,28.624358823648897,8.76145487025378,43.678124741492745,4.171267270986766
1138,-491.22454070033143,-2.7128245346615385,106.94178755692933,346.90033920829484,35.805582401591536,111.50666371963663,34.701906415161126,-64.39719965562452,155.96896739808332,-200.17074353626182,-30.009506495275602,-70.03852641436032,163.9576581361508,50.5116251061764,93.74884098910685,68.82229305470076,16.79319121821007
1139,-586.5845358087078,-0.01803055908408464,121.33810793434792,381.17535779910844,36.415378083703644,88.89424800767115,36.97798979489249,-75.71383656314099,161.3663952252148,-227.3045661424815,-28.268786590620707,-81.7783112021027,172.35134237975367,54.7567615761833,106.4078916657884,76.60045818220115,22.34247519830335
1140,-523.2758635765279,-18.34610708462324,70.93151925321584,176.94834531204106,24.865620609628355,54.4404430954456,13.466158487312496,-16.904636222496418,264.3343514723353,-190.39117013756064,-38.143522552222315,-54.259005213517185,60.208657435366156,32.51159723512679,38.79243917028517,33.02038573293818,25.316797089019982
1141,-351.98541181356217,9.18225310473394,62.34272355745159,136.03070144036406,19.118457889665255,45.93352682085552,18.553651189430877,176.2285629353316,103.46743798252719,-125.99065535032882,-8.58592331278466,-41.06830335341114,64.38252690844838,25.644877660042773,31.86206817661731,42.69944965015113,4.874596992911638
1142,-653.1743333940786,-2.019077122113592,103.36278670063342,225.38423611919418,8.905525369142724,63.56912056659284,17.634737612292742,-89.15854616406253,84.97943039066313,-188.18653278553242,-6.940590920541899,-66.94551634940237,76.045291557873,27.36274373255443,95.81585856144471,46.215462496767955,40.44039957643681
1143,-267.1763100039599,15.255576006657417,75.44098344764825,167.8399967520065,20.133584635071887,46.011130034457096,22.992340475735798,-34.98145917162508,103.52921009604309,-159.87162303417605,-7.545645272603007,-101.70026797282256,57.36827804700583,19.550151845330895,72.9999899549189,56.942495925471306,39.30098890809664
1144,-268.23872796761225,12.190562615953933,53.96635264894008,201.1341107679385,18.132880337387114,24.522799081654128,8.024487903741418,-20.49533996014382,76.99069185103778,-124.2570142431165,-16.137156593865157,-224.49526158254602,4.138369117931782,-15.93931734954394,8.921443847232348,5.036785441118425,0.2850662600132557
1145,-672.0223501239224,25.072491247498785,109.28467919335426,237.72556327121833,15.808404920289997,70.03641799403314,22.775384455583904,-79.73451176383111,78.76390995177707,-204.8099383187807,0.12592267179350172,-72.60778870958717,81.00090239217045,33.767171207235535,100.1251336916601,63.27911835327541,7.96259026940798
1146,-483.03074681819095,73.29325874298004,79.98794019143725,197.58565006931312,34.23552500438923,56.42631598581766,30.03966823697439,-46.902497905118565,89.99017645765554,-173.51432780639638,-30.066127536358607,-66.47734343010848,80.90466686170795,39.85543848560208,77.71894456988535,84.31491176084636,-85.1484574462641
1147,-400.27387132853,38.24374193220598,75.1356814149327,191.84441105516018,21.302416603781964,42.70799931132142,19.564861697857523,-89.94794882467075,252.41552727989765,-118.95046088866424,19.351259213012987,-45.49904047208355,37.67376152822035,13.760508797082426,107.03850069138845,50.19286800147058,6.66069146713398
1148,-508.65308870165876,76.0892006799812,78.47742176166796,171.03859069728622,29.235741271390168,56.27569660423391,26.52696779850356,-48.49055114944384,72.64877844398107,-170.27914317289301,-23.052903015048557,-65.98346345849342,61.805706265778454,34.955462481539094,76.63547384990319,80.62650193876756,-82.92166770832335
1149,-454.57795462030157,16.335591756007446,81.65434133892799,167.4659028547787,17.259097154342378,49.16771116638209,-21.317629019322734,-30.01611061045475,131.49683670563397,-351.33751021377765,-19.830266729505563,-60.77248177126062,56.17880936248698,15.121417769893123,67.04724168666898,38.99668231328386,44.80476089966445
1150,-411.2972420140269,-64.22593142439328,48.95680973266092,123.98985828581533,-1.3344840543111802,24.12815714974473,2.879927732685795,-86.74076203675736,153.134724382669,-97.084446443195,-78.01344172757379,-42.64109403338582,50.3644513594365,8.776757188440971,47.85353462384958,-0.316675295323917,71.62853245842608
1151,-267.1763100039599,15.255576006657417,75.44098344764825,167.8399967520065,20.133584635071887,46.011130034457096,22.992340475735798,-34.98145917162508,103.52921009604309,-159.87162303417605,-7.545645272603007,-101.70026797282256,57.36827804700583,19.550151845330895,72.9999899549189,56.942495925471306,39.30098890809664
1152,-398.81752370245084,-59.74755066708069,51.91810009063043,122.071050997626,-3.449562783565231,23.227955464396313,-3.7323988858454467,-94.15876368632198,123.34806273187002,-127.87992666456618,-76.73706006103069,-44.48212629041747,53.11601253148421,5.194523400510894,56.02422522152528,0.4485203945900492,78.51972433548643
1153,-686.3814372484273,11.389751960918232,117.1232523178754,275.1102913266345,17.156097294946797,76.59185301459054,24.709249407024643,-84.67566406732966,94.81768936707113,-215.29144921410898,-0.7982223038974107,-75.50355562107875,101.04485447575658,37.35409445744292,105.63048994668439,62.60078732341384,26.99328510507699
1154,-672.0223501239224,25.072491247498785,109.28467919335426,237.72556327121833,15.808404920289997,70.03641799403314,22.775384455583904,-79.73451176383111,78.76390995177707,-204.8099383187807,0.12592267179350172,-72.60778870958717,81.00090239217045,33.767171207235535,100.1251336916601,63.27911835327541,7.96259026940798
1155,-427.78848408311546,49.60609618357811,85.5455318741217,241.178572872113,29.454532760315395,55.15682228878078,26.33331969528777,-84.83012093259701,261.34760608580825,-144.61739577903643,27.435635815040627,-51.460152306903005,61.50103200390453,23.51777841722572,116.7694030907052,64.68992867893355,-4.41246568131538
1156,-500.71912446909766,-2.0071353729206374,114.50633171431578,361.4939110624598,38.57291809878348,83.71804290933564,38.25998953903022,-69.74748448741649,170.3228509759881,-210.50435311830844,-30.54484422272419,-63.63644214470349,170.00360937289707,54.43378727145299,103.02508422593614,70.82264974655486,12.15174914471399
1157,-333.59216752709966,-22.262413685089143,61.09528222656547,159.28462204940854,14.648743710768088,37.8554695908103,-2.6331532358530483,-26.69098935656103,108.91920252418112,-137.8328140628971,-9.993098644012607,-45.65325923508763,38.23468930110124,5.024583720105161,53.944728210214215,12.640846520889726,-211.18213712280223
1158,-513.3440148545947,75.84102789605383,79.61472843321926,175.98300087654965,29.61032317211842,54.065601700843644,27.066431258818994,-49.50480041474576,74.40808671836645,-172.18971042955874,-23.508717874146758,-66.75665296793323,64.85294930308797,35.8604045741908,77.79084134903827,81.54685859437615,-82.73788117783133
1159,-505.7909281055324,-2.8026055379464747,115.13692864966546,362.1656166662705,38.32348998736925,84.14270319060611,38.22684033978308,-69.74467481059405,167.0045979642603,-211.89779745608618,-31.104013476103667,-64.08306436070893,170.7953808972802,54.708209638646636,102.80243236408529,70.7584559021656,12.804541095595999
1160,-537.0790598862053,-6.04793259921263,80.84045564911192,191.03340993235145,31.753655015855568,61.01423665738202,21.58320196314938,-8.565602687707953,263.7727382869321,-238.5454139004601,-24.41077260259841,-52.57850567140866,60.43083053592558,36.338026776264876,43.306417492339484,40.243670294228075,5.7012956295590635
1161,-667.5651552831716,25.874275234594446,111.07449437910397,233.20825838741627,15.513120494878207,69.1968076312343,22.38501063005896,-79.1733510851259,77.36914663691596,-203.01970902294448,1.2313183869533122,-71.8676234633506,78.61091122148105,32.85694761578127,99.17726293421069,62.531903422613844,7.729185195279456
1162,-267.55304536031997,11.794152242048387,54.00941810754646,201.38258557029906,18.241949039430374,24.529086138395318,8.132044784872074,-20.747733758959285,77.33717731061772,-123.52803179237574,-16.31217078917614,-222.0785105777889,4.653850641530295,-15.648409297273448,9.022142991009924,4.463682893882515,-0.9700759093659153
1163,-507.3558499302871,75.60740037234535,78.18020507014428,170.79369053801418,29.07053783183298,52.83426856555248,26.32806630022656,-48.45989060598292,72.52190330420758,-169.5471972598076,-23.106005294423053,-65.54120773157572,61.853067796067606,34.83305164501779,76.39577622186064,85.73306030457981,-82.71247348010684
1164,-266.0346082734125,40.948648647398294,224.0724496081284,119.90015731622314,20.912929526773468,37.5513991833918,15.424585196011282,-33.49007192318657,80.67149261032202,-112.19762424120437,22.7179933859502,-33.49639014033378,42.83096164966948,11.507551062602223,44.04104793747258,30.53446589994293,8.553133324779743
1165,-522.2557812969187,4.528993980555069,75.37772198246864,188.7072286886458,30.213630609213173,58.66598519636834,16.826025880724544,-9.504628365882516,288.3086224889056,-197.18266898099384,-16.320780689166167,-54.54706305567515,55.60592845750874,34.11088216737588,48.14334673942977,44.04146169757841,9.585720403698907
1166,-555.8186415413012,12.769034748373516,115.61566541235949,365.6299993061263,40.053191040800115,86.16286981346633,38.56073708072424,-69.60494456913811,160.83193664078337,-221.91616291793775,-33.857967975744955,-81.2059894997374,170.34784342423552,55.86018644399594,102.7392318493028,81.96396454159972,0.4660735185155647
1167,-504.37124176756447,1.200729487304232,113.44495485292049,358.21324329281794,37.25797940393318,83.04261761891604,36.82039522951535,-65.9418987557891,163.17778780468487,-217.37239034598272,-29.66965840169868,-91.21631935769247,163.71185050966446,50.74138299445807,99.86314758616646,75.34915030321295,24.772018633944686
1168,-508.045656129694,1.3046611216357045,114.14109432768629,358.17895722563264,37.26786910227225,83.62396512774404,36.31019296128942,-66.36907620038549,163.8668759415151,-221.95515920969083,-29.7574448202251,-88.04185783602571,165.1411587211868,51.420201228082,101.25445698124062,76.1540113748493,25.69617143274201
1169,-270.4904432206791,36.7241684858587,224.96126542779896,122.64140778046432,21.310889453276335,38.12300423716149,15.888448471068157,-31.198879021144794,81.04324680367355,-113.98422665207073,23.236388226645634,-34.15333951402771,43.237991503701735,11.880566433098283,46.758904348109795,31.356900575863754,8.125846141344171
1170,-366.23349128568873,14.004980829058637,73.76726833795587,202.025748250339,23.27314880588269,42.47845956146147,19.120344596395157,107.30776694851409,60.326042430650254,-141.25293256395045,11.236402372098825,-40.64364102599515,35.703306734180984,8.102575587244417,150.5682973215994,29.661573688580425,19.339692476826137
1171,-587.9698065049079,0.1382828213409752,121.64943060674723,379.11317450744673,36.87673294198347,89.2731819773336,37.14708748475728,-75.74556704710162,160.67754051896057,-228.19395222686035,-25.870848377406322,-81.2194467514735,172.60120129615092,54.75864894856729,107.33823408210041,76.26342465702196,23.894906733625966
1172,-524.7889879392266,4.25004121681578,75.95206671839439,190.37401857773634,30.491908962420545,58.929717910311126,17.39060463072074,-13.592654111192056,288.68504209161256,-201.39894683711256,-16.423082024796475,-54.473506652129025,55.575757230559,34.15697192002485,49.481229333669596,43.96166405672561,8.997270720709373
1173,-652.0527563164362,-3.8725751040258616,105.2124526872237,224.41186129985044,8.599181071127475,63.48512667221765,17.57568189583883,-89.3636776808545,85.6901697174123,-187.52564528717184,-10.558583285143403,-67.65834164906741,76.51622963227906,25.82967996486518,95.37832070601009,46.704916556366086,38.918700630860315
1174,-375.1740427074169,6.952877833061554,63.83189639851944,130.35459567817927,20.785426161535632,48.309457068707815,17.487681259754517,156.53062285323261,137.93088102097494,-136.20720039300159,-9.817981343898552,-41.39450418604441,65.86194496002022,30.97895477114216,8.657010011078738,43.48900374489857,4.642718028657524
1175,-685.0113270351367,8.6493478055502,116.6823556982067,274.3324346124625,16.487886348766,76.06627358895163,24.26148851756878,-85.73907545717195,95.73106237273035,-213.8517460895697,-1.782074488188834,-75.09980840197933,100.90999712834615,36.81656241154126,105.3033544131479,61.0459145593532,30.150395486672483
1176,-231.85354956425502,-4.165493649273036,76.91621793052201,180.00639579769606,25.305366838690126,45.73054233280325,27.856618105479544,-46.917205529120196,119.59010202204487,-123.1383242096074,-16.430457764155243,21.559572009870504,81.36922147754989,32.87465226648905,76.29117666862733,27.953125243088614,-22.77448339941567
1177,-309.3820506014408,2.8736851750377124,61.596525573171036,128.41085501695557,213.69351997552738,37.547209309328906,11.121215414677042,-28.57856885614854,95.01058549737884,-118.23971691355392,-28.16504477966646,-36.523273094443574,42.12830626488986,19.43026098783303,51.41092486978593,28.473101250197157,-7.348775670245248
1178,-231.85354956425502,-4.165493649273036,76.91621793052201,180.00639579769606,25.305366838690126,45.73054233280325,27.856618105479544,-46.917205529120196,119.59010202204487,-123.1383242096074,-16.430457764155243,21.559572009870504,81.36922147754989,32.87465226648905,76.29117666862733,27.953125243088614,-22.77448339941567
1179,-282.1415434159545,-2.696690636295053,54.264572786801395,125.96843780607396,211.87026313781786,34.19428838306978,10.112305021969437,-24.47383356197286,82.22328157612061,-110.39066006912724,1.2371134276026818,-38.34387423226243,37.685210350653435,2.7738138883903334,42.462368938602545,26.504717567139917,24.672115417047483
1180,-164.11794652806455,40.379570168584806,62.53919246532687,125.44848162823476,18.71617871206044,33.76919161885627,20.988064972899707,-36.98770487891235,100.47016213419687,-93.71380311787026,-18.17815855158282,29.17910472349203,57.08536353461497,22.588743266607864,61.88000941954956,13.8283210440382,-20.570303323107595
1181,-249.71749615173331,-81.64844140082312,131.89865349285208,91.38774748487505,13.071694150457835,22.387834654037345,0.07648398647807936,-12.529844054588242,87.63919761890081,-83.44857437050464,-77.50941641455375,-33.65774208521378,13.152576935969337,-72.43291297977824,22.052161741393935,22.0831414122,-9.562262148659002
1182,-305.52376339396676,13.094719154696618,46.98383113653374,179.14030341348084,30.324789151534794,31.610202071323172,7.047592894011178,-13.142603042396457,32.20449121521111,-119.47691799443231,103.39613805106805,-2.293037597702502,10.233543968471759,7.810189412703711,55.04539134318704,4.667281303133846,66.14784837426471
1183,-424.56048994348436,49.10711378460645,76.55923239878025,206.4756167972158,27.29507101065468,49.13763473465343,21.56162366379255,-71.49781557212037,278.8235037278604,-140.17267064279898,28.680930838396613,-47.811263865151155,37.70368387215402,19.3156994151475,103.2607698214935,57.80197982579537,-5.4909948563999205
1184,-427.8545242585001,49.799115650677386,84.64010915134918,243.17829309028028,29.095121515223408,54.49678347930398,25.749447614278022,-84.12335484891008,260.28473831037456,-143.66808427469036,27.43162762736418,-52.42826098129902,59.82648776707468,23.000528737512955,115.40652707862262,64.55721473772607,-4.177516834864478
1185,-653.864053150265,-1.5297663190858906,106.66552818241699,225.42969124569615,8.83101103307027,63.941013374845156,17.907401735500283,-89.80746498354898,86.50287669350823,-188.6226777775517,-8.607203455960919,-67.83015127235645,77.26233774737685,27.4816271567647,95.90590759884589,46.98317578200743,39.3002890112344
1186,-506.9007892673322,-6.50588486697297,90.68228121552265,215.39007649503037,34.8045096333588,62.00063515706352,45.08592125733086,-48.448272977555575,158.18210482693408,-352.3410027308324,-14.960765101123792,-38.62116821481972,64.95935509232483,32.661211489616875,76.53670934546916,39.996923463881345,-24.1430246428596
1187,-180.36497649557185,-0.9325759206718798,68.89416558095763,137.27631641514233,21.59190939405774,37.88902732297307,25.060243702674246,-40.2618160380554,106.89024425507588,-111.2142851935512,-11.143509059674326,13.276171754079748,58.34637063310047,26.56277156112889,71.57947991430194,24.611767290405716,-18.830771883366854
1188,-513.3440148545947,75.84102789605383,79.61472843321926,175.98300087654965,29.61032317211842,54.065601700843644,27.066431258818994,-49.50480041474576,74.40808671836645,-172.18971042955874,-23.508717874146758,-66.75665296793323,64.85294930308797,35.8604045741908,77.79084134903827,81.54685859437615,-82.73788117783133
1189,-379.7707515642738,8.094060564490663,61.899627219800564,132.88078785372505,21.104953949068836,48.845206674103416,17.731211523955217,155.09854398904503,142.352245130263,-137.36612834092227,-8.882955768997455,-42.06108274837495,66.17555185553677,30.461229377834332,10.406215440397128,44.38646935058646,4.286458912380678
1190,-408.79894770513505,10.785317843060177,87.20148613024914,247.76306624769413,25.293516305136695,53.332165392880675,25.240738498697024,96.65550780986601,88.95364138379125,-160.7500216947437,-16.80315888505031,-56.00118048485355,69.74019101936108,17.81352921781593,159.03258200093524,44.01428454846743,9.47392138406521
1191,-496.2615326122332,-3.052782988794291,113.60675433964634,358.9380868290059,38.22656929464885,86.33794088085499,37.94084479370897,-68.54233451147371,166.3585684040038,-209.0894840450296,-31.2784862853368,-63.00589674937431,169.7885580492369,54.231971023674674,101.40023969520887,69.9673679952948,12.273107582231763
1192,-482.45685923962003,3.0373744792928687,90.5476849579594,218.4532412634082,33.79269659205119,59.353086135279995,46.88433051235697,-64.32849686190059,156.55463750318847,-333.3881606722534,-4.854032791817342,-36.675899275394045,60.89122491050433,28.986765196430788,90.03098690414657,42.81815364536242,-27.27817480035089
1193,-262.9605733407134,9.714493419909509,57.43890716822152,112.8066305768861,19.657404099866092,194.03987423376216,11.219996938867371,-18.038047987101205,79.20106933692429,-115.28107483012522,-8.45372688956698,-25.981768986030893,17.558802428284245,9.107330107429558,44.38132100646639,24.64986831105625,3.836691711901028
1194,-372.33532266868735,11.173053475356648,78.61965674952819,197.3458248799354,21.66951673131774,45.863571307577935,21.586062544014933,139.93283144597845,77.34067747960738,-142.71706031588644,-13.184539537816777,-48.69538009193832,49.75523320615513,11.197317691588516,142.2199918579706,38.140154487050125,6.432941750252503
1195,-398.746560323021,20.62310072657002,80.11630104882673,156.68086175614164,14.741323613206747,45.160006031252294,-20.688009456019135,-34.76727291443627,97.82834533216561,-340.4582596741935,-15.5486457370192,-69.21654500540512,51.32327762381596,10.759719486196138,72.13214551522228,41.0311352024302,49.86291170799535
1196,-497.5068809875146,-2.694145776459051,114.30424074578632,360.02713954005765,38.386499136278616,83.53512906424916,38.19316995463918,-68.75051125219704,167.1664830561928,-210.80943766341122,-31.244469844477063,-64.64124445802186,169.9209542937591,54.354434740015094,102.14969596322041,70.66770109148561,13.02601823650223
1197,-518.391267304439,8.811267276551533,74.8546147706096,187.51394179646024,29.872176149851363,58.093669654037626,16.4394593618382,-12.741198116373898,287.3171265336874,-195.82130035276577,-16.9550205678672,-54.08545249472869,54.852569664701946,33.41733009040974,48.197853817481146,43.09369393024685,10.09340576076026
1198,-446.1473332718872,16.253786031862067,83.927759735787,169.78352715268886,17.882916006444415,48.86473801540551,-15.667517892016795,-38.745167775795814,106.94129533228686,-378.38470107879135,-17.138979477117214,-56.7324538983814,55.08186579440896,13.813626555589613,74.05185445664154,38.25186672965718,37.03068206559222
1199,-376.2025592693407,5.506474652658779,62.996167646094534,130.6276532408453,20.823203003779813,48.30348115156861,17.298118713095967,156.31302750838333,138.5013795151089,-136.22141751695656,-10.98165792512488,-41.77120358036806,65.65463105397077,28.624358823648897,8.76145487025378,43.678124741492745,4.171267270986766
1200,-498.842380381659,9.245997730327415,90.61881201009459,212.05607747688694,35.072058030751045,60.53183470765602,47.96608494006928,-56.435303650289725,121.478674152734,-341.4227558994952,-14.779667264157265,-40.2293631126759,65.3105080567025,32.73949842183384,83.10638804208462,47.8413295197781,-44.31497174875514
1201,-339.05363300977945,19.05820662306427,64.80167390779464,133.1853995280846,184.08020636611755,40.112176942724936,14.64316930654558,-31.782042584975226,93.56064783362528,-126.60394898286667,-34.54619506953446,-40.18830432904062,45.94939558342731,25.955653414125326,56.72725429614868,38.55817241943068,-26.946485819110443
1202,-496.88723855560687,-2.897536683265313,113.44188348162015,362.2753345605855,38.136156593229884,82.88137731151356,37.7168547547601,-68.29613896732558,166.45010074033908,-209.13114370832443,-31.423492227464497,-63.19260212766076,168.76189158052776,54.12809311257282,100.8875190949154,69.96188460304221,12.005824913573962
1203,-518.391267304439,8.811267276551533,74.8546147706096,187.51394179646024,29.872176149851363,58.093669654037626,16.4394593618382,-12.741198116373898,287.3171265336874,-195.82130035276577,-16.9550205678672,-54.08545249472869,54.852569664701946,33.41733009040974,48.197853817481146,43.09369393024685,10.09340576076026
1204,-379.5054866056846,5.82739966031067,61.34757876647817,131.23107268349702,20.532362847769516,48.345017122405245,17.357577605333084,154.7936850597523,139.83846954335917,-136.5043638569302,-11.016843220316863,-41.95767935173965,66.42876720528241,30.2504505333002,9.298070736444252,43.224096248164074,5.828849458677198
1205,-268.57205103835474,13.319959946629732,56.31076617601777,109.23282984222877,18.406787237803712,196.7798154829561,9.892102966630599,-15.305933258223236,74.92830008893587,-120.85094571915111,-6.7376013773168735,-48.5139313249546,12.271590947776945,6.0757858683841945,42.624873300679084,29.68056068722456,15.635202751422273
1206,-673.6160748032082,7.944740401940981,111.68298501775371,243.61765024661466,15.491659746756179,70.94006656778959,26.14255808943778,-83.10514727340227,87.86040987512047,-237.75306468588118,2.0335856541287054,-66.90448312456701,79.90253005483953,32.192424807108836,101.37678565170425,54.22138755498887,21.19418643321834
1207,-257.3639156608225,10.092225035612568,50.03338852075815,99.43135544276272,16.967418663135746,222.00512183240846,7.621176518258658,-13.432342591713192,67.65706821923486,-105.3713631537166,-7.043749345054534,-33.79580194712649,11.080024747077422,4.973612421320367,35.87976688857527,23.37756282150732,8.859006862988046
1209,-672.0223501239224,25.072491247498785,109.28467919335426,237.72556327121833,15.808404920289997,70.03641799403314,22.775384455583904,-79.73451176383111,78.76390995177707,-204.8099383187807,0.12592267179350172,-72.60778870958717,81.00090239217045,33.767171207235535,100.1251336916601,63.27911835327541,7.96259026940798
1210,-417.7216220580515,72.79715759415623,65.19939848336391,142.84498367307688,28.881363302781022,44.54525005567744,58.17388058838469,-35.90597785635716,66.66066705616853,-152.84118402688497,-24.347037446065425,-56.654788514804615,51.12169100289101,30.35769842370554,63.06575502792767,67.83327645716996,-89.06116563464592
1211,-168.30331340095057,237.09657924162724,34.09934031498337,65.41163687131201,3.9530847202736794,17.607041686053883,3.502428117474892,-12.477272949551258,52.3172013013003,-58.930712376035615,-41.554505521843666,-19.786930736446138,27.932523527858653,-4.794943831148548,17.407359123209403,3.920906448647861,10.489942157833713
1212,-523.6979193704465,4.714755826665157,75.75762025013644,189.33329098433154,30.131806204477336,58.65735985535608,16.039269052772443,-13.211112168631283,288.124382226897,-201.42724559920595,-16.514672547534232,-54.908849122102495,55.35369003796332,33.789579930633685,49.279553322752356,43.927323365888185,10.386090407182406
1213,-681.3786659048504,9.832587932286234,117.075378641606,274.76385306264893,16.98312718960371,76.38983635230453,24.67585973293053,-84.68963709147525,95.43495549941882,-214.28961266792382,-0.5228268539332835,-73.7912631071759,101.08960822306103,37.23889677690799,105.63680999816263,61.480236459470426,28.227131862785033
1214,-379.5054866056846,5.82739966031067,61.34757876647817,131.23107268349702,20.532362847769516,48.345017122405245,17.357577605333084,154.7936850597523,139.83846954335917,-136.5043638569302,-11.016843220316863,-41.95767935173965,66.42876720528241,30.2504505333002,9.298070736444252,43.224096248164074,5.828849458677198
1215,-658.0083332386716,19.114958945425972,109.0843483408312,241.51243244478226,14.03425192811035,68.52855816003606,21.3714799742973,-87.83443083655814,112.16501561470082,-196.42623646706627,10.745105932858694,-68.87885138679206,74.75821228613422,29.563560119857787,106.99638361172933,57.87461908726128,25.152377355585546
1216,-174.45996834146945,-0.6422536855148967,67.50364256988857,133.19839645233802,21.122294277574476,36.522701057073796,24.407217350138787,-39.18970383252126,104.85343100376913,-109.04994695156766,-10.765747149653908,10.485900290180759,54.59424852163179,25.05414757767056,69.59383763216617,23.090112827495503,-19.26172590103656
1217,-344.862365469962,12.503229259914258,69.2703191183167,220.6951157696093,18.933621687224893,37.80672795540673,17.088479802589063,109.04187714742822,65.97123756301727,-130.481804056779,-10.664520298191466,-44.78295884860984,31.421087169853323,7.505472709714736,140.28030230562138,31.898304116069795,4.569092476900592
1218,-505.34863487377396,-6.254386877582417,97.93679841582596,250.5880103284384,36.506560281678276,66.91487830285926,53.20675801224131,-60.59192990239806,138.6201713951504,-350.89501329029616,-15.928483573539985,-42.51864871068334,86.41851476806913,36.22093946083783,87.79020760317056,45.7845154318105,-23.712521619825377
1219,-523.6979193704465,4.714755826665157,75.75762025013644,189.33329098433154,30.131806204477336,58.65735985535608,16.039269052772443,-13.211112168631283,288.124382226897,-201.42724559920595,-16.514672547534232,-54.908849122102495,55.35369003796332,33.789579930633685,49.279553322752356,43.927323365888185,10.386090407182406
1220,-498.93291100565284,-0.811028631847406,104.69897892629413,380.21035345059664,35.00339900058983,76.65992318640805,32.04723163452745,-61.26020861441693,155.13256827974823,-200.52741474924272,-29.065635891014605,-72.31482442099167,152.26630812862655,48.95748368782914,88.18910139040165,68.29771166578809,15.907744913405594
1221,-361.08722375510234,48.62753948601206,97.38095487433871,183.92667825647825,23.94832911639805,42.65609426268096,20.837489672548287,-71.87717764089378,236.58828191266497,-117.41951418202495,30.359412583139534,-40.1457543497529,32.18324985679576,21.587291834719764,100.36118846946978,52.913634408283976,-5.098565561087779
1222,-264.0967344465713,12.615091847747832,37.049195045580746,134.9165594546016,59.31160853781543,23.37557882095652,2.7861277844695107,-5.999169880207109,17.928186064100537,-102.06119434466669,110.32451748147184,4.8837379146926265,-11.548974803022857,-1.1679688943334254,45.939724750964345,-3.1581895673456737,68.57768410485919
1223,-541.1907324601315,1.547761077697149,116.12003653255809,364.57890038462335,36.978549268195586,84.55968392798377,28.74631340908323,-67.3669281192199,164.83026261590223,-255.93136073470362,-32.30082769027751,-83.54735266201817,167.4620471437927,50.48985310217646,100.9806721441263,72.90199841325874,25.959333658425415
1224,-388.32813920180723,21.09476917929306,81.42772774130682,217.4436407986562,23.522006832100214,47.38488710467872,23.18286559402282,93.31834244832753,107.61694953721367,-146.44027244447463,-4.650048501367228,-50.84615918822773,47.44530245373964,11.591521314180966,162.69387341067923,42.02088376709734,5.1216292972269954
1225,-504.1438863897762,-6.167767396916613,97.68146339813535,249.9540626633585,36.43716132057371,66.69327118923749,53.20843039653614,-60.5402419165686,138.5505118812189,-349.45915981040673,-15.984406119075176,-42.40715739700903,86.3629596913627,36.17261792761488,87.69319743821471,46.56571162829512,-23.17159336063391
1226,-379.3896400332065,7.313784608338319,61.95085475937856,132.9724833168733,21.028921844867103,48.82191431237495,17.721037341643594,158.71412124222056,138.92562319173135,-137.70776708932334,-9.767651499245744,-42.132541138446044,66.37382592058249,30.357489387440392,11.278736538843383,43.97561074680129,4.559487676759272
1227,-379.7707515642738,8.094060564490663,61.899627219800564,132.88078785372505,21.104953949068836,48.845206674103416,17.731211523955217,155.09854398904503,142.352245130263,-137.36612834092227,-8.882955768997455,-42.06108274837495,66.17555185553677,30.461229377834332,10.406215440397128,44.38646935058646,4.286458912380678
1228,-225.81532123194899,14.968968166807915,64.6009246339227,125.61597301129456,48.76099277626052,37.11646797461364,18.147003285184383,-27.1312599257488,88.19003716949886,-141.5065878800643,-0.6212740298756642,-95.49160113482344,33.91121503868138,10.054743858580986,62.53144735061363,48.984311113784294,41.96577348514203
1229,-541.2591595143051,7.710050547170466,116.35645048123894,373.8874000430588,39.49216148526416,85.72546163356384,38.32972438314811,-76.72035049514065,195.99121500418366,-218.87601499656952,-22.669598079958615,-77.55849223286835,166.18977670516222,52.58111853185213,110.21001561931513,77.7378386163792,15.564660828386582
1230,-619.6894741037636,10.21094584197922,98.43986601387495,249.3266674260394,9.666636872574367,60.16190218181521,15.940132131596028,-73.3209756356491,73.43751325821061,-182.69414236722614,1.95862588545563,-64.44045121636482,62.341034362441114,26.50661853105609,85.62073230152204,49.266967652134774,23.693135044185254
1231,-522.2557812969187,4.528993980555069,75.37772198246864,188.7072286886458,30.213630609213173,58.66598519636834,16.826025880724544,-9.504628365882516,288.3086224889056,-197.18266898099384,-16.320780689166167,-54.54706305567515,55.60592845750874,34.11088216737588,48.14334673942977,44.04146169757841,9.585720403698907
1232,-178.13438270359893,-0.5383220511834246,68.19978204465437,133.16411038515272,21.132183975913545,37.104048565901806,23.897015081912848,-39.61688127711766,105.54251914059938,-113.63271581527576,-10.853533568180328,13.660361811847515,56.02355673315412,25.732965811294488,70.98514702724033,23.894973899131855,-18.337573102239237
1233,-333.0706918753395,16.496029954658695,46.756241365350746,152.25593378578205,25.81363512229041,29.155755052934396,4.369227142538379,-16.66120717364919,19.32866457555272,-117.3590611596904,111.21027394306111,-0.9821427596125263,-6.758807837539565,3.6071049518368596,56.649467054280684,1.7148125306619355,67.82367398313788
1234,-413.3722324664135,-63.58030724094052,52.5708738868438,121.9731301206556,-0.9476435321038079,24.878983927659526,3.3216895457581246,-87.42141134020444,153.96931597925985,-98.40997751959314,-77.28211604977842,-42.966864505710696,51.8313564653376,8.897527985035227,48.873926077562764,0.11400446473635453,72.04085342854627
1235,-523.2758635765279,-18.34610708462324,70.93151925321584,176.94834531204106,24.865620609628355,54.4404430954456,13.466158487312496,-16.904636222496418,264.3343514723353,-190.39117013756064,-38.143522552222315,-54.259005213517185,60.208657435366156,32.51159723512679,38.79243917028517,33.02038573293818,25.316797089019982
1236,-643.7300883906491,4.441052396709327,106.37710016977114,234.21921634006145,12.040792258749857,67.05063038398252,16.45569404451183,-76.24122697673054,84.33346843344819,-198.83824789178396,4.037845675185936,-68.76472374963764,74.69401266711425,27.199547281936972,95.98199667028413,48.86893519085501,-15.129624017491956
1237,-423.55542937864124,53.441719300338384,76.78609235138333,203.0446382979972,27.25784048550368,49.37940291697736,21.630720990694183,-71.62477674107753,278.8978778316262,-140.10091639031768,28.156488272193194,-47.66961289857104,38.73664587553681,19.14463821313767,103.55299964032326,57.42945168960202,-4.644754677445726
1238,-269.30671924561506,35.763013371602575,224.59522340914808,121.74260503542675,21.12075449592394,37.945945878720714,15.362267971455644,-33.76147702732179,81.77805132464589,-113.73981873368751,23.351972712697506,-34.03009363833124,43.01981174201296,11.694151935109975,44.752231002165374,30.711703513602238,4.1403282778173764
1239,-552.018261377727,-3.6233347796620876,118.02050086313176,373.87478594294043,40.509406623825534,87.41825760814241,42.174330582509256,-71.20954994159892,170.58749110020545,-255.17019818600212,-31.359971793196657,-75.18821126202702,170.43495967419787,54.64504405037341,103.5880094082568,78.95326149474687,12.527498509089282
1240,-650.7840021330354,2.159215013193277,103.27832398083719,224.0154409116373,8.406939985711896,63.4319547792543,17.534737249329584,-89.25377684905905,85.74265920068319,-187.22539244867227,-9.8629716999597,-67.36272983345145,76.82839464485853,27.189795158160617,95.17774596396247,46.179967885753804,39.734208220068396
1241,-500.71912446909766,-2.0071353729206374,114.50633171431578,361.4939110624598,38.57291809878348,83.71804290933564,38.25998953903022,-69.74748448741649,170.3228509759881,-210.50435311830844,-30.54484422272419,-63.63644214470349,170.00360937289707,54.43378727145299,103.02508422593614,70.82264974655486,12.15174914471399
1242,-672.0223501239224,25.072491247498785,109.28467919335426,237.72556327121833,15.808404920289997,70.03641799403314,22.775384455583904,-79.73451176383111,78.76390995177707,-204.8099383187807,0.12592267179350172,-72.60778870958717,81.00090239217045,33.767171207235535,100.1251336916601,63.27911835327541,7.96259026940798
1243,-681.3786659048504,9.832587932286234,117.075378641606,274.76385306264893,16.98312718960371,76.38983635230453,24.67585973293053,-84.68963709147525,95.43495549941882,-214.28961266792382,-0.5228268539332835,-73.7912631071759,101.08960822306103,37.23889677690799,105.63680999816263,61.480236459470426,28.227131862785033
1244,-215.02584221654553,15.426519009996408,45.30932731053692,158.3951651154071,14.246838696253192,16.092630589851822,4.822103955277732,-13.40840068461644,63.37393849065347,-111.31981648878855,-11.15932481069824,-227.939621088743,-20.142132952300717,-23.181192195000133,2.5666757615141,0.7880816206124829,3.655271768129171
1245,-667.7572152381446,24.377621291077894,108.21006397854383,233.63645577256102,15.296874416670304,69.08229573097233,21.950028919332624,-78.89106805477118,77.71548785841478,-203.16461818654818,0.6095294697018366,-71.93390552244307,78.36581821130622,32.75171648968494,99.16028436402007,61.90593314001953,3.7502993571510856
1246,-549.4672448710221,1.508529791501906,117.38135574323928,366.0465257344704,36.953372831199054,85.59689893226196,29.0771897080444,-68.64576618587023,165.19221817967824,-257.7465923522146,-31.985040811572645,-80.5816077126059,169.39076229542331,51.54759922366009,102.91296548426935,74.04232948457049,26.543277813868432
1247,-324.4586927343621,-3.9899641848058494,64.14704331369501,171.59451724941218,183.3481206700888,43.438992638143,14.900584279805498,-31.752092714231612,94.89781708145526,-129.02759836158634,3.7059110741821217,-41.7606254518233,62.638195654105985,9.221664092886044,52.5020794851011,35.05983076699973,31.28555378762169
1249,-672.0223501239224,25.072491247498785,109.28467919335426,237.72556327121833,15.808404920289997,70.03641799403314,22.775384455583904,-79.73451176383111,78.76390995177707,-204.8099383187807,0.12592267179350172,-72.60778870958717,81.00090239217045,33.767171207235535,100.1251336916601,63.27911835327541,7.96259026940798
1250,-523.2758635765279,-18.34610708462324,70.93151925321584,176.94834531204106,24.865620609628355,54.4404430954456,13.466158487312496,-16.904636222496418,264.3343514723353,-190.39117013756064,-38.143522552222315,-54.259005213517185,60.208657435366156,32.51159723512679,38.79243917028517,33.02038573293818,25.316797089019982
1251,-521.4713183216686,5.122285944272364,78.2418189721894,188.92819213051908,30.296247197209738,58.602728249628484,16.8121238480089,-13.29488625086382,288.07734402651243,-197.2185856816452,-15.699252323868421,-54.552873933633684,55.28651276722026,33.70916208901382,48.92601545236456,43.896901826500475,9.659486551926266
1252,-398.821907394293,19.930815973648212,75.82998798080638,163.38937951980014,14.362996494078446,40.86359725203994,-23.66006859419188,-31.92052783190311,92.58993877508054,-333.18954142583345,-17.30195084033382,-93.29219352639836,40.78039214272085,3.7200072576752743,59.33657612244045,30.535372596112435,41.80869874450285
1253,-202.5718471497471,-4.1819032503744165,42.54691722837215,94.06281312634665,13.013184647254889,26.426991278178456,181.18703084078763,-15.364587183501836,52.1452648072767,-130.49947649889592,-3.081990092331971,-20.89657071672943,21.88482943801855,7.528494902800366,30.041773960409646,-9.379386864799239,-9.101241705722973
1254,-512.2044896314018,75.77056715569292,79.11479136517396,172.91152243996487,29.510700511917438,53.55298099872744,27.254538216005894,-49.24140759636879,73.62102146860546,-174.57984228918988,-23.127151859915003,-65.937120440192,62.75220259573729,35.39799081374756,77.3981844728939,80.86440589393972,-83.63350208317675
1255,-536.6646242408927,-14.619812596433325,110.62732981990082,357.27142202374375,33.54447758620468,80.45912291407826,34.10610320310109,-76.62629089120813,169.85729777057176,-206.4673260831683,-44.02201629552799,-76.79335348280888,168.4057724907939,50.106703627391774,100.5630494742351,66.0685721415974,31.657414147967085
1256,-307.59875384635336,13.74034333814938,50.59789529071662,177.1235752483211,30.71162967374217,32.36102884923796,7.489354707083507,-13.823252345843539,33.039082811801975,-120.80244907083043,104.12746372886342,-2.618808070027379,11.700449074372854,7.930960209297965,56.06578279690022,5.097961063194116,66.5601693443849
1257,-440.0621382439073,-5.150332577134157,83.37915804931491,195.88161524879942,31.337289214953234,55.11753743057365,77.91994178172018,-49.90155896382229,115.49837996781447,-327.02364891226523,-10.681758727471124,-32.26353672916062,57.313285908899765,27.228228524226875,73.79917437420832,30.699958528760682,-29.335029224595466
1258,-397.1938203113003,41.93272326448515,71.7484772133529,190.43016072110134,20.87834555642359,42.198940715730565,19.192197211686825,-89.39426069018081,251.65530978707258,-117.55317555978483,18.095490969014207,-45.03161903317856,37.23981842570204,13.468676798478342,106.31033905650503,49.389660105216954,7.094610675967975
1259,-338.68831876773845,9.891433888380313,99.67613772452452,187.44345071752323,19.948827943359856,41.25103763466372,20.371091159206536,111.99054965388986,62.23982359186515,-133.0248469687799,-13.516436900516132,-43.43439744072711,42.23865801817328,16.260271734167073,143.4712796471111,32.443572650634756,8.377049237639572
1260,-428.127110898386,47.73085419077113,77.0716321781535,204.04447812886207,27.159241414908962,49.474110780777345,21.731124529440546,-73.254020021504,280.1824783766056,-140.6841155687909,27.42569139181751,-48.15170048555857,39.19861701426898,19.41061472949354,104.29019024856134,57.50037186688563,-3.802680078963371
1261,-451.9669807812149,17.317915857235366,88.34469508042785,200.09065918503887,18.58953254242784,53.16053364513336,-17.78283142137272,-41.56953768171034,110.92125803684141,-352.6685856036854,-20.70180803051758,-68.17975035130748,74.54949114593896,17.297623108800256,77.20735666166232,44.23026276230437,45.68728490353019
1262,-82.64055401730076,-25.42825325664142,54.97644246161059,18.412976589212235,-2.8909919192333686,13.394577716305534,6.473716176994431,-16.400003112894563,64.25219639350625,-32.41765368146824,218.6099105928885,-31.448198560951074,38.1418352064971,-0.2020913487572097,-0.19486328888818183,19.013644701693078,-23.094984059278097
1263,-342.6862941400657,17.87496649632823,64.40865096439533,132.75398107789815,183.58496552527984,39.788614179372054,14.228798091183828,-32.83148095067194,93.85675470693683,-126.16608240451255,-35.805442703790014,-41.49684962384405,45.769784488712425,25.533319048758596,56.393798711133954,38.12385051931345,-25.023222195222992
1264,-517.0073719019483,-19.88713188246755,71.26825894377225,171.41321048239328,24.338506222273768,53.144946030019234,12.744064822126099,-15.899688241096724,262.1268811813782,-187.50390835134456,-38.989506666244985,-53.34703034399156,57.07255814957897,29.94942645177301,37.31698151999996,31.994911576635275,24.701803634517375
1265,-418.8928678302071,-63.29583549247679,58.167551917359745,159.08090526753253,0.687965979732513,30.292764278037644,6.736658701007143,-99.96317653476163,135.47758876215866,-106.11405106904532,-79.34683948447667,-47.93983681032737,74.02133763100129,12.662775149020542,61.373221205079666,6.899660916054791,74.08093530533786
1267,-423.14909757511407,70.95698350589527,65.64270656068747,145.69254668395808,28.83767160153483,44.112984632906,22.656018651050033,-36.45339981749022,71.12834231606686,-147.08919610888483,-26.03900173912156,-54.32289106653336,50.90585179150451,29.58190919387195,63.76829329810903,126.1769288628829,-84.89438046901923
1268,-418.42316224253346,-62.64352824797766,58.10213471792546,159.91111108075413,0.9023279558111428,30.323971492217346,7.610886467441395,-100.81764683363798,138.46870920083222,-101.95306948507043,-78.38409693386592,-47.701931166576415,73.72897304672644,12.767280669686599,62.13685701199941,7.299324760119458,73.08793471110155
1269,-440.0621382439073,-5.150332577134157,83.37915804931491,195.88161524879942,31.337289214953234,55.11753743057365,77.91994178172018,-49.90155896382229,115.49837996781447,-327.02364891226523,-10.681758727471124,-32.26353672916062,57.313285908899765,27.228228524226875,73.79917437420832,30.699958528760682,-29.335029224595466
1270,-357.30710685694766,-59.84640947354623,48.10571173944153,110.76098372655716,-3.544714548555891,23.92098405871883,3.8022194742712356,-91.71948505758925,119.93627964626728,-87.41038901917958,-73.65007591335366,-51.37790347665195,46.31857286004649,4.5411112001407945,53.751333164430356,1.9753156289356852,77.14862278051368
1271,-222.46268631820007,-76.02692705221986,133.4458467371479,97.83709141197008,12.230380293652887,20.476533904185793,1.6461914891980094,9.209892750283805,53.781941644972655,-73.79663034789537,-72.94460905570214,-32.87176948352058,10.853121289389682,-76.82770700850153,45.72430388551986,22.720867916609446,-12.058905160721078
1272,-339.05363300977945,19.05820662306427,64.80167390779464,133.1853995280846,184.08020636611755,40.112176942724936,14.64316930654558,-31.782042584975226,93.56064783362528,-126.60394898286667,-34.54619506953446,-40.18830432904062,45.94939558342731,25.955653414125326,56.72725429614868,38.55817241943068,-26.946485819110443
1273,-512.2044896314018,75.77056715569292,79.11479136517396,172.91152243996487,29.510700511917438,53.55298099872744,27.254538216005894,-49.24140759636879,73.62102146860546,-174.57984228918988,-23.127151859915003,-65.937120440192,62.75220259573729,35.39799081374756,77.3981844728939,80.86440589393972,-83.63350208317675
1274,-455.1716895556708,18.07415473606596,88.97541735575936,200.88657893107515,18.81378421684554,53.773088368141075,-17.418805923164406,-42.85118542518309,114.60146661234522,-353.0903728834187,-19.826851898433244,-64.76738318588976,75.68643477318645,18.08094686309024,79.36230186365623,45.434787678005385,45.6184371080912
1275,-366.23349128568873,14.004980829058637,73.76726833795587,202.025748250339,23.27314880588269,42.47845956146147,19.120344596395157,107.30776694851409,60.326042430650254,-141.25293256395045,11.236402372098825,-40.64364102599515,35.703306734180984,8.102575587244417,150.5682973215994,29.661573688580425,19.339692476826137
1276,-231.85354956425502,-4.165493649273036,76.91621793052201,180.00639579769606,25.305366838690126,45.73054233280325,27.856618105479544,-46.917205529120196,119.59010202204487,-123.1383242096074,-16.430457764155243,21.559572009870504,81.36922147754989,32.87465226648905,76.29117666862733,27.953125243088614,-22.77448339941567
1277,-420.7940581906784,-63.75928954857233,58.053847778406116,159.5228436682157,0.9676863474198347,30.541828160643853,7.481104926719995,-99.3455573680204,138.67919041838374,-103.34607908413163,-79.51188465486743,-47.862327156480355,74.13187114145558,13.1240979666184,60.75297836642836,6.940930816135579,73.4563887220567
1278,-339.05363300977945,19.05820662306427,64.80167390779464,133.1853995280846,184.08020636611755,40.112176942724936,14.64316930654558,-31.782042584975226,93.56064783362528,-126.60394898286667,-34.54619506953446,-40.18830432904062,45.94939558342731,25.955653414125326,56.72725429614868,38.55817241943068,-26.946485819110443
1279,-519.6031317110273,-18.137615061244876,69.85723744924479,172.21007698636572,24.48771959622,53.6640896793866,13.0896866945032,-12.553217658809913,263.1708666198674,-188.56502414107305,-37.65965520236025,-53.51302908932208,58.13808195496523,32.00309372203458,37.06189969990097,32.417730673354555,25.009625866664102
1280,-191.32326790772558,8.247622170480337,18.11268352466246,239.12244461216804,5.731470291769282,2.138909018401808,-7.205535447955916,-0.6970938446006425,39.69448526231328,-55.85963126916897,10.845239858772707,-15.054194155817719,-34.47287917673272,-1.5442549750923347,0.11733479024310989,7.547570093805051,-1.7609474368783196
1281,-191.32326790772558,8.247622170480337,18.11268352466246,239.12244461216804,5.731470291769282,2.138909018401808,-7.205535447955916,-0.6970938446006425,39.69448526231328,-55.85963126916897,10.845239858772707,-15.054194155817719,-34.47287917673272,-1.5442549750923347,0.11733479024310989,7.547570093805051,-1.7609474368783196
1282,-507.3558499302871,75.60740037234535,78.18020507014428,170.79369053801418,29.07053783183298,52.83426856555248,26.32806630022656,-48.45989060598292,72.52190330420758,-169.5471972598076,-23.106005294423053,-65.54120773157572,61.853067796067606,34.83305164501779,76.39577622186064,85.73306030457981,-82.71247348010684
1283,-518.391267304439,8.811267276551533,74.8546147706096,187.51394179646024,29.872176149851363,58.093669654037626,16.4394593618382,-12.741198116373898,287.3171265336874,-195.82130035276577,-16.9550205678672,-54.08545249472869,54.852569664701946,33.41733009040974,48.197853817481146,43.09369393024685,10.09340576076026
1284,-525.9285131624193,4.320501957176701,76.4520037864397,193.44549701432115,30.591531622621527,59.44233861242734,17.20249767353384,-13.856046929569024,289.47210734137354,-199.00881497748142,-16.80464803902823,-55.293039179870256,57.676503937909665,34.61938568046809,49.87388620981396,44.64411675716204,9.892891626054789
1285,-512.2044896314018,75.77056715569292,79.11479136517396,172.91152243996487,29.510700511917438,53.55298099872744,27.254538216005894,-49.24140759636879,73.62102146860546,-174.57984228918988,-23.127151859915003,-65.937120440192,62.75220259573729,35.39799081374756,77.3981844728939,80.86440589393972,-83.63350208317675
1286,-375.1740427074169,6.952877833061554,63.83189639851944,130.35459567817927,20.785426161535632,48.309457068707815,17.487681259754517,156.53062285323261,137.93088102097494,-136.20720039300159,-9.817981343898552,-41.39450418604441,65.86194496002022,30.97895477114216,8.657010011078738,43.48900374489857,4.642718028657524
1287,-324.4586927343621,-3.9899641848058494,64.14704331369501,171.59451724941218,183.3481206700888,43.438992638143,14.900584279805498,-31.752092714231612,94.89781708145526,-129.02759836158634,3.7059110741821217,-41.7606254518233,62.638195654105985,9.221664092886044,52.5020794851011,35.05983076699973,31.28555378762169
1288,-664.8644588874114,25.07340474561271,107.62530108294727,231.8877388209964,15.216692674089789,71.90254442266092,22.167238855935505,-78.73889732582695,76.44302270398981,-201.6525182832515,0.644998651285642,-71.35514761273927,78.17067258428912,32.84005473028887,98.66959208079096,62.10670705480617,7.5841468938170555
1289,-686.3814372484273,11.389751960918232,117.1232523178754,275.1102913266345,17.156097294946797,76.59185301459054,24.709249407024643,-84.67566406732966,94.81768936707113,-215.29144921410898,-0.7982223038974107,-75.50355562107875,101.04485447575658,37.35409445744292,105.63048994668439,62.60078732341384,26.99328510507699
1290,-653.436651718927,24.825824054993223,108.79880851406104,240.5125926139174,14.132850998705067,68.43385029623607,21.27107643555094,-86.20518755613166,110.88041506972145,-195.84303728859305,11.47590281323438,-68.39676379980453,74.29624114740206,29.29758360350192,106.25919300349125,57.80369890997767,24.310302757103194
1291,-533.8410269975042,-14.595775519111575,109.94538000499132,356.3838068145592,33.396258015988714,79.86986055279903,33.752251887204395,-78.9602204009109,169.60371113359963,-205.703900055034,-44.01227669736404,-80.1342622581555,167.0705547985007,49.42711986349573,97.53558317379495,65.27490582968154,31.45323317902748
1292,-513.2386239656435,-5.280288739107807,71.99534391504471,173.9511005382521,28.44820136582876,57.962558786163186,15.665153515763073,31.239099619450887,260.53292531201754,-195.56854918886685,-25.374324370669758,-53.328735854952434,60.7605708416368,35.85127376752695,29.936620523295797,40.30935898378615,12.861786266770727
1294,-386.58322196773446,-48.733712902714636,49.666539080457426,124.44155391198098,-2.025298495549104,22.191358647803597,4.246840466801425,-101.58861786189043,151.10428631091946,-83.08259620010172,-67.2600070837621,-40.8954831677663,47.368432415528005,5.037523017113125,61.984550898389884,2.8947360083215368,68.79023252782878
1295,-312.3568254014512,-3.093536592900804,62.76504745360275,133.83291126975172,180.4623373017615,37.85477100162511,8.538352778966923,-28.83777472048562,100.91395958366242,-121.79687087757311,-30.736954841218793,-36.666991248145685,41.86961164543622,19.786576516627584,53.195823525330965,24.072619142581225,-47.924178457602686
1296,-672.0223501239224,25.072491247498785,109.28467919335426,237.72556327121833,15.808404920289997,70.03641799403314,22.775384455583904,-79.73451176383111,78.76390995177707,-204.8099383187807,0.12592267179350172,-72.60778870958717,81.00090239217045,33.767171207235535,100.1251336916601,63.27911835327541,7.96259026940798
1297,-506.9007892673322,-6.50588486697297,90.68228121552265,215.39007649503037,34.8045096333588,62.00063515706352,45.08592125733086,-48.448272977555575,158.18210482693408,-352.3410027308324,-14.960765101123792,-38.62116821481972,64.95935509232483,32.661211489616875,76.53670934546916,39.996923463881345,-24.1430246428596
1298,-388.32813920180723,21.09476917929306,81.42772774130682,217.4436407986562,23.522006832100214,47.38488710467872,23.18286559402282,93.31834244832753,107.61694953721367,-146.44027244447463,-4.650048501367228,-50.84615918822773,47.44530245373964,11.591521314180966,162.69387341067923,42.02088376709734,5.1216292972269954
1299,-666.8754355269853,25.384964431566747,107.7717528973204,233.1628032609143,15.58763483095066,68.82491482298197,22.11234650685142,-78.52443226563945,75.84570033407086,-202.5835640309252,2.897930922372333,-70.98298854039652,77.3938650319772,32.738064191571006,99.08721389680952,61.76419013737437,8.86929576048187
1300,-288.56722543490764,-36.27688994277714,60.66441914014085,156.16667767353835,13.09201276268031,36.037319630236105,-2.9336603027000905,-26.816746573871374,114.47459771531034,-128.81628514723067,-7.514539594335456,-30.24262660996202,38.63747302684148,3.9878045952907932,54.001608673518454,2.5558887453990127,-200.07751630342983
1301,-685.0113270351367,8.6493478055502,116.6823556982067,274.3324346124625,16.487886348766,76.06627358895163,24.26148851756878,-85.73907545717195,95.73106237273035,-213.8517460895697,-1.782074488188834,-75.09980840197933,100.90999712834615,36.81656241154126,105.3033544131479,61.0459145593532,30.150395486672483
1302,-202.64536619032557,15.236312219617936,65.65862094066865,122.77456431041611,17.00839122298798,36.42604188227431,20.094930508715528,-28.95598458724521,90.11261625417204,-138.1472089353258,-1.3709329966561175,-81.7690682670147,34.12007232896669,13.897342454644605,66.5135943683483,46.02094096394112,32.2816203828739
1303,-372.0716290501296,12.870238076843858,76.4586680905386,200.38038299094086,21.514506171053164,45.56863123229065,21.476020570604053,140.16969344673103,77.31879285911245,-142.48856172986814,-11.964485386429658,-48.541419242902485,49.03443621535182,12.728494086893782,141.72718729709322,37.98773395263119,6.402209160506386
1304,-316.57337836172553,46.64961085212215,205.0352976477098,146.16191890254564,24.009608331510755,43.003603101147775,17.960291376764626,-49.44010384548887,126.16973424818202,-124.37010289888477,31.337452254585482,-40.64426335062683,46.429001743567085,6.596273645879778,62.270292838894605,39.580042134105504,5.832616760493638
1305,-438.3063188969246,-61.02302006870494,55.745648481351196,134.58958844930677,-4.482349084540439,26.196193278184413,3.846251147428344,-101.43355992470892,117.84738208987584,-97.08879383036049,-72.32725705135347,-45.503356294400994,54.253185655976516,7.952807891059405,59.46580246105161,2.625325700622255,74.47191185769466
1306,-655.2398370803019,-2.0652651483463207,104.16713980050773,226.75669137587846,8.804899912214761,64.00355983302398,17.99860052438646,-86.96258394701728,86.11441339403473,-189.01199485953865,-9.344576859264269,-68.01967920714539,77.2354244988908,27.562810528656676,97.89560237459968,47.00240256167463,39.30692103663282
1308,-339.05363300977945,19.05820662306427,64.80167390779464,133.1853995280846,184.08020636611755,40.112176942724936,14.64316930654558,-31.782042584975226,93.56064783362528,-126.60394898286667,-34.54619506953446,-40.18830432904062,45.94939558342731,25.955653414125326,56.72725429614868,38.55817241943068,-26.946485819110443
1310,-487.54629083344236,-20.50879604715457,86.65760731364188,167.6321506687557,27.52865872766574,53.27131184418778,12.582568710614208,-1.920747274124487,252.60684651402968,-185.81915577557382,-36.53895155819774,-51.77215179828257,49.852117438028536,15.525379909445393,33.59558342823861,37.243541119015724,8.24117339900697
1311,-666.8754355269853,25.384964431566747,107.7717528973204,233.1628032609143,15.58763483095066,68.82491482298197,22.11234650685142,-78.52443226563945,75.84570033407086,-202.5835640309252,2.897930922372333,-70.98298854039652,77.3938650319772,32.738064191571006,99.08721389680952,61.76419013737437,8.86929576048187
1312,-512.2044896314018,75.77056715569292,79.11479136517396,172.91152243996487,29.510700511917438,53.55298099872744,27.254538216005894,-49.24140759636879,73.62102146860546,-174.57984228918988,-23.127151859915003,-65.937120440192,62.75220259573729,35.39799081374756,77.3981844728939,80.86440589393972,-83.63350208317675
1313,-529.4860438159625,-2.2730312281754403,76.60623871273731,182.0719604455205,28.348289201634255,58.61764576851413,8.648326966378237,-5.047951122428477,258.7738377048769,-243.0087626768614,-26.05050753090402,-56.85256308963863,58.499403073307484,33.11191671336427,41.84487126447217,39.96502561607894,18.927276663072497
1314,-454.57795462030157,16.335591756007446,81.65434133892799,167.4659028547787,17.259097154342378,49.16771116638209,-21.317629019322734,-30.01611061045475,131.49683670563397,-351.33751021377765,-19.830266729505563,-60.77248177126062,56.17880936248698,15.121417769893123,67.04724168666898,38.99668231328386,44.80476089966445
1315,-656.7257938660707,-0.8112459410059379,104.00476042727604,225.79313745667417,8.976551861297972,64.05224206869319,18.08290167753181,-89.81960873964324,86.11388674000334,-189.24829475168477,-9.609916396043962,-68.2485646395384,77.42522313100113,27.99330372041814,96.24207210573704,47.805760827098055,37.41917243695525
1316,-481.1743198670192,-16.888830407139043,85.46809704440423,202.7339462753001,28.734996525238813,54.876770043937164,43.59575221559148,-66.31367476498568,130.50350862849098,-326.2102189568718,-25.20905512072,-36.04561252814038,63.55823575537124,27.416508796991142,79.27667539815428,32.749295385199204,-15.011379718981186
1317,-266.0346082734125,40.948648647398294,224.0724496081284,119.90015731622314,20.912929526773468,37.5513991833918,15.424585196011282,-33.49007192318657,80.67149261032202,-112.19762424120437,22.7179933859502,-33.49639014033378,42.83096164966948,11.507551062602223,44.04104793747258,30.53446589994293,8.553133324779743
1318,-529.4860438159625,-2.2730312281754403,76.60623871273731,182.0719604455205,28.348289201634255,58.61764576851413,8.648326966378237,-5.047951122428477,258.7738377048769,-243.0087626768614,-26.05050753090402,-56.85256308963863,58.499403073307484,33.11191671336427,41.84487126447217,39.96502561607894,18.927276663072497
1319,-256.4103953259171,1.087658562949566,43.88949725861058,106.16448237935117,13.063924026528124,24.596213048908016,1.6424891511024735,-17.359454130996415,66.52276593283997,-89.79050443038011,-13.72233898955972,-20.433727681861786,20.35376807321845,4.492539985345311,32.98597549042129,291.2740500517825,1.736458404739924
1320,-482.45685923962003,3.0373744792928687,90.5476849579594,218.4532412634082,33.79269659205119,59.353086135279995,46.88433051235697,-64.32849686190059,156.55463750318847,-333.3881606722534,-4.854032791817342,-36.675899275394045,60.89122491050433,28.986765196430788,90.03098690414657,42.81815364536242,-27.27817480035089
1321,-215.02584221654553,15.426519009996408,45.30932731053692,158.3951651154071,14.246838696253192,16.092630589851822,4.822103955277732,-13.40840068461644,63.37393849065347,-111.31981648878855,-11.15932481069824,-227.939621088743,-20.142132952300717,-23.181192195000133,2.5666757615141,0.7880816206124829,3.655271768129171
1322,-537.5154413596337,-14.491843884780103,110.64151947975712,356.3495207473739,33.40614771432778,80.45120806162704,33.24204961897846,-79.3873978455073,170.29279927042987,-210.28666891874212,-44.10006311589046,-76.95980073648875,168.49986301002303,50.10593809711966,98.9268925688691,66.0797669013179,32.37738597782481
1323,-515.7386177185475,-13.855341765248411,69.33413023738575,171.01679009418015,24.14626513685819,53.091774137055886,12.703120175616855,-15.789787409301296,262.1793706646491,-187.203655512845,-38.29389508106129,-53.05141852837562,57.38472316215844,31.309541645068446,37.11640677795235,31.469962906022992,25.517311223725454
1324,-268.23872796761225,12.190562615953933,53.96635264894008,201.1341107679385,18.132880337387114,24.522799081654128,8.024487903741418,-20.49533996014382,76.99069185103778,-124.2570142431165,-16.137156593865157,-224.49526158254602,4.138369117931782,-15.93931734954394,8.921443847232348,5.036785441118425,0.2850662600132557
1325,-506.45132985937823,-0.8724108669536281,106.08270142194011,382.16281884794336,34.72937753644937,77.54231509583815,32.38811952968564,-62.67701397372477,156.37592020992372,-202.40468241262562,-31.144095352868163,-73.76415110466907,154.04993852898173,49.53571284151897,89.1736722432595,69.43131649009067,15.15402956010502
1326,-118.57682568959906,-12.448952361025114,59.17137432950666,58.643048964045455,4.853779334214047,7.4929554259166515,-2.616778816862236,-2.823416844501856,31.674982114653275,-48.777496268519776,-16.091879980845295,-14.829141488803996,-4.3592669754160305,264.0162975129229,9.982680374222534,3.281306727989225,8.859685008457964
1327,-680.4197959637858,9.693094869057308,116.45405078712731,273.4030718442557,16.674986353412503,75.85248206642522,24.157661418501732,-84.02789023339781,94.18364949450891,-213.3336793880279,-0.5747142817270577,-74.68764554716336,99.88168583416643,41.86855171099473,104.57963744068158,61.20213063834583,28.88454299572381
1328,-665.4241246554004,25.035631584042402,108.36585294769361,233.22526633440873,15.485691217762824,69.1060196627963,22.527120897996376,-79.19946786536575,77.59742281575876,-202.6434894508924,0.5040008968343973,-70.57374431662971,78.81855035240979,33.253426498899785,99.51974749258008,62.233937603761056,7.081915378708353
1329,-658.3212479910158,-2.3315503061815535,104.87571299666729,229.94699612949822,9.12629545848206,64.78062373764402,18.297775561025226,-90.36862566225419,87.89764000836934,-190.4129070733879,-9.712599171120731,-68.57031651859302,79.65232891806625,28.391850748218964,96.8537783562953,47.73039071266899,39.533694085362924
1330,-672.0223501239224,25.072491247498785,109.28467919335426,237.72556327121833,15.808404920289997,70.03641799403314,22.775384455583904,-79.73451176383111,78.76390995177707,-204.8099383187807,0.12592267179350172,-72.60778870958717,81.00090239217045,33.767171207235535,100.1251336916601,63.27911835327541,7.96259026940798
1331,-546.7663371827324,1.1882386559330724,116.70247186837025,364.98655271812123,37.268159334221984,85.390095319418,28.980557366570146,-67.17648639707507,168.72095240895757,-257.746157613498,-32.55365927919468,-80.2953814865044,169.0018888657693,51.62999415339824,101.75173870054915,73.74812938497587,26.258939873941575
1332,-266.4682387033595,12.866182796709571,36.91999124519288,132.3062648416443,58.81681698433563,23.046467559335436,2.4639777308952184,-6.205895741323292,16.253328376569794,-101.7120877201941,111.01806627019712,5.059211400205897,-13.37238176286092,-1.618846756308128,45.88637580897164,-3.5395129589441323,68.7306742426325
1333,-440.56419384215917,16.682536928918324,83.77395570677689,168.70502304282516,17.631138652330854,48.46396750189253,-15.604555935686436,-39.220284006193964,103.57444619494004,-377.2967760248329,-16.710817377868576,-57.57686022179585,54.59631262054186,13.377456727219915,74.56034483949686,38.45531201857182,37.536497146425305
1334,-340.1903929956216,-22.225554021632767,62.014108472226106,163.78491898621814,14.97145741329526,38.785867922047146,-2.384889678265516,-27.22603325502639,110.08568966019942,-139.9992629307854,-10.371176869053503,-47.68730362804509,40.41704134086189,5.538328428440911,54.550114409294224,13.686027270404075,-210.3014622321026
1335,-373.1306888475532,18.89808885933565,106.79468315579153,202.48029951535875,22.528005445158158,46.197387643984726,21.846985828470547,100.81857875364956,75.56050545910132,-145.6143824841432,-5.429722982091381,-49.489990255535986,47.87376862921945,9.291409829347117,151.46878769561104,37.33870654097509,7.938586824802011
1336,-244.87037208423067,19.19811470154197,68.4971480846157,126.71793645211037,15.536330453629938,38.1613424637445,11.360054268121813,-28.53211156224768,90.0519589512779,-184.05592925142145,-4.645890357663028,-97.85836739514488,34.14013904754239,11.252094346986837,67.05666108430293,49.77456201273271,44.23297671937283
1337,-267.1763100039599,15.255576006657417,75.44098344764825,167.8399967520065,20.133584635071887,46.011130034457096,22.992340475735798,-34.98145917162508,103.52921009604309,-159.87162303417605,-7.545645272603007,-101.70026797282256,57.36827804700583,19.550151845330895,72.9999899549189,56.942495925471306,39.30098890809664
1339,-379.7707515642738,8.094060564490663,61.899627219800564,132.88078785372505,21.104953949068836,48.845206674103416,17.731211523955217,155.09854398904503,142.352245130263,-137.36612834092227,-8.882955768997455,-42.06108274837495,66.17555185553677,30.461229377834332,10.406215440397128,44.38646935058646,4.286458912380678
1340,-656.7257938660707,-0.8112459410059379,104.00476042727604,225.79313745667417,8.976551861297972,64.05224206869319,18.08290167753181,-89.81960873964324,86.11388674000334,-189.24829475168477,-9.609916396043962,-68.2485646395384,77.42522313100113,27.99330372041814,96.24207210573704,47.805760827098055,37.41917243695525
1341,-307.04896001869673,3.53169546800222,61.75231454232082,127.99966557880329,213.8823367766199,37.570933241152865,11.698307393340793,-28.88696866674309,94.89252045472281,-117.71858817789813,-28.2705733525339,-35.16311188863022,42.58103840599344,19.931970997047877,51.770387998345946,28.80110571393869,-4.017159648687979
1342,-487.2810258748532,-22.775456951334565,86.10555886031949,165.9824354985277,26.956067626366423,52.77112229248961,12.208934791992071,-2.2256062034172275,250.09307092712584,-184.95739129158176,-38.67283900951714,-51.668748401647264,50.10533278777419,15.314601064911262,32.48743872428573,36.08116801659334,9.783563945303488
1343,-411.56093563258463,-65.92311602588049,51.11779839165052,120.95530017480988,-1.1794734940466043,24.423097225032013,2.989969706096673,-86.97762403750995,153.1566090031639,-97.3129450292133,-79.23349587896091,-42.795054882421645,51.085248350239816,7.245580793135707,48.34633918472696,-0.16425476090497926,71.65926504817219
1344,-590.8861273098721,0.2200635067614686,122.46797336647784,379.5637284877611,36.63777761317861,89.69970639131353,36.646896812728365,-76.31071178435552,162.24802502219026,-232.8387571364404,-28.352881136491156,-82.46005686289638,173.88542475639784,54.957950214397414,107.78182098988938,77.06155948164913,23.481400023679694
1345,-485.4224235778557,4.257474269485286,91.85953414701935,223.38495665040423,34.61065113541607,60.60704722986973,47.54696528530625,-63.81410239466923,157.42501776589526,-335.9924761184958,-3.972863382602687,-37.401398373548076,63.25318804497987,29.922844270133268,90.96982868824132,44.297656294994,-28.320763533538713
1346,-396.491972082503,-52.97338727312773,51.13472429589966,127.76281451688457,-1.800734576258738,23.210916344572222,4.687728724922772,-102.91019253620173,151.58440943107487,-85.92100420034477,-66.41608576619787,-41.9275963673946,48.36895972889766,5.78870074519677,63.607234348729996,4.063835443638271,68.74270853089662
1347,-487.153915116356,-3.4856979656983498,91.20185695230232,210.1511831311923,31.6490768312649,59.041013993483,38.14205284801445,-55.78379387313701,126.64343311645283,-374.9979765120022,-14.481458297924892,-39.05495571290365,63.81487075325281,27.94170998977021,82.39462883494915,38.82151520471575,-17.348168857987762
1348,-428.21634555296066,4.826595720154211,76.61672620089756,154.85142527788284,10.87960222526228,41.987248965135294,-23.756152798330092,-47.78559455955806,104.25426866108037,-328.7897693832448,-29.89126403268455,-58.13448790586814,54.6819819126522,9.4454563552338,69.80458110285072,30.9568907288988,56.54412625307815
1349,-462.3448331611444,61.380211453474004,67.65907074611067,150.15849852320505,25.883901719787787,44.48799210953608,23.3394340114948,-52.7882123370137,80.7780032790753,-149.28851558738788,-38.56235106482079,-61.080923356012335,57.64398059687509,30.557514594938343,68.88256398602529,70.18374262244646,-73.6889050859129
1350,-335.770991254986,15.449468840671118,47.516042101088296,155.5379340025501,26.058998564355974,29.909526595825955,4.658227996865527,-16.451671635710575,17.68526925135568,-119.10161212194075,109.95755590095635,-1.6042384611312552,-4.143629353318371,4.332405181005206,56.48016413442254,2.031942077871129,68.32347579624657
1351,-127.29997784934369,17.932949695074406,27.74957121969621,119.41116298682422,8.784623563346068,3.969195659028006,-4.297556150574079,-0.7764925936020654,27.593063528352218,-85.47941420677475,9.178144540732886,155.36826750683494,-41.99801246146318,-37.7403024035609,-20.923290402771073,-3.6246721398448294,19.739029685496202
1352,-497.4816001340682,-1.160361479371751,105.29307897666735,380.27281652409107,34.90145538740199,76.94102802622238,32.4620060256724,-61.93524421414323,156.88429076143615,-200.5873401692099,-31.459565916552542,-71.90558019722486,153.69099344905914,49.472845995157925,88.6216349861722,68.76745913217476,14.12036453163208
1353,-199.210560506878,-11.225691640410684,67.63772667513568,141.2626642073135,20.299636850085356,37.38554731052427,20.042742673769013,-39.90848178138067,109.86089158990478,-108.78664141822912,-11.144816495384507,24.017543229030753,57.150457498211736,24.003874129710685,68.9384911244848,15.219373789032822,-64.54536365495791
1354,-442.1573736642409,75.00509361430737,69.94000092097245,151.22625577611467,62.89744379721895,47.33014776885135,25.13382050181065,-39.23387766138683,76.08775912634148,-155.54433591880604,-29.965664647068646,-61.06227158221509,55.58128478593229,33.59619719662967,68.5262573668944,76.33962735523164,-89.16909413871554
1355,-286.9070263468641,-3.057473611812958,55.155158729825146,126.97487933229348,212.24025559410012,35.04799394685284,10.9534383316918,-25.282552949130025,83.4730295776664,-114.94513017074195,1.240917531814018,-34.73407024062221,39.33658575477145,3.820024111405422,44.055354344593944,27.343919329613698,24.207448529371774
1356,-505.7909281055324,-2.8026055379464747,115.13692864966546,362.1656166662705,38.32348998736925,84.14270319060611,38.22684033978308,-69.74467481059405,167.0045979642603,-211.89779745608618,-31.104013476103667,-64.08306436070893,170.7953808972802,54.708209638646636,102.80243236408529,70.7584559021656,12.804541095595999
1357,-392.1483348544991,20.586241063113636,79.19747480316607,152.18056481933203,14.418609910679574,44.22960770001545,-20.936273013606662,-34.232229015970915,96.6618581961473,-338.29181080630525,-15.170567511978303,-67.18250061244765,49.1409255840553,10.245974777860388,71.52675931614226,39.98595445291585,48.982236817295735
1358,-491.9102233076237,-2.316414160755992,106.89872209832295,346.65186440593425,35.69651369954828,111.50037666289545,34.59434953403047,-64.14480585680906,155.62248193850337,-200.8997259870026,-29.834492299964616,-72.45527741911745,163.4421766125523,50.22071705390591,93.64814184532928,69.39539560193668,18.048333387589242
1359,-535.800459268976,7.743651624075005,115.9375613036236,372.45858154283394,39.269070442937974,85.3076840044432,37.89335386837368,-76.44869941505226,195.61179311792634,-214.31943426905008,-22.673085869149475,-76.34398036765211,166.10817137275222,52.52978758395962,109.99728629637949,77.37511056730128,15.579606843032371
1360,-244.87037208423067,19.19811470154197,68.4971480846157,126.71793645211037,15.536330453629938,38.1613424637445,11.360054268121813,-28.53211156224768,90.0519589512779,-184.05592925142145,-4.645890357663028,-97.85836739514488,34.14013904754239,11.252094346986837,67.05666108430293,49.77456201273271,44.23297671937283
1361,-207.79228078726274,14.923839035549975,67.17154723670252,127.33732432072011,17.229161312327317,37.637545053325496,20.757968457448012,-30.16606408543687,93.03082587187825,-140.3735832231813,-4.142941247234946,-83.39386843620537,37.727109689159946,14.926449470309135,67.55151416319887,47.53586917984216,31.374914891800007
1362,-267.3033624568133,34.916858530179155,226.00657831451494,120.2965777044363,21.105170612189045,37.60457107635516,15.465529842520526,-33.599972754982,80.61900312705113,-112.49787707970394,22.0223818007665,-33.79200195594972,42.51879663709001,10.147435869306786,44.24162267952019,31.059414570555216,7.737625735571665
1363,-510.3784505163591,74.62092810586142,78.30287924415933,171.05128548955363,28.792368628753536,52.81164060625392,26.403796485869716,-50.01919488197712,73.53770645565966,-169.58539498331632,-24.38988728336141,-66.03115386977922,62.49098616861241,34.92432550048833,76.85199956494353,80.06735594474456,-81.6952924446435
1364,-427.8869421214591,4.7573955335471165,75.80863852564065,151.18115764857637,10.69959717480541,41.45133409067023,-24.174935193378637,-46.52304063187908,106.10814520282895,-328.44022802005566,-29.766333711581307,-57.67278819425336,52.46970152316013,9.076973422997256,68.59000537713781,30.281367237705716,56.41277845092461
1365,-523.2758635765279,-18.34610708462324,70.93151925321584,176.94834531204106,24.865620609628355,54.4404430954456,13.466158487312496,-16.904636222496418,264.3343514723353,-190.39117013756064,-38.143522552222315,-54.259005213517185,60.208657435366156,32.51159723512679,38.79243917028517,33.02038573293818,25.316797089019982
1366,-681.3786659048504,9.832587932286234,117.075378641606,274.76385306264893,16.98312718960371,76.38983635230453,24.67585973293053,-84.68963709147525,95.43495549941882,-214.28961266792382,-0.5228268539332835,-73.7912631071759,101.08960822306103,37.23889677690799,105.63680999816263,61.480236459470426,28.227131862785033
1367,-237.89495098292315,-3.0077786599878995,77.64213005423655,180.61017513401987,25.759989842577998,46.52749953380259,28.403574206362705,-47.58717608825265,120.23621694269244,-124.42433704332356,-16.571750488116354,17.424989751131005,83.09760047962703,34.21075213939051,78.0286270923195,29.40791942761916,-24.689966318569986
1368,-513.3440148545947,75.84102789605383,79.61472843321926,175.98300087654965,29.61032317211842,54.065601700843644,27.066431258818994,-49.50480041474576,74.40808671836645,-172.18971042955874,-23.508717874146758,-66.75665296793323,64.85294930308797,35.8604045741908,77.79084134903827,81.54685859437615,-82.73788117783133
1369,-502.27989862555137,-3.1241572272691367,114.76619538200804,361.70443284264303,38.71865888064807,83.959193750111,38.737097350544275,-69.2745561311009,167.89239040203006,-214.63703594018992,-31.41599625059719,-63.43900531848098,170.5180411497676,54.6966737401781,102.46312442993363,70.45732659332762,11.75593005247727
1370,-202.99635936320948,14.891492285219385,65.99565873076389,122.66489225296797,20.059630756193464,36.655039014217465,20.24860838263412,-29.3275397710027,91.38025986562201,-138.3204348209813,-3.4126963004581228,-82.56959731310971,35.16316818435143,13.925534200800572,66.44412128286034,46.63553262372202,31.553325860434583
1371,-372.0716290501296,12.870238076843858,76.4586680905386,200.38038299094086,21.514506171053164,45.56863123229065,21.476020570604053,140.16969344673103,77.31879285911245,-142.48856172986814,-11.964485386429658,-48.541419242902485,49.03443621535182,12.728494086893782,141.72718729709322,37.98773395263119,6.402209160506386
1372,-172.80788108598523,-1.1089286473571878,67.3540114808183,131.4152382599395,20.96105485533936,36.421274705856916,24.29378183065792,-39.065025281512604,104.47245111414767,-108.091903045767,-10.817318262427204,14.41383370704975,54.956096204445195,30.678681786879874,69.91692115774087,23.288480719766767,-19.054035641127705
1373,-378.01385610316953,7.84928343759875,64.44924314128782,131.645483186691,21.05503296572261,48.75936785419612,17.62983855275742,155.86924020568887,139.31408649120485,-137.31845000733642,-9.030278095942396,-41.94301320365711,66.40073916906856,30.276306015548414,9.289041763089584,43.95638396713409,4.552855651360849
1374,-575.5070243035736,-3.7046604334425934,82.25803607189125,197.09107461584355,27.99762784827821,63.17632072301587,17.059112638249296,-13.564557342967701,255.5025119743347,-215.33339021489004,-22.01477455859126,-58.93972881218361,63.493472474390295,36.901195591961304,47.25471071516108,43.31972561283298,15.525190229529459
1375,-529.4860438159625,-2.2730312281754403,76.60623871273731,182.0719604455205,28.348289201634255,58.61764576851413,8.648326966378237,-5.047951122428477,258.7738377048769,-243.0087626768614,-26.05050753090402,-56.85256308963863,58.499403073307484,33.11191671336427,41.84487126447217,39.96502561607894,18.927276663072497
1376,-533.1478096830847,-14.922957417724941,110.41707677039973,355.96142984055393,33.5431594299448,80.30578848746146,34.15701468215233,-79.49728870797968,170.47403724888807,-205.70178942912926,-44.01196038234356,-75.30994640129904,168.64032487020873,50.42199913861832,98.9158392568507,65.7513795430774,31.00351230599756
1378,-392.1483348544991,20.586241063113636,79.19747480316607,152.18056481933203,14.418609910679574,44.22960770001545,-20.936273013606662,-34.232229015970915,96.6618581961473,-338.29181080630525,-15.170567511978303,-67.18250061244765,49.1409255840553,10.245974777860388,71.52675931614226,39.98595445291585,48.982236817295735
1379,-510.3784505163591,74.62092810586142,78.30287924415933,171.05128548955363,28.792368628753536,52.81164060625392,26.403796485869716,-50.01919488197712,73.53770645565966,-169.58539498331632,-24.38988728336141,-66.03115386977922,62.49098616861241,34.92432550048833,76.85199956494353,80.06735594474456,-81.6952924446435
1380,-132.29380555673464,14.490167465913629,25.4202208112044,50.078537693140134,8.634045544985922,12.687523241768863,180.2254997158828,-9.346146659415268,38.10826906424362,-21.801000562084507,-8.198072305607967,-19.517856720883017,17.084132473496158,5.194725494898621,22.125886332546855,35.49884465838239,7.480909254261935
1381,-423.14909757511407,70.95698350589527,65.64270656068747,145.69254668395808,28.83767160153483,44.112984632906,22.656018651050033,-36.45339981749022,71.12834231606686,-147.08919610888483,-26.03900173912156,-54.32289106653336,50.90585179150451,29.58190919387195,63.76829329810903,126.1769288628829,-84.89438046901923
1382,-670.8828249007295,25.002030507137864,108.78474212530895,234.65408483463355,15.708782260089016,69.52379729191694,22.963491412770804,-79.47111894545412,77.97684470201608,-207.20007017841183,0.5074886860252564,-71.78825618184595,78.90015568481978,33.304757446792294,99.73247681551572,62.59666565283898,7.066969364062563
1383,-339.05363300977945,19.05820662306427,64.80167390779464,133.1853995280846,184.08020636611755,40.112176942724936,14.64316930654558,-31.782042584975226,93.56064783362528,-126.60394898286667,-34.54619506953446,-40.18830432904062,45.94939558342731,25.955653414125326,56.72725429614868,38.55817241943068,-26.946485819110443
1384,-488.1893451403261,9.035276254839552,88.97193770422297,208.41547593511828,34.93972534873283,59.40945449972925,51.05969156160199,-55.050072690459096,120.71297919755882,-337.81303659337533,-14.957578368307496,-39.18963860646285,64.09190182071147,32.18714764960667,81.57613493263216,47.31941277258575,-44.31680984471058
1386,-205.56168699528982,15.318092905038426,66.47716370039926,123.2251182907305,16.769435894183122,36.85256629625423,19.594739836686614,-29.521129324499125,91.68310075740173,-142.79201384490585,-3.8529657557409487,-83.0096783784376,35.4042957892136,14.09664372047473,66.95718127613726,46.819075788568306,31.868113672927624
1387,-215.02584221654553,15.426519009996408,45.30932731053692,158.3951651154071,14.246838696253192,16.092630589851822,4.822103955277732,-13.40840068461644,63.37393849065347,-111.31981648878855,-11.15932481069824,-227.939621088743,-20.142132952300717,-23.181192195000133,2.5666757615141,0.7880816206124829,3.655271768129171
1388,-653.1743333940786,-2.019077122113592,103.36278670063342,225.38423611919418,8.905525369142724,63.56912056659284,17.634737612292742,-89.15854616406253,84.97943039066313,-188.18653278553242,-6.940590920541899,-66.94551634940237,76.045291557873,27.36274373255443,95.81585856144471,46.215462496767955,40.44039957643681
1389,-261.715224965432,9.355856207574268,56.74142076208155,111.71757786583431,19.497474258236316,196.842686050368,10.967671777937158,-17.829871246377866,78.39315468473528,-113.5611212117436,-8.487743330426719,-24.346421277383328,17.426406183762072,8.984866391089133,43.63186473845485,23.949535214865445,3.083781057630558
1390,-257.564549153434,12.771251651390733,35.22494607714757,132.4159827359593,58.629483590196266,21.78514168024288,1.9539921458722354,-4.757359898054824,15.698831152648564,-98.94543397243234,110.69858751883629,5.949673633254078,-15.405871079613357,-2.1989632823819423,43.97146253980176,-4.336084258067515,67.93195806061047
1391,-590.1511567636093,-1.3942901529194038,121.85050771372116,378.7442191307548,36.27954848795793,89.23072405379504,37.14749066054048,-77.47004101252462,162.72536987395998,-227.81601106847344,-29.524026037199807,-82.11874782251013,173.84627552186865,54.85167689052935,107.43731209285625,76.29885022329141,24.0307899757399
1392,-453.43842939710873,16.26513101564652,81.15440427088268,164.39442441819392,17.159474494141396,48.65509046426588,-21.129522062135834,-29.752717792077778,130.70977145587298,-353.7276420734088,-19.448700715273812,-59.9529492435194,54.078062655136314,14.659004009449882,66.65458481052461,38.31422961284743,43.90913999431904
1393,-522.9629488241836,3.1004021669842836,75.14015459737976,188.5137816273251,29.773577079256643,58.18837751783761,16.539862900584563,-14.370441396800382,288.6017270786668,-196.404499531239,-17.685817448242886,-54.567540081716224,55.31454080343412,33.68330660676561,48.93504442571923,43.16461410753046,10.935480359242613
1395,-444.8385041900619,-61.17917987234784,57.56989744978437,137.0901651679491,-3.8002241369212757,27.786630418898053,4.678386786025618,-102.67536990686119,120.0767370013278,-100.20455420259484,-72.70132708871792,-46.56929201296244,58.11008193256703,8.983802279107922,61.43406467221419,3.8032203913440976,75.1176379019434
1396,-235.22527022209033,-5.222952981584409,77.43846740881736,180.6749263081866,25.398202936142393,46.301758939692604,27.79309255360484,-47.29274930180369,120.97154811769614,-123.94362923279421,-16.190826465284786,17.77712105922048,82.6896220858279,33.593844449640734,77.67548401523773,27.959364099934216,-26.787735582419213
1397,-509.72511799467435,-5.161575756402911,98.69774076865728,252.92295860131645,36.818922114006156,67.39099111589378,50.14797297425057,-61.928282553221656,142.63445984812188,-351.67543477874887,-15.247325761545467,-43.00025968721662,86.78979440297061,36.45054633264839,89.44610240951802,47.151822219876735,-23.822547215560473
1398,-513.3440148545947,75.84102789605383,79.61472843321926,175.98300087654965,29.61032317211842,54.065601700843644,27.066431258818994,-49.50480041474576,74.40808671836645,-172.18971042955874,-23.508717874146758,-66.75665296793323,64.85294930308797,35.8604045741908,77.79084134903827,81.54685859437615,-82.73788117783133
1400,-454.57795462030157,16.335591756007446,81.65434133892799,167.4659028547787,17.259097154342378,49.16771116638209,-21.317629019322734,-30.01611061045475,131.49683670563397,-351.33751021377765,-19.830266729505563,-60.77248177126062,56.17880936248698,15.121417769893123,67.04724168666898,38.99668231328386,44.80476089966445
1401,-501.5941372013247,-2.4093734170865937,89.77927573599581,213.5707273071591,34.54487957873283,61.43694495574507,45.486111566396616,-47.97835892529819,157.3748491337244,-346.7350574843922,-15.401113121456758,-37.797771587445915,64.45823471906346,32.28896164939294,75.45500984019795,39.16329402824002,-24.435709289281746
1402,-685.0113270351367,8.6493478055502,116.6823556982067,274.3324346124625,16.487886348766,76.06627358895163,24.26148851756878,-85.73907545717195,95.73106237273035,-213.8517460895697,-1.782074488188834,-75.09980840197933,100.90999712834615,36.81656241154126,105.3033544131479,61.0459145593532,30.150395486672483
1403,-223.62115204298158,-90.89077653249636,127.41308680814406,80.42298507820722,7.26479032267706,15.707562004488723,-1.988405873907142,-29.9944690743988,62.910405161251056,-61.76259802396393,-85.43652626641331,-31.123151616456607,11.4025341363889,-77.89809554990343,25.917645861528563,15.205722930237323,0.6347126584581806
1404,-221.1964638668922,-69.34214763381495,131.82122220727302,93.78680829029037,12.627948070567863,20.041029463537672,1.3018270629295363,-25.95506088922024,84.11171651139459,-69.10454853271904,-65.0872275741567,-31.572861957425786,8.33228561713114,-76.06299970737757,39.94199106572851,25.865756532734412,-14.606561273127037
1405,-681.3786659048504,9.832587932286234,117.075378641606,274.76385306264893,16.98312718960371,76.38983635230453,24.67585973293053,-84.68963709147525,95.43495549941882,-214.28961266792382,-0.5228268539332835,-73.7912631071759,101.08960822306103,37.23889677690799,105.63680999816263,61.480236459470426,28.227131862785033
1406,-180.9606758847838,15.407509278723227,43.69233400571031,167.39668325312124,11.504374809995674,16.578455935851117,2.691863192816473,-13.403969948495718,57.68443042527719,-109.21368612058868,-23.001491338302987,140.2517695068666,-5.514283242149054,-26.949555159470812,-9.153576614722782,11.575202534318993,10.625688511451749
1407,-294.0286909175874,5.043730365376279,64.37081082137001,130.0674551522144,182.5234754180298,38.29402698215074,14.342662239698535,-31.907799802285567,99.11604302475452,-117.58742006720026,-32.06763601985731,-24.777671703914997,46.352179309167546,24.918874289310956,56.78413475945291,28.47321464393997,-15.841864999738043
1408,-289.7116021813028,3.882976710649825,64.27987168649423,129.47254208586824,182.24143661064343,38.085723263123526,14.201715684473763,-31.669379027615697,99.38682369752227,-117.31456597175585,-31.6172263745822,-25.482130194769276,45.881451532873506,24.51276855650553,56.689755667153584,27.925766327232466,-13.35287607265083
1409,-205.56168699528982,15.318092905038426,66.47716370039926,123.2251182907305,16.769435894183122,36.85256629625423,19.594739836686614,-29.521129324499125,91.68310075740173,-142.79201384490585,-3.8529657557409487,-83.0096783784376,35.4042957892136,14.09664372047473,66.95718127613726,46.819075788568306,31.868113672927624
1410,-507.3558499302871,75.60740037234535,78.18020507014428,170.79369053801418,29.07053783183298,52.83426856555248,26.32806630022656,-48.45989060598292,72.52190330420758,-169.5471972598076,-23.106005294423053,-65.54120773157572,61.853067796067606,34.83305164501779,76.39577622186064,85.73306030457981,-82.71247348010684
1411,-658.3212479910158,-2.3315503061815535,104.87571299666729,229.94699612949822,9.12629545848206,64.78062373764402,18.297775561025226,-90.36862566225419,87.89764000836934,-190.4129070733879,-9.712599171120731,-68.57031651859302,79.65232891806625,28.391850748218964,96.8537783562953,47.73039071266899,39.533694085362924
1412,-497.5068809875146,-2.694145776459051,114.30424074578632,360.02713954005765,38.386499136278616,83.53512906424916,38.19316995463918,-68.75051125219704,167.1664830561928,-210.80943766341122,-31.244469844477063,-64.64124445802186,169.9209542937591,54.354434740015094,102.14969596322041,70.66770109148561,13.02601823650223
1413,-535.8664994443607,7.936671091174288,115.03213858085107,374.4583017610012,38.90965919784598,84.6476451949664,37.309481787363936,-75.74193333136533,194.54892534249268,-213.370122764704,-22.677094056825926,-77.31208904204813,164.43362713592236,52.012537904246855,108.6344102842969,77.24239662609378,15.814555689483273
1414,-653.1743333940786,-2.019077122113592,103.36278670063342,225.38423611919418,8.905525369142724,63.56912056659284,17.634737612292742,-89.15854616406253,84.97943039066313,-188.18653278553242,-6.940590920541899,-66.94551634940237,76.045291557873,27.36274373255443,95.81585856144471,46.215462496767955,40.44039957643681
1415,-432.1188273004242,71.24493411831338,66.43232900596024,147.58254900781037,28.665593750582207,44.714271702521756,22.582132155063274,-37.195169577071766,70.61997176455444,-148.90653835230054,-25.72353117543718,-56.181461973977555,51.2647968714271,29.644776040232998,64.32033055519634,126.8407862207988,-83.86071544054629
1416,-342.5618972524098,-21.97446307267103,61.88490467183825,161.17462437326083,14.476665859815464,38.45675666042606,-2.707039731839809,-27.43275911614257,108.41083197266869,-139.65015630631282,-9.677628080328228,-47.51183014253183,38.59363438102383,5.0874505664662095,54.496765467301515,13.30470387880562,-210.1484720943293
1417,-483.03074681819095,73.29325874298004,79.98794019143725,197.58565006931312,34.23552500438923,56.42631598581766,30.03966823697439,-46.902497905118565,89.99017645765554,-173.51432780639638,-30.066127536358607,-66.47734343010848,80.90466686170795,39.85543848560208,77.71894456988535,84.31491176084636,-85.1484574462641
1418,-290.1626795598526,-37.79719430795276,61.535371709532086,160.3205363463624,13.241756359864398,36.76570129918693,-2.7187864192066753,-27.365763496482327,116.25835098367634,-129.98089746893382,-7.617222369412224,-30.56437848901664,40.864578813906604,4.386351623091612,54.613314924076704,2.48051863096995,-197.96299465502216
1419,-525.9285131624193,4.320501957176701,76.4520037864397,193.44549701432115,30.591531622621527,59.44233861242734,17.20249767353384,-13.856046929569024,289.47210734137354,-199.00881497748142,-16.80464803902823,-55.293039179870256,57.676503937909665,34.61938568046809,49.87388620981396,44.64411675716204,9.892891626054789
1420,-441.4716910569486,74.60868324040183,69.98306637957883,151.47473057847523,63.00651249926221,47.33643482559254,25.241377382941305,-39.48627146020229,76.43424458592143,-154.8153534680653,-30.140678842379632,-58.645520577457965,56.09676630953081,33.88710524890016,68.62695651067197,75.76652480799574,-90.4242363080947
1421,-440.56419384215917,16.682536928918324,83.77395570677689,168.70502304282516,17.631138652330854,48.46396750189253,-15.604555935686436,-39.220284006193964,103.57444619494004,-377.2967760248329,-16.710817377868576,-57.57686022179585,54.59631262054186,13.377456727219915,74.56034483949686,38.45531201857182,37.536497146425305
1422,-527.9252696595089,-1.1560093738269424,76.34637504504505,181.86143866533723,28.20254841976967,58.376494927738776,8.171219154864188,-5.520879478744063,261.2042982788349,-238.87607985497993,-25.179355503031022,-57.049999915861136,57.98497129643695,32.84903024463917,42.40683106047467,40.33034876930618,19.323095755309218
1423,-388.32813920180723,21.09476917929306,81.42772774130682,217.4436407986562,23.522006832100214,47.38488710467872,23.18286559402282,93.31834244832753,107.61694953721367,-146.44027244447463,-4.650048501367228,-50.84615918822773,47.44530245373964,11.591521314180966,162.69387341067923,42.02088376709734,5.1216292972269954
1424,-307.04896001869673,3.53169546800222,61.75231454232082,127.99966557880329,213.8823367766199,37.570933241152865,11.698307393340793,-28.88696866674309,94.89252045472281,-117.71858817789813,-28.2705733525339,-35.16311188863022,42.58103840599344,19.931970997047877,51.770387998345946,28.80110571393869,-4.017159648687979
1425,-379.1433043227784,-1.415680058863993,74.08299423964978,198.44591237773378,17.113970871487876,40.79255444698333,18.614390769204192,91.51156313755243,80.24983875672345,-134.70686723231944,-25.61485297719686,-48.746189503313204,46.12055967460563,8.452738480791144,149.64416415998787,29.21925805215163,19.89980871594347
1426,-385.9771913888687,17.018547697963722,79.58506393062348,154.41683804057703,15.40022822906892,44.286191210686155,-19.96826108343076,-36.50377320531009,99.78022733236678,-331.73096874963846,-16.74569526977716,-45.43174156963351,53.780259296441926,12.864147248294833,72.43305161014045,34.828031527792646,37.685957292883195
1427,-166.31603861781326,-2.9986436788486666,61.048348950166776,122.2319306318005,19.84286738057591,65.18876382008041,22.322118209878678,-37.63103170821107,97.02734446481988,-92.85013668803194,-11.380990693194958,29.951400719610056,54.795302400813654,24.939587369923814,63.473210983628306,17.683806442926738,-28.47440007447922
1428,-672.0223501239224,25.072491247498785,109.28467919335426,237.72556327121833,15.808404920289997,70.03641799403314,22.775384455583904,-79.73451176383111,78.76390995177707,-204.8099383187807,0.12592267179350172,-72.60778870958717,81.00090239217045,33.767171207235535,100.1251336916601,63.27911835327541,7.96259026940798
1429,-333.59216752709966,-22.262413685089143,61.09528222656547,159.28462204940854,14.648743710768088,37.8554695908103,-2.6331532358530483,-26.69098935656103,108.91920252418112,-137.8328140628971,-9.993098644012607,-45.65325923508763,38.23468930110124,5.024583720105161,53.944728210214215,12.640846520889726,-211.18213712280223
1430,-533.1478096830847,-14.922957417724941,110.41707677039973,355.96142984055393,33.5431594299448,80.30578848746146,34.15701468215233,-79.49728870797968,170.47403724888807,-205.70178942912926,-44.01196038234356,-75.30994640129904,168.64032487020873,50.42199913861832,98.9158392568507,65.7513795430774,31.00351230599756
1431,-267.1763100039599,15.255576006657417,75.44098344764825,167.8399967520065,20.133584635071887,46.011130034457096,22.992340475735798,-34.98145917162508,103.52921009604309,-159.87162303417605,-7.545645272603007,-101.70026797282256,57.36827804700583,19.550151845330895,72.9999899549189,56.942495925471306,39.30098890809664
1432,-552.018261377727,-3.6233347796620876,118.02050086313176,373.87478594294043,40.509406623825534,87.41825760814241,42.174330582509256,-71.20954994159892,170.58749110020545,-255.17019818600212,-31.359971793196657,-75.18821126202702,170.43495967419787,54.64504405037341,103.5880094082568,78.95326149474687,12.527498509089282
1433,-587.2041782406154,0.18536034772217716,122.20046519851407,378.9271627785806,36.665720626752375,89.54799976040675,37.454304994771576,-76.16820884801244,162.08277754106854,-228.9828600975683,-28.089764207633273,-83.22695353246381,173.510405092985,54.983103203625575,107.6700685340934,77.30627467064456,23.362668521231623
1434,-379.3896400332065,7.313784608338319,61.95085475937856,132.9724833168733,21.028921844867103,48.82191431237495,17.721037341643594,158.71412124222056,138.92562319173135,-137.70776708932334,-9.767651499245744,-42.132541138446044,66.37382592058249,30.357489387440392,11.278736538843383,43.97561074680129,4.559487676759272
1435,-307.04896001869673,3.53169546800222,61.75231454232082,127.99966557880329,213.8823367766199,37.570933241152865,11.698307393340793,-28.88696866674309,94.89252045472281,-117.71858817789813,-28.2705733525339,-35.16311188863022,42.58103840599344,19.931970997047877,51.770387998345946,28.80110571393869,-4.017159648687979
1436,-655.6209486113693,-1.284989192193976,104.11591226092972,226.66499591273018,8.880932016416496,64.02685219475245,18.00877470669808,-90.5781612001928,89.5410353325664,-188.67035611113755,-8.459881129015978,-67.9482208170743,77.03715043384506,27.666550519050613,97.02308127615343,47.41326116545981,39.03389227225423
1437,-672.0223501239224,25.072491247498785,109.28467919335426,237.72556327121833,15.808404920289997,70.03641799403314,22.775384455583904,-79.73451176383111,78.76390995177707,-204.8099383187807,0.12592267179350172,-72.60778870958717,81.00090239217045,33.767171207235535,100.1251336916601,63.27911835327541,7.96259026940798
1439,-385.9771913888687,17.018547697963722,79.58506393062348,154.41683804057703,15.40022822906892,44.286191210686155,-19.96826108343076,-36.50377320531009,99.78022733236678,-331.73096874963846,-16.74569526977716,-45.43174156963351,53.780259296441926,12.864147248294833,72.43305161014045,34.828031527792646,37.685957292883195
1440,-501.5941372013247,-2.4093734170865937,89.77927573599581,213.5707273071591,34.54487957873283,61.43694495574507,45.486111566396616,-47.97835892529819,157.3748491337244,-346.7350574843922,-15.401113121456758,-37.797771587445915,64.45823471906346,32.28896164939294,75.45500984019795,39.16329402824002,-24.435709289281746
1441,-378.60381434326695,12.714078273200956,78.28291705897178,202.88095970958318,22.19663111867233,47.159068373004295,22.30815620920133,138.92788346457874,79.54814777056441,-145.60432210210251,-12.338555423794105,-49.60735496146393,52.89133249194232,13.759488474942298,143.69544950825582,39.165628643353024,7.04793520475511
1442,-541.536254726956,-6.849716586308293,79.05064046336221,195.55071481615352,32.04893944126736,61.85384702018088,21.973575788674324,-9.126763366413153,265.1675016017932,-240.3356431962963,-25.51616831775822,-53.31867091764523,62.820821706614986,37.248250367719145,44.254288249788885,40.99088522488964,5.934700703687588
1443,-411.65840113277187,10.837650062795642,87.95145329471126,245.5253746406611,25.597740239347505,54.14624911753532,25.696402344485,99.76511639140023,90.01951144277534,-162.03963607049053,-16.69336157255269,-56.321140079219894,71.52651181555065,18.336020092772234,159.2703047417136,44.58952417960565,9.81247620595805
1444,-311.0462863959364,11.676234982012645,90.89365434178976,128.8619240165785,182.40772644608228,38.69895520019034,12.398068485225368,-31.150739113735234,96.73085109053363,-119.87171493967301,-24.494431314021227,-36.822769813821004,43.50301227992482,20.325279556753642,52.57593029913957,35.56370442824234,-7.229237487894875
1445,-240.61071189830287,-10.470187350075712,44.263648301309374,103.57435493100645,9.901172096013427,23.12946907339865,-4.749123984339486,-15.066732773727361,70.18701203049116,-123.44706803842651,-11.971400384002461,-18.88111270219156,18.233635785121628,-0.3240764739947381,31.72646618089121,282.04930205107627,27.27089634494588
1446,-207.79228078726274,14.923839035549975,67.17154723670252,127.33732432072011,17.229161312327317,37.637545053325496,20.757968457448012,-30.16606408543687,93.03082587187825,-140.3735832231813,-4.142941247234946,-83.39386843620537,37.727109689159946,14.926449470309135,67.55151416319887,47.53586917984216,31.374914891800007
1447,-324.4586927343621,-3.9899641848058494,64.14704331369501,171.59451724941218,183.3481206700888,43.438992638143,14.900584279805498,-31.752092714231612,94.89781708145526,-129.02759836158634,3.7059110741821217,-41.7606254518233,62.638195654105985,9.221664092886044,52.5020794851011,35.05983076699973,31.28555378762169
1448,-658.3212479910158,-2.3315503061815535,104.87571299666729,229.94699612949822,9.12629545848206,64.78062373764402,18.297775561025226,-90.36862566225419,87.89764000836934,-190.4129070733879,-9.712599171120731,-68.57031651859302,79.65232891806625,28.391850748218964,96.8537783562953,47.73039071266899,39.533694085362924
1449,-263.2764585220521,9.732674325163405,50.99528022502516,104.18012718193287,17.39920106770618,222.9418072203865,7.976996956976845,-14.219780288994013,69.17004081483311,-106.80882957086413,-7.596841765406415,-33.41309533532683,13.777858310436589,5.778265181926612,36.58585223143286,23.849641023785757,8.4845395843085
1450,-633.4263344932867,13.26046459425747,102.1563687307685,230.44624514279866,14.776744452470208,64.42813906840962,17.99456876655444,-69.71784429278716,65.63611984404031,-192.79140644340785,27.187199738670596,-59.02666849677915,64.78468224171372,26.632531109036133,96.90482226704134,46.64814689898004,37.94808861549347
1451,-275.7299422748657,13.31904644851581,57.97014428642475,115.0706542924507,18.998499484003922,194.91368905432833,10.500248566279001,-16.301547696227395,77.24918733672312,-124.00836575468027,-7.256677356809014,-49.7665724218025,15.101820755658279,7.002902345330865,44.0804149115482,30.852971985693802,16.01364612701319
1452,-656.7257938660707,-0.8112459410059379,104.00476042727604,225.79313745667417,8.976551861297972,64.05224206869319,18.08290167753181,-89.81960873964324,86.11388674000334,-189.24829475168477,-9.609916396043962,-68.2485646395384,77.42522313100113,27.99330372041814,96.24207210573704,47.805760827098055,37.41917243695525
1453,-426.84946369365696,54.13372116640932,84.86696910395226,239.7473145910617,29.05789099007241,54.73855166162791,25.818544941179656,-84.25031601786723,260.3591124141404,-143.5963300222091,26.90718506116076,-52.2866100147189,60.859449770457466,22.829467535503127,115.69875689745238,64.18468660153272,-3.3312766559102838
1454,-685.0113270351367,8.6493478055502,116.6823556982067,274.3324346124625,16.487886348766,76.06627358895163,24.26148851756878,-85.73907545717195,95.73106237273035,-213.8517460895697,-1.782074488188834,-75.09980840197933,100.90999712834615,36.81656241154126,105.3033544131479,61.0459145593532,30.150395486672483
1455,-188.5813437163968,-12.722835976802202,46.13484071063343,111.79325750018731,9.684737086836815,19.13420581419851,2.0458975954669443,-15.563244574222848,58.58428970285668,-75.18796992398794,-20.14997406209651,-26.990385029142747,22.566623687485794,265.1559667978256,24.842863684730315,13.947755607328531,11.337700709964267
1456,-672.0223501239224,25.072491247498785,109.28467919335426,237.72556327121833,15.808404920289997,70.03641799403314,22.775384455583904,-79.73451176383111,78.76390995177707,-204.8099383187807,0.12592267179350172,-72.60778870958717,81.00090239217045,33.767171207235535,100.1251336916601,63.27911835327541,7.96259026940798
1457,-536.356975634852,0.3720055954963991,116.67427940876097,373.76362708113675,38.37173768530361,85.22017996132412,36.87664698208361,-40.18303602082467,161.16433575415147,-222.32070124267358,-31.60814590517927,-78.7084186035527,167.95045016302382,51.17632663852156,118.73355059286041,73.59491188769002,19.68376815864555
1458,-670.8828249007295,25.002030507137864,108.78474212530895,234.65408483463355,15.708782260089016,69.52379729191694,22.963491412770804,-79.47111894545412,77.97684470201608,-207.20007017841183,0.5074886860252564,-71.78825618184595,78.90015568481978,33.304757446792294,99.73247681551572,62.59666565283898,7.066969364062563
1459,-385.33069029112465,-53.86062930987429,49.53160202495135,123.51489202977542,-2.1407070785623534,22.115400708645108,4.402575364843833,-101.64174040364308,151.18350926272456,-82.63313292167015,-62.27200295663467,-41.20052915188864,47.596659031593475,5.22615681139097,61.664681252100095,3.3493855705689337,67.75532976572924
1460,-172.80788108598523,-1.1089286473571878,67.3540114808183,131.4152382599395,20.96105485533936,36.421274705856916,24.29378183065792,-39.065025281512604,104.47245111414767,-108.091903045767,-10.817318262427204,14.41383370704975,54.956096204445195,30.678681786879874,69.91692115774087,23.288480719766767,-19.054035641127705
1461,-653.1743333940786,-2.019077122113592,103.36278670063342,225.38423611919418,8.905525369142724,63.56912056659284,17.634737612292742,-89.15854616406253,84.97943039066313,-188.18653278553242,-6.940590920541899,-66.94551634940237,76.045291557873,27.36274373255443,95.81585856144471,46.215462496767955,40.44039957643681
1462,-633.5421810657649,11.77407964622982,101.55309273786813,228.70483450942237,14.280185455372626,63.95124187843986,17.631109030243927,-73.63828047525541,66.54896619566814,-191.5880032110147,25.93800801759948,-58.85180671007275,64.83962352641362,26.52549225489594,94.92415646464221,45.896632400342824,39.2174503974114
1463,-672.0223501239224,25.072491247498785,109.28467919335426,237.72556327121833,15.808404920289997,70.03641799403314,22.775384455583904,-79.73451176383111,78.76390995177707,-204.8099383187807,0.12592267179350172,-72.60778870958717,81.00090239217045,33.767171207235535,100.1251336916601,63.27911835327541,7.96259026940798
1464,-376.2025592693407,5.506474652658779,62.996167646094534,130.6276532408453,20.823203003779813,48.30348115156861,17.298118713095967,156.31302750838333,138.5013795151089,-136.22141751695656,-10.98165792512488,-41.77120358036806,65.65463105397077,28.624358823648897,8.76145487025378,43.678124741492745,4.171267270986766
1465,-510.3784505163591,74.62092810586142,78.30287924415933,171.05128548955363,28.792368628753536,52.81164060625392,26.403796485869716,-50.01919488197712,73.53770645565966,-169.58539498331632,-24.38988728336141,-66.03115386977922,62.49098616861241,34.92432550048833,76.85199956494353,80.06735594474456,-81.6952924446435
1466,-590.1511567636093,-1.3942901529194038,121.85050771372116,378.7442191307548,36.27954848795793,89.23072405379504,37.14749066054048,-77.47004101252462,162.72536987395998,-227.81601106847344,-29.524026037199807,-82.11874782251013,173.84627552186865,54.85167689052935,107.43731209285625,76.29885022329141,24.0307899757399
1467,-267.1763100039599,15.255576006657417,75.44098344764825,167.8399967520065,20.133584635071887,46.011130034457096,22.992340475735798,-34.98145917162508,103.52921009604309,-159.87162303417605,-7.545645272603007,-101.70026797282256,57.36827804700583,19.550151845330895,72.9999899549189,56.942495925471306,39.30098890809664
1468,-348.02336273508956,19.34615723548239,65.5912963530674,135.07540185193687,183.90812851516492,40.713464012340694,14.56928281055882,-32.52381234455676,93.05227728211285,-128.4212912262824,-34.230724505850084,-42.046875236484816,46.3083406633499,26.018520260486373,57.27929155323598,39.22202977734658,-25.9128207906375
1469,-425.59141746751175,71.12538561909383,65.56104542516225,145.5817516716839,32.037484053549306,44.13439484812034,22.424453123234258,-36.246821071463955,70.93923626491176,-147.38574754294,-26.424535094764558,-55.57375317422577,50.60741377604746,29.498820578537508,63.4644806912677,126.3672709171122,-84.54128346450267
1470,-207.79228078726274,14.923839035549975,67.17154723670252,127.33732432072011,17.229161312327317,37.637545053325496,20.757968457448012,-30.16606408543687,93.03082587187825,-140.3735832231813,-4.142941247234946,-83.39386843620537,37.727109689159946,14.926449470309135,67.55151416319887,47.53586917984216,31.374914891800007
1471,-625.2919746275768,-5.540800382700458,121.36160179283087,223.91280170298091,12.034697018585007,64.36526402927777,17.703186638654085,-75.17520117594366,74.52673972586666,-187.58344367365146,-9.360746219200902,-66.70555880487711,71.91096740494983,12.13093365170591,91.48761969439059,52.27067564595573,22.957872208458596
1473,-536.4105198131903,7.546883763822908,115.42186418620926,371.76956814110804,39.05199880517971,85.00674920038888,37.40325246736877,-75.93883350475478,194.89209683978578,-213.84336996718721,-22.648451514466664,-77.16257952425207,165.29064190549255,52.016179363122355,109.20760736828186,82.60649302701928,16.48568943145648
1474,-493.5053117866351,7.774806991173259,89.43616662142252,209.7346567028482,34.74889504086596,59.60698487468737,47.62560022069429,-56.7429722564049,122.28315157755796,-339.1675470777254,-16.35438546209719,-39.67933750003513,64.771951882065,32.25429721010606,82.22089519998259,46.74315026174498,-43.42537315334062
1475,-372.0716290501296,12.870238076843858,76.4586680905386,200.38038299094086,21.514506171053164,45.56863123229065,21.476020570604053,140.16969344673103,77.31879285911245,-142.48856172986814,-11.964485386429658,-48.541419242902485,49.03443621535182,12.728494086893782,141.72718729709322,37.98773395263119,6.402209160506386
1476,-392.1483348544991,20.586241063113636,79.19747480316607,152.18056481933203,14.418609910679574,44.22960770001545,-20.936273013606662,-34.232229015970915,96.6618581961473,-338.29181080630525,-15.170567511978303,-67.18250061244765,49.1409255840553,10.245974777860388,71.52675931614226,39.98595445291585,48.982236817295735
1477,-494.85720183061767,-3.896064661397573,106.54876461353004,346.4689207581084,35.310341560753834,111.18310095628374,34.28753519979937,-65.44663802132122,156.26507427139484,-199.7328769579077,-31.268754129531153,-71.34707170916376,163.7780470414359,50.08929074080967,93.41538540409212,68.38797115458354,18.71645484209752
1478,-373.8512138350261,-54.62568837702103,76.00028657542255,114.73806224273372,-2.0505162983067584,21.927867864228848,3.707148212191934,-95.20604004658595,124.52107605222108,-84.05077652670819,-67.33013978226782,-40.30027870421066,49.82906133983241,3.6650447551439758,52.65814943750539,-0.1728245464962574,70.7538839698163
1479,-177.81952207294688,-5.209490194904257,30.087100679301557,85.73044508230747,11.39421976565865,21.91204618048679,3.9872699293144493,-36.03375575644268,67.33526260128677,-81.25657712639068,-21.16851541476783,-23.6559197291473,34.16345446938064,9.67159275562054,264.6890004432018,17.233108794900183,5.099983965274501
1480,-536.6646242408927,-14.619812596433325,110.62732981990082,357.27142202374375,33.54447758620468,80.45912291407826,34.10610320310109,-76.62629089120813,169.85729777057176,-206.4673260831683,-44.02201629552799,-76.79335348280888,168.4057724907939,50.106703627391774,100.5630494742351,66.0685721415974,31.657414147967085
1481,-333.59216752709966,-22.262413685089143,61.09528222656547,159.28462204940854,14.648743710768088,37.8554695908103,-2.6331532358530483,-26.69098935656103,108.91920252418112,-137.8328140628971,-9.993098644012607,-45.65325923508763,38.23468930110124,5.024583720105161,53.944728210214215,12.640846520889726,-211.18213712280223
1482,-504.86832196473426,-6.384489597075795,97.9173874042555,250.34388066288167,36.433431017353335,66.6770100416692,49.67051195656139,-60.52195625874024,138.5732713829966,-350.295603593215,-16.173853006403096,-42.484693435765344,86.01469845853654,41.291756787567735,87.61424073309882,46.14566519644698,-23.546009160212627
1483,-670.8828249007295,25.002030507137864,108.78474212530895,234.65408483463355,15.708782260089016,69.52379729191694,22.963491412770804,-79.47111894545412,77.97684470201608,-207.20007017841183,0.5074886860252564,-71.78825618184595,78.90015568481978,33.304757446792294,99.73247681551572,62.59666565283898,7.066969364062563
1484,-653.1743333940786,-2.019077122113592,103.36278670063342,225.38423611919418,8.905525369142724,63.56912056659284,17.634737612292742,-89.15854616406253,84.97943039066313,-188.18653278553242,-6.940590920541899,-66.94551634940237,76.045291557873,27.36274373255443,95.81585856144471,46.215462496767955,40.44039957643681
1485,-161.55545637921114,-6.872285288481659,172.67173870657197,66.45144294523347,9.494732564744412,20.24070912422126,9.91825844956101,30.7579119965815,27.603568941787387,-67.68872549979726,-15.701031770457117,-11.793532471856226,24.161185178041602,42.27058687667713,11.1336654697383,13.80980439191401,10.594459345165111
1486,-555.3061269223881,-2.3431461419660318,118.69522349046919,375.7820960647079,40.803828522045414,87.89581920054202,42.62369468677454,-72.46399528830037,174.11706983856135,-256.0701603935028,-30.509966330815608,-75.78156079686582,170.819662696997,54.94709675037807,105.15237745529257,74.44993023733402,12.0022889982561
1487,-357.3298017357632,13.910049683739798,72.07222316991056,202.13546614465398,23.085815411743326,41.21713368236891,18.610359011372175,108.75630279178255,59.77154520672902,-138.48627881618867,10.916923620737995,-39.753178792946976,33.66981741742855,7.5224590611706,148.65338405242954,28.86500238945704,18.5409762948041
1488,-672.0223501239224,25.072491247498785,109.28467919335426,237.72556327121833,15.808404920289997,70.03641799403314,22.775384455583904,-79.73451176383111,78.76390995177707,-204.8099383187807,0.12592267179350172,-72.60778870958717,81.00090239217045,33.767171207235535,100.1251336916601,63.27911835327541,7.96259026940798
1489,-513.3440148545947,75.84102789605383,79.61472843321926,175.98300087654965,29.61032317211842,54.065601700843644,27.066431258818994,-49.50480041474576,74.40808671836645,-172.18971042955874,-23.508717874146758,-66.75665296793323,64.85294930308797,35.8604045741908,77.79084134903827,81.54685859437615,-82.73788117783133
1492,-530.6255690391554,-2.2025704878145183,77.10617578078262,185.14343888210527,28.447911861835237,59.13026647063034,8.460220009191337,-5.311343940805444,259.5609029546379,-240.61863081723027,-26.432073545135776,-57.67209561737986,60.60014978065815,33.57433047380752,42.237528140616526,40.64747831651537,19.82289756841791
1493,-632.0505505632499,13.7959634235179,104.65475711267777,229.11924501261635,14.802855573325717,64.36559261023075,17.903369977668262,-72.56272532931887,66.02458314351381,-192.4020893614209,27.924573141973944,-58.83714056199021,64.81159549019976,26.551347737144155,94.91512749128755,46.62892011931284,37.941456590095044
1494,-513.3440148545947,75.84102789605383,79.61472843321926,175.98300087654965,29.61032317211842,54.065601700843644,27.066431258818994,-49.50480041474576,74.40808671836645,-172.18971042955874,-23.508717874146758,-66.75665296793323,64.85294930308797,35.8604045741908,77.79084134903827,81.54685859437615,-82.73788117783133
1495,-204.908891239892,-2.676284610104606,40.56666314065033,113.38736119941734,12.137092553583193,186.15172086474792,10.376082429225026,-24.572622135458168,63.13347748659307,-73.87394211509533,-9.246467315590012,-19.93288254044414,50.74846582089738,13.426966028309621,35.527176554342105,21.925841115931092,1.6554561945731414
1496,-215.02584221654553,15.426519009996408,45.30932731053692,158.3951651154071,14.246838696253192,16.092630589851822,4.822103955277732,-13.40840068461644,63.37393849065347,-111.31981648878855,-11.15932481069824,-227.939621088743,-20.142132952300717,-23.181192195000133,2.5666757615141,0.7880816206124829,3.655271768129171
1497,-312.2419344634578,47.77508902487303,207.51961527975106,145.28544189722788,24.26267164527687,42.96804304745035,18.090395031186063,-47.703166052008555,124.2621457257978,-124.07293943495613,32.53631413100379,-40.08108818493158,45.8621794983049,7.32477788372174,61.629232113529085,39.84494963083999,4.646485330473964
1498,-263.2764585220521,9.732674325163405,50.99528022502516,104.18012718193287,17.39920106770618,222.9418072203865,7.976996956976845,-14.219780288994013,69.17004081483311,-106.80882957086413,-7.596841765406415,-33.41309533532683,13.777858310436589,5.778265181926612,36.58585223143286,23.849641023785757,8.4845395843085
1499,-685.0113270351367,8.6493478055502,116.6823556982067,274.3324346124625,16.487886348766,76.06627358895163,24.26148851756878,-85.73907545717195,95.73106237273035,-213.8517460895697,-1.782074488188834,-75.09980840197933,100.90999712834615,36.81656241154126,105.3033544131479,61.0459145593532,30.150395486672483
1500,-532.5881439150955,-14.885184256154636,109.6765249056534,354.6239023271416,33.27416088627177,83.10231324732608,33.797132640091455,-79.03671816844087,169.31963713711912,-204.71081826148838,-43.87096262789232,-76.0913496974086,167.99244710208802,50.008627370007396,98.06568384506159,65.6241489941225,31.505743821106265
1501,-667.3314239709864,25.320664031426155,108.14737252180295,232.7811530919549,15.433823019561746,72.24651289742344,22.23592099526847,-78.72026249852918,77.0046016773917,-202.89937106211497,0.5817375308917042,-71.83459920014735,77.95365935486095,32.862229114583826,98.96976619252501,62.35876169766682,7.778803738915955
1502,-673.8813397617974,10.211401306120976,112.23503347107608,245.26736541684267,16.064250848055504,71.44025611948777,26.516192008059914,-82.80028834410953,90.3741854620243,-238.61482916987325,4.167473105448114,-67.00788652120231,79.64931470509389,32.40320365164296,102.48493035565714,55.383760657411266,19.651795886921825
1503,-408.26834878260155,118.00414407647628,63.498352915722,137.58108448897806,26.824898638929316,42.638691597866206,21.919183719013073,-35.24414386286984,67.72067210265341,-141.16311725737705,-31.545218470065493,-55.220075735292795,51.84779466237107,27.321274364181345,60.16894171845953,74.04206595141247,-82.23723351078527
1504,-672.0223501239224,25.072491247498785,109.28467919335426,237.72556327121833,15.808404920289997,70.03641799403314,22.775384455583904,-79.73451176383111,78.76390995177707,-204.8099383187807,0.12592267179350172,-72.60778870958717,81.00090239217045,33.767171207235535,100.1251336916601,63.27911835327541,7.96259026940798
1505,-545.5002864892889,2.7777432077157824,116.6396069742359,364.5029616746037,37.29842078749477,85.19762852493221,29.184465878125277,-67.8900234021431,165.08332259884298,-256.93108665498403,-32.57590682522115,-80.43532931906456,168.98706346819625,51.59993005783397,102.35460817570382,74.49902299059801,24.27576602768745
1506,-672.0223501239224,25.072491247498785,109.28467919335426,237.72556327121833,15.808404920289997,70.03641799403314,22.775384455583904,-79.73451176383111,78.76390995177707,-204.8099383187807,0.12592267179350172,-72.60778870958717,81.00090239217045,33.767171207235535,100.1251336916601,63.27911835327541,7.96259026940798
1507,-508.3805040676935,-5.0918358297900985,109.60922420786464,354.81429882538396,36.547942503065414,80.94984570956778,33.83608334049523,-64.17589702812612,160.6954276206245,-209.8763929215614,-31.1696527037691,-71.6249968844805,162.34274647717072,49.56059153180548,94.56633514895739,122.77115119050768,20.816755936718387
1508,-681.3786659048504,9.832587932286234,117.075378641606,274.76385306264893,16.98312718960371,76.38983635230453,24.67585973293053,-84.68963709147525,95.43495549941882,-214.28961266792382,-0.5228268539332835,-73.7912631071759,101.08960822306103,37.23889677690799,105.63680999816263,61.480236459470426,28.227131862785033
1509,-271.1694779166227,82.31175269618711,197.9712640358443,124.5980842786128,20.08764256782964,38.30859004075598,13.882551576028975,-35.68186586692008,89.05635319205679,-112.52478172047414,18.187715954362915,-35.51485261255249,46.70340698817739,2.764799110682266,44.755781501079724,28.726611986677096,11.793187505447468
1510,-212.49386013948455,18.589911891172083,61.7601960463151,127.44888803078344,15.300421754622208,32.49328694962999,15.547111887207315,-24.150446253811335,82.97983960451725,-142.81312010395334,-3.8561289059457313,-131.25283694700218,19.706595072133375,4.1478509692489265,53.15462044557969,42.054338654609666,36.36532240322684
1511,-633.5421810657649,11.77407964622982,101.55309273786813,228.70483450942237,14.280185455372626,63.95124187843986,17.631109030243927,-73.63828047525541,66.54896619566814,-191.5880032110147,25.93800801759948,-58.85180671007275,64.83962352641362,26.52549225489594,94.92415646464221,45.896632400342824,39.2174503974114
1512,-241.86190936465636,-4.2769920762017755,78.38387882323993,182.1537391938866,25.41494188628229,46.92676994113232,28.296298036281826,-48.34291887197978,120.3451125235277,-125.23984274055411,-15.98088447446785,17.27871135758964,83.50129930685408,34.15842130521663,78.58698440088504,28.951225921591643,-22.422454532389
1513,-375.6382500050313,11.493978483008538,76.97106786991183,197.94924432258713,21.378676575307445,45.90510727841456,21.64552143625205,138.4134889973474,78.67776750785764,-143.0000066558601,-13.21972483300876,-48.8818558633099,50.52936935746678,12.823409401239822,142.75660772416109,37.68612599372145,8.090523937942935
1514,-379.3896400332065,7.313784608338319,61.95085475937856,132.9724833168733,21.028921844867103,48.82191431237495,17.721037341643594,158.71412124222056,138.92562319173135,-137.70776708932334,-9.767651499245744,-42.132541138446044,66.37382592058249,30.357489387440392,11.278736538843383,43.97561074680129,4.559487676759272
1515,-428.6077978204431,70.92338242899072,66.0615957383028,147.12136518418288,29.060762643861022,44.53076226202664,23.092389165824468,-36.72505089757861,71.50776420232418,-151.64577683640428,-26.035513949930703,-55.5374029317496,50.9874571239145,29.63324014176446,63.98102262104468,126.53965691196083,-84.90932648366501
1516,-205.56168699528982,15.318092905038426,66.47716370039926,123.2251182907305,16.769435894183122,36.85256629625423,19.594739836686614,-29.521129324499125,91.68310075740173,-142.79201384490585,-3.8529657557409487,-83.0096783784376,35.4042957892136,14.09664372047473,66.95718127613726,46.819075788568306,31.868113672927624
1517,-379.5054866056846,5.82739966031067,61.34757876647817,131.23107268349702,20.532362847769516,48.345017122405245,17.357577605333084,154.7936850597523,139.83846954335917,-136.5043638569302,-11.016843220316863,-41.95767935173965,66.42876720528241,30.2504505333002,9.298070736444252,43.224096248164074,5.828849458677198
1518,-397.67799847925795,-59.81801140744161,51.418163022585134,118.99957256104122,-3.5491854437662127,22.715334762280108,-3.544291928658545,-93.895370867945,122.56099748210902,-130.2700585241973,-76.35549404679892,-43.66259376267624,51.01526582413355,4.732109640067652,55.63156834538091,-0.2339323058463837,77.62410343014102
1519,-434.58898072540353,13.94185151613034,89.52351228055338,219.6433919529613,20.73244129254609,50.791879554584604,22.46099977602643,93.90759989525709,73.03965610507471,-158.5844865264159,-9.136345320002201,-54.572216102045736,52.97302652688153,13.425521394663159,159.51948403472133,40.63173039254315,11.416143731918556
1520,-241.86190936465636,-4.2769920762017755,78.38387882323993,182.1537391938866,25.41494188628229,46.92676994113232,28.296298036281826,-48.34291887197978,120.3451125235277,-125.23984274055411,-15.98088447446785,17.27871135758964,83.50129930685408,34.15842130521663,78.58698440088504,28.951225921591643,-22.422454532389
1521,-204.2697782377607,-10.807828596733083,42.19048346458001,98.32534939203755,10.415613803617282,21.911888789020146,0.3069100948415152,-14.233476624716177,69.73894321202992,-85.24462123252034,-9.533713100492978,-25.619741682960406,15.287545230355438,0.36861581093002777,31.490147310340703,285.13570952679163,25.592682647139124
1522,-497.5068809875146,-2.694145776459051,114.30424074578632,360.02713954005765,38.386499136278616,83.53512906424916,38.19316995463918,-68.75051125219704,167.1664830561928,-210.80943766341122,-31.244469844477063,-64.64124445802186,169.9209542937591,54.354434740015094,102.14969596322041,70.66770109148561,13.02601823650223
1523,-497.5068809875146,-2.694145776459051,114.30424074578632,360.02713954005765,38.386499136278616,83.53512906424916,38.19316995463918,-68.75051125219704,167.1664830561928,-210.80943766341122,-31.244469844477063,-64.64124445802186,169.9209542937591,54.354434740015094,102.14969596322041,70.66770109148561,13.02601823650223
1524,-665.4241246554004,25.035631584042402,108.36585294769361,233.22526633440873,15.485691217762824,69.1060196627963,22.527120897996376,-79.19946786536575,77.59742281575876,-202.6434894508924,0.5040008968343973,-70.57374431662971,78.81855035240979,33.253426498899785,99.51974749258008,62.233937603761056,7.081915378708353
1525,-417.7216220580515,72.79715759415623,65.19939848336391,142.84498367307688,28.881363302781022,44.54525005567744,58.17388058838469,-35.90597785635716,66.66066705616853,-152.84118402688497,-24.347037446065425,-56.654788514804615,51.12169100289101,30.35769842370554,63.06575502792767,67.83327645716996,-89.06116563464592
1526,-292.568949663268,-11.926027288511857,50.936251680986885,121.13893915439085,10.00861335684984,28.40540768171027,1.0799844610548939,-24.44676328877459,68.49951417896239,-100.68479988678935,-8.125661627568178,-21.252452575047315,24.11341659797647,3.9576957451379555,38.23024064192507,286.4059856826693,23.36296522343102
1527,-397.1938203113003,41.93272326448515,71.7484772133529,190.43016072110134,20.87834555642359,42.198940715730565,19.192197211686825,-89.39426069018081,251.65530978707258,-117.55317555978483,18.095490969014207,-45.03161903317856,37.23981842570204,13.468676798478342,106.31033905650503,49.389660105216954,7.094610675967975
1528,-588.6595262610942,0.6275936243686769,124.9521720885308,379.15862963394875,36.802218605911015,89.64507478558593,37.41975160796481,-76.39448586658807,162.20098682180566,-228.63009721887965,-27.537460912825342,-82.10408167442758,173.81824748565478,54.87753237277756,107.42828311950159,77.03113794226141,22.754796168423553
1529,-223.62115204298158,-90.89077653249636,127.41308680814406,80.42298507820722,7.26479032267706,15.707562004488723,-1.988405873907142,-29.9944690743988,62.910405161251056,-61.76259802396393,-85.43652626641331,-31.123151616456607,11.4025341363889,-77.89809554990343,25.917645861528563,15.205722930237323,0.6347126584581806
1530,-367.29305052646066,6.988643905772875,64.22019093908517,136.5337315080636,21.59641601929987,48.60203558455736,26.85889008430043,146.44328554684859,111.92853876219584,-163.9824390806724,-6.997756649706862,-38.00114361057724,66.91960904204933,29.29231422395681,16.969509129735123,42.94987047008661,-3.2462465238029288
1531,-180.36497649557185,-0.9325759206718798,68.89416558095763,137.27631641514233,21.59190939405774,37.88902732297307,25.060243702674246,-40.2618160380554,106.89024425507588,-111.2142851935512,-11.143509059674326,13.276171754079748,58.34637063310047,26.56277156112889,71.57947991430194,24.611767290405716,-18.830771883366854
1532,-682.8299767764353,10.181920779810579,116.48127859123278,274.7013899891545,17.08507080279155,76.1087315124902,24.261085341785574,-84.01460149174895,93.68323301773091,-214.22968724795663,1.8711031716046522,-74.2005073309427,99.66492290262845,36.72353446957921,105.20427640239207,61.01048899308374,30.01451224455855
1533,-208.16901614362283,11.462415270940944,45.7399818966007,160.87991313901267,15.337525716685798,16.155501157263718,5.89767276658429,-15.932338672771074,66.8387930864529,-104.02999198138103,-12.909466763808085,-203.77211104117174,-14.98731771631559,-20.272111672295196,3.5736671992898668,-4.942943851746633,-8.89614992566254
1534,-277.9431104639967,1.5393454362252097,37.47940340011728,127.80642137836077,22.53208424009335,19.82141790334062,0.8630069775906765,-18.967197018157123,24.335280184734167,-94.75929460840624,95.31576963671688,4.636182911512965,-11.91918227038258,-1.4298305277268144,46.67736495595286,-9.697065433121667,76.98605667626316
1535,-180.36497649557185,-0.9325759206718798,68.89416558095763,137.27631641514233,21.59190939405774,37.88902732297307,25.060243702674246,-40.2618160380554,106.89024425507588,-111.2142851935512,-11.143509059674326,13.276171754079748,58.34637063310047,26.56277156112889,71.57947991430194,24.611767290405716,-18.830771883366854
1536,-451.9594460740877,17.387144332527548,88.77332638722989,199.41980740867302,18.62736525434067,53.5901745230546,-17.485625507555447,-41.854212189963654,111.44509869254992,-353.39545742852147,-20.526477520186116,-65.77218549920813,75.60377969404847,18.001594331652342,78.4869136009405,45.279839022936144,46.49270619987944
1537,-488.5240253296467,-0.7452938103303163,91.64275357197101,210.92903984536431,32.31728777744569,59.56659341912191,38.589813737470315,-54.72038248329469,125.7300601107936,-376.4376796365415,-13.497606113633468,-39.458702932003064,63.94972810066323,28.479242035671867,82.72176436848564,40.37638796877639,-20.505279239583256
1538,-658.3212479910158,-2.3315503061815535,104.87571299666729,229.94699612949822,9.12629545848206,64.78062373764402,18.297775561025226,-90.36862566225419,87.89764000836934,-190.4129070733879,-9.712599171120731,-68.57031651859302,79.65232891806625,28.391850748218964,96.8537783562953,47.73039071266899,39.533694085362924
1540,-672.0223501239224,25.072491247498785,109.28467919335426,237.72556327121833,15.808404920289997,70.03641799403314,22.775384455583904,-79.73451176383111,78.76390995177707,-204.8099383187807,0.12592267179350172,-72.60778870958717,81.00090239217045,33.767171207235535,100.1251336916601,63.27911835327541,7.96259026940798
1541,-586.5184956333231,-0.2110500261833693,122.24353065712044,379.17563758094116,36.774789328795634,89.55428681714794,37.56186187590223,-76.4206026468279,162.42926300064846,-228.25387764682756,-28.264778402944255,-80.81020252770669,174.02588661658353,55.27401125589607,107.77076767787098,76.73317212340864,22.10752635185245
1542,-282.1415434159545,-2.696690636295053,54.264572786801395,125.96843780607396,211.87026313781786,34.19428838306978,10.112305021969437,-24.47383356197286,82.22328157612061,-110.39066006912724,1.2371134276026818,-38.34387423226243,37.685210350653435,2.7738138883903334,42.462368938602545,26.504717567139917,24.672115417047483
1543,-446.1473332718872,16.253786031862067,83.927759735787,169.78352715268886,17.882916006444415,48.86473801540551,-15.667517892016795,-38.745167775795814,106.94129533228686,-378.38470107879135,-17.138979477117214,-56.7324538983814,55.08186579440896,13.813626555589613,74.05185445664154,38.25186672965718,37.03068206559222
1544,-655.8269829799702,20.647531919686354,108.88327123385727,241.88138782147428,14.631436382135895,68.57101608357462,21.371076798514096,-86.10995687113514,110.11718625970138,-196.8041776254532,14.398283592652179,-67.97955031575543,73.51313806041652,29.470532177895734,106.8973056009735,57.83919352099182,25.016494113471612
1545,-449.5782037930083,-9.764511897667692,83.80045868458511,199.3801400457334,30.848477609852438,54.57747021128394,42.390689469704085,-51.78404339488606,121.25885011962934,-324.38853859724526,-13.354087415627827,-30.742403927006183,57.04419468251284,25.96623819638414,74.38730643378884,87.85146621949089,-22.02607969201908
1546,-657.1817227678229,-2.402011046542475,104.37577592862198,226.87551769291343,9.02667279828108,64.26800303552781,18.485882518212126,-90.1052328438772,87.11057475860835,-192.80303893301905,-9.331033156888976,-67.7507839908518,77.55158221071558,27.92943698777572,96.46112148015092,47.047938012232564,38.63807318001751
1547,-333.59216752709966,-22.262413685089143,61.09528222656547,159.28462204940854,14.648743710768088,37.8554695908103,-2.6331532358530483,-26.69098935656103,108.91920252418112,-137.8328140628971,-9.993098644012607,-45.65325923508763,38.23468930110124,5.024583720105161,53.944728210214215,12.640846520889726,-211.18213712280223
1548,-288.56722543490764,-36.27688994277714,60.66441914014085,156.16667767353835,13.09201276268031,36.037319630236105,-2.9336603027000905,-26.816746573871374,114.47459771531034,-128.81628514723067,-7.514539594335456,-30.24262660996202,38.63747302684148,3.9878045952907932,54.001608673518454,2.5558887453990127,-200.07751630342983
1549,-121.57664666808667,15.075772307615784,35.422897794764566,126.89401082183484,8.599951487251106,8.204870954719524,0.45749117452868987,-8.588574862307505,47.18604620111235,-89.71564630959396,-19.598787312934927,158.55816904348376,-25.155451599994937,-31.57325753449257,-14.602052406442837,2.1685757886898447,2.699614495155124
1550,-368.7354531887626,51.13535369685641,67.41378076019369,217.002834993193,22.77599193619407,39.646934338416145,17.841444471854,-71.68451108186056,242.07442064905544,-115.27669956139198,30.923188284747443,-42.37313980263118,22.90214088826812,13.35309631283975,96.47759145244643,53.28063903003643,-10.12039903525653
1551,-339.7393156170717,19.454616996969815,64.75860844918826,132.93692472572403,183.9711376640743,40.10588988598375,14.535612425414925,-31.52964878615976,93.21416237404534,-127.33293143360743,-34.37118087422348,-42.60505533379775,45.433914059828794,25.66474536185483,56.626555152371104,39.131274966666595,-25.69134364973127
1552,-404.40166273777913,37.37275775850322,72.53777855392609,192.69144830965578,21.41769597873688,43.01169479965522,19.53645312833392,-89.24655557569699,255.66416713650736,-120.39114882131133,18.37079381895642,-45.77750600670534,37.851472309417694,14.302249456300142,106.77179572312494,50.264559440939074,6.762748739108959
1553,-523.2758635765279,-18.34610708462324,70.93151925321584,176.94834531204106,24.865620609628355,54.4404430954456,13.466158487312496,-16.904636222496418,264.3343514723353,-190.39117013756064,-38.143522552222315,-54.259005213517185,60.208657435366156,32.51159723512679,38.79243917028517,33.02038573293818,25.316797089019982
1554,-212.79524842457263,15.820772879484862,44.614943774233666,154.2829590854175,13.787113278108999,15.30765183278057,3.658875334516335,-12.763465923678702,62.02621337617695,-113.7382471105131,-10.869349319204241,-227.55543103097523,-22.46494685224706,-24.01099794483454,1.9723428744525,0.07128822933862279,4.148470549256792
1555,-233.57786224663855,-4.168532314714352,77.55119091936076,180.01526206767375,25.47795103519165,46.31919581477538,28.262627651137933,-47.34875531358278,120.5069976154602,-124.15148294787916,-16.121340842841242,16.720531260276704,82.62687270333298,33.804646406585086,77.93424800002016,28.86047111091166,-22.20097739148277
1556,-407.793887140292,15.119923358792105,87.42834608285222,244.33208774847554,25.256285779985696,53.573933575204606,25.309835825598658,96.52854664090886,89.02801548755707,-160.67826744226244,-17.327601451253724,-55.85952951827343,70.77315302274386,17.642468015806102,159.32481181976502,43.64175641227408,10.320161563019406
1557,-233.58539695376575,-4.237760790006533,77.12255961255873,180.6861138440396,25.44011832327882,45.88955493685414,27.96542173732066,-47.06408080532946,119.98315695975168,-123.42461112304315,-16.296671353172705,14.312966408177395,81.57258415522347,33.100675183732996,76.654691060742,27.810894850279887,-23.00639868783202
1558,-658.0083332386716,19.114958945425972,109.0843483408312,241.51243244478226,14.03425192811035,68.52855816003606,21.3714799742973,-87.83443083655814,112.16501561470082,-196.42623646706627,10.745105932858694,-68.87885138679206,74.75821228613422,29.563560119857787,106.99638361172933,57.87461908726128,25.152377355585546
1559,-485.4224235778557,4.257474269485286,91.85953414701935,223.38495665040423,34.61065113541607,60.60704722986973,47.54696528530625,-63.81410239466923,157.42501776589526,-335.9924761184958,-3.972863382602687,-37.401398373548076,63.25318804497987,29.922844270133268,90.96982868824132,44.297656294994,-28.320763533538713
1560,-267.1763100039599,15.255576006657417,75.44098344764825,167.8399967520065,20.133584635071887,46.011130034457096,22.992340475735798,-34.98145917162508,103.52921009604309,-159.87162303417605,-7.545645272603007,-101.70026797282256,57.36827804700583,19.550151845330895,72.9999899549189,56.942495925471306,39.30098890809664
1562,-519.6031317110273,-18.137615061244876,69.85723744924479,172.21007698636572,24.48771959622,53.6640896793866,13.0896866945032,-12.553217658809913,263.1708666198674,-188.56502414107305,-37.65965520236025,-53.51302908932208,58.13808195496523,32.00309372203458,37.06189969990097,32.417730673354555,25.009625866664102
1563,-125.20999780319391,-0.10314015782722326,29.059070399791462,60.49093939989817,7.168557018698519,16.417996314423135,206.47236252030055,-5.647632489543006,35.239163338507225,-64.9869962936474,-1.9943286928148416,-16.054081270791656,11.875336067091615,1.3168376029566415,17.06799606562686,-13.213054189687238,3.681523549022964
1564,-513.3440148545947,75.84102789605383,79.61472843321926,175.98300087654965,29.61032317211842,54.065601700843644,27.066431258818994,-49.50480041474576,74.40808671836645,-172.18971042955874,-23.508717874146758,-66.75665296793323,64.85294930308797,35.8604045741908,77.79084134903827,81.54685859437615,-82.73788117783133
1565,-636.5077454040006,12.994179436422238,102.86494192692807,233.63654989641842,15.098139998737507,65.20520297302961,18.293743803193205,-73.12388600802407,67.41934645837492,-194.19231865725712,26.819177426814136,-59.57730580822678,67.20158666088916,27.46157132859842,95.86299824873696,47.3761350499744,38.17486166422356
1566,-267.1763100039599,15.255576006657417,75.44098344764825,167.8399967520065,20.133584635071887,46.011130034457096,22.992340475735798,-34.98145917162508,103.52921009604309,-159.87162303417605,-7.545645272603007,-101.70026797282256,57.36827804700583,19.550151845330895,72.9999899549189,56.942495925471306,39.30098890809664
1567,-480.60522431157256,72.87660195178896,75.77819195625705,168.76086802731754,33.067220551426786,51.90139603427136,31.846851312856632,-45.010339480930426,81.61115340853323,-199.23298864612357,-25.93499683035669,-60.14058906014038,60.25614486812391,35.2941677275307,74.344413065529,78.15424211439792,-93.0710014712453
1568,-450.7952064347704,16.981343614886455,88.21447500292804,198.5516306581971,18.501422384517664,53.29697555510655,-14.360020885173672,-41.51483277435949,110.58717815937374,-352.309951394966,-20.508009710427764,-64.28577220935647,75.31515513828496,17.851339991279684,77.70640705730875,44.067480889939155,45.728462703826295
1569,-666.0341851996147,24.838863723790304,107.85015583027928,232.53625293268283,15.268619580004557,68.80508485874198,22.03701949699147,-78.68960195506827,76.8777265376182,-202.16742514902953,0.5286352515172074,-71.39234347322966,78.00102088515011,32.73981827806252,98.73006856448247,67.46532006347904,7.98799796713247
1570,-476.7816090676565,-18.642762296023136,84.9045262507205,201.69849460958864,28.34495478213746,54.37381857759682,43.072261140492465,-65.8177818788338,130.4010784826981,-324.7323181088238,-24.909025316073063,-35.15191917083749,62.78546003541602,26.78770289561895,78.4933165215349,36.860126980973796,-12.87145037284903
1571,-544.1301762759982,0.03733905234774926,116.19871035456721,363.7251049604317,36.63020984131398,84.6720490992933,28.736704988669413,-68.95343479198539,165.9966956045022,-255.4913835304448,-33.559759009512575,-80.03158209996515,168.85220612078584,51.062398011932316,102.02747264216733,72.94415022653736,27.432876409282944
1572,-373.2617513444317,-34.95454784722791,68.51276991659924,174.72026264807573,11.198264147810985,41.84817366410768,-3.705914936661819,-34.248417193832374,110.00815833253377,-145.98787103520255,-4.084438507527538,-47.11604317050112,42.27167757337185,4.501275378366342,59.52830129586967,8.07391146061454,-188.50701926099237
1573,-208.42761674802364,15.389659346540025,44.39050106487628,153.8948681785975,13.92412499372602,15.162232258614987,4.5738403976902005,-12.873356786151083,62.20745135463516,-109.15336762090026,-10.781246585657344,-225.90557669578553,-22.32448499206137,-23.694936903335886,1.9612895624340934,-0.2570991289018681,2.7745968774295457
1574,-512.2044896314018,75.77056715569292,79.11479136517396,172.91152243996487,29.510700511917438,53.55298099872744,27.254538216005894,-49.24140759636879,73.62102146860546,-174.57984228918988,-23.127151859915003,-65.937120440192,62.75220259573729,35.39799081374756,77.3981844728939,80.86440589393972,-83.63350208317675
1575,-427.8545242585001,49.799115650677386,84.64010915134918,243.17829309028028,29.095121515223408,54.49678347930398,25.749447614278022,-84.12335484891008,260.28473831037456,-143.66808427469036,27.43162762736418,-52.42826098129902,59.82648776707468,23.000528737512955,115.40652707862262,64.55721473772607,-4.177516834864478
1576,-376.2025592693407,5.506474652658779,62.996167646094534,130.6276532408453,20.823203003779813,48.30348115156861,17.298118713095967,156.31302750838333,138.5013795151089,-136.22141751695656,-10.98165792512488,-41.77120358036806,65.65463105397077,28.624358823648897,8.76145487025378,43.678124741492745,4.171267270986766
1577,-479.434258653548,4.023846745776807,90.42501078394436,218.19564631186873,34.070865795130636,59.375714094578555,46.808600326713815,-62.769192585906396,155.5388343517364,-333.34996294874463,-3.570150802878983,-36.185953137190566,60.25330653795953,28.895491340960255,89.57476356106368,48.48385800519766,-28.295355835814227
1578,-436.7582138084255,49.894046795996225,86.33515431939449,243.06857519596528,29.282454909362773,55.75810935839654,26.259433199301007,-85.57189069217856,260.8392355342958,-146.4347380224521,27.751106378725005,-53.3187232143472,61.85997708382712,23.58064526358677,117.3214403477925,65.35378603684946,-3.3788006528424406
1579,-653.1743333940786,-2.019077122113592,103.36278670063342,225.38423611919418,8.905525369142724,63.56912056659284,17.634737612292742,-89.15854616406253,84.97943039066313,-188.18653278553242,-6.940590920541899,-66.94551634940237,76.045291557873,27.36274373255443,95.81585856144471,46.215462496767955,40.44039957643681
1580,-667.7572152381446,24.377621291077894,108.21006397854383,233.63645577256102,15.296874416670304,69.08229573097233,21.950028919332624,-78.89106805477118,77.71548785841478,-203.16461818654818,0.6095294697018366,-71.93390552244307,78.36581821130622,32.75171648968494,99.16028436402007,61.90593314001953,3.7502993571510856
1581,-266.4682387033595,12.866182796709571,36.91999124519288,132.3062648416443,58.81681698433563,23.046467559335436,2.4639777308952184,-6.205895741323292,16.253328376569794,-101.7120877201941,111.01806627019712,5.059211400205897,-13.37238176286092,-1.618846756308128,45.88637580897164,-3.5395129589441323,68.7306742426325
1582,-496.2615326122332,-3.052782988794291,113.60675433964634,358.9380868290059,38.22656929464885,86.33794088085499,37.94084479370897,-68.54233451147371,166.3585684040038,-209.0894840450296,-31.2784862853368,-63.00589674937431,169.7885580492369,54.231971023674674,101.40023969520887,69.9673679952948,12.273107582231763
1583,-440.56419384215917,16.682536928918324,83.77395570677689,168.70502304282516,17.631138652330854,48.46396750189253,-15.604555935686436,-39.220284006193964,103.57444619494004,-377.2967760248329,-16.710817377868576,-57.57686022179585,54.59631262054186,13.377456727219915,74.56034483949686,38.45531201857182,37.536497146425305
1584,-440.4885717790811,16.08935869476068,83.30132404796893,168.26448444345982,17.523135716615847,48.169319754579405,-15.987100455560684,-38.962811894711955,103.20123537637942,-376.0917292722294,-16.861197218496752,-55.978708373638675,54.29426467688069,13.154756558653146,73.87136505517682,43.11359193105391,37.18743756547025
1585,-223.62115204298158,-90.89077653249636,127.41308680814406,80.42298507820722,7.26479032267706,15.707562004488723,-1.988405873907142,-29.9944690743988,62.910405161251056,-61.76259802396393,-85.43652626641331,-31.123151616456607,11.4025341363889,-77.89809554990343,25.917645861528563,15.205722930237323,0.6347126584581806
1586,-453.9851639800485,60.895492980803795,66.35375118342355,147.57948279762684,25.838907932982142,43.585770235866,22.923219106476655,-51.536576667134675,80.56667755244717,-146.9951090421093,-38.85318727382236,-60.04095160516809,56.46750604969281,29.981039527740034,67.54084780084037,74.75126772424858,-73.81648752596172
1587,-379.5054866056846,5.82739966031067,61.34757876647817,131.23107268349702,20.532362847769516,48.345017122405245,17.357577605333084,154.7936850597523,139.83846954335917,-136.5043638569302,-11.016843220316863,-41.95767935173965,66.42876720528241,30.2504505333002,9.298070736444252,43.224096248164074,5.828849458677198
1588,-495.78256830513106,-2.6911071110177347,113.66926775694755,360.01827327007993,38.21391493977709,82.94647558227705,37.787160408980796,-68.31896146773445,166.24958746277747,-209.7962789251395,-31.55358676579106,-59.802203708428095,168.66330306797602,53.424440599919066,100.50662463182758,69.76035522366257,12.452512228569333
1589,-305.4577232185822,12.901699687597334,47.88925385930627,177.14058319531355,30.684200396626782,32.270240880799975,7.631464975020921,-13.849369126083385,33.267358990644766,-120.42622949877837,103.40014623874451,-1.3249289233064894,11.908088205301608,8.327439092416478,56.408267355269615,4.799995244341337,65.9128995278138
1590,-542.0692813059964,7.711311100924293,116.04829987402735,373.2886108503371,39.41177909500827,85.70216746121498,37.72283503091266,-75.72118938583864,198.63215679569322,-216.13634177374922,-22.926233773087127,-77.91632504899479,166.0782430230208,52.67504936005882,109.38809676974658,77.74476782562255,16.328933931578447
1591,-309.3556493074576,13.985120465041293,48.04827936922936,178.35887991535512,30.761550657088392,32.44686766914526,7.590727678281305,-14.593948562487359,36.07724145086012,-120.85012740441633,104.27478605580836,-2.7368776147452247,11.475261760841066,8.11588357158388,57.18295647420777,5.528046446646492,66.29377260540473
1592,-174.45996834146945,-0.6422536855148967,67.50364256988857,133.19839645233802,21.122294277574476,36.522701057073796,24.407217350138787,-39.18970383252126,104.85343100376913,-109.04994695156766,-10.765747149653908,10.485900290180759,54.59424852163179,25.05414757767056,69.59383763216617,23.090112827495503,-19.26172590103656
1593,-357.41879684688877,96.07091340595841,69.6195153920902,182.20945895748943,22.43394813795684,41.87214936716966,18.73632625242547,-73.66765977650017,239.18053187659896,-113.7440860780651,25.656515076686798,-41.09657796939021,33.21693552452289,11.612420197177183,100.00275911589877,50.30625127372508,-3.641171091968705
1594,-318.2103550993708,-5.007044772483031,60.660598929275885,145.4424928938683,182.5726641574183,39.52428878803211,17.444691800406982,-30.328244028653582,89.9453742015516,-155.15529124575332,4.74956296592083,-35.19010034360166,45.23776594079263,5.626633504118154,49.61343051850803,29.750231978536434,21.422639243093663
1595,-439.6915895931247,-60.866706688279876,56.05697115375052,132.52740515764506,-4.020994226260612,26.57512724784688,4.015348837293133,-101.46529040866955,117.15852738362157,-97.97817991473934,-69.9293188381391,-44.944491843771786,54.50304457237377,7.954695263443391,60.39614487736362,2.288292175443059,76.02434339301728
1596,-384.6554073363067,21.303261202671425,80.35344593733576,212.70537247298086,23.14410581869186,46.608533688619715,22.806393801213524,97.66976101201404,106.45346468474581,-144.61412644798705,-4.166181151505162,-50.10018306403263,45.37472697333872,11.083017801088754,160.963333940295,41.41822870751371,4.814458074871112
1597,-672.0223501239224,25.072491247498785,109.28467919335426,237.72556327121833,15.808404920289997,70.03641799403314,22.775384455583904,-79.73451176383111,78.76390995177707,-204.8099383187807,0.12592267179350172,-72.60778870958717,81.00090239217045,33.767171207235535,100.1251336916601,63.27911835327541,7.96259026940798
1598,-432.77768389157467,11.59904273119037,88.07043678536009,218.6255620071156,20.500611330603288,50.3359928519571,22.129279936364977,94.35138719795158,72.22694912897879,-157.48745403603604,-11.087725149184685,-54.40040647875669,52.22691841178375,11.773574202763637,158.99189714188552,40.353471166901805,11.034555351544473
1599,-529.4860438159625,-2.2730312281754403,76.60623871273731,182.0719604455205,28.348289201634255,58.61764576851413,8.648326966378237,-5.047951122428477,258.7738377048769,-243.0087626768614,-26.05050753090402,-56.85256308963863,58.499403073307484,33.11191671336427,41.84487126447217,39.96502561607894,18.927276663072497
1600,-636.5077454040006,12.994179436422238,102.86494192692807,233.63654989641842,15.098139998737507,65.20520297302961,18.293743803193205,-73.12388600802407,67.41934645837492,-194.19231865725712,26.819177426814136,-59.57730580822678,67.20158666088916,27.46157132859842,95.86299824873696,47.3761350499744,38.17486166422356
1601,-525.9285131624193,4.320501957176701,76.4520037864397,193.44549701432115,30.591531622621527,59.44233861242734,17.20249767353384,-13.856046929569024,289.47210734137354,-199.00881497748142,-16.80464803902823,-55.293039179870256,57.676503937909665,34.61938568046809,49.87388620981396,44.64411675716204,9.892891626054789
1602,-112.58866076529138,-12.682579884733594,57.73685096643169,53.45373862550995,4.313993993928607,6.261622290625485,-3.355143775454672,-1.7785070357390216,29.788798700494407,-46.13498309876862,-15.689167401121592,-13.613696252446482,-7.359148482436374,262.9889445837499,8.587615247044903,7.46750843819288,8.885092706182451
1603,-439.4403775709541,70.87218416160235,68.56322527316354,155.26331680168872,28.72357819794931,46.46682272805674,21.271338120353466,-37.88825589978969,78.51746185236476,-156.04006072724403,-25.758510311155128,-60.56496926648327,53.91224281961853,29.012580428373536,66.99980510023227,70.07781755088669,-126.19017754342795
1604,-129.05067548322157,-3.1313194682122116,15.717638454700543,43.38484519603533,9.431882314330851,10.550786012866592,-2.3541087036832504,-23.72342523658752,36.5097711000275,-60.73538521008602,5.29884904891572,-8.030013738759447,0.7082593516693222,0.10582282814356553,254.14049957483778,2.400956183099,14.666840689122091
1605,-522.9629488241836,3.1004021669842836,75.14015459737976,188.5137816273251,29.773577079256643,58.18837751783761,16.539862900584563,-14.370441396800382,288.6017270786668,-196.404499531239,-17.685817448242886,-54.567540081716224,55.31454080343412,33.68330660676561,48.93504442571923,43.16461410753046,10.935480359242613
1606,-685.0113270351367,8.6493478055502,116.6823556982067,274.3324346124625,16.487886348766,76.06627358895163,24.26148851756878,-85.73907545717195,95.73106237273035,-213.8517460895697,-1.782074488188834,-75.09980840197933,100.90999712834615,36.81656241154126,105.3033544131479,61.0459145593532,30.150395486672483
1607,-188.5813437163968,-12.722835976802202,46.13484071063343,111.79325750018731,9.684737086836815,19.13420581419851,2.0458975954669443,-15.563244574222848,58.58428970285668,-75.18796992398794,-20.14997406209651,-26.990385029142747,22.566623687485794,265.1559667978256,24.842863684730315,13.947755607328531,11.337700709964267
1608,-392.1483348544991,20.586241063113636,79.19747480316607,152.18056481933203,14.418609910679574,44.22960770001545,-20.936273013606662,-34.232229015970915,96.6618581961473,-338.29181080630525,-15.170567511978303,-67.18250061244765,49.1409255840553,10.245974777860388,71.52675931614226,39.98595445291585,48.982236817295735
1609,-590.1511567636093,-1.3942901529194038,121.85050771372116,378.7442191307548,36.27954848795793,89.23072405379504,37.14749066054048,-77.47004101252462,162.72536987395998,-227.81601106847344,-29.524026037199807,-82.11874782251013,173.84627552186865,54.85167689052935,107.43731209285625,76.29885022329141,24.0307899757399
1610,-282.1415434159545,-2.696690636295053,54.264572786801395,125.96843780607396,211.87026313781786,34.19428838306978,10.112305021969437,-24.47383356197286,82.22328157612061,-110.39066006912724,1.2371134276026818,-38.34387423226243,37.685210350653435,2.7738138883903334,42.462368938602545,26.504717567139917,24.672115417047483
1611,-404.40166273777913,37.37275775850322,72.53777855392609,192.69144830965578,21.41769597873688,43.01169479965522,19.53645312833392,-89.24655557569699,255.66416713650736,-120.39114882131133,18.37079381895642,-45.77750600670534,37.851472309417694,14.302249456300142,106.77179572312494,50.264559440939074,6.762748739108959
1612,-424.88083021454446,27.25957723824568,80.70268737104644,166.15926664162743,16.06572789797002,45.75781134682586,-20.758178570701173,-43.69209545786782,127.50584111595977,-334.76490105341446,-8.149676939766765,-57.9530766358637,49.14994690817536,10.525891871402093,79.4909630152019,46.76682346332631,41.14562848783744
1613,-653.1743333940786,-2.019077122113592,103.36278670063342,225.38423611919418,8.905525369142724,63.56912056659284,17.634737612292742,-89.15854616406253,84.97943039066313,-188.18653278553242,-6.940590920541899,-66.94551634940237,76.045291557873,27.36274373255443,95.81585856144471,46.215462496767955,40.44039957643681
1614,-414.0580181908467,71.56659113958335,65.50522543570462,143.4751654540946,28.249693319732586,42.67918814589303,22.623313074398627,-35.46963423815593,66.9787321843917,-144.45695519644238,-27.18229778892829,-57.13476829336594,49.18427461491588,81.52828545144767,61.69874320335474,72.12722680397121,-86.50042013317298
1615,-453.43842939710873,16.26513101564652,81.15440427088268,164.39442441819392,17.159474494141396,48.65509046426588,-21.129522062135834,-29.752717792077778,130.70977145587298,-353.7276420734088,-19.448700715273812,-59.9529492435194,54.078062655136314,14.659004009449882,66.65458481052461,38.31422961284743,43.90913999431904
1616,-392.1483348544991,20.586241063113636,79.19747480316607,152.18056481933203,14.418609910679574,44.22960770001545,-20.936273013606662,-34.232229015970915,96.6618581961473,-338.29181080630525,-15.170567511978303,-67.18250061244765,49.1409255840553,10.245974777860388,71.52675931614226,39.98595445291585,48.982236817295735
1618,-278.13646136192745,-1.177705528194189,50.530706649390304,130.529677156676,181.36118986603475,32.53546409868241,8.933242741213135,-20.861377230506726,68.63393052209926,-108.99022977088686,28.6539853293916,-27.137423929107374,30.174859412366718,-0.040299048094746125,43.16080133144599,21.42547682389039,39.4459032072867
1619,-537.5154413596337,-14.491843884780103,110.64151947975712,356.3495207473739,33.40614771432778,80.45120806162704,33.24204961897846,-79.3873978455073,170.29279927042987,-210.28666891874212,-44.10006311589046,-76.95980073648875,168.49986301002303,50.10593809711966,98.9268925688691,66.0797669013179,32.37738597782481
1620,-392.1483348544991,20.586241063113636,79.19747480316607,152.18056481933203,14.418609910679574,44.22960770001545,-20.936273013606662,-34.232229015970915,96.6618581961473,-338.29181080630525,-15.170567511978303,-67.18250061244765,49.1409255840553,10.245974777860388,71.52675931614226,39.98595445291585,48.982236817295735
1621,-540.497515145712,1.2205791790837837,116.59173329796651,364.1565234106181,37.12545068215168,84.9956118626462,29.15107620403116,-67.90399642628869,165.70058873119066,-255.92925010879893,-32.30051137525703,-78.72303680516171,169.03181721550072,51.48473237729904,102.36092822718206,73.3784721266546,25.509612785395493
1622,-344.5123332551085,19.02460554615973,65.22056308540998,134.61421802830938,184.30329740844374,40.52995457184557,15.079539821320013,-32.053693665063605,93.94006971988262,-131.16052971038613,-34.542707280343606,-41.40281619425686,46.0310009158373,26.006984362017832,56.93998361908432,38.9209004685086,-26.96143183375623
1623,-267.3033624568133,34.916858530179155,226.00657831451494,120.2965777044363,21.105170612189045,37.60457107635516,15.465529842520526,-33.599972754982,80.61900312705113,-112.49787707970394,22.0223818007665,-33.79200195594972,42.51879663709001,10.147435869306786,44.24162267952019,31.059414570555216,7.737625735571665
1624,-497.4816001340682,-1.160361479371751,105.29307897666735,380.27281652409107,34.90145538740199,76.94102802622238,32.4620060256724,-61.93524421414323,156.88429076143615,-200.5873401692099,-31.459565916552542,-71.90558019722486,153.69099344905914,49.472845995157925,88.6216349861722,68.76745913217476,14.12036453163208
1625,-431.4211452134017,48.42285605684207,85.15250893072242,240.74715442192655,28.95929191947769,54.83325952542789,25.91894847992602,-85.87955929829371,261.6437129591198,-144.1795292006823,26.176388180785075,-52.768697601706435,61.32142090918964,23.095444051858994,116.43594750569046,64.25560677881633,-2.4892020574279297
1626,-153.7108266267092,-0.9393656513087044,201.31270860377964,68.66107736396636,10.320898444710048,19.608139656822782,9.77923812240452,-7.144666853231557,25.290784317855028,-68.04789250631056,-9.485748117479668,-11.851641251441546,20.967028275156796,38.25338609305665,18.960352599086264,12.364205681134537,11.3321208274387
1627,-653.1743333940786,-2.019077122113592,103.36278670063342,225.38423611919418,8.905525369142724,63.56912056659284,17.634737612292742,-89.15854616406253,84.97943039066313,-188.18653278553242,-6.940590920541899,-66.94551634940237,76.045291557873,27.36274373255443,95.81585856144471,46.215462496767955,40.44039957643681
1628,-509.0788799688169,75.14615793963294,78.54011321840883,171.89389337789237,29.098792668498728,53.11147943778284,26.241075722567714,-48.66135670568585,73.35966462500416,-170.54439029732623,-23.025111076238424,-66.08276978078912,62.21786512222372,34.844949856640206,76.82599202139825,80.17367338112027,-86.95017209008823
1629,-524.7889879392266,4.25004121681578,75.95206671839439,190.37401857773634,30.491908962420545,58.929717910311126,17.39060463072074,-13.592654111192056,288.68504209161256,-201.39894683711256,-16.423082024796475,-54.473506652129025,55.575757230559,34.15697192002485,49.481229333669596,43.96166405672561,8.997270720709373
1630,-350.4937813110471,11.20413688202202,65.44438793226124,136.44511194355803,19.64112800761835,46.347877552646395,18.825912136855212,177.30411808126817,102.94305493037285,-126.804741500735,-6.599358188410193,-41.0536372053286,64.35449887223453,25.670733142290988,31.85303920326264,43.431737369121144,3.5986031855952882
1631,-685.0113270351367,8.6493478055502,116.6823556982067,274.3324346124625,16.487886348766,76.06627358895163,24.26148851756878,-85.73907545717195,95.73106237273035,-213.8517460895697,-1.782074488188834,-75.09980840197933,100.90999712834615,36.81656241154126,105.3033544131479,61.0459145593532,30.150395486672483
1632,-397.1938203113003,41.93272326448515,71.7484772133529,190.43016072110134,20.87834555642359,42.198940715730565,19.192197211686825,-89.39426069018081,251.65530978707258,-117.55317555978483,18.095490969014207,-45.03161903317856,37.23981842570204,13.468676798478342,106.31033905650503,49.389660105216954,7.094610675967975
1633,-587.1285561775373,-0.4078178864354668,121.72783353970611,378.48662417921526,36.55771769103737,89.25335201309362,37.071760474897324,-75.91073673653042,161.70956672250793,-227.7778133449647,-28.24014404826145,-81.62880168430664,173.20835714932383,54.76040303505881,106.98108874977335,81.96455458312666,23.013608940276562
1634,-316.6149009744258,-3.4867404073074146,59.78964635988465,141.28863422104425,182.42292056023422,38.795907119081285,17.229817916913568,-29.779227106042633,88.16162093318559,-153.99067892405017,4.852245740997597,-34.86834846454704,43.0106601537275,5.228086476317333,49.001724267949776,29.825602092965497,19.308117594685992
1635,-485.4224235778557,4.257474269485286,91.85953414701935,223.38495665040423,34.61065113541607,60.60704722986973,47.54696528530625,-63.81410239466923,157.42501776589526,-335.9924761184958,-3.972863382602687,-37.401398373548076,63.25318804497987,29.922844270133268,90.96982868824132,44.297656294994,-28.320763533538713
1636,-672.0223501239224,25.072491247498785,109.28467919335426,237.72556327121833,15.808404920289997,70.03641799403314,22.775384455583904,-79.73451176383111,78.76390995177707,-204.8099383187807,0.12592267179350172,-72.60778870958717,81.00090239217045,33.767171207235535,100.1251336916601,63.27911835327541,7.96259026940798
1637,-490.11947945459167,-2.2655981755059327,92.51370614136226,215.08289851818836,32.467031374629784,60.29497508807273,38.80468762096373,-55.269399405905645,127.5138133791596,-377.6022919582446,-13.600288888710237,-39.78045481105768,66.17683388772836,28.87778906347269,83.3334706190439,40.30101785434733,-18.390757591175586
1638,-267.55304536031997,11.794152242048387,54.00941810754646,201.38258557029906,18.241949039430374,24.529086138395318,8.132044784872074,-20.747733758959285,77.33717731061772,-123.52803179237574,-16.31217078917614,-222.0785105777889,4.653850641530295,-15.648409297273448,9.022142991009924,4.463682893882515,-0.9700759093659153
1639,-245.7573600845842,0.876937087461702,42.242622952738955,102.52388083758252,12.931591344509911,23.473832840981256,4.736095772635181,-15.974223171165798,65.75707097766481,-86.18078512426025,-13.900250093709953,-19.39400317564874,19.135161837227418,3.9401892131181526,31.455722380968805,290.7521333045902,1.7346203087844738
1640,-286.9070263468641,-3.057473611812958,55.155158729825146,126.97487933229348,212.24025559410012,35.04799394685284,10.9534383316918,-25.282552949130025,83.4730295776664,-114.94513017074195,1.240917531814018,-34.73407024062221,39.33658575477145,3.820024111405422,44.055354344593944,27.343919329613698,24.207448529371774
1641,-271.1857064906062,10.610912115312352,53.61639516414716,200.95116712011261,17.746708198592664,24.20552337504243,7.717673569510321,-21.797172124655997,77.63328418392926,-123.09016521402162,-17.57141842343169,-223.38705587259233,4.474239546815404,-16.070743662640172,8.688687405995195,4.029360993765286,0.9531877145215352
1642,-398.746560323021,20.62310072657002,80.11630104882673,156.68086175614164,14.741323613206747,45.160006031252294,-20.688009456019135,-34.76727291443627,97.82834533216561,-340.4582596741935,-15.5486457370192,-69.21654500540512,51.32327762381596,10.759719486196138,72.13214551522228,41.0311352024302,49.86291170799535
1643,-458.10175211951923,52.15386533665188,85.17232011590373,219.57592367934953,24.82933092804459,52.796108003806765,23.36008271713237,-87.4324234422242,245.76551634651915,-143.29277840219873,33.99304547725247,-51.73946184472778,45.44931444528456,19.52274450581445,116.84129986985812,61.92187551246337,-2.0018894128826075
1644,-483.19182978588276,4.651728138973742,91.16515061071608,219.27275062041463,34.15092571727188,59.82206847279846,46.38373666454485,-63.16916763373149,156.07729265141876,-338.4109067402203,-3.682887891108689,-37.01720831578031,60.930374145033525,29.09303852029886,90.37549580117971,43.580862903720146,-27.827564752411096
1646,-412.09971364703966,-64.14360581661272,53.733360972822155,129.86803231871696,-0.3433267576129077,25.622424752325763,9.458806840063255,-98.18090897304587,127.27980369149459,-127.24783241915964,-75.12760604492786,-39.953228105169565,53.51327749760298,8.41756543244782,57.98763638870492,0.4106039113658614,64.78451760852941
1647,-633.5421810657649,11.77407964622982,101.55309273786813,228.70483450942237,14.280185455372626,63.95124187843986,17.631109030243927,-73.63828047525541,66.54896619566814,-191.5880032110147,25.93800801759948,-58.85180671007275,64.83962352641362,26.52549225489594,94.92415646464221,45.896632400342824,39.2174503974114
1648,-454.90642459708164,15.807493831885965,88.42336890243698,199.23686376084714,18.24119311554622,53.272898816442904,-17.79243984178654,-43.15604435447583,112.08769102544139,-352.2286083994266,-21.96073934975265,-64.66397978925445,75.9396501229321,17.870168018556107,78.25415715970334,44.27241457558301,47.160827654387724
1649,-509.1313830593051,-6.900138736461425,91.37666475182591,219.50228252502,35.26423505150299,62.785613914134785,46.249149878092254,-49.09320773849331,159.52982994141058,-349.9225721091078,-15.25074059261779,-39.00535827258748,67.28216899227117,33.49101723945129,77.13104223253077,40.713716855155205,-24.636223423987218
1650,-513.2386239656435,-5.280288739107807,71.99534391504471,173.9511005382521,28.44820136582876,57.962558786163186,15.665153515763073,31.239099619450887,260.53292531201754,-195.56854918886685,-25.374324370669758,-53.328735854952434,60.7605708416368,35.85127376752695,29.936620523295797,40.30935898378615,12.861786266770727
1651,-207.294660760883,12.919300769572628,61.09574981689846,115.94689336665148,14.73573123221748,33.697798681545436,15.608690889811447,-24.532361083996733,84.66737595445441,-133.44649133666448,-3.5185194753659603,-89.54581560924741,27.36946297680243,9.276622553600765,59.049338683142594,98.80451302750785,39.55506588534151
1652,-373.36553508536764,47.23621986958877,71.61918742098726,190.71428798698278,24.27977039978719,43.261268564989756,19.38604062413784,-74.65267392505704,242.86519383047693,-122.74884480904429,31.46624940146854,-40.520211808544126,31.583822266111117,13.2955800733881,103.03148114186453,106.91467383004805,-4.173334718716296
1653,-657.1817227678229,-2.402011046542475,104.37577592862198,226.87551769291343,9.02667279828108,64.26800303552781,18.485882518212126,-90.1052328438772,87.11057475860835,-192.80303893301905,-9.331033156888976,-67.7507839908518,77.55158221071558,27.92943698777572,96.46112148015092,47.047938012232564,38.63807318001751
1654,-518.391267304439,8.811267276551533,74.8546147706096,187.51394179646024,29.872176149851363,58.093669654037626,16.4394593618382,-12.741198116373898,287.3171265336874,-195.82130035276577,-16.9550205678672,-54.08545249472869,54.852569664701946,33.41733009040974,48.197853817481146,43.09369393024685,10.09340576076026
1655,-412.63083361862584,11.675719153404852,88.26593436294476,246.9816427495684,25.730277810690293,54.16883099070276,25.783873282967154,95.20416228977511,92.82639161944027,-162.12323110472772,-15.924510880310006,-56.44502050189627,70.98190881173038,18.119223376696098,161.17014713195596,44.87504969198008,9.61984561520524
1656,-451.2737634667954,16.990733958622002,88.81639184583626,199.66828221103358,18.73643395638393,53.59646157979579,-17.37806862642479,-42.106605988779116,111.79158415212986,-352.66647497778075,-20.7014917154971,-63.355434494451025,76.11926121764698,18.292502383922834,78.58761274471807,44.70673647570024,45.23756403050027
1657,-519.6031317110273,-18.137615061244876,69.85723744924479,172.21007698636572,24.48771959622,53.6640896793866,13.0896866945032,-12.553217658809913,263.1708666198674,-188.56502414107305,-37.65965520236025,-53.51302908932208,58.13808195496523,32.00309372203458,37.06189969990097,32.417730673354555,25.009625866664102
1658,-340.85593705424805,19.062719536190063,64.54461164751665,133.01326439714202,187.23338951251088,40.060069234853756,14.382072789319217,-31.478562169006416,93.07656896338736,-126.71724944855497,-34.194028347798536,-41.398077598902425,45.56780611837945,25.46848285295251,56.22524761489016,38.70301661282489,-25.88739995977624
1659,-395.29004031259393,15.737879498981169,74.63018372500956,148.99347554572012,13.415930813991134,41.459757015229414,-24.802455509088762,-32.40208733755475,95.73963247075655,-326.6652411859072,-15.7997261011962,-52.61293082231464,45.68761970298302,7.807417571360107,65.41165059187993,87.29680478004192,45.87251408533607
1661,-523.2758635765279,-18.34610708462324,70.93151925321584,176.94834531204106,24.865620609628355,54.4404430954456,13.466158487312496,-16.904636222496418,264.3343514723353,-190.39117013756064,-38.143522552222315,-54.259005213517185,60.208657435366156,32.51159723512679,38.79243917028517,33.02038573293818,25.316797089019982
1662,-125.82325397381427,-7.944088745574529,36.90894661136256,64.73695855867219,5.862153881970175,10.090914697771066,-1.097935576353176,-6.639429235717932,43.15845687356259,-61.251172330866574,-13.359802224322163,-29.50890585233595,-4.232100851390992,257.5317735571299,18.115465841169208,9.66129548466138,13.15910987287228
1663,-415.0017295667708,10.55995785281018,88.2176474234254,246.59337533702998,25.795636202298986,54.38668765912926,25.654091742245754,96.67625175539268,93.0368728369918,-163.51624070378892,-17.052298601311513,-56.60541649180021,71.38480690645952,18.476040673627903,159.7862684863849,44.5166557479962,9.988299626160389
1664,-496.2615326122332,-3.052782988794291,113.60675433964634,358.9380868290059,38.22656929464885,86.33794088085499,37.94084479370897,-68.54233451147371,166.3585684040038,-209.0894840450296,-31.2784862853368,-63.00589674937431,169.7885580492369,54.231971023674674,101.40023969520887,69.9673679952948,12.273107582231763
1665,-657.1817227678229,-2.402011046542475,104.37577592862198,226.87551769291343,9.02667279828108,64.26800303552781,18.485882518212126,-90.1052328438772,87.11057475860835,-192.80303893301905,-9.331033156888976,-67.7507839908518,77.55158221071558,27.92943698777572,96.46112148015092,47.047938012232564,38.63807318001751
1666,-292.53418381664085,-37.54610335899102,61.40616790914423,157.71024173340507,12.746964806384602,36.436590037565836,-3.040936472780968,-27.572489357598506,114.5834932961456,-129.63179084446116,-6.92367358068695,-30.38890500350337,39.041171854068544,3.9354737611169104,54.559965982083995,2.099195239371494,-197.81000451724884
1667,-440.37939796041263,66.34455917877115,69.241788043333,156.69457508274002,29.1202199681923,46.885093355209605,21.786112874461576,-38.46806081451946,79.5059555240326,-157.06112648407137,-25.23005955727526,-59.73851155866737,54.553825053065594,29.70089131009613,68.07045129348509,70.58305962828753,-127.27136656883305
1668,-267.1763100039599,15.255576006657417,75.44098344764825,167.8399967520065,20.133584635071887,46.011130034457096,22.992340475735798,-34.98145917162508,103.52921009604309,-159.87162303417605,-7.545645272603007,-101.70026797282256,57.36827804700583,19.550151845330895,72.9999899549189,56.942495925471306,39.30098890809664
1669,-515.7386177185475,-13.855341765248411,69.33413023738575,171.01679009418015,24.14626513685819,53.091774137055886,12.703120175616855,-15.789787409301296,262.1793706646491,-187.203655512845,-38.29389508106129,-53.05141852837562,57.38472316215844,31.309541645068446,37.11640677795235,31.469962906022992,25.517311223725454
1670,-656.7257938660707,-0.8112459410059379,104.00476042727604,225.79313745667417,8.976551861297972,64.05224206869319,18.08290167753181,-89.81960873964324,86.11388674000334,-189.24829475168477,-9.609916396043962,-68.2485646395384,77.42522313100113,27.99330372041814,96.24207210573704,47.805760827098055,37.41917243695525
1671,-423.4949658789682,-63.4389984130035,58.73273165327514,160.58281668456485,0.6528998443969094,30.74863177348782,7.57773726819425,-100.81483715681554,135.15045618910443,-103.34651382284818,-78.94326618724538,-48.14855338258187,74.52074457110957,13.041703036880245,61.91420515014856,7.235130915730195,73.74072666198356
1672,-513.3440148545947,75.84102789605383,79.61472843321926,175.98300087654965,29.61032317211842,54.065601700843644,27.066431258818994,-49.50480041474576,74.40808671836645,-172.18971042955874,-23.508717874146758,-66.75665296793323,64.85294930308797,35.8604045741908,77.79084134903827,81.54685859437615,-82.73788117783133
1673,-180.36497649557185,-0.9325759206718798,68.89416558095763,137.27631641514233,21.59190939405774,37.88902732297307,25.060243702674246,-40.2618160380554,106.89024425507588,-111.2142851935512,-11.143509059674326,13.276171754079748,58.34637063310047,26.56277156112889,71.57947991430194,24.611767290405716,-18.830771883366854
1674,-312.0016968419808,52.360475961689396,204.74975782093964,145.16207907168075,24.10820740210547,42.9088952373478,17.85988783801827,-47.81086056506239,124.88513370320265,-123.78690372041154,32.068249134961164,-40.1621757636393,45.96703060483491,6.33029712952391,61.53310223065652,39.50912195682189,4.990542162011283
1676,-509.4598530360852,-7.428236660582905,98.1456923153349,251.27324343108845,36.24633101270684,66.89080156419561,49.77433905562844,-62.2331414825144,140.12068426121803,-350.8136702947568,-17.38121321286487,-42.89685629058131,87.04300975271626,36.23976748811427,88.33795770556515,45.98944911745435,-22.280156669263953
1677,-497.5068809875146,-2.694145776459051,114.30424074578632,360.02713954005765,38.386499136278616,83.53512906424916,38.19316995463918,-68.75051125219704,167.1664830561928,-210.80943766341122,-31.244469844477063,-64.64124445802186,169.9209542937591,54.354434740015094,102.14969596322041,70.66770109148561,13.02601823650223
1678,-451.2737634667954,16.990733958622002,88.81639184583626,199.66828221103358,18.73643395638393,53.59646157979579,-17.37806862642479,-42.106605988779116,111.79158415212986,-352.66647497778075,-20.7014917154971,-63.355434494451025,76.11926121764698,18.292502383922834,78.58761274471807,44.70673647570024,45.23756403050027
1679,-524.7889879392266,4.25004121681578,75.95206671839439,190.37401857773634,30.491908962420545,58.929717910311126,17.39060463072074,-13.592654111192056,288.68504209161256,-201.39894683711256,-16.423082024796475,-54.473506652129025,55.575757230559,34.15697192002485,49.481229333669596,43.96166405672561,8.997270720709373
1680,-392.1483348544991,20.586241063113636,79.19747480316607,152.18056481933203,14.418609910679574,44.22960770001545,-20.936273013606662,-34.232229015970915,96.6618581961473,-338.29181080630525,-15.170567511978303,-67.18250061244765,49.1409255840553,10.245974777860388,71.52675931614226,39.98595445291585,48.982236817295735
1681,-510.1948235823479,-5.813883000902033,98.76315796809158,252.09275278809486,36.60456013792753,67.35978390171408,49.273745207816326,-61.0738122543453,139.64333940944832,-355.83641636272375,-16.210068312156217,-43.23816533096758,87.08215898724546,36.346040811982334,88.68246660259828,46.752158375812066,-22.82954662132416
1682,-449.5782037930083,-9.764511897667692,83.80045868458511,199.3801400457334,30.848477609852438,54.57747021128394,42.390689469704085,-51.78404339488606,121.25885011962934,-324.38853859724526,-13.354087415627827,-30.742403927006183,57.04419468251284,25.96623819638414,74.38730643378884,87.85146621949089,-22.02607969201908
1683,-509.0788799688169,75.14615793963294,78.54011321840883,171.89389337789237,29.098792668498728,53.11147943778284,26.241075722567714,-48.66135670568585,73.35966462500416,-170.54439029732623,-23.025111076238424,-66.08276978078912,62.21786512222372,34.844949856640206,76.82599202139825,80.17367338112027,-86.95017209008823
1686,-207.79228078726274,14.923839035549975,67.17154723670252,127.33732432072011,17.229161312327317,37.637545053325496,20.757968457448012,-30.16606408543687,93.03082587187825,-140.3735832231813,-4.142941247234946,-83.39386843620537,37.727109689159946,14.926449470309135,67.55151416319887,47.53586917984216,31.374914891800007
1687,-145.52486202319486,-3.008021581212049,32.29722692970457,72.88468876813093,9.232669230838624,177.7781358836163,8.141710410937243,-19.757227049269957,52.63509326242824,-54.37590230410062,-5.843763290221949,-1.6264830038269558,31.107297463051495,8.803263653287868,30.07870076262205,12.519214370301949,-6.270617821723483
1688,-527.9252696595089,-1.1560093738269424,76.34637504504505,181.86143866533723,28.20254841976967,58.376494927738776,8.171219154864188,-5.520879478744063,261.2042982788349,-238.87607985497993,-25.179355503031022,-57.049999915861136,57.98497129643695,32.84903024463917,42.40683106047467,40.33034876930618,19.323095755309218
1689,-451.9594460740877,17.387144332527548,88.77332638722989,199.41980740867302,18.62736525434067,53.5901745230546,-17.485625507555447,-41.854212189963654,111.44509869254992,-353.39545742852147,-20.526477520186116,-65.77218549920813,75.60377969404847,18.001594331652342,78.4869136009405,45.279839022936144,46.49270619987944
1690,-424.56048994348436,49.10711378460645,76.55923239878025,206.4756167972158,27.29507101065468,49.13763473465343,21.56162366379255,-71.49781557212037,278.8235037278604,-140.17267064279898,28.680930838396613,-47.811263865151155,37.70368387215402,19.3156994151475,103.2607698214935,57.80197982579537,-5.4909948563999205
1691,-487.2324989695752,-4.48548678265385,108.1340276596058,346.66780215848615,35.41415947640979,78.16787326219732,33.11874369148186,-62.38543647023809,154.99990846667373,-200.52112241371117,-31.938358317725793,-71.18831785313937,158.3572119284115,100.94189213315293,91.67866953218746,67.3135403330037,18.344987396510806
1692,-333.59216752709966,-22.262413685089143,61.09528222656547,159.28462204940854,14.648743710768088,37.8554695908103,-2.6331532358530483,-26.69098935656103,108.91920252418112,-137.8328140628971,-9.993098644012607,-45.65325923508763,38.23468930110124,5.024583720105161,53.944728210214215,12.640846520889726,-211.18213712280223
1693,-82.32671050929012,-0.7348723810814357,19.748675171693705,36.95238198457581,4.652228629141649,8.117401970871054,206.13906758302784,-4.050027108622219,33.26003847445729,-13.158802344512722,-3.7908824938895562,-12.417825351193338,10.154253372096841,-0.24377388573772077,14.26928897266383,18.868423105339012,25.611338563103818
1694,-268.6276208755446,15.604908854181762,74.84688339727504,167.7775336785121,20.235528248259723,45.730025194642764,22.577566084590842,-34.30642357189878,101.77748761435518,-159.81169761420887,-5.151715247065073,-102.10951219658936,55.943592726573236,19.034789538002116,72.56745635914835,56.47274845908462,41.08836928987015
1695,-379.5054866056846,5.82739966031067,61.34757876647817,131.23107268349702,20.532362847769516,48.345017122405245,17.357577605333084,154.7936850597523,139.83846954335917,-136.5043638569302,-11.016843220316863,-41.95767935173965,66.42876720528241,30.2504505333002,9.298070736444252,43.224096248164074,5.828849458677198
1696,-672.0223501239224,25.072491247498785,109.28467919335426,237.72556327121833,15.808404920289997,70.03641799403314,22.775384455583904,-79.73451176383111,78.76390995177707,-204.8099383187807,0.12592267179350172,-72.60778870958717,81.00090239217045,33.767171207235535,100.1251336916601,63.27911835327541,7.96259026940798
1697,-497.4816001340682,-1.160361479371751,105.29307897666735,380.27281652409107,34.90145538740199,76.94102802622238,32.4620060256724,-61.93524421414323,156.88429076143615,-200.5873401692099,-31.459565916552542,-71.90558019722486,153.69099344905914,49.472845995157925,88.6216349861722,68.76745913217476,14.12036453163208
1698,-490.4827112005631,8.761279257657197,89.31349244740747,209.47706175130875,35.027064243945404,59.62961283398594,47.549870035051136,-55.1836679804107,121.26734842610587,-339.12934935421663,-15.070503473158833,-39.18939136183165,64.13403350952022,32.16302335463552,81.7646718568997,52.40885462158021,-44.44255418880397
1699,-655.6209486113693,-1.284989192193976,104.11591226092972,226.66499591273018,8.880932016416496,64.02685219475245,18.00877470669808,-90.5781612001928,89.5410353325664,-188.67035611113755,-8.459881129015978,-67.9482208170743,77.03715043384506,27.666550519050613,97.02308127615343,47.41326116545981,39.03389227225423
1700,-508.121003200966,0.6123763687138981,109.85478125966594,364.88747498929115,36.88954198314395,79.32755634853169,33.33813382311667,-63.52233111785234,158.62846938443005,-214.6864409613308,-31.510749923539727,-112.11750635701898,154.5982732400917,44.38048899956113,88.45888758845884,65.65824876853155,17.641958469249502
1701,-379.5054866056846,5.82739966031067,61.34757876647817,131.23107268349702,20.532362847769516,48.345017122405245,17.357577605333084,154.7936850597523,139.83846954335917,-136.5043638569302,-11.016843220316863,-41.95767935173965,66.42876720528241,30.2504505333002,9.298070736444252,43.224096248164074,5.828849458677198
1702,-538.5706903887203,-8.069816376500711,77.73879127430227,190.61899942915747,31.230984897902474,60.599885925591146,21.310941015725046,-9.641157833644513,264.29712133908646,-237.73132775005388,-26.397337726972875,-52.5931718194912,60.45885857213944,36.312171294016665,43.31544646569415,39.51138257525806,6.977289436875413
1703,-522.2557812969187,4.528993980555069,75.37772198246864,188.7072286886458,30.213630609213173,58.66598519636834,16.826025880724544,-9.504628365882516,288.3086224889056,-197.18266898099384,-16.320780689166167,-54.54706305567515,55.60592845750874,34.11088216737588,48.14334673942977,44.04146169757841,9.585720403698907
1704,-636.5077454040006,12.994179436422238,102.86494192692807,233.63654989641842,15.098139998737507,65.20520297302961,18.293743803193205,-73.12388600802407,67.41934645837492,-194.19231865725712,26.819177426814136,-59.57730580822678,67.20158666088916,27.46157132859842,95.86299824873696,47.3761350499744,38.17486166422356
1705,-379.3896400332065,7.313784608338319,61.95085475937856,132.9724833168733,21.028921844867103,48.82191431237495,17.721037341643594,158.71412124222056,138.92562319173135,-137.70776708932334,-9.767651499245744,-42.132541138446044,66.37382592058249,30.357489387440392,11.278736538843383,43.97561074680129,4.559487676759272
1706,-431.3052986409235,49.90924100486972,85.7557849236228,242.48856505530284,29.455850916575272,55.310156715397596,26.282408216236533,-81.95912311582546,260.7308666074919,-145.38293243307544,27.42557990185619,-52.94355938841284,61.26647962448971,23.202482905999187,118.4166133080896,65.00712127745354,-3.7585638393458556
1707,-518.8186687357771,-17.54432309752758,72.72133443896556,172.431040428239,24.570336184216565,53.600832732646744,13.07578466178755,-16.343475543791218,262.9395881574742,-188.60094084172442,-37.03812683706251,-53.51883996728061,57.81866626467675,31.601373643672527,37.84456841283577,32.27317080227662,25.08339201489146
1708,-392.1483348544991,20.586241063113636,79.19747480316607,152.18056481933203,14.418609910679574,44.22960770001545,-20.936273013606662,-34.232229015970915,96.6618581961473,-338.29181080630525,-15.170567511978303,-67.18250061244765,49.1409255840553,10.245974777860388,71.52675931614226,39.98595445291585,48.982236817295735
1709,-394.12046782571485,-53.224478222089466,51.26392809628752,130.37310912984188,-1.3059430227789397,23.54002760619331,5.0098787784970655,-102.70346667508555,153.25926711860564,-86.27011082481737,-67.10963455492313,-42.103069852907865,50.192366688735724,6.239578607171472,63.6605832907227,4.445158835236726,68.5897183931233
1710,-498.842380381659,9.245997730327415,90.61881201009459,212.05607747688694,35.072058030751045,60.53183470765602,47.96608494006928,-56.435303650289725,121.478674152734,-341.4227558994952,-14.779667264157265,-40.2293631126759,65.3105080567025,32.73949842183384,83.10638804208462,47.8413295197781,-44.31497174875514
1711,-200.63438955075176,14.924752533663897,65.51216912629553,121.49949987049818,16.637449066127107,39.503671481953276,20.149822857799613,-29.170449647432708,90.709938624091,-137.2161631876521,-3.623865267742807,-82.14122733935746,34.89687988127861,13.999332993362467,66.09597255232974,46.36345788137292,30.996471516209084
1712,-411.2909493686736,117.01767180999234,63.62102708973704,137.83867944051755,26.546729435849873,42.61606363856764,21.99491390465623,-36.803448138864034,68.73647525410549,-141.2013149808858,-32.82910045900386,-55.710021873496274,52.48571303491587,27.412548219651878,60.625165061542425,68.37636159157722,-81.22005247532194
1713,-672.0223501239224,25.072491247498785,109.28467919335426,237.72556327121833,15.808404920289997,70.03641799403314,22.775384455583904,-79.73451176383111,78.76390995177707,-204.8099383187807,0.12592267179350172,-72.60778870958717,81.00090239217045,33.767171207235535,100.1251336916601,63.27911835327541,7.96259026940798
1714,-454.57795462030157,16.335591756007446,81.65434133892799,167.4659028547787,17.259097154342378,49.16771116638209,-21.317629019322734,-30.01611061045475,131.49683670563397,-351.33751021377765,-19.830266729505563,-60.77248177126062,56.17880936248698,15.121417769893123,67.04724168666898,38.99668231328386,44.80476089966445
1715,-392.1483348544991,20.586241063113636,79.19747480316607,152.18056481933203,14.418609910679574,44.22960770001545,-20.936273013606662,-34.232229015970915,96.6618581961473,-338.29181080630525,-15.170567511978303,-67.18250061244765,49.1409255840553,10.245974777860388,71.52675931614226,39.98595445291585,48.982236817295735
1716,-178.76952237062685,0.5877284445037365,68.02321301156638,133.1224577423183,21.442165796873653,37.16064565402225,24.84536981918083,-39.71279911544445,105.10649098670989,-110.04967287184807,-11.040826284597557,13.597923633134366,56.11926484603534,26.164224533328067,70.96777366374369,24.687137404834775,-20.945293531774524
1717,-440.0621382439073,-5.150332577134157,83.37915804931491,195.88161524879942,31.337289214953234,55.11753743057365,77.91994178172018,-49.90155896382229,115.49837996781447,-327.02364891226523,-10.681758727471124,-32.26353672916062,57.313285908899765,27.228228524226875,73.79917437420832,30.699958528760682,-29.335029224595466
1718,-438.69202803061665,-7.89073673250219,82.93826142964622,195.10375853462742,30.669078268772438,54.59195800493474,77.47218089226432,-50.964970353664604,116.4117529734737,-325.58394578772595,-11.665610911762547,-31.859789510061205,57.17842856148935,26.69069647832522,73.47203884067183,29.145085764700042,-26.177918842999972
1719,-628.7301082623733,12.922760407291287,100.99279205709566,227.22122118945344,14.490023291569576,63.78300337220524,17.558636699481383,-72.34260265371152,65.12629726367724,-191.1740733638411,27.08231964798144,-58.37088648132416,64.04831315486672,26.46357849661462,98.97519933326626,46.09530808103844,37.857691382494856
1720,-522.1363383533351,-18.416567824984163,70.43158218517054,173.87686687545624,24.765997949427373,53.92782239332939,13.654265444499396,-16.64124340411945,263.5472862225743,-192.78130199719178,-37.761956537990564,-53.439472685775954,58.1079107280155,32.04918347468355,38.399782294140806,32.33793303250175,24.421176183674568
1721,-498.842380381659,9.245997730327415,90.61881201009459,212.05607747688694,35.072058030751045,60.53183470765602,47.96608494006928,-56.435303650289725,121.478674152734,-341.4227558994952,-14.779667264157265,-40.2293631126759,65.3105080567025,32.73949842183384,83.10638804208462,47.8413295197781,-44.31497174875514
1722,-456.73246371212446,16.95713288171746,89.2352810234516,201.0971007112584,18.959524998710123,54.01423920891643,-16.94169811165036,-42.378257068867505,112.17100603838718,-357.22305570530017,-20.698003926306242,-64.56994635966726,76.20086655005697,18.343833331815343,78.80034206765372,45.06946452477815,45.22261801585448
1723,-444.5091007585603,-61.248380058954936,56.761809774527485,133.41989753864263,-3.980229187378148,27.250715544433,4.259604390977071,-101.41281597918223,121.93061354307639,-99.8550128394057,-72.57639676761468,-46.10759230134766,55.897801543074955,8.615319346871376,60.21948894650128,3.1276969001510238,74.98629009978984
1724,-288.56722543490764,-36.27688994277714,60.66441914014085,156.16667767353835,13.09201276268031,36.037319630236105,-2.9336603027000905,-26.816746573871374,114.47459771531034,-128.81628514723067,-7.514539594335456,-30.24262660996202,38.63747302684148,3.9878045952907932,54.001608673518454,2.5558887453990127,-200.07751630342983
1725,-537.9414898967473,8.58229527462705,118.64620273503395,372.44157359584153,39.29649972005335,85.3984719728812,37.75124360043626,-76.42258263481241,195.38351693908353,-214.69565384110217,-21.94576837903056,-77.63785951437299,165.90053224182347,52.133308700841106,109.6548017380101,77.67307638615404,16.22687665960347
1726,-653.864053150265,-1.5297663190858906,106.66552818241699,225.42969124569615,8.83101103307027,63.941013374845156,17.907401735500283,-89.80746498354898,86.50287669350823,-188.6226777775517,-8.607203455960919,-67.83015127235645,77.26233774737685,27.4816271567647,95.90590759884589,46.98317578200743,39.3002890112344
1727,-669.0567857856867,23.852391457306364,107.97283000429432,232.7938478842223,14.990450376925116,68.7824568994434,22.112749682634625,-80.24890623106245,77.89352968907029,-202.20562287253827,-0.7552467374211531,-71.88228961143315,78.6389392576949,32.83109213353306,99.18629190756535,61.79961570364383,9.005179002595805
1729,-513.3440148545947,75.84102789605383,79.61472843321926,175.98300087654965,29.61032317211842,54.065601700843644,27.066431258818994,-49.50480041474576,74.40808671836645,-172.18971042955874,-23.508717874146758,-66.75665296793323,64.85294930308797,35.8604045741908,77.79084134903827,81.54685859437615,-82.73788117783133
1730,-276.31977389265023,26.484616843370553,215.71516208387936,122.63073294288336,21.29069794921525,37.4916400119998,13.528959729425775,-35.66602537167924,86.37647755166172,-112.33979548075429,11.08122757368692,-37.26338408357034,40.75782258917498,-12.038408412330444,45.085496529223036,32.425675865884756,3.8386257480721584
1731,-672.0223501239224,25.072491247498785,109.28467919335426,237.72556327121833,15.808404920289997,70.03641799403314,22.775384455583904,-79.73451176383111,78.76390995177707,-204.8099383187807,0.12592267179350172,-72.60778870958717,81.00090239217045,33.767171207235535,100.1251336916601,63.27911835327541,7.96259026940798
1732,-363.1297439077053,11.612839824851484,62.98838166981756,128.07313643435498,18.373108663804313,46.57242451646786,10.156967726105307,150.3944417872503,110.54670978556354,-166.43885778912033,-8.360291786091413,-42.99657527674909,65.4731148457231,26.20481849878754,15.224765181339185,43.615376405794706,10.900378756147461
1733,-339.05363300977945,19.05820662306427,64.80167390779464,133.1853995280846,184.08020636611755,40.112176942724936,14.64316930654558,-31.782042584975226,93.56064783362528,-126.60394898286667,-34.54619506953446,-40.18830432904062,45.94939558342731,25.955653414125326,56.72725429614868,38.55817241943068,-26.946485819110443
1734,-268.23872796761225,12.190562615953933,53.96635264894008,201.1341107679385,18.132880337387114,24.522799081654128,8.024487903741418,-20.49533996014382,76.99069185103778,-124.2570142431165,-16.137156593865157,-224.49526158254602,4.138369117931782,-15.93931734954394,8.921443847232348,5.036785441118425,0.2850662600132557
1735,-267.86952731837937,15.582757905270785,74.96928668223984,168.2623737260118,19.986683221115793,45.575202099794666,22.587577680787867,-34.444390864556304,102.65888398075464,-159.8737336600808,-7.545961587623485,-106.524583829679,55.7985079752978,18.555272570208317,71.61973387186316,56.466022212075444,39.75070978112656
1736,-429.9295147108866,50.444739834130154,88.25417330553206,241.16156492512053,29.481962037430783,55.24761025721877,26.191209427350355,-84.80400415235717,261.11932990696545,-144.99361535108852,28.16295330515954,-52.754031453623895,61.29339287297578,23.12129953410721,116.4269185323358,64.98789449778633,-3.7651958647442796
1737,-446.1473332718872,16.253786031862067,83.927759735787,169.78352715268886,17.882916006444415,48.86473801540551,-15.667517892016795,-38.745167775795814,106.94129533228686,-378.38470107879135,-17.138979477117214,-56.7324538983814,55.08186579440896,13.813626555589613,74.05185445664154,38.25186672965718,37.03068206559222
1738,-268.8539070953861,-14.436936778129258,52.2282896848655,147.2418852839639,14.95652889164782,31.696520297921122,4.30148499679782,-22.37950467761277,85.2480910542698,-104.17586613151526,-15.061149514820922,-23.00718743018001,42.34748619635709,8.466474364884977,38.76373006185218,290.21921959865386,21.833063845697872
1739,-121.57664666808667,15.075772307615784,35.422897794764566,126.89401082183484,8.599951487251106,8.204870954719524,0.45749117452868987,-8.588574862307505,47.18604620111235,-89.71564630959396,-19.598787312934927,158.55816904348376,-25.155451599994937,-31.57325753449257,-14.602052406442837,2.1685757886898447,2.699614495155124
1740,-263.2764585220521,9.732674325163405,50.99528022502516,104.18012718193287,17.39920106770618,222.9418072203865,7.976996956976845,-14.219780288994013,69.17004081483311,-106.80882957086413,-7.596841765406415,-33.41309533532683,13.777858310436589,5.778265181926612,36.58585223143286,23.849641023785757,8.4845395843085
1741,-518.8186687357771,-17.54432309752758,72.72133443896556,172.431040428239,24.570336184216565,53.600832732646744,13.07578466178755,-16.343475543791218,262.9395881574742,-188.60094084172442,-37.03812683706251,-53.51883996728061,57.81866626467675,31.601373643672527,37.84456841283577,32.27317080227662,25.08339201489146
1742,-523.6979193704465,4.714755826665157,75.75762025013644,189.33329098433154,30.131806204477336,58.65735985535608,16.039269052772443,-13.211112168631283,288.124382226897,-201.42724559920595,-16.514672547534232,-54.908849122102495,55.35369003796332,33.789579930633685,49.279553322752356,43.927323365888185,10.386090407182406
1743,-504.37124176756447,1.200729487304232,113.44495485292049,358.21324329281794,37.25797940393318,83.04261761891604,36.82039522951535,-65.9418987557891,163.17778780468487,-217.37239034598272,-29.66965840169868,-91.21631935769247,163.71185050966446,50.74138299445807,99.86314758616646,75.34915030321295,24.772018633944686
1744,-655.6209486113693,-1.284989192193976,104.11591226092972,226.66499591273018,8.880932016416496,64.02685219475245,18.00877470669808,-90.5781612001928,89.5410353325664,-188.67035611113755,-8.459881129015978,-67.9482208170743,77.03715043384506,27.666550519050613,97.02308127615343,47.41326116545981,39.03389227225423
1745,-440.37939796041263,66.34455917877115,69.241788043333,156.69457508274002,29.1202199681923,46.885093355209605,21.786112874461576,-38.46806081451946,79.5059555240326,-157.06112648407137,-25.23005955727526,-59.73851155866737,54.553825053065594,29.70089131009613,68.07045129348509,70.58305962828753,-127.27136656883305
1746,-180.36497649557185,-0.9325759206718798,68.89416558095763,137.27631641514233,21.59190939405774,37.88902732297307,25.060243702674246,-40.2618160380554,106.89024425507588,-111.2142851935512,-11.143509059674326,13.276171754079748,58.34637063310047,26.56277156112889,71.57947991430194,24.611767290405716,-18.830771883366854
1747,-503.75337152441705,0.18126283576906013,109.63033855030855,364.4993840824712,37.02655369876097,79.18213677436611,34.25309888629054,-63.63222198032472,158.80970736288825,-210.10156147171793,-31.42264718999283,-110.46765202182928,154.73873510027738,44.69655004105979,88.44783427644043,65.32986141029106,16.268084797422258
1748,-333.59216752709966,-22.262413685089143,61.09528222656547,159.28462204940854,14.648743710768088,37.8554695908103,-2.6331532358530483,-26.69098935656103,108.91920252418112,-137.8328140628971,-9.993098644012607,-45.65325923508763,38.23468930110124,5.024583720105161,53.944728210214215,12.640846520889726,-211.18213712280223
1749,-449.3491276857227,66.63250979118926,70.03141048860577,158.5845774065923,28.948142117239673,47.48638042482536,21.712226378474817,-39.209830574101,78.99758497252017,-158.87846872748707,-24.914588993590883,-61.597082466111566,54.912770132988186,29.76375815645718,68.62248855057238,71.24691698620342,-126.2377015403601
1750,-636.5077454040006,12.994179436422238,102.86494192692807,233.63654989641842,15.098139998737507,65.20520297302961,18.293743803193205,-73.12388600802407,67.41934645837492,-194.19231865725712,26.819177426814136,-59.57730580822678,67.20158666088916,27.46157132859842,95.86299824873696,47.3761350499744,38.17486166422356
1751,-504.4390541317093,0.5776732096746062,109.58727309170217,364.2509092801106,36.91748499671771,79.17584971762491,34.14554200515988,-63.37982818150926,158.4632219033083,-210.83054392245867,-31.247632994681844,-112.88440302658641,154.22325357667887,44.40564198878929,88.34713513266286,65.90296395752696,17.52322696680143
1752,-511.7469934631284,-3.2584049618197266,75.09700828985436,174.36551104144607,28.970871483781853,58.37690951795406,15.93741446318741,32.314654765387445,260.0085422598632,-196.38263533927307,-23.387759246295293,-53.314069706869894,60.73254280542294,35.87712924977516,29.927591549941127,41.04164670275616,11.58579245945438
1753,-686.8373661501795,9.798986855381695,117.49426781922134,276.1926715628737,17.206218231929903,76.80761398142516,25.112230247704957,-84.96128817156362,95.81437738567614,-218.84619339544327,-0.5193390647424244,-75.00577497239213,101.17121355547103,37.290227724800495,105.84953932109828,61.84296450854835,28.212185848139242
1754,-512.2044896314018,75.77056715569292,79.11479136517396,172.91152243996487,29.510700511917438,53.55298099872744,27.254538216005894,-49.24140759636879,73.62102146860546,-174.57984228918988,-23.127151859915003,-65.937120440192,62.75220259573729,35.39799081374756,77.3981844728939,80.86440589393972,-83.63350208317675
1755,-515.7386177185475,-13.855341765248411,69.33413023738575,171.01679009418015,24.14626513685819,53.091774137055886,12.703120175616855,-15.789787409301296,262.1793706646491,-187.203655512845,-38.29389508106129,-53.05141852837562,57.38472316215844,31.309541645068446,37.11640677795235,31.469962906022992,25.517311223725454
1756,-227.41955828718613,16.575513417204988,65.17904737551186,121.55694213022608,52.057755276338185,36.869141166360784,17.932953104476347,-27.26175231074,89.48919935407105,-141.28594916153327,-7.268029856888105,-95.07821839003384,32.17878802978086,13.094648047456163,63.40599521444701,48.538953166014885,35.084295905600236
1757,-348.41879085866054,10.558512698569258,61.83032377807835,138.46184010871778,19.254287485410973,45.597050774731606,18.384150323782883,177.98476738471524,102.108463333782,-125.47921042433688,-7.330683866205557,-40.72786673300372,62.88759376633344,25.549962345696738,30.83264774954946,43.001057609060865,3.1862822154750896
1758,-686.3814372484273,11.389751960918232,117.1232523178754,275.1102913266345,17.156097294946797,76.59185301459054,24.709249407024643,-84.67566406732966,94.81768936707113,-215.29144921410898,-0.7982223038974107,-75.50355562107875,101.04485447575658,37.35409445744292,105.63048994668439,62.60078732341384,26.99328510507699
1759,-535.6220050885892,-1.2423480641844733,116.0568137560043,372.94411772413036,38.013508560082926,84.75119762380564,37.377240829895726,-41.34236524899377,161.6416806059212,-217.2979551747066,-32.77929080588793,-78.36710956316645,167.91130092849463,51.070053314653485,118.38904169582727,72.8322026293323,20.23315811070575
1760,-166.5203227428347,-5.4742991995788435,90.23776705344106,126.68210988370602,20.260821143774436,34.360669719881805,23.293136904577654,-35.91075974837397,94.24028236014826,-96.57416026331612,-13.497508591156565,29.989980510569175,56.03685246931478,32.53355080858618,62.841308248275226,17.186597784219217,-24.010871638480793
1761,-449.3491276857227,66.63250979118926,70.03141048860577,158.5845774065923,28.948142117239673,47.48638042482536,21.712226378474817,-39.209830574101,78.99758497252017,-158.87846872748707,-24.914588993590883,-61.597082466111566,54.912770132988186,29.76375815645718,68.62248855057238,71.24691698620342,-126.2377015403601
1762,-388.0469938727039,-1.3207489135451544,75.77803940769509,198.33619448341878,17.30130426562724,42.05388032607589,19.124376354227177,90.06302729428396,80.80433598064468,-137.47352098008122,-25.295374225836035,-49.63665173636139,48.15404899135807,9.03285500686496,151.55907742915772,30.015829351275016,20.698524897965505
1763,-668.3001081568993,9.205209665607274,111.21875610055416,242.29846947888473,15.682490054623049,70.74253619283147,29.576649430345476,-81.41224770745649,86.29023749512133,-236.39855420153114,3.4303927479184004,-66.41478423099473,79.22247999348598,32.12527524660945,100.73202538435382,54.79765006582964,20.302749741848384
1764,-506.9007892673322,-6.50588486697297,90.68228121552265,215.39007649503037,34.8045096333588,62.00063515706352,45.08592125733086,-48.448272977555575,158.18210482693408,-352.3410027308324,-14.960765101123792,-38.62116821481972,64.95935509232483,32.661211489616875,76.53670934546916,39.996923463881345,-24.1430246428596
1765,-328.9428280259324,10.083090054473335,66.62716962482791,157.8095999449821,22.884541125137833,203.34385754613064,13.702632514742687,-23.388486971754777,90.86594069710743,-136.94556350900828,-12.234509139975938,-46.32221291560554,39.382322825890775,14.244777190787064,50.43518299726646,35.10167580619975,12.64344061889728
1766,-536.356975634852,0.3720055954963991,116.67427940876097,373.76362708113675,38.37173768530361,85.22017996132412,36.87664698208361,-40.18303602082467,161.16433575415147,-222.32070124267358,-31.60814590517927,-78.7084186035527,167.95045016302382,51.17632663852156,118.73355059286041,73.59491188769002,19.68376815864555
1767,-538.8359553473096,-5.803155472320716,78.29083972762464,192.26871459938548,31.803575999201794,61.100075477289316,21.68457493434718,-9.336298904351773,266.8108969259903,-238.59309223404597,-24.263450275653465,-52.6965752161265,60.20564322239379,36.5229501385508,44.423591169647025,40.67375567768045,5.434898890578893
1768,-650.7840021330354,2.159215013193277,103.27832398083719,224.0154409116373,8.406939985711896,63.4319547792543,17.534737249329584,-89.25377684905905,85.74265920068319,-187.22539244867227,-9.8629716999597,-67.36272983345145,76.82839464485853,27.189795158160617,95.17774596396247,46.179967885753804,39.734208220068396
1769,-286.9070263468641,-3.057473611812958,55.155158729825146,126.97487933229348,212.24025559410012,35.04799394685284,10.9534383316918,-25.282552949130025,83.4730295776664,-114.94513017074195,1.240917531814018,-34.73407024062221,39.33658575477145,3.820024111405422,44.055354344593944,27.343919329613698,24.207448529371774
1770,-386.58322196773446,-48.733712902714636,49.666539080457426,124.44155391198098,-2.025298495549104,22.191358647803597,4.246840466801425,-101.58861786189043,151.10428631091946,-83.08259620010172,-67.2600070837621,-40.8954831677663,47.368432415528005,5.037523017113125,61.984550898389884,2.8947360083215368,68.79023252782878
1771,-350.0092800668992,12.190756075846297,70.78324541435057,225.25787577991332,19.154391776564232,39.018231126457906,17.751517751321543,107.83179764923656,68.8894471807235,-132.7081783446345,-13.436528548770296,-46.407759017800494,35.02812453004656,8.534579725379269,141.31822210047196,33.41323233197084,3.662386985826702
1772,-324.4586927343621,-3.9899641848058494,64.14704331369501,171.59451724941218,183.3481206700888,43.438992638143,14.900584279805498,-31.752092714231612,94.89781708145526,-129.02759836158634,3.7059110741821217,-41.7606254518233,62.638195654105985,9.221664092886044,52.5020794851011,35.05983076699973,31.28555378762169
1773,-672.0223501239224,25.072491247498785,109.28467919335426,237.72556327121833,15.808404920289997,70.03641799403314,22.775384455583904,-79.73451176383111,78.76390995177707,-204.8099383187807,0.12592267179350172,-72.60778870958717,81.00090239217045,33.767171207235535,100.1251336916601,63.27911835327541,7.96259026940798
1774,-518.391267304439,8.811267276551533,74.8546147706096,187.51394179646024,29.872176149851363,58.093669654037626,16.4394593618382,-12.741198116373898,287.3171265336874,-195.82130035276577,-16.9550205678672,-54.08545249472869,54.852569664701946,33.41733009040974,48.197853817481146,43.09369393024685,10.09340576076026
1775,-555.0408619637989,-4.609807046146026,118.1431750371468,374.1323808944799,40.2312374207461,87.39562964884384,42.25006076815241,-72.7688542175931,171.6032942516575,-255.20839590951084,-32.643853782135025,-75.67815740023052,171.07287804674266,54.73631790584395,104.04423275133968,73.28755713491164,13.544679544552618
1776,-203.86790053949701,-67.2277345542283,157.59214227614794,81.91753510905428,12.017499471503374,19.25617190689941,0.2601661429677349,-17.914533263899454,53.86819850782448,-68.4584958655606,-66.9739655936124,-30.39099915200837,10.913497985263756,-78.11629608831126,23.98202081579093,21.295306840231405,-11.424909466891148
1777,-658.3212479910158,-2.3315503061815535,104.87571299666729,229.94699612949822,9.12629545848206,64.78062373764402,18.297775561025226,-90.36862566225419,87.89764000836934,-190.4129070733879,-9.712599171120731,-68.57031651859302,79.65232891806625,28.391850748218964,96.8537783562953,47.73039071266899,39.533694085362924
1778,-533.833492290377,-14.526547043819395,110.37401131179335,355.71295503819334,33.43409072790154,80.29950143072027,34.049457801021674,-79.24489490916422,170.12755178930811,-206.43077187987004,-43.836946187032574,-77.72669740605618,168.12484334661022,50.13109108634782,98.81514011307313,66.32448209031332,32.25865447537674
1779,-506.9007892673322,-6.50588486697297,90.68228121552265,215.39007649503037,34.8045096333588,62.00063515706352,45.08592125733086,-48.448272977555575,158.18210482693408,-352.3410027308324,-14.960765101123792,-38.62116821481972,64.95935509232483,32.661211489616875,76.53670934546916,39.996923463881345,-24.1430246428596
1780,-506.16581872106946,-8.120238526653843,90.06481556276597,214.57056713802396,34.446280508138116,61.53165281954505,45.58651510514297,-49.607602205724675,158.6594496787038,-347.3182566628654,-16.131910001832445,-38.27985917443345,64.92020585779562,32.55493816574881,76.19220044843603,39.23421420552363,-23.593634690799394
1781,-544.3954412345875,2.3039999565277416,116.7507588078896,365.37482013065966,37.20280094261329,85.17223865099149,29.110338907291545,-68.64857586269265,168.51047119140603,-256.35314801443684,-31.425871558193165,-80.13498549660045,168.59899077104018,51.27317685646644,103.1356173461202,74.10652332895975,25.890485862986424
1782,-286.9070263468641,-3.057473611812958,55.155158729825146,126.97487933229348,212.24025559410012,35.04799394685284,10.9534383316918,-25.282552949130025,83.4730295776664,-114.94513017074195,1.240917531814018,-34.73407024062221,39.33658575477145,3.820024111405422,44.055354344593944,27.343919329613698,24.207448529371774
1783,-452.4360830463758,65.61988582388709,66.19088553066844,146.83723791830147,25.65933780049742,43.46843441276745,22.898545753373448,-51.46663766270238,80.29788015891988,-146.45010758714483,-39.40627238238503,-60.048810156384036,56.64345328350543,29.8063368668547,67.25988053568518,69.01464318712972,-73.64138108898074
1784,-495.86232843915764,-3.2300492135935226,113.725978349914,358.914833124025,38.18742700213067,83.00406183511106,37.78252852134104,-68.34115819293507,166.26166251086283,-209.12452193277454,-31.47137146758182,-63.12087589325221,169.228513428463,59.274997726372334,101.19322254951693,69.81649272312511,12.428287200061835
1785,-655.6209486113693,-1.284989192193976,104.11591226092972,226.66499591273018,8.880932016416496,64.02685219475245,18.00877470669808,-90.5781612001928,89.5410353325664,-188.67035611113755,-8.459881129015978,-67.9482208170743,77.03715043384506,27.666550519050613,97.02308127615343,47.41326116545981,39.03389227225423
1786,-383.2825758509927,57.81695552163402,102.53826100884626,198.0052442522599,26.142277261105505,46.10067985131547,21.84570935902856,-78.51174806185806,246.33710516176345,-125.76579131632808,38.48558477896228,-45.02660851893327,35.926576060180636,13.898292822970328,105.92781950412858,57.08506543111038,-6.511567576149715
1787,-350.9012990184039,-74.60957202103349,60.631943343397154,101.91020778318357,-4.842807948439327,16.774103422455596,-0.08408764179106999,-89.44378266850727,112.59563015937857,-71.63548796044446,-88.24702864503635,-37.99669148769733,42.15922439986807,-13.331182524741228,45.536945196956395,-4.188710082615596,67.63831611388966
1788,-276.72657303463103,-78.44553004513477,138.68749224154237,101.9874776483665,9.923829120228577,24.455870782477028,1.0428074012206274,-27.222641942539788,52.35185532610762,-83.45292175767011,-71.82323173833343,-36.52000434622895,17.041311232509358,-73.2568622771598,33.66442957859595,25.025142408146166,-6.718882749390413
1789,-180.36497649557185,-0.9325759206718798,68.89416558095763,137.27631641514233,21.59190939405774,37.88902732297307,25.060243702674246,-40.2618160380554,106.89024425507588,-111.2142851935512,-11.143509059674326,13.276171754079748,58.34637063310047,26.56277156112889,71.57947991430194,24.611767290405716,-18.830771883366854
1790,-633.5421810657649,11.77407964622982,101.55309273786813,228.70483450942237,14.280185455372626,63.95124187843986,17.631109030243927,-73.63828047525541,66.54896619566814,-191.5880032110147,25.93800801759948,-58.85180671007275,64.83962352641362,26.52549225489594,94.92415646464221,45.896632400342824,39.2174503974114
1791,-480.9015504205384,0.505078850857904,103.49882401229773,336.031183702237,34.91106573631937,74.91421479332898,31.835442449609896,-58.80877959313064,146.5332401161594,-196.66910736401786,-27.004390830079444,-69.18799708575946,205.65310555408044,44.93356815581244,88.14976207444519,65.01898684874769,18.52794348234902
1792,-412.03709868325666,9.937156173346338,80.94485834611339,213.56096667327196,24.175590748187133,49.563453788943775,21.885050186808826,108.03923710450343,109.72176171272899,-160.37036843508668,-15.927925711382331,-52.45011908726713,51.47428340103092,15.159694283498984,148.85508695496873,38.436944327258544,8.80616940677849
1793,-412.36556866003673,9.409058249224858,87.71388590962238,245.3319275793404,25.157686709390976,53.66864143900459,25.41023936434502,94.89930336048238,90.31261603253644,-161.26146662073566,-18.05839833162941,-56.341617105260966,71.23512416147602,17.90844453216197,160.0620024280031,43.71267658955769,11.162236161501758
1794,-122.23704842193253,17.005966978608637,26.368670567039203,146.89121300350766,5.0058390363312215,1.6044828599515555,-5.381229635568749,-1.5209140254382225,36.55736844677576,-80.22253126613342,-19.63886918969942,148.87708229952364,-41.90089396829342,-36.74575433162023,-28.230812527268633,0.8414363766149116,5.049102959664145
1795,-518.8186687357771,-17.54432309752758,72.72133443896556,172.431040428239,24.570336184216565,53.600832732646744,13.07578466178755,-16.343475543791218,262.9395881574742,-188.60094084172442,-37.03812683706251,-53.51883996728061,57.81866626467675,31.601373643672527,37.84456841283577,32.27317080227662,25.08339201489146
1796,-267.1763100039599,15.255576006657417,75.44098344764825,167.8399967520065,20.133584635071887,46.011130034457096,22.992340475735798,-34.98145917162508,103.52921009604309,-159.87162303417605,-7.545645272603007,-101.70026797282256,57.36827804700583,19.550151845330895,72.9999899549189,56.942495925471306,39.30098890809664
1797,-213.8928862294049,12.95616043302901,62.014576062559094,120.44719030346107,15.058444934744653,34.62819701278228,15.856954447398978,-25.067404982462094,85.83386309047272,-135.61294020455279,-3.8965977004068555,-91.57986000220488,29.551815016563083,9.790367261936515,59.6547248822226,99.8496937770222,40.43574077604113
1798,-496.4429700589769,-0.7609124400248881,104.6150405292222,380.0154754517528,34.619802488857204,76.34608748750908,31.94843959888336,-61.25130063086518,155.62090970844088,-200.30316388167893,-31.593668642555556,-69.48329045238822,151.91786069967753,48.251943802791395,86.87786451100179,68.43321581158763,14.802000693078353
1799,-446.4767367033888,16.32298621846916,84.73584741104392,173.45379478199533,18.06292105690129,49.40065288987057,-15.248735496968248,-40.007721703474786,105.08741879053828,-378.7342424419805,-17.263909798220457,-57.194153609996185,57.29414618390103,14.182109487826157,75.26643018235445,38.92739022085025,37.16202986774575
1800,-121.57664666808667,15.075772307615784,35.422897794764566,126.89401082183484,8.599951487251106,8.204870954719524,0.45749117452868987,-8.588574862307505,47.18604620111235,-89.71564630959396,-19.598787312934927,158.55816904348376,-25.155451599994937,-31.57325753449257,-14.602052406442837,2.1685757886898447,2.699614495155124
1801,-443.2430500651169,-59.658875507172226,56.698944880393135,132.93630649512505,-3.9499677341053636,27.058248749947232,4.4635129025322025,-102.12635298425025,118.2929837329618,-99.03994188089169,-72.59864431364116,-46.247540133907826,55.88297614550189,8.585255251307101,60.822358421655935,3.8785905057731607,73.00311625353572
1802,-672.0223501239224,25.072491247498785,109.28467919335426,237.72556327121833,15.808404920289997,70.03641799403314,22.775384455583904,-79.73451176383111,78.76390995177707,-204.8099383187807,0.12592267179350172,-72.60778870958717,81.00090239217045,33.767171207235535,100.1251336916601,63.27911835327541,7.96259026940798
1803,-285.7054847191019,-36.99541032085709,63.325186895281796,155.80323146256032,12.946471934452608,35.92609093638807,-3.1091602447316213,-26.804602817777123,114.86358766881523,-128.19066817309755,-6.511826654252414,-29.824213242780065,38.4745876432172,3.4761280316373515,53.6654441666273,1.7333037003083793,-198.19639972915067
1804,-653.864053150265,-1.5297663190858906,106.66552818241699,225.42969124569615,8.83101103307027,63.941013374845156,17.907401735500283,-89.80746498354898,86.50287669350823,-188.6226777775517,-8.607203455960919,-67.83015127235645,77.26233774737685,27.4816271567647,95.90590759884589,46.98317578200743,39.3002890112344
1805,-440.5717285492864,16.613308453626143,83.34532439997486,169.375874819191,17.593305940418023,48.034326623971296,-15.901761849503709,-38.93560949794065,103.05060553923153,-376.56990419999687,-16.88614788820004,-59.98442507389518,53.54202407243235,12.673485504367827,73.28078790021868,37.40573575794004,36.73107585007605
1806,-681.3786659048504,9.832587932286234,117.075378641606,274.76385306264893,16.98312718960371,76.38983635230453,24.67585973293053,-84.68963709147525,95.43495549941882,-214.28961266792382,-0.5228268539332835,-73.7912631071759,101.08960822306103,37.23889677690799,105.63680999816263,61.480236459470426,28.227131862785033
1807,-307.7421773331162,3.8588773666155856,61.28061777691241,128.42204255280856,213.73543536266382,37.13500530649044,11.293544598392861,-28.34990035967431,94.02219433943438,-117.72069880380288,-28.27088966755438,-39.98742774548668,41.01126833428542,18.937091721925295,50.39013191529019,28.324632000542824,-3.567438775658057
1808,-266.973628662871,36.42102366456708,224.75101237829787,121.33141559727446,21.309571297016458,37.96966981054467,15.939359950119394,-34.06987683791634,81.65998628198986,-113.2186899980317,23.246444139830068,-32.66993243251788,43.47254388311654,12.19586194432482,45.11169413072539,31.03970797734377,7.4719442993746465
1809,-489.7900760230901,-2.3347983621130264,91.70561846610535,211.4126308888819,32.287026324172906,59.75906021360767,38.38590522591519,-54.00684547822667,129.3676899209082,-377.2527505950555,-13.475358567606994,-39.318755099442896,63.96455349823629,28.509306131236144,82.11889489333097,39.62549436315426,-18.52210539332913
1810,-666.0341851996147,24.838863723790304,107.85015583027928,232.53625293268283,15.268619580004557,68.80508485874198,22.03701949699147,-78.68960195506827,76.8777265376182,-202.16742514902953,0.5286352515172074,-71.39234347322966,78.00102088515011,32.73981827806252,98.73006856448247,67.46532006347904,7.98799796713247
1811,-633.5421810657649,11.77407964622982,101.55309273786813,228.70483450942237,14.280185455372626,63.95124187843986,17.631109030243927,-73.63828047525541,66.54896619566814,-191.5880032110147,25.93800801759948,-58.85180671007275,64.83962352641362,26.52549225489594,94.92415646464221,45.896632400342824,39.2174503974114
1812,-606.4614213403039,13.807814538715379,100.51263166017502,227.1250098976759,11.041404792071951,60.855342812988646,16.642785498019837,-71.82472667431487,69.38455112759519,-189.72343569376366,4.310858161983456,-29.637165953001514,60.11007501120576,19.37706546255643,81.71270965988789,47.2162482920689,28.024124952025037
1813,-633.5421810657649,11.77407964622982,101.55309273786813,228.70483450942237,14.280185455372626,63.95124187843986,17.631109030243927,-73.63828047525541,66.54896619566814,-191.5880032110147,25.93800801759948,-58.85180671007275,64.83962352641362,26.52549225489594,94.92415646464221,45.896632400342824,39.2174503974114
1814,-263.2764585220521,9.732674325163405,50.99528022502516,104.18012718193287,17.39920106770618,222.9418072203865,7.976996956976845,-14.219780288994013,69.17004081483311,-106.80882957086413,-7.596841765406415,-33.41309533532683,13.777858310436589,5.778265181926612,36.58585223143286,23.849641023785757,8.4845395843085
1815,-307.04896001869673,3.53169546800222,61.75231454232082,127.99966557880329,213.8823367766199,37.570933241152865,11.698307393340793,-28.88696866674309,94.89252045472281,-117.71858817789813,-28.2705733525339,-35.16311188863022,42.58103840599344,19.931970997047877,51.770387998345946,28.80110571393869,-4.017159648687979
1816,-658.0083332386716,19.114958945425972,109.0843483408312,241.51243244478226,14.03425192811035,68.52855816003606,21.3714799742973,-87.83443083655814,112.16501561470082,-196.42623646706627,10.745105932858694,-68.87885138679206,74.75821228613422,29.563560119857787,106.99638361172933,57.87461908726128,25.152377355585546
1817,-587.9698065049079,0.1382828213409752,121.64943060674723,379.11317450744673,36.87673294198347,89.2731819773336,37.14708748475728,-75.74556704710162,160.67754051896057,-228.19395222686035,-25.870848377406322,-81.2194467514735,172.60120129615092,54.75864894856729,107.33823408210041,76.26342465702196,23.894906733625966
1818,-686.3814372484273,11.389751960918232,117.1232523178754,275.1102913266345,17.156097294946797,76.59185301459054,24.709249407024643,-84.67566406732966,94.81768936707113,-215.29144921410898,-0.7982223038974107,-75.50355562107875,101.04485447575658,37.35409445744292,105.63048994668439,62.60078732341384,26.99328510507699
1819,-520.5755641968814,-17.299545970635666,70.1717185174783,173.66634509527302,24.62025716756279,53.68667155255404,13.177157632985349,-17.114171760435035,265.97774679653236,-188.64861917531027,-36.89080451011756,-53.636909511998454,57.59347895114496,31.786297005958446,38.96174209014331,32.70325618572899,24.81699527591129
1820,-441.9174476858672,32.230637273834546,81.02569239758454,162.62999241960296,17.561711687070225,47.24304322152441,-19.278543903771414,-37.15148066113497,95.1205386044881,-343.1868006286376,-20.052742189770317,-62.17196009686231,56.03055538675638,14.820776814250374,73.07593643821554,46.505618369505214,24.9730224371232
1821,-369.0648566202642,51.204553883463504,68.2218684354506,220.67310262249947,22.955996986650945,40.18284921288121,18.260226866902546,-72.94706500953953,240.22054410730684,-115.62624092458111,30.7982579636442,-42.834839514245964,25.114421277760187,13.721579245076294,97.69216717815935,53.9561625212295,-9.989051233102984
1822,-522.2557812969187,4.528993980555069,75.37772198246864,188.7072286886458,30.213630609213173,58.66598519636834,16.826025880724544,-9.504628365882516,288.3086224889056,-197.18266898099384,-16.320780689166167,-54.54706305567515,55.60592845750874,34.11088216737588,48.14334673942977,44.04146169757841,9.585720403698907
1823,-434.05730612013576,49.573755660427395,85.65627044452545,242.00860217961613,29.5972414123857,55.55130574555256,26.162800857826753,-84.10261090338341,264.36796976357516,-146.43430328373557,27.182487911102974,-53.03249698824568,61.47110365417311,23.663040193324928,116.1602135640723,65.05958593725484,-3.6631385927693003
1824,-475.2681557165487,71.4054112126348,74.59554656758498,166.4394472532788,32.74405756154171,50.97654620130271,31.506366593481644,-45.318008087045605,82.41563083335718,-196.97777982435375,-27.50971502829662,-59.59056344749961,59.717588693486434,34.80896651580293,73.45892022342697,77.05606285636479,-92.18140287583078
1825,-190.92651338886017,-11.11723187892326,66.80503877125653,139.12418708110064,20.362645998994722,36.77797318416732,20.00907228862512,-38.914318222983674,110.02277668183726,-107.69828162555416,-11.285272863757902,23.459363131717822,56.27603089469063,23.650099231079142,68.28575472361992,15.12861897835284,-64.32388651405168
1826,-327.697479650651,9.724452842138094,65.92968321868796,156.72054723393032,22.72461128350806,206.14666936273645,13.450307353812471,-23.180310231031438,90.05802604491842,-135.22560989062663,-12.268525580835677,-44.686865206957975,39.249926581368605,14.122313474446637,49.68572672925493,34.401342710008954,11.890529964626811
1827,-489.7900760230901,-2.3347983621130264,91.70561846610535,211.4126308888819,32.287026324172906,59.75906021360767,38.38590522591519,-54.00684547822667,129.3676899209082,-377.2527505950555,-13.475358567606994,-39.318755099442896,63.96455349823629,28.509306131236144,82.11889489333097,39.62549436315426,-18.52210539332913
1828,-418.42316224253346,-62.64352824797766,58.10213471792546,159.91111108075413,0.9023279558111428,30.323971492217346,7.610886467441395,-100.81764683363798,138.46870920083222,-101.95306948507043,-78.38409693386592,-47.701931166576415,73.72897304672644,12.767280669686599,62.13685701199941,7.299324760119458,73.08793471110155
1829,-307.7421773331162,3.8588773666155856,61.28061777691241,128.42204255280856,213.73543536266382,37.13500530649044,11.293544598392861,-28.34990035967431,94.02219433943438,-117.72069880380288,-28.27088966755438,-39.98742774548668,41.01126833428542,18.937091721925295,50.39013191529019,28.324632000542824,-3.567438775658057
1830,-359.01425097183375,94.55060904078279,70.49046796148144,186.36331763031347,22.583691735140928,42.600531036120486,18.951200135918885,-74.21667669911112,240.96428514496498,-114.90869839976823,25.553832301610033,-41.41832984844483,35.44404131158801,12.010967224978002,100.61446536645703,50.23088115929602,-1.5266494435610365
1831,-672.0223501239224,25.072491247498785,109.28467919335426,237.72556327121833,15.808404920289997,70.03641799403314,22.775384455583904,-79.73451176383111,78.76390995177707,-204.8099383187807,0.12592267179350172,-72.60778870958717,81.00090239217045,33.767171207235535,100.1251336916601,63.27911835327541,7.96259026940798
1832,-518.391267304439,8.811267276551533,74.8546147706096,187.51394179646024,29.872176149851363,58.093669654037626,16.4394593618382,-12.741198116373898,287.3171265336874,-195.82130035276577,-16.9550205678672,-54.08545249472869,54.852569664701946,33.41733009040974,48.197853817481146,43.09369393024685,10.09340576076026
1833,-208.42761674802364,15.389659346540025,44.39050106487628,153.8948681785975,13.92412499372602,15.162232258614987,4.5738403976902005,-12.873356786151083,62.20745135463516,-109.15336762090026,-10.781246585657344,-225.90557669578553,-22.32448499206137,-23.694936903335886,1.9612895624340934,-0.2570991289018681,2.7745968774295457
1834,-549.4672448710221,1.508529791501906,117.38135574323928,366.0465257344704,36.953372831199054,85.59689893226196,29.0771897080444,-68.64576618587023,165.19221817967824,-257.7465923522146,-31.985040811572645,-80.5816077126059,169.39076229542331,51.54759922366009,102.91296548426935,74.04232948457049,26.543277813868432
1835,-207.79228078726274,14.923839035549975,67.17154723670252,127.33732432072011,17.229161312327317,37.637545053325496,20.757968457448012,-30.16606408543687,93.03082587187825,-140.3735832231813,-4.142941247234946,-83.39386843620537,37.727109689159946,14.926449470309135,67.55151416319887,47.53586917984216,31.374914891800007
1836,-385.9771913888687,17.018547697963722,79.58506393062348,154.41683804057703,15.40022822906892,44.286191210686155,-19.96826108343076,-36.50377320531009,99.78022733236678,-331.73096874963846,-16.74569526977716,-45.43174156963351,53.780259296441926,12.864147248294833,72.43305161014045,34.828031527792646,37.685957292883195
1837,-521.4713183216686,5.122285944272364,78.2418189721894,188.92819213051908,30.296247197209738,58.602728249628484,16.8121238480089,-13.29488625086382,288.07734402651243,-197.2185856816452,-15.699252323868421,-54.552873933633684,55.28651276722026,33.70916208901382,48.92601545236456,43.896901826500475,9.659486551926266
1838,-506.16581872106946,-8.120238526653843,90.06481556276597,214.57056713802396,34.446280508138116,61.53165281954505,45.58651510514297,-49.607602205724675,158.6594496787038,-347.3182566628654,-16.131910001832445,-38.27985917443345,64.92020585779562,32.55493816574881,76.19220044843603,39.23421420552363,-23.593634690799394
1839,-333.59216752709966,-22.262413685089143,61.09528222656547,159.28462204940854,14.648743710768088,37.8554695908103,-2.6331532358530483,-26.69098935656103,108.91920252418112,-137.8328140628971,-9.993098644012607,-45.65325923508763,38.23468930110124,5.024583720105161,53.944728210214215,12.640846520889726,-211.18213712280223
1840,-496.47087612487076,8.994906781365676,90.74801581048246,214.66637208984426,35.566849584230845,60.860945969277104,48.28823499364357,-56.228577789173535,123.15353184026473,-341.7718625239678,-15.473216052882538,-40.40483659818917,67.13391501654057,33.19037628380854,83.15973698407734,48.22265291137656,-44.46796188652845
1841,-119.57648844510577,-12.10496034488209,36.823904080012,66.53269318055183,6.7357692646445155,9.85285046112864,-0.5124681660515237,-8.653501313575088,45.90361519122145,-53.4852835215962,-15.085309822749197,-6.159994961364623,0.10518491733444957,259.92724585899754,18.33277835084735,9.161652472020274,1.5137707675046788
1842,-686.3814372484273,11.389751960918232,117.1232523178754,275.1102913266345,17.156097294946797,76.59185301459054,24.709249407024643,-84.67566406732966,94.81768936707113,-215.29144921410898,-0.7982223038974107,-75.50355562107875,101.04485447575658,37.35409445744292,105.63048994668439,62.60078732341384,26.99328510507699
1843,-415.1291279275177,-63.3355301140486,50.02125796535655,123.20843478768961,-0.8977225487575824,24.964822747566814,3.423062516955923,-88.19210755684826,157.00747461831799,-98.45765585317903,-77.13479372283348,-43.084934050428544,51.60616915180581,9.082451347321141,49.991099754870305,0.5440898481887334,71.77445668956611
1844,-334.8544622023519,10.961528862095363,69.54443566462062,182.82835567991873,19.64911073901098,39.9468349824593,18.432802245848933,103.01699583290058,69.89589967246339,-131.94077817056757,-13.29308866863694,-44.38082723287011,39.449173751505775,8.139295056858103,192.29215797724902,32.06678000262044,6.4481427979180905
1845,-522.9629488241836,3.1004021669842836,75.14015459737976,188.5137816273251,29.773577079256643,58.18837751783761,16.539862900584563,-14.370441396800382,288.6017270786668,-196.404499531239,-17.685817448242886,-54.567540081716224,55.31454080343412,33.68330660676561,48.93504442571923,43.16461410753046,10.935480359242613
1846,-590.1511567636093,-1.3942901529194038,121.85050771372116,378.7442191307548,36.27954848795793,89.23072405379504,37.14749066054048,-77.47004101252462,162.72536987395998,-227.81601106847344,-29.524026037199807,-82.11874782251013,173.84627552186865,54.85167689052935,107.43731209285625,76.29885022329141,24.0307899757399
1847,-523.6979193704465,4.714755826665157,75.75762025013644,189.33329098433154,30.131806204477336,58.65735985535608,16.039269052772443,-13.211112168631283,288.124382226897,-201.42724559920595,-16.514672547534232,-54.908849122102495,55.35369003796332,33.789579930633685,49.279553322752356,43.927323365888185,10.386090407182406
1848,-268.23872796761225,12.190562615953933,53.96635264894008,201.1341107679385,18.132880337387114,24.522799081654128,8.024487903741418,-20.49533996014382,76.99069185103778,-124.2570142431165,-16.137156593865157,-224.49526158254602,4.138369117931782,-15.93931734954394,8.921443847232348,5.036785441118425,0.2850662600132557
1850,-333.59216752709966,-22.262413685089143,61.09528222656547,159.28462204940854,14.648743710768088,37.8554695908103,-2.6331532358530483,-26.69098935656103,108.91920252418112,-137.8328140628971,-9.993098644012607,-45.65325923508763,38.23468930110124,5.024583720105161,53.944728210214215,12.640846520889726,-211.18213712280223
1851,-289.6650595334729,-39.80173257393009,55.45957428972806,148.93010539229377,10.74832627975457,32.82595492740686,-7.868063986843254,-21.732060495042195,107.8949010662525,-123.05380558241696,-6.992800597543237,-36.716325662058686,30.506932101549086,-1.2634752936167586,46.11113944402045,53.74916247863566,-189.78284366148065
1852,-263.2764585220521,9.732674325163405,50.99528022502516,104.18012718193287,17.39920106770618,222.9418072203865,7.976996956976845,-14.219780288994013,69.17004081483311,-106.80882957086413,-7.596841765406415,-33.41309533532683,13.777858310436589,5.778265181926612,36.58585223143286,23.849641023785757,8.4845395843085
1854,-145.52486202319486,-3.008021581212049,32.29722692970457,72.88468876813093,9.232669230838624,177.7781358836163,8.141710410937243,-19.757227049269957,52.63509326242824,-54.37590230410062,-5.843763290221949,-1.6264830038269558,31.107297463051495,8.803263653287868,30.07870076262205,12.519214370301949,-6.270617821723483
1855,-333.59216752709966,-22.262413685089143,61.09528222656547,159.28462204940854,14.648743710768088,37.8554695908103,-2.6331532358530483,-26.69098935656103,108.91920252418112,-137.8328140628971,-9.993098644012607,-45.65325923508763,38.23468930110124,5.024583720105161,53.944728210214215,12.640846520889726,-211.18213712280223
1856,-672.0223501239224,25.072491247498785,109.28467919335426,237.72556327121833,15.808404920289997,70.03641799403314,22.775384455583904,-79.73451176383111,78.76390995177707,-204.8099383187807,0.12592267179350172,-72.60778870958717,81.00090239217045,33.767171207235535,100.1251336916601,63.27911835327541,7.96259026940798
1857,-505.7909281055324,-2.8026055379464747,115.13692864966546,362.1656166662705,38.32348998736925,84.14270319060611,38.22684033978308,-69.74467481059405,167.0045979642603,-211.89779745608618,-31.104013476103667,-64.08306436070893,170.7953808972802,54.708209638646636,102.80243236408529,70.7584559021656,12.804541095595999
1858,-379.7707515642738,8.094060564490663,61.899627219800564,132.88078785372505,21.104953949068836,48.845206674103416,17.731211523955217,155.09854398904503,142.352245130263,-137.36612834092227,-8.882955768997455,-42.06108274837495,66.17555185553677,30.461229377834332,10.406215440397128,44.38646935058646,4.286458912380678
1859,-192.45012102065954,10.206356937929273,38.048336673897026,81.5550449865564,12.070006628407706,26.863889707410898,176.7639507178295,-12.061748625768805,41.64125064180527,-92.959226971727,-5.4544292794664555,-24.943487985802264,20.018114620057695,7.638592780078735,27.00744485595988,-3.0489401290425837,-19.55417086352878
1860,-208.1262284629356,18.15879835822725,61.53575333695772,127.06079712396345,15.43743347023923,32.3478673754644,16.462076950381178,-24.26033711628372,83.16107758297547,-138.2282406143405,-3.7680261723988338,-129.60298261181248,19.847056932319067,4.463912010747581,53.14356713356128,41.72595129636917,34.9914487313996
1861,-669.3220507442759,26.11905236148636,108.5248784576167,234.4435630544503,15.563041478224433,69.28264645114159,22.486383601256758,-79.94404730176971,80.40730527597412,-203.06738735653033,1.3786407138982553,-71.98569300806845,78.38572390794926,33.04187097806719,100.29443661151824,62.96198880606622,7.462788456299287
1862,-633.5421810657649,11.77407964622982,101.55309273786813,228.70483450942237,14.280185455372626,63.95124187843986,17.631109030243927,-73.63828047525541,66.54896619566814,-191.5880032110147,25.93800801759948,-58.85180671007275,64.83962352641362,26.52549225489594,94.92415646464221,45.896632400342824,39.2174503974114
1863,-655.6209486113693,-1.284989192193976,104.11591226092972,226.66499591273018,8.880932016416496,64.02685219475245,18.00877470669808,-90.5781612001928,89.5410353325664,-188.67035611113755,-8.459881129015978,-67.9482208170743,77.03715043384506,27.666550519050613,97.02308127615343,47.41326116545981,39.03389227225423
1864,-327.697479650651,9.724452842138094,65.92968321868796,156.72054723393032,22.72461128350806,206.14666936273645,13.450307353812471,-23.180310231031438,90.05802604491842,-135.22560989062663,-12.268525580835677,-44.686865206957975,39.249926581368605,14.122313474446637,49.68572672925493,34.401342710008954,11.890529964626811
1865,-656.7257938660707,-0.8112459410059379,104.00476042727604,225.79313745667417,8.976551861297972,64.05224206869319,18.08290167753181,-89.81960873964324,86.11388674000334,-189.24829475168477,-9.609916396043962,-68.2485646395384,77.42522313100113,27.99330372041814,96.24207210573704,47.805760827098055,37.41917243695525
1866,-486.8713287176486,42.223466839517855,106.82112663795183,344.6255040184928,34.260151592218946,82.1552346093263,32.79309725262787,-62.74428536417604,156.47363168732534,-198.87882647675613,-36.56299382413546,-71.2704738275333,163.37273571476626,47.34886220644871,90.69377776268075,64.9149472212864,23.084997836282728
1867,-503.7440646285296,1.0665670557901512,113.01122889555637,359.79058653697996,37.04546957279728,82.81850674410167,36.64128594345354,-65.77220097917095,162.98524614453967,-216.42096821573193,-29.67335027435465,-87.36011217523203,163.60707634454263,51.21901258986789,99.88052765713964,75.69291007540133,24.55724660736567
1868,-376.2025592693407,5.506474652658779,62.996167646094534,130.6276532408453,20.823203003779813,48.30348115156861,17.298118713095967,156.31302750838333,138.5013795151089,-136.22141751695656,-10.98165792512488,-41.77120358036806,65.65463105397077,28.624358823648897,8.76145487025378,43.678124741492745,4.171267270986766
1869,-681.3786659048504,9.832587932286234,117.075378641606,274.76385306264893,16.98312718960371,76.38983635230453,24.67585973293053,-84.68963709147525,95.43495549941882,-214.28961266792382,-0.5228268539332835,-73.7912631071759,101.08960822306103,37.23889677690799,105.63680999816263,61.480236459470426,28.227131862785033
1870,-520.5755641968814,-17.299545970635666,70.1717185174783,173.66634509527302,24.62025716756279,53.68667155255404,13.177157632985349,-17.114171760435035,265.97774679653236,-188.64861917531027,-36.89080451011756,-53.636909511998454,57.59347895114496,31.786297005958446,38.96174209014331,32.70325618572899,24.81699527591129
1871,-540.497515145712,1.2205791790837837,116.59173329796651,364.1565234106181,37.12545068215168,84.9956118626462,29.15107620403116,-67.90399642628869,165.70058873119066,-255.92925010879893,-32.30051137525703,-78.72303680516171,169.03181721550072,51.48473237729904,102.36092822718206,73.3784721266546,25.509612785395493
1872,-392.1483348544991,20.586241063113636,79.19747480316607,152.18056481933203,14.418609910679574,44.22960770001545,-20.936273013606662,-34.232229015970915,96.6618581961473,-338.29181080630525,-15.170567511978303,-67.18250061244765,49.1409255840553,10.245974777860388,71.52675931614226,39.98595445291585,48.982236817295735
1873,-517.0073719019483,-19.88713188246755,71.26825894377225,171.41321048239328,24.338506222273768,53.144946030019234,12.744064822126099,-15.899688241096724,262.1268811813782,-187.50390835134456,-38.989506666244985,-53.34703034399156,57.07255814957897,29.94942645177301,37.31698151999996,31.994911576635275,24.701803634517375
1874,-650.7840021330354,2.159215013193277,103.27832398083719,224.0154409116373,8.406939985711896,63.4319547792543,17.534737249329584,-89.25377684905905,85.74265920068319,-187.22539244867227,-9.8629716999597,-67.36272983345145,76.82839464485853,27.189795158160617,95.17774596396247,46.179967885753804,39.734208220068396
1876,-491.22454070033143,-2.7128245346615385,106.94178755692933,346.90033920829484,35.805582401591536,111.50666371963663,34.701906415161126,-64.39719965562452,155.96896739808332,-200.17074353626182,-30.009506495275602,-70.03852641436032,163.9576581361508,50.5116251061764,93.74884098910685,68.82229305470076,16.79319121821007
1877,-503.67802445314504,0.8735475886908668,113.91665161832891,357.7908663188127,37.40488081788927,83.47854555357846,37.22515802446328,-66.47896706285788,164.04811391997333,-217.370279720078,-29.669342086678203,-86.39200350083601,165.2816205813725,51.736262269580656,101.24340366922222,75.82562401660881,24.322297760914765
1878,-515.7386177185475,-13.855341765248411,69.33413023738575,171.01679009418015,24.14626513685819,53.091774137055886,12.703120175616855,-15.789787409301296,262.1793706646491,-187.203655512845,-38.29389508106129,-53.05141852837562,57.38472316215844,31.309541645068446,37.11640677795235,31.469962906022992,25.517311223725454
1879,-416.6899020839714,-64.4525519683971,50.2811216330488,123.41895656787285,-0.7519817668929996,25.205973588342165,3.900170328469971,-87.71917920053268,154.57701404435997,-102.59033867506052,-78.00594575070649,-42.887497224206044,52.12060092867634,9.345337816046246,49.4291399588678,0.17876669496149267,71.37863759732939
1880,-672.0223501239224,25.072491247498785,109.28467919335426,237.72556327121833,15.808404920289997,70.03641799403314,22.775384455583904,-79.73451176383111,78.76390995177707,-204.8099383187807,0.12592267179350172,-72.60778870958717,81.00090239217045,33.767171207235535,100.1251336916601,63.27911835327541,7.96259026940798
1881,-343.8416371167798,38.45066061642637,213.18535345840766,180.6316362404539,27.035833853465718,51.04150808176155,21.22393383865824,-47.039889536809945,112.2495565931154,-142.65737700538025,20.944159284857363,-46.96862376244941,72.32757123603335,14.060054782097383,61.685408344266044,43.91371070861981,9.288244345284056
1882,-658.3212479910158,-2.3315503061815535,104.87571299666729,229.94699612949822,9.12629545848206,64.78062373764402,18.297775561025226,-90.36862566225419,87.89764000836934,-190.4129070733879,-9.712599171120731,-68.57031651859302,79.65232891806625,28.391850748218964,96.8537783562953,47.73039071266899,39.533694085362924
1883,-425.5160461733142,5.873156834141787,75.85692546516,151.5694250611148,10.634238783196716,41.23347742224373,-24.045153652657238,-47.99513009749667,105.89766398527743,-327.04721842099445,-28.638545990579797,-57.51239220434942,52.066803428431,8.720156126065454,69.97388402270887,30.6397611816896,56.04432443996946
1884,-496.47087612487076,8.994906781365676,90.74801581048246,214.66637208984426,35.566849584230845,60.860945969277104,48.28823499364357,-56.228577789173535,123.15353184026473,-341.7718625239678,-15.473216052882538,-40.40483659818917,67.13391501654057,33.19037628380854,83.15973698407734,48.22265291137656,-44.46796188652845
1885,-519.3963278692821,4.476661760819602,74.62775481800652,190.94492029567883,29.909406675002366,57.851901471713695,16.370362034936566,-12.614236947416739,287.24275242992155,-195.89305460524704,-16.430578001663783,-54.22710346130881,53.81960766131916,33.58839129241957,47.90562399865138,43.4662220664402,9.247165581806065
1886,-451.8838240110096,16.793966098369904,88.30069472842193,198.97926880930768,18.519362318625664,53.29552677574147,-17.868170027429695,-41.59674007848164,111.0718878739893,-352.1904106759179,-20.67685736081429,-64.17403365105096,75.3017317503873,17.77889416308557,77.79793381662046,49.93811893541824,46.143646618924386
1887,-527.9252696595089,-1.1560093738269424,76.34637504504505,181.86143866533723,28.20254841976967,58.376494927738776,8.171219154864188,-5.520879478744063,261.2042982788349,-238.87607985497993,-25.179355503031022,-57.049999915861136,57.98497129643695,32.84903024463917,42.40683106047467,40.33034876930618,19.323095755309218
1888,-431.09267523662163,48.95095398096355,78.38348136721343,208.9761935158581,27.977195958273846,50.72807187536708,22.393759302389824,-72.73962555427266,281.0528586393124,-143.28843101503332,28.306860801032165,-48.8771995837126,41.56058014874453,20.34669380319602,105.2290320326561,58.97987451651721,-4.845268812151197
1889,-270.480178719003,-0.706930264382173,56.04105256705869,128.6695598680146,179.2510667137238,35.28364192941383,12.005417841356113,-25.087795239615065,82.68630074317893,-116.87930847796639,6.464827027122092,-47.212491739010595,39.26689738070757,2.204243502488137,46.47914585137584,31.853976960116388,34.12352108334327
1890,-495.78256830513106,-2.6911071110177347,113.66926775694755,360.01827327007993,38.21391493977709,82.94647558227705,37.787160408980796,-68.31896146773445,166.24958746277747,-209.7962789251395,-31.55358676579106,-59.802203708428095,168.66330306797602,53.424440599919066,100.50662463182758,69.76035522366257,12.452512228569333
1891,-685.0113270351367,8.6493478055502,116.6823556982067,274.3324346124625,16.487886348766,76.06627358895163,24.26148851756878,-85.73907545717195,95.73106237273035,-213.8517460895697,-1.782074488188834,-75.09980840197933,100.90999712834615,36.81656241154126,105.3033544131479,61.0459145593532,30.150395486672483
1892,-249.14503352946616,16.820111714376903,47.22460825443697,161.4788219904445,13.722045118450039,16.855925356028,-3.540978719481531,-15.042965585985867,66.66980862606789,-148.1362359152592,-12.537776057172307,-219.64855869154997,-19.00711480239368,-24.158022316450094,3.853503239332077,-1.9761998165509287,4.342784979501206
1893,-685.7462975813995,10.263701465231073,117.29982135096338,275.1519439694689,16.84611547398669,76.53525592647011,23.76089466975666,-84.57974622900286,95.2537175209606,-218.87449215753665,-0.6109295874801807,-75.4411174423656,100.94914636287535,36.922835735409336,105.64786331018104,61.808623817710924,29.60100553461228
1895,-270.480178719003,-0.706930264382173,56.04105256705869,128.6695598680146,179.2510667137238,35.28364192941383,12.005417841356113,-25.087795239615065,82.68630074317893,-116.87930847796639,6.464827027122092,-47.212491739010595,39.26689738070757,2.204243502488137,46.47914585137584,31.853976960116388,34.12352108334327
1896,-307.59875384635336,13.74034333814938,50.59789529071662,177.1235752483211,30.71162967374217,32.36102884923796,7.489354707083507,-13.823252345843539,33.039082811801975,-120.80244907083043,104.12746372886342,-2.618808070027379,11.700449074372854,7.930960209297965,56.06578279690022,5.097961063194116,66.5601693443849
1897,-505.7909281055324,-2.8026055379464747,115.13692864966546,362.1656166662705,38.32348998736925,84.14270319060611,38.22684033978308,-69.74467481059405,167.0045979642603,-211.89779745608618,-31.104013476103667,-64.08306436070893,170.7953808972802,54.708209638646636,102.80243236408529,70.7584559021656,12.804541095595999
1898,-332.8054269167503,14.2293690504787,46.20419291202836,150.60621861555404,25.24104402099109,28.65556550123622,3.9955932239162437,-16.96606610294193,16.814888988648896,-116.49729667569834,109.0763864917417,-0.8787393629772204,-6.505592487793915,3.396326107302729,55.5413223503278,0.5524394282395513,69.3660645294344
1899,-398.48812027094925,-59.81675085368778,51.11001241537354,118.40078336831955,-3.629567834022104,22.69204058993126,-4.151181280893995,-92.896209758643,125.20193927361859,-127.53038530137705,-76.61212973992744,-44.020426578802685,50.903732141992144,4.826040468274348,54.809649495812366,-0.22700309660302287,78.38837653333289
1900,-672.0223501239224,25.072491247498785,109.28467919335426,237.72556327121833,15.808404920289997,70.03641799403314,22.775384455583904,-79.73451176383111,78.76390995177707,-204.8099383187807,0.12592267179350172,-72.60778870958717,81.00090239217045,33.767171207235535,100.1251336916601,63.27911835327541,7.96259026940798
1901,-333.88202971649787,10.123459771486154,69.22995459638713,181.37208757101143,19.51657316766819,39.92425310929186,18.34533130736678,107.5779499345257,67.08901949579847,-131.85718313633032,-14.061939360879627,-44.25694681019373,39.993776755326046,8.356091772934235,190.39231558700666,31.781254490245995,6.640773388670902
1902,-241.86190936465636,-4.2769920762017755,78.38387882323993,182.1537391938866,25.41494188628229,46.92676994113232,28.296298036281826,-48.34291887197978,120.3451125235277,-125.23984274055411,-15.98088447446785,17.27871135758964,83.50129930685408,34.15842130521663,78.58698440088504,28.951225921591643,-22.422454532389
1904,-344.9464823714813,38.92440386761441,213.07420162475398,179.75977778439793,27.131453698347194,51.06689795570229,21.29806080949197,-46.28133707626038,108.82240800055236,-143.23531564592744,19.79412401782938,-47.26896758491352,72.71564393318941,14.386807983464912,60.904399173849654,44.30621037025807,7.673524509985081
1905,-444.5091007585603,-61.248380058954936,56.761809774527485,133.41989753864263,-3.980229187378148,27.250715544433,4.259604390977071,-101.41281597918223,121.93061354307639,-99.8550128394057,-72.57639676761468,-46.10759230134766,55.897801543074955,8.615319346871376,60.21948894650128,3.1276969001510238,74.98629009978984
1906,-379.5054866056846,5.82739966031067,61.34757876647817,131.23107268349702,20.532362847769516,48.345017122405245,17.357577605333084,154.7936850597523,139.83846954335917,-136.5043638569302,-11.016843220316863,-41.95767935173965,66.42876720528241,30.2504505333002,9.298070736444252,43.224096248164074,5.828849458677198
1907,-409.0626413236928,9.088133241572967,89.36247478923873,244.72850813668867,25.44852686540127,53.62710546816796,25.350780472107903,96.41864580911341,88.97552600428618,-160.978520280762,-18.023213036437426,-56.15514133388938,70.46098801016439,16.282352822510664,159.5253865618126,44.16670508288637,9.504653973811328
1908,-495.78256830513106,-2.6911071110177347,113.66926775694755,360.01827327007993,38.21391493977709,82.94647558227705,37.787160408980796,-68.31896146773445,166.24958746277747,-209.7962789251395,-31.55358676579106,-59.802203708428095,168.66330306797602,53.424440599919066,100.50662463182758,69.76035522366257,12.452512228569333
1909,-307.7421773331162,3.8588773666155856,61.28061777691241,128.42204255280856,213.73543536266382,37.13500530649044,11.293544598392861,-28.34990035967431,94.02219433943438,-117.72069880380288,-28.27088966755438,-39.98742774548668,41.01126833428542,18.937091721925295,50.39013191529019,28.324632000542824,-3.567438775658057
1910,-506.5128745130912,-5.848586159941324,98.49564980012782,251.45618707891433,36.63250315150129,67.20807727080731,50.08115338985954,-60.93130931800222,139.47809192832656,-351.98051932385164,-15.94695138329834,-44.00506200053501,86.70713932383264,36.371193801210495,88.5707141468023,46.99687356480749,-22.94827812377223
1911,-339.05363300977945,19.05820662306427,64.80167390779464,133.1853995280846,184.08020636611755,40.112176942724936,14.64316930654558,-31.782042584975226,93.56064783362528,-126.60394898286667,-34.54619506953446,-40.18830432904062,45.94939558342731,25.955653414125326,56.72725429614868,38.55817241943068,-26.946485819110443
1912,-506.7457893860729,75.80416823259745,78.69590218755862,171.48270393974008,29.287609469591246,53.1352033696068,26.818167701231467,-48.9697565162804,73.24159958234813,-170.02326156167044,-23.130639649105863,-64.72260857497578,62.6705972633273,35.34665986585505,77.18545514995827,80.5016778448618,-83.61855606853095
1914,-316.57337836172553,46.64961085212215,205.0352976477098,146.16191890254564,24.009608331510755,43.003603101147775,17.960291376764626,-49.44010384548887,126.16973424818202,-124.37010289888477,31.337452254585482,-40.64426335062683,46.429001743567085,6.596273645879778,62.270292838894605,39.580042134105504,5.832616760493638
1915,-430.86899513885214,27.493204761954157,82.13721073412142,171.34857698016293,16.605513238255458,46.989144482117034,-20.019813612108738,-44.73700526663065,129.39202453011865,-337.40741422316563,-8.552389519490474,-59.16852187222121,52.14982841519571,11.553244800575104,80.88602814237953,42.58062175312265,41.12022079011295
1916,-533.1478096830847,-14.922957417724941,110.41707677039973,355.96142984055393,33.5431594299448,80.30578848746146,34.15701468215233,-79.49728870797968,170.47403724888807,-205.70178942912926,-44.01196038234356,-75.30994640129904,168.64032487020873,50.42199913861832,98.9158392568507,65.7513795430774,31.00351230599756
1918,-669.0567857856867,23.852391457306364,107.97283000429432,232.7938478842223,14.990450376925116,68.7824568994434,22.112749682634625,-80.24890623106245,77.89352968907029,-202.20562287253827,-0.7552467374211531,-71.88228961143315,78.6389392576949,32.83109213353306,99.18629190756535,61.79961570364383,9.005179002595805
1919,-411.65840113277187,10.837650062795642,87.95145329471126,245.5253746406611,25.597740239347505,54.14624911753532,25.696402344485,99.76511639140023,90.01951144277534,-162.03963607049053,-16.69336157255269,-56.321140079219894,71.52651181555065,18.336020092772234,159.2703047417136,44.58952417960565,9.81247620595805
1920,-507.3860326547033,-1.0019772909669744,109.23731560690926,364.06796563228477,36.53131285792326,78.85857401101322,33.83872767092878,-64.68166034602145,159.10581423619976,-209.6636948933638,-32.68189482424839,-111.77619731663272,154.5591240055625,44.274215675693064,88.1143786914257,64.89553951017382,18.19134842130971
1921,-427.8869421214591,4.7573955335471165,75.80863852564065,151.18115764857637,10.69959717480541,41.45133409067023,-24.174935193378637,-46.52304063187908,106.10814520282895,-328.44022802005566,-29.766333711581307,-57.67278819425336,52.46970152316013,9.076973422997256,68.59000537713781,30.281367237705716,56.41277845092461
1922,-501.82737325823985,2.028890491900465,100.12391403287911,178.5918736253387,29.41019684154011,56.99351327264079,15.356632322958589,-4.90727478097853,256.86116603934,-195.41627126938823,-17.90380127111321,-53.046408014130336,56.07148079663703,31.73915766956043,36.73388722557591,39.16536823191641,11.911132971607767
1923,-486.5009378046944,1.0969537102033136,106.66149900716879,359.7019238372029,35.31962760778204,76.93197192438048,32.58119048686967,-61.45670313454508,153.81629021038648,-206.28938083301446,-32.76451948749465,-38.96970467929421,151.03056408671165,41.919071188907544,83.4498143432113,66.61945139717086,18.822186528036692
1924,-342.5618972524098,-21.97446307267103,61.88490467183825,161.17462437326083,14.476665859815464,38.45675666042606,-2.707039731839809,-27.43275911614257,108.41083197266869,-139.65015630631282,-9.677628080328228,-47.51183014253183,38.59363438102383,5.0874505664662095,54.496765467301515,13.30470387880562,-210.1484720943293
1926,-423.55542937864124,53.441719300338384,76.78609235138333,203.0446382979972,27.25784048550368,49.37940291697736,21.630720990694183,-71.62477674107753,278.8978778316262,-140.10091639031768,28.156488272193194,-47.66961289857104,38.73664587553681,19.14463821313767,103.55299964032326,57.42945168960202,-4.644754677445726
1928,-307.7421773331162,3.8588773666155856,61.28061777691241,128.42204255280856,213.73543536266382,37.13500530649044,11.293544598392861,-28.34990035967431,94.02219433943438,-117.72069880380288,-28.27088966755438,-39.98742774548668,41.01126833428542,18.937091721925295,50.39013191529019,28.324632000542824,-3.567438775658057
1929,-672.0223501239224,25.072491247498785,109.28467919335426,237.72556327121833,15.808404920289997,70.03641799403314,22.775384455583904,-79.73451176383111,78.76390995177707,-204.8099383187807,0.12592267179350172,-72.60778870958717,81.00090239217045,33.767171207235535,100.1251336916601,63.27911835327541,7.96259026940798
1930,-672.0223501239224,25.072491247498785,109.28467919335426,237.72556327121833,15.808404920289997,70.03641799403314,22.775384455583904,-79.73451176383111,78.76390995177707,-204.8099383187807,0.12592267179350172,-72.60778870958717,81.00090239217045,33.767171207235535,100.1251336916601,63.27911835327541,7.96259026940798
1931,-530.6255690391554,-2.2025704878145183,77.10617578078262,185.14343888210527,28.447911861835237,59.13026647063034,8.460220009191337,-5.311343940805444,259.5609029546379,-240.61863081723027,-26.432073545135776,-57.67209561737986,60.60014978065815,33.57433047380752,42.237528140616526,40.64747831651537,19.82289756841791
1932,-121.57664666808667,15.075772307615784,35.422897794764566,126.89401082183484,8.599951487251106,8.204870954719524,0.45749117452868987,-8.588574862307505,47.18604620111235,-89.71564630959396,-19.598787312934927,158.55816904348376,-25.155451599994937,-31.57325753449257,-14.602052406442837,2.1685757886898447,2.699614495155124
1933,-371.3068061067636,12.619456655759421,79.45538550195309,197.07276731726938,21.63173988907356,45.86954722471713,21.775625090673483,140.1504267908277,76.77017898547341,-142.70284319193146,-12.020862956590449,-48.31868069761466,49.96254711220458,13.551913639081784,142.11554699879557,37.95103349045594,6.90439250792326
1935,-342.5618972524098,-21.97446307267103,61.88490467183825,161.17462437326083,14.476665859815464,38.45675666042606,-2.707039731839809,-27.43275911614257,108.41083197266869,-139.65015630631282,-9.677628080328228,-47.51183014253183,38.59363438102383,5.0874505664662095,54.496765467301515,13.30470387880562,-210.1484720943293
1936,-263.2764585220521,9.732674325163405,50.99528022502516,104.18012718193287,17.39920106770618,222.9418072203865,7.976996956976845,-14.219780288994013,69.17004081483311,-106.80882957086413,-7.596841765406415,-33.41309533532683,13.777858310436589,5.778265181926612,36.58585223143286,23.849641023785757,8.4845395843085
1937,-490.11947945459167,-2.2655981755059327,92.51370614136226,215.08289851818836,32.467031374629784,60.29497508807273,38.80468762096373,-55.269399405905645,127.5138133791596,-377.6022919582446,-13.600288888710237,-39.78045481105768,66.17683388772836,28.87778906347269,83.3334706190439,40.30101785434733,-18.390757591175586
1938,-172.3197094997174,236.36133981173248,34.80080320643243,67.57342552738065,4.068678452151997,18.104410892540926,-0.09438398673480444,-12.812334339205782,53.70933185064393,-61.24421817439557,-41.586536408510376,-20.32824554102834,28.339452542823512,-4.80716991449728,18.026111847014565,3.450961374182786,6.126499203758953
1939,-331.9771115880875,-4.051346419912071,65.530765809341,173.54698264675886,183.07409920594833,44.32138454757308,15.241472174963691,-33.168898073539445,96.14116901163075,-130.90486602496927,1.6274516123285652,-43.20995213550069,64.42182605446116,9.799893246575875,53.48665033795896,36.19343559130231,30.531838434321116
1940,-617.5081238450622,11.743518816239598,98.23878890690102,249.6956228027314,10.263821326599912,60.204360105353764,15.939728955812823,-71.5965016702261,71.38968390321118,-183.07208352561307,5.611803545249114,-63.5411501453282,61.095960136723406,26.41359058909404,85.52165429076621,49.231542085865314,23.55725180207132
1941,-520.5755641968814,-17.299545970635666,70.1717185174783,173.66634509527302,24.62025716756279,53.68667155255404,13.177157632985349,-17.114171760435035,265.97774679653236,-188.64861917531027,-36.89080451011756,-53.636909511998454,57.59347895114496,31.786297005958446,38.96174209014331,32.70325618572899,24.81699527591129
1942,-268.57205103835474,13.319959946629732,56.31076617601777,109.23282984222877,18.406787237803712,196.7798154829561,9.892102966630599,-15.305933258223236,74.92830008893587,-120.85094571915111,-6.7376013773168735,-48.5139313249546,12.271590947776945,6.0757858683841945,42.624873300679084,29.68056068722456,15.635202751422273
1943,-201.88727263316034,15.214161270706958,65.78102422563346,123.25940435791581,16.759546195844052,36.27121878742622,20.104942104912553,-29.093951879902733,90.9940126205715,-138.20924498119774,-3.7651793372145295,-86.18413990010434,33.974987577691266,13.417825486850806,65.5658718810631,46.014214716931946,30.9439608741303
1944,-643.4049429658651,17.887287466699252,135.89235674476373,234.0911011614382,14.352996638012975,68.92413105555286,21.020385035268596,-79.61307420288858,82.65380948682596,-198.5537685774499,10.153052072623925,-68.42365503776762,79.37204855592763,28.650405570701118,96.76348862274861,55.053267902369065,26.773756012199424
1945,-507.3106855834313,-0.30969253804516783,113.52362867492961,357.35944786862626,36.90963997705156,83.15498279022557,36.81078680910153,-67.52840542855458,164.34422079328485,-216.93241314172388,-30.928589720933754,-87.70054879563945,165.1020094866576,51.31392790421393,100.90994808420749,75.39130211649159,26.245561384802215
1946,-533.8410269975042,-14.595775519111575,109.94538000499132,356.3838068145592,33.396258015988714,79.86986055279903,33.752251887204395,-78.9602204009109,169.60371113359963,-205.703900055034,-44.01227669736404,-80.1342622581555,167.0705547985007,49.42711986349573,97.53558317379495,65.27490582968154,31.45323317902748
1947,-314.4274529438923,13.189650300015456,48.67887630457905,179.03058551916584,30.51212254567416,32.87152795041574,7.55757847903416,-14.591138885664925,32.75898843913234,-122.24357174219408,103.71561680242888,-3.183499830750683,12.267033285224196,8.390305938777525,56.96030461235692,5.46385260225723,66.94656455628675
1948,-626.4997880053506,9.053476723833441,102.77801868712561,223.2171879412795,11.75824389209239,64.2785216616789,17.325599821100287,-74.22656597970132,75.95585522548245,-188.86631751659743,3.228903493339639,-63.34910325750362,71.04603940555317,27.080565165712795,91.67983867490808,104.46280442545039,27.247362082321864
1949,-263.2764585220521,9.732674325163405,50.99528022502516,104.18012718193287,17.39920106770618,222.9418072203865,7.976996956976845,-14.219780288994013,69.17004081483311,-106.80882957086413,-7.596841765406415,-33.41309533532683,13.777858310436589,5.778265181926612,36.58585223143286,23.849641023785757,8.4845395843085
1950,-379.1433043227784,-1.415680058863993,74.08299423964978,198.44591237773378,17.113970871487876,40.79255444698333,18.614390769204192,91.51156313755243,80.24983875672345,-134.70686723231944,-25.61485297719686,-48.746189503313204,46.12055967460563,8.452738480791144,149.64416415998787,29.21925805215163,19.89980871594347
1952,-535.8664994443607,7.936671091174288,115.03213858085107,374.4583017610012,38.90965919784598,84.6476451949664,37.309481787363936,-75.74193333136533,194.54892534249268,-213.370122764704,-22.677094056825926,-77.31208904204813,164.43362713592236,52.012537904246855,108.6344102842969,77.24239662609378,15.814555689483273
1953,-411.2909493686736,117.01767180999234,63.62102708973704,137.83867944051755,26.546729435849873,42.61606363856764,21.99491390465623,-36.803448138864034,68.73647525410549,-141.2013149808858,-32.82910045900386,-55.710021873496274,52.48571303491587,27.412548219651878,60.625165061542425,68.37636159157722,-81.22005247532194
1954,-267.1763100039599,15.255576006657417,75.44098344764825,167.8399967520065,20.133584635071887,46.011130034457096,22.992340475735798,-34.98145917162508,103.52921009604309,-159.87162303417605,-7.545645272603007,-101.70026797282256,57.36827804700583,19.550151845330895,72.9999899549189,56.942495925471306,39.30098890809664
1955,-671.4347245445068,9.47731337620136,111.48190791077978,243.98660562330667,16.088844200781732,70.98252449132815,26.142154913654576,-81.38067330797927,85.81258052012103,-238.13100584426812,5.686763313922191,-66.00518205353038,78.65745582912183,32.09939686514678,101.27770764094842,54.18596198871941,21.058303191104407
1956,-378.60381434326695,12.714078273200956,78.28291705897178,202.88095970958318,22.19663111867233,47.159068373004295,22.30815620920133,138.92788346457874,79.54814777056441,-145.60432210210251,-12.338555423794105,-49.60735496146393,52.89133249194232,13.759488474942298,143.69544950825582,39.165628643353024,7.04793520475511
1957,-251.46859755275256,19.234974364998354,69.41597433027636,131.21823338891997,15.859044156157111,39.09174079498134,11.608317825709344,-29.067155460713042,91.2184460872962,-186.22237811930975,-5.023968582703923,-99.89241178810235,36.32249108730305,11.765839055322587,67.66204728338295,50.81974276224706,45.113651610072445
1958,-115.63882295341061,16.969107315152254,25.449844321378563,142.39091606669805,4.683125333804048,0.6740845287147116,-5.629493193156281,-0.9858701269728656,35.39088131075745,-78.05608239824512,-19.260790964658526,150.9111266924811,-44.083246008054076,-37.25949903995598,-28.836198726348638,-0.2037443728994383,4.168428068964519
1959,-267.3033624568133,34.916858530179155,226.00657831451494,120.2965777044363,21.105170612189045,37.60457107635516,15.465529842520526,-33.599972754982,80.61900312705113,-112.49787707970394,22.0223818007665,-33.79200195594972,42.51879663709001,10.147435869306786,44.24162267952019,31.059414570555216,7.737625735571665
1960,-333.88202971649787,10.123459771486154,69.22995459638713,181.37208757101143,19.51657316766819,39.92425310929186,18.34533130736678,107.5779499345257,67.08901949579847,-131.85718313633032,-14.061939360879627,-44.25694681019373,39.993776755326046,8.356091772934235,190.39231558700666,31.781254490245995,6.640773388670902
1961,-672.0223501239224,25.072491247498785,109.28467919335426,237.72556327121833,15.808404920289997,70.03641799403314,22.775384455583904,-79.73451176383111,78.76390995177707,-204.8099383187807,0.12592267179350172,-72.60778870958717,81.00090239217045,33.767171207235535,100.1251336916601,63.27911835327541,7.96259026940798
1962,-180.36497649557185,-0.9325759206718798,68.89416558095763,137.27631641514233,21.59190939405774,37.88902732297307,25.060243702674246,-40.2618160380554,106.89024425507588,-111.2142851935512,-11.143509059674326,13.276171754079748,58.34637063310047,26.56277156112889,71.57947991430194,24.611767290405716,-18.830771883366854
1963,-235.1555583334843,5.485479705691194,31.64508179189525,279.99240670606025,7.334804584090693,12.728601858963419,-1.3369859450076425,-11.578901344773774,66.44671325036194,-75.67274899230469,-16.630867147977714,-26.84586170993018,-2.3579903639424535,7.012168280850711,8.147376064498376,21.317428182713943,-11.027041076870564
1964,-521.4713183216686,5.122285944272364,78.2418189721894,188.92819213051908,30.296247197209738,58.602728249628484,16.8121238480089,-13.29488625086382,288.07734402651243,-197.2185856816452,-15.699252323868421,-54.552873933633684,55.28651276722026,33.70916208901382,48.92601545236456,43.896901826500475,9.659486551926266
1965,-312.0016968419808,52.360475961689396,204.74975782093964,145.16207907168075,24.10820740210547,42.9088952373478,17.85988783801827,-47.81086056506239,124.88513370320265,-123.78690372041154,32.068249134961164,-40.1621757636393,45.96703060483491,6.33029712952391,61.53310223065652,39.50912195682189,4.990542162011283
1966,-507.43147199336516,76.200578606503,78.65283672895224,171.23422913737951,29.178540767547986,53.12891631286561,26.710610820100808,-48.71736271746494,72.89511412276819,-170.75224401241118,-22.955625453794877,-67.1393595797329,62.155115739728785,35.05575181358456,77.08475600618068,81.07478039209771,-82.36341389915178
1967,-503.7440646285296,1.0665670557901512,113.01122889555637,359.79058653697996,37.04546957279728,82.81850674410167,36.64128594345354,-65.77220097917095,162.98524614453967,-216.42096821573193,-29.67335027435465,-87.36011217523203,163.60707634454263,51.21901258986789,99.88052765713964,75.69291007540133,24.55724660736567
1968,-257.3639156608225,10.092225035612568,50.03338852075815,99.43135544276272,16.967418663135746,222.00512183240846,7.621176518258658,-13.432342591713192,67.65706821923486,-105.3713631537166,-7.043749345054534,-33.79580194712649,11.080024747077422,4.973612421320367,35.87976688857527,23.37756282150732,8.859006862988046
1969,-446.4767367033888,16.32298621846916,84.73584741104392,173.45379478199533,18.06292105690129,49.40065288987057,-15.248735496968248,-40.007721703474786,105.08741879053828,-378.7342424419805,-17.263909798220457,-57.194153609996185,57.29414618390103,14.182109487826157,75.26643018235445,38.92739022085025,37.16202986774575
1970,-682.0643485121428,10.22899830619178,117.03231318299962,274.51537826028834,16.87405848756045,76.38354929556334,24.56830285179987,-84.43724329265977,95.08847003983888,-215.01859511866456,-0.3478126586222983,-76.20801411193301,100.57412669946254,36.9479887246375,105.53611085438506,62.05333900670634,29.482274032164206
1971,-453.43842939710873,16.26513101564652,81.15440427088268,164.39442441819392,17.159474494141396,48.65509046426588,-21.129522062135834,-29.752717792077778,130.70977145587298,-353.7276420734088,-19.448700715273812,-59.9529492435194,54.078062655136314,14.659004009449882,66.65458481052461,38.31422961284743,43.90913999431904
1972,-339.66369355399365,18.861438762812174,64.28597679038029,132.49638612635866,183.86313472835928,39.811242138670615,14.153067905540677,-31.27217667467775,92.84095155548474,-126.12788468100382,-34.52156071485165,-41.00690348564057,45.13186611616762,25.442045193288063,55.93757536805106,43.78955487914868,-26.04040323068633
1975,-307.7421773331162,3.8588773666155856,61.28061777691241,128.42204255280856,213.73543536266382,37.13500530649044,11.293544598392861,-28.34990035967431,94.02219433943438,-117.72069880380288,-28.27088966755438,-39.98742774548668,41.01126833428542,18.937091721925295,50.39013191529019,28.324632000542824,-3.567438775658057
1976,-686.3814372484273,11.389751960918232,117.1232523178754,275.1102913266345,17.156097294946797,76.59185301459054,24.709249407024643,-84.67566406732966,94.81768936707113,-215.29144921410898,-0.7982223038974107,-75.50355562107875,101.04485447575658,37.35409445744292,105.63048994668439,62.60078732341384,26.99328510507699
1978,-339.66369355399365,18.861438762812174,64.28597679038029,132.49638612635866,183.86313472835928,39.811242138670615,14.153067905540677,-31.27217667467775,92.84095155548474,-126.12788468100382,-34.52156071485165,-41.00690348564057,45.13186611616762,25.442045193288063,55.93757536805106,43.78955487914868,-26.04040323068633
1979,-359.01425097183375,94.55060904078279,70.49046796148144,186.36331763031347,22.583691735140928,42.600531036120486,18.951200135918885,-74.21667669911112,240.96428514496498,-114.90869839976823,25.553832301610033,-41.41832984844483,35.44404131158801,12.010967224978002,100.61446536645703,50.23088115929602,-1.5266494435610365
1980,-453.43842939710873,16.26513101564652,81.15440427088268,164.39442441819392,17.159474494141396,48.65509046426588,-21.129522062135834,-29.752717792077778,130.70977145587298,-353.7276420734088,-19.448700715273812,-59.9529492435194,54.078062655136314,14.659004009449882,66.65458481052461,38.31422961284743,43.90913999431904
1981,-327.697479650651,9.724452842138094,65.92968321868796,156.72054723393032,22.72461128350806,206.14666936273645,13.450307353812471,-23.180310231031438,90.05802604491842,-135.22560989062663,-12.268525580835677,-44.686865206957975,39.249926581368605,14.122313474446637,49.68572672925493,34.401342710008954,11.890529964626811
1982,-403.57260044449913,52.30580742538682,79.37862615818686,213.77582227272512,26.563291000169585,48.31658157381736,23.58983288648762,-51.30474767869334,244.68182707848035,-132.77472250843195,30.737780708564365,-47.9878235853841,39.51433985191053,15.741120929938585,127.79302947282915,58.455227918504264,-5.799521277916755
1985,-518.150876020792,4.249082928045751,74.57985391660728,187.03016830735618,29.983414915453597,58.02013901160299,16.46739056982202,-13.074763575256474,287.17905814667586,-195.9905696840654,-16.541505817860923,-54.086619852967644,54.5232304318872,33.62139284848429,52.98608729434327,43.36328978822608,9.575721344326073
1986,-205.56168699528982,15.318092905038426,66.47716370039926,123.2251182907305,16.769435894183122,36.85256629625423,19.594739836686614,-29.521129324499125,91.68310075740173,-142.79201384490585,-3.8529657557409487,-83.0096783784376,35.4042957892136,14.09664372047473,66.95718127613726,46.819075788568306,31.868113672927624
1987,-378.60381434326695,12.714078273200956,78.28291705897178,202.88095970958318,22.19663111867233,47.159068373004295,22.30815620920133,138.92788346457874,79.54814777056441,-145.60432210210251,-12.338555423794105,-49.60735496146393,52.89133249194232,13.759488474942298,143.69544950825582,39.165628643353024,7.04793520475511
1988,-178.13438270359893,-0.5383220511834246,68.19978204465437,133.16411038515272,21.132183975913545,37.104048565901806,23.897015081912848,-39.61688127711766,105.54251914059938,-113.63271581527576,-10.853533568180328,13.660361811847515,56.02355673315412,25.732965811294488,70.98514702724033,23.894973899131855,-18.337573102239237
1989,-290.8282236184791,3.491079249870073,64.06587488482262,129.54888175728624,185.50368845908002,38.03990261199353,14.048176048378057,-31.618292410462352,99.24923028686428,-116.6988839867034,-31.440073848157255,-24.275152459873958,46.015343591424156,24.31650604760321,56.28844812967264,27.49750797339077,-13.548932382695797
1990,-121.57664666808667,15.075772307615784,35.422897794764566,126.89401082183484,8.599951487251106,8.204870954719524,0.45749117452868987,-8.588574862307505,47.18604620111235,-89.71564630959396,-19.598787312934927,158.55816904348376,-25.155451599994937,-31.57325753449257,-14.602052406442837,2.1685757886898447,2.699614495155124
1991,-354.6215727202963,10.333152708319263,62.84648507125464,137.29214919805364,19.756407382573265,46.651573040980196,18.79750356733161,178.00551133024192,106.19169478698254,-128.24542943338213,-7.57982358246676,-41.33210273995039,64.53220965343189,26.212473801508708,31.586334234999136,43.50342880858964,3.700660457570268
1992,-506.43725245001315,-6.441764394098968,98.02301814131985,251.015648479549,36.52450021578628,66.91342952349419,49.698608869985286,-60.673837206520204,139.10488110976596,-350.77547257124803,-16.09733122392651,-42.40691015237783,86.40509138017147,36.14849363264373,87.88173436248225,51.65515347728958,-23.29733770472729
1993,-261.68100439710713,11.25297869033902,50.12432765563393,100.02626850910886,17.249457470522092,222.21342555143568,7.76212307348343,-13.670763366383063,67.38628754646712,-105.644217249161,-7.494158990329646,-33.09134345627221,11.550752523371463,5.379718154125791,35.97414598087461,23.925011138214817,6.3700179359008295
1994,-684.8954804626585,10.13573275357785,117.28563169110708,276.07384524583875,16.984445345863584,76.54317077892135,24.624948253879293,-81.8186392747037,94.81821602110251,-215.05514932196286,-0.532882767117716,-75.27467018868572,100.85505584364624,36.923601265681455,107.28402021554703,61.79742905799041,28.88103370475456
1995,-685.0113270351367,8.6493478055502,116.6823556982067,274.3324346124625,16.487886348766,76.06627358895163,24.26148851756878,-85.73907545717195,95.73106237273035,-213.8517460895697,-1.782074488188834,-75.09980840197933,100.90999712834615,36.81656241154126,105.3033544131479,61.0459145593532,30.150395486672483
1996,-246.88099983261785,0.8374811121017497,42.359322948591455,102.93695254208653,12.967003333807714,26.791450739156886,1.3564936050283634,-16.15711383187607,65.87673637258347,-86.98219101932354,-13.896811798792854,-19.356560070527152,19.346945225175176,4.016301370373345,31.583782821544876,290.48296214491177,1.2050248913756847
1997,-496.2615326122332,-3.052782988794291,113.60675433964634,358.9380868290059,38.22656929464885,86.33794088085499,37.94084479370897,-68.54233451147371,166.3585684040038,-209.0894840450296,-31.2784862853368,-63.00589674937431,169.7885580492369,54.231971023674674,101.40023969520887,69.9673679952948,12.273107582231763
1998,-288.0465515700569,-2.987012871452036,55.655095797870445,130.04635776887827,212.3398782543011,35.56061464896905,10.765331374504898,-25.545945767506996,84.26009482742738,-112.5549983111108,0.8593515175822642,-35.55360276836344,41.437332462122114,4.282437871848663,44.44801122073831,28.026372030050133,25.103069434717188
1999,-428.127110898386,47.73085419077113,77.0716321781535,204.04447812886207,27.159241414908962,49.474110780777345,21.731124529440546,-73.254020021504,280.1824783766056,-140.6841155687909,27.42569139181751,-48.15170048555857,39.19861701426898,19.41061472949354,104.29019024856134,57.50037186688563,-3.802680078963371
2000,-208.35707872453534,9.854287378869145,39.6211190181903,149.24100738258346,12.735026934532709,12.209467728742476,0.6408383178170625,-10.046241872515479,58.12885770944909,-97.83188254560497,-12.110030796628113,-212.34080921897092,-25.860445952271633,-26.212846641274062,-5.029207424543956,46.898802543155,0.5391432372581262
2001,-533.1478096830847,-14.922957417724941,110.41707677039973,355.96142984055393,33.5431594299448,80.30578848746146,34.15701468215233,-79.49728870797968,170.47403724888807,-205.70178942912926,-44.01196038234356,-75.30994640129904,168.64032487020873,50.42199913861832,98.9158392568507,65.7513795430774,31.00351230599756
2002,-407.17973120636236,118.19152159299281,63.41213319022811,137.1534463378675,26.806958704821316,42.64014037723128,25.427332861269097,-35.16223655874769,67.23596238803783,-141.28265797642513,-31.376370819678968,-55.3318142935983,51.86121805026872,27.393720192375454,60.07741495914782,68.17142790593337,-82.65241742588337
2003,-451.6123902820659,15.115491965815027,80.34249214986805,162.53418746778266,16.441142610977494,47.91375007179236,-21.980263792272012,-30.530505077686104,130.62645644292718,-348.7331947675352,-20.71143613872022,-60.04698267310659,53.816846228011435,14.185338696190646,66.10839990257423,37.517179663652286,45.847349632852286
2004,-347.49930165553945,-4.4686167549578375,90.88020570821267,190.34953465955476,20.48372728987065,40.75612870827954,18.188899536697843,106.67325713990233,66.19008376796654,-132.7667899169619,-22.865061812062645,-46.32256733896811,38.62905707788645,-7.80629124333792,145.20834791439518,33.42250946025918,4.8764183743617595
2005,-145.52486202319486,-3.008021581212049,32.29722692970457,72.88468876813093,9.232669230838624,177.7781358836163,8.141710410937243,-19.757227049269957,52.63509326242824,-54.37590230410062,-5.843763290221949,-1.6264830038269558,31.107297463051495,8.803263653287868,30.07870076262205,12.519214370301949,-6.270617821723483
2006,-379.5054866056846,5.82739966031067,61.34757876647817,131.23107268349702,20.532362847769516,48.345017122405245,17.357577605333084,154.7936850597523,139.83846954335917,-136.5043638569302,-11.016843220316863,-41.95767935173965,66.42876720528241,30.2504505333002,9.298070736444252,43.224096248164074,5.828849458677198
2007,-339.7393156170717,19.454616996969815,64.75860844918826,132.93692472572403,183.9711376640743,40.10588988598375,14.535612425414925,-31.52964878615976,93.21416237404534,-127.33293143360743,-34.37118087422348,-42.60505533379775,45.433914059828794,25.66474536185483,56.626555152371104,39.131274966666595,-25.69134364973127
2008,-379.7707515642738,8.094060564490663,61.899627219800564,132.88078785372505,21.104953949068836,48.845206674103416,17.731211523955217,155.09854398904503,142.352245130263,-137.36612834092227,-8.882955768997455,-42.06108274837495,66.17555185553677,30.461229377834332,10.406215440397128,44.38646935058646,4.286458912380678
2009,-350.0092800668992,12.190756075846297,70.78324541435057,225.25787577991332,19.154391776564232,39.018231126457906,17.751517751321543,107.83179764923656,68.8894471807235,-132.7081783446345,-13.436528548770296,-46.407759017800494,35.02812453004656,8.534579725379269,141.31822210047196,33.41323233197084,3.662386985826702
2010,-385.67548961591575,-1.5718398625068952,75.90724320808296,200.9464890963761,17.79609581910704,42.38299158769698,19.446526407801468,90.26975315540014,82.47919366817543,-137.8226276045538,-25.98892301456131,-49.81212522187465,49.977455951196134,9.483732868839661,151.61242637115046,30.397152742873473,20.54553476019219
2011,-156.89790739057494,0.8679443043708347,200.26739571706366,71.00590743999437,10.526617285797336,20.126572817629118,10.202156750952149,-4.74357311939435,25.715027994477456,-69.53424207867735,-8.271741691600534,-12.212978809519534,21.686223141768515,39.98651665684814,21.477634267675864,12.661691686443076,11.720341233211206
2012,-322.75076508163875,-7.7399468484761424,73.29961393841437,113.84384843777346,17.699218971700382,41.46724143291686,14.568317281855327,153.99457399186986,101.94925802075826,-113.38193370971419,-19.719887841258107,-37.71872715917053,57.340260987314664,8.88116816359376,6.413517549103126,40.528568755504246,-0.18154360015479415
2013,-429.74732304363596,70.99384316935165,66.56153280634811,150.19284362076766,29.160385304062004,45.04338296414284,22.904282208637564,-36.98844371595558,72.29482945208517,-149.25564497677314,-26.417079964162458,-56.35693545949083,53.08820383126517,30.0956539022077,64.37367949718904,127.22210961239726,-84.0137055783196
2014,-633.8074460243541,14.040740550409815,102.1051411911905,230.35454967965038,14.852776556671943,64.45143143013809,18.00474294886606,-73.33342154596268,69.06274178257198,-192.44976769500676,28.071895468918886,-58.95521010670806,64.58640817666799,26.73627109943007,96.0323011685951,47.05900550276522,37.675059851114874
2017,-506.45132985937823,-0.8724108669536281,106.08270142194011,382.16281884794336,34.72937753644937,77.54231509583815,32.38811952968564,-62.67701397372477,156.37592020992372,-202.40468241262562,-31.144095352868163,-73.76415110466907,154.04993852898173,49.53571284151897,89.1736722432595,69.43131649009067,15.15402956010502
2018,-408.1732417617614,10.630071537531197,87.36635698827533,244.4258185161145,25.38392900655565,56.7887289622221,25.4647285376459,96.40931226571787,88.86210904745596,-160.7083620314489,-16.658152942922612,-55.814475106567095,70.76685748807024,17.91740712891778,159.5453026012287,44.01976794072003,9.741204052723011
2019,-507.2701860822251,0.4844076570606759,109.84059159980964,365.809376265661,37.02787185502084,79.33547120098292,34.2021874072393,-60.76122416355317,158.19296788457194,-210.86709812575697,-31.43270310317726,-111.9510591033391,154.50418272086256,44.38125452983325,90.09504449382483,65.64705400881104,16.921986639391783
2020,-378.60381434326695,12.714078273200956,78.28291705897178,202.88095970958318,22.19663111867233,47.159068373004295,22.30815620920133,138.92788346457874,79.54814777056441,-145.60432210210251,-12.338555423794105,-49.60735496146393,52.89133249194232,13.759488474942298,143.69544950825582,39.165628643353024,7.04793520475511
2021,-506.9007892673322,-6.50588486697297,90.68228121552265,215.39007649503037,34.8045096333588,62.00063515706352,45.08592125733086,-48.448272977555575,158.18210482693408,-352.3410027308324,-14.960765101123792,-38.62116821481972,64.95935509232483,32.661211489616875,76.53670934546916,39.996923463881345,-24.1430246428596
2022,-522.1363383533351,-18.416567824984163,70.43158218517054,173.87686687545624,24.765997949427373,53.92782239332939,13.654265444499396,-16.64124340411945,263.5472862225743,-192.78130199719178,-37.761956537990564,-53.439472685775954,58.1079107280155,32.04918347468355,38.399782294140806,32.33793303250175,24.421176183674568
2023,-503.67802445314504,0.8735475886908668,113.91665161832891,357.7908663188127,37.40488081788927,83.47854555357846,37.22515802446328,-66.47896706285788,164.04811391997333,-217.370279720078,-29.669342086678203,-86.39200350083601,165.2816205813725,51.736262269580656,101.24340366922222,75.82562401660881,24.322297760914765
2024,-278.2762752417303,14.381311139213633,40.41049895431149,144.8061172089296,26.975004093116087,24.176039071246812,4.2253433932714906,19.16160966058893,15.73119972061011,-105.97924078193151,105.82112172305358,2.8728988963664555,-12.44056708116794,-0.3852974685731308,66.49305195329885,-2.9142081657195567,65.56843266440025
2025,-392.9093645330634,20.290366684097375,74.86809627653935,158.64060778062998,13.931214089508012,39.9269118640619,-24.015889032910067,-31.13309013462229,91.0769661794823,-331.7520750086859,-16.748858419981943,-93.67490013819803,38.08255857936168,2.915354497069031,58.63049077958287,30.063294393833996,42.1831660231824
2026,-686.3814372484273,11.389751960918232,117.1232523178754,275.1102913266345,17.156097294946797,76.59185301459054,24.709249407024643,-84.67566406732966,94.81768936707113,-215.29144921410898,-0.7982223038974107,-75.50355562107875,101.04485447575658,37.35409445744292,105.63048994668439,62.60078732341384,26.99328510507699
2027,-214.72445393145748,18.195658021683634,62.45457958261835,131.56109406077306,15.760147172766402,33.27826570670125,16.71034050796871,-24.79538101474908,84.32756471899377,-140.3946894822288,-4.1461043974397285,-131.63702700476995,22.029408972079718,4.977656719083333,53.748953332641285,42.77113204588352,35.87212362209922
2028,-496.2615326122332,-3.052782988794291,113.60675433964634,358.9380868290059,38.22656929464885,86.33794088085499,37.94084479370897,-68.54233451147371,166.3585684040038,-209.0894840450296,-31.2784862853368,-63.00589674937431,169.7885580492369,54.231971023674674,101.40023969520887,69.9673679952948,12.273107582231763
2029,-232.33251387135718,-4.527169527049592,76.8537045132208,178.92620935662197,25.318021193561876,49.122007631381194,28.01030249020772,-47.14057857285945,119.69908296327118,-122.43152932949754,-16.15535728370098,18.355878968924287,82.49447645881082,33.68218269024466,77.18479173200862,28.160138014720857,-22.95388804575324
2030,-307.7421773331162,3.8588773666155856,61.28061777691241,128.42204255280856,213.73543536266382,37.13500530649044,11.293544598392861,-28.34990035967431,94.02219433943438,-117.72069880380288,-28.27088966755438,-39.98742774548668,41.01126833428542,18.937091721925295,50.39013191529019,28.324632000542824,-3.567438775658057
2031,-670.8828249007295,25.002030507137864,108.78474212530895,234.65408483463355,15.708782260089016,69.52379729191694,22.963491412770804,-79.47111894545412,77.97684470201608,-207.20007017841183,0.5074886860252564,-71.78825618184595,78.90015568481978,33.304757446792294,99.73247681551572,62.59666565283898,7.066969364062563
2032,-442.60791039808896,-60.784926002859386,56.875513913481115,132.9779591379595,-4.259949555065469,27.001651661826795,3.51515816526422,-102.03043514592346,118.72901188685128,-102.62298482431937,-72.41135159722393,-46.185101955194675,55.78726803262067,8.153996529273517,60.83973178515259,3.086427000070237,75.61083668307101
2033,-489.7900760230901,-2.3347983621130264,91.70561846610535,211.4126308888819,32.287026324172906,59.75906021360767,38.38590522591519,-54.00684547822667,129.3676899209082,-377.2527505950555,-13.475358567606994,-39.318755099442896,63.96455349823629,28.509306131236144,82.11889489333097,39.62549436315426,-18.52210539332913
2034,-172.1276495447445,237.85799375524905,37.66523360699256,67.14522814223592,4.284924530359899,18.218922792802886,0.3405977239915306,-13.094617369560488,53.36299062914511,-61.09930901079185,-40.9647474912589,-20.261963481935876,28.584545552998343,-4.701938788400947,18.043090417205185,4.076931656777098,10.105385041887324
2035,-266.0346082734125,40.948648647398294,224.0724496081284,119.90015731622314,20.912929526773468,37.5513991833918,15.424585196011282,-33.49007192318657,80.67149261032202,-112.19762424120437,22.7179933859502,-33.49639014033378,42.83096164966948,11.507551062602223,44.04104793747258,30.53446589994293,8.553133324779743
2036,-495.78256830513106,-2.6911071110177347,113.66926775694755,360.01827327007993,38.21391493977709,82.94647558227705,37.787160408980796,-68.31896146773445,166.24958746277747,-209.7962789251395,-31.55358676579106,-59.802203708428095,168.66330306797602,53.424440599919066,100.50662463182758,69.76035522366257,12.452512228569333
2037,-318.2103550993708,-5.007044772483031,60.660598929275885,145.4424928938683,182.5726641574183,39.52428878803211,17.444691800406982,-30.328244028653582,89.9453742015516,-155.15529124575332,4.74956296592083,-35.19010034360166,45.23776594079263,5.626633504118154,49.61343051850803,29.750231978536434,21.422639243093663
2038,-640.4393786276294,16.667187676506835,134.58050755570378,229.15938577444214,13.535042094648094,67.67016996096312,20.357750262319318,-80.12746867011992,81.78342922411919,-195.94945313120746,9.27188266340927,-67.69815593961359,77.01008542145209,27.714326496998638,95.82464683865386,53.57376525273749,27.816344745387248
2039,-633.5421810657649,11.77407964622982,101.55309273786813,228.70483450942237,14.280185455372626,63.95124187843986,17.631109030243927,-73.63828047525541,66.54896619566814,-191.5880032110147,25.93800801759948,-58.85180671007275,64.83962352641362,26.52549225489594,94.92415646464221,45.896632400342824,39.2174503974114
2040,-496.2615326122332,-3.052782988794291,113.60675433964634,358.9380868290059,38.22656929464885,86.33794088085499,37.94084479370897,-68.54233451147371,166.3585684040038,-209.0894840450296,-31.2784862853368,-63.00589674937431,169.7885580492369,54.231971023674674,101.40023969520887,69.9673679952948,12.273107582231763
2041,-504.4390541317093,0.5776732096746062,109.58727309170217,364.2509092801106,36.91748499671771,79.17584971762491,34.14554200515988,-63.37982818150926,158.4632219033083,-210.83054392245867,-31.247632994681844,-112.88440302658641,154.22325357667887,44.40564198878929,88.34713513266286,65.90296395752696,17.52322696680143
2042,-503.7440646285296,1.0665670557901512,113.01122889555637,359.79058653697996,37.04546957279728,82.81850674410167,36.64128594345354,-65.77220097917095,162.98524614453967,-216.42096821573193,-29.67335027435465,-87.36011217523203,163.60707634454263,51.21901258986789,99.88052765713964,75.69291007540133,24.55724660736567
2043,-292.568949663268,-11.926027288511857,50.936251680986885,121.13893915439085,10.00861335684984,28.40540768171027,1.0799844610548939,-24.44676328877459,68.49951417896239,-100.68479988678935,-8.125661627568178,-21.252452575047315,24.11341659797647,3.9576957451379555,38.23024064192507,286.4059856826693,23.36296522343102
2044,-636.5077454040006,12.994179436422238,102.86494192692807,233.63654989641842,15.098139998737507,65.20520297302961,18.293743803193205,-73.12388600802407,67.41934645837492,-194.19231865725712,26.819177426814136,-59.57730580822678,67.20158666088916,27.46157132859842,95.86299824873696,47.3761350499744,38.17486166422356
2045,-233.57786224663855,-4.168532314714352,77.55119091936076,180.01526206767375,25.47795103519165,46.31919581477538,28.262627651137933,-47.34875531358278,120.5069976154602,-124.15148294787916,-16.121340842841242,16.720531260276704,82.62687270333298,33.804646406585086,77.93424800002016,28.86047111091166,-22.20097739148277
2046,-489.7900760230901,-2.3347983621130264,91.70561846610535,211.4126308888819,32.287026324172906,59.75906021360767,38.38590522591519,-54.00684547822667,129.3676899209082,-377.2527505950555,-13.475358567606994,-39.318755099442896,63.96455349823629,28.509306131236144,82.11889489333097,39.62549436315426,-18.52210539332913
2047,-319.9987576024265,-7.404461504033817,73.39912841751172,114.32381131346015,17.557828475889956,41.226092402761886,14.687924640265106,156.1380617794278,98.31215486467507,-112.33056285905406,-19.47679585050489,-37.629789559337674,57.13563695763127,8.420610876268018,8.669917293120433,40.47610409570296,-0.2769688467313499
2048,-652.0158676692971,12.844772358162912,109.39554662963728,242.79834245295706,13.871115340118552,68.33809246628996,21.269334975397896,-49.95418433937992,75.85096687438472,-200.22056510946388,5.551326290169283,-68.69413421646632,75.4958787108738,28.433132273956332,115.622516585436,53.730607483140076,27.74678175725755
2049,-423.31503809499424,48.879534951832596,76.51133149738101,202.56086480889314,27.369079251105912,49.30587227454273,21.658652198678006,-71.95834219996011,278.75980944461463,-140.2701857216173,28.570003022199472,-47.67078025680999,38.40730664272207,19.348700971212217,108.3412331171854,57.699047547581245,-5.162439093879912
2050,-659.3784434519623,21.85536310079401,109.52524496049989,242.29028915895427,14.702462874291143,69.05413758567497,21.819240863753166,-86.77101944671585,111.2516426090416,-197.86593959160555,11.728958117150118,-69.28259860589148,74.89306963354466,30.101092165759443,107.32351914526582,59.42949185132192,21.995266973990052
2051,-372.0716290501296,12.870238076843858,76.4586680905386,200.38038299094086,21.514506171053164,45.56863123229065,21.476020570604053,140.16969344673103,77.31879285911245,-142.48856172986814,-11.964485386429658,-48.541419242902485,49.03443621535182,12.728494086893782,141.72718729709322,37.98773395263119,6.402209160506386
2052,-429.7294699156593,27.422744021593232,81.63727366607611,168.27709854357815,16.505890578054476,46.476523780000825,-19.831706654921838,-44.47361244825369,128.60495928035766,-339.79754608279677,-8.170823505258719,-58.34898934447999,50.04908170784504,11.090831040131864,80.49337126623516,41.89816905268622,40.22459988476754
2054,-455.1716895556708,18.07415473606596,88.97541735575936,200.88657893107515,18.81378421684554,53.773088368141075,-17.418805923164406,-42.85118542518309,114.60146661234522,-353.0903728834187,-19.826851898433244,-64.76738318588976,75.68643477318645,18.08094686309024,79.36230186365623,45.434787678005385,45.6184371080912
2056,-483.03074681819095,73.29325874298004,79.98794019143725,197.58565006931312,34.23552500438923,56.42631598581766,30.03966823697439,-46.902497905118565,89.99017645765554,-173.51432780639638,-30.066127536358607,-66.47734343010848,80.90466686170795,39.85543848560208,77.71894456988535,84.31491176084636,-85.1484574462641
2057,-146.37198310249292,231.39131035252944,61.612143403261086,63.87421224343378,2.9750570763105793,17.21786454817064,-1.2389017542922458,-12.985323564712225,56.86390021068912,-55.46875624359412,-31.940331030511512,-16.496243177298272,27.118577100379813,-9.307027861281924,15.017609855184853,-3.32633374903861,27.035434210399625
2058,-517.0073719019483,-19.88713188246755,71.26825894377225,171.41321048239328,24.338506222273768,53.144946030019234,12.744064822126099,-15.899688241096724,262.1268811813782,-187.50390835134456,-38.989506666244985,-53.34703034399156,57.07255814957897,29.94942645177301,37.31698151999996,31.994911576635275,24.701803634517375
2059,-587.1285561775373,-0.4078178864354668,121.72783353970611,378.48662417921526,36.55771769103737,89.25335201309362,37.071760474897324,-75.91073673653042,161.70956672250793,-227.7778133449647,-28.24014404826145,-81.62880168430664,173.20835714932383,54.76040303505881,106.98108874977335,81.96455458312666,23.013608940276562
2060,-591.5212669768999,1.3461140024486293,122.29140433338985,379.5220758449268,36.947759434138725,89.75630347943395,37.59525154999634,-76.40662962268233,161.81199686830075,-229.25571419301272,-28.540173852908385,-82.52249504160955,173.98113286927907,55.389208936431004,107.76444762639274,77.85372298735206,20.873679594144406
2061,-672.0223501239224,25.072491247498785,109.28467919335426,237.72556327121833,15.808404920289997,70.03641799403314,22.775384455583904,-79.73451176383111,78.76390995177707,-204.8099383187807,0.12592267179350172,-72.60778870958717,81.00090239217045,33.767171207235535,100.1251336916601,63.27911835327541,7.96259026940798
2062,-333.88202971649787,10.123459771486154,69.22995459638713,181.37208757101143,19.51657316766819,39.92425310929186,18.34533130736678,107.5779499345257,67.08901949579847,-131.85718313633032,-14.061939360879627,-44.25694681019373,39.993776755326046,8.356091772934235,190.39231558700666,31.781254490245995,6.640773388670902
2063,-286.9070263468641,-3.057473611812958,55.155158729825146,126.97487933229348,212.24025559410012,35.04799394685284,10.9534383316918,-25.282552949130025,83.4730295776664,-114.94513017074195,1.240917531814018,-34.73407024062221,39.33658575477145,3.820024111405422,44.055354344593944,27.343919329613698,24.207448529371774
2064,-335.770991254986,15.449468840671118,47.516042101088296,155.5379340025501,26.058998564355974,29.909526595825955,4.658227996865527,-16.451671635710575,17.68526925135568,-119.10161212194075,109.95755590095635,-1.6042384611312552,-4.143629353318371,4.332405181005206,56.48016413442254,2.031942077871129,68.32347579624657
2065,-267.86952731837937,15.582757905270785,74.96928668223984,168.2623737260118,19.986683221115793,45.575202099794666,22.587577680787867,-34.444390864556304,102.65888398075464,-159.8737336600808,-7.545961587623485,-106.524583829679,55.7985079752978,18.555272570208317,71.61973387186316,56.466022212075444,39.75070978112656
2066,-423.31503809499424,48.879534951832596,76.51133149738101,202.56086480889314,27.369079251105912,49.30587227454273,21.658652198678006,-71.95834219996011,278.75980944461463,-140.2701857216173,28.570003022199472,-47.67078025680999,38.40730664272207,19.348700971212217,108.3412331171854,57.699047547581245,-5.162439093879912
2067,-505.65925917173064,2.91929180224514,101.18836226557474,177.810450127213,29.846958347093707,57.83017887046287,15.899767107228717,-6.3586203010694335,260.73391627498904,-196.78948067937225,-17.025153266372904,-53.49024803117305,57.31319858900634,32.044851828440606,38.87145235659664,40.02613337542906,12.057057202747796
2068,-527.6600047009197,-3.4226702780069354,75.79432659172268,180.21172349510923,27.629957318470353,57.876305376040605,7.797585236242054,-5.825738408036803,258.69052269193116,-238.01431537098784,-27.313242954350432,-56.94659651922583,58.238186646182605,32.63825140010504,41.29868635652179,39.16797566688379,20.865486301605735
2069,-399.58415157234356,37.75443112917828,71.83293993314913,191.79895592865822,21.376930939854418,42.336106503069104,19.292197574649983,-89.29903000518429,250.89208097705253,-118.51431589664497,21.017871748432007,-44.614405549129465,36.456715338716506,13.641625372872156,106.94845165398728,49.425154716231106,7.800802032336393
2070,-451.9594460740877,17.387144332527548,88.77332638722989,199.41980740867302,18.62736525434067,53.5901745230546,-17.485625507555447,-41.854212189963654,111.44509869254992,-353.39545742852147,-20.526477520186116,-65.77218549920813,75.60377969404847,18.001594331652342,78.4869136009405,45.279839022936144,46.49270619987944
2071,-506.7457893860729,75.80416823259745,78.69590218755862,171.48270393974008,29.287609469591246,53.1352033696068,26.818167701231467,-48.9697565162804,73.24159958234813,-170.02326156167044,-23.130639649105863,-64.72260857497578,62.6705972633273,35.34665986585505,77.18545514995827,80.5016778448618,-83.61855606853095
2072,-686.3814372484273,11.389751960918232,117.1232523178754,275.1102913266345,17.156097294946797,76.59185301459054,24.709249407024643,-84.67566406732966,94.81768936707113,-215.29144921410898,-0.7982223038974107,-75.50355562107875,101.04485447575658,37.35409445744292,105.63048994668439,62.60078732341384,26.99328510507699
2073,-669.0567857856867,23.852391457306364,107.97283000429432,232.7938478842223,14.990450376925116,68.7824568994434,22.112749682634625,-80.24890623106245,77.89352968907029,-202.20562287253827,-0.7552467374211531,-71.88228961143315,78.6389392576949,32.83109213353306,99.18629190756535,61.79961570364383,9.005179002595805
2075,-180.36497649557185,-0.9325759206718798,68.89416558095763,137.27631641514233,21.59190939405774,37.88902732297307,25.060243702674246,-40.2618160380554,106.89024425507588,-111.2142851935512,-11.143509059674326,13.276171754079748,58.34637063310047,26.56277156112889,71.57947991430194,24.611767290405716,-18.830771883366854
2076,-500.45385951050855,-4.273796277100631,113.95428326099339,359.8441958922318,38.00032699748417,83.21785335763747,37.88635562040809,-70.0523434167092,167.80907538908426,-209.64258863431635,-32.678731674043604,-63.53303874806818,170.25682472264273,54.22300842691887,101.91693952198325,69.66027664413247,13.694139691010509
2077,-669.3220507442759,26.11905236148636,108.5248784576167,234.4435630544503,15.563041478224433,69.28264645114159,22.486383601256758,-79.94404730176971,80.40730527597412,-203.06738735653033,1.3786407138982553,-71.98569300806845,78.38572390794926,33.04187097806719,100.29443661151824,62.96198880606622,7.462788456299287
2078,-490.11947945459167,-2.2655981755059327,92.51370614136226,215.08289851818836,32.467031374629784,60.29497508807273,38.80468762096373,-55.269399405905645,127.5138133791596,-377.6022919582446,-13.600288888710237,-39.78045481105768,66.17683388772836,28.87778906347269,83.3334706190439,40.30101785434733,-18.390757591175586
2079,-392.9093645330634,20.290366684097375,74.86809627653935,158.64060778062998,13.931214089508012,39.9269118640619,-24.015889032910067,-31.13309013462229,91.0769661794823,-331.7520750086859,-16.748858419981943,-93.67490013819803,38.08255857936168,2.915354497069031,58.63049077958287,30.063294393833996,42.1831660231824
2080,-655.6209486113693,-1.284989192193976,104.11591226092972,226.66499591273018,8.880932016416496,64.02685219475245,18.00877470669808,-90.5781612001928,89.5410353325664,-188.67035611113755,-8.459881129015978,-67.9482208170743,77.03715043384506,27.666550519050613,97.02308127615343,47.41326116545981,39.03389227225423
2082,-205.56168699528982,15.318092905038426,66.47716370039926,123.2251182907305,16.769435894183122,36.85256629625423,19.594739836686614,-29.521129324499125,91.68310075740173,-142.79201384490585,-3.8529657557409487,-83.0096783784376,35.4042957892136,14.09664372047473,66.95718127613726,46.819075788568306,31.868113672927624
2083,-537.9414898967473,8.58229527462705,118.64620273503395,372.44157359584153,39.29649972005335,85.3984719728812,37.75124360043626,-76.42258263481241,195.38351693908353,-214.69565384110217,-21.94576837903056,-77.63785951437299,165.90053224182347,52.133308700841106,109.6548017380101,77.67307638615404,16.22687665960347
2084,-636.5077454040006,12.994179436422238,102.86494192692807,233.63654989641842,15.098139998737507,65.20520297302961,18.293743803193205,-73.12388600802407,67.41934645837492,-194.19231865725712,26.819177426814136,-59.57730580822678,67.20158666088916,27.46157132859842,95.86299824873696,47.3761350499744,38.17486166422356
2085,-497.4816001340682,-1.160361479371751,105.29307897666735,380.27281652409107,34.90145538740199,76.94102802622238,32.4620060256724,-61.93524421414323,156.88429076143615,-200.5873401692099,-31.459565916552542,-71.90558019722486,153.69099344905914,49.472845995157925,88.6216349861722,68.76745913217476,14.12036453163208
2086,-392.68085677183,-60.77614683465117,51.64699969167965,128.67976914836737,-2.5610556182760793,22.97799272728756,4.585986901806571,-66.75442000444653,117.31819004575827,-89.33739168435544,-75.26304306868076,-42.6421802681055,50.35170037935493,4.751300841257364,72.33244533319252,-0.04475059421347151,71.47299617468255
2087,-477.8851777198753,8.748239588860118,90.26214513118924,217.45340143254333,33.89129566264591,59.25837827148001,46.78392697361061,-62.6992535814741,155.2700369582091,-332.8049614937802,-4.123235911441656,-36.19381168840651,60.42925377177215,28.72078868007492,89.29379629590849,42.74723346807881,-28.12024939883324
2088,-682.8299767764353,10.181920779810579,116.48127859123278,274.7013899891545,17.08507080279155,76.1087315124902,24.261085341785574,-84.01460149174895,93.68323301773091,-214.22968724795663,1.8711031716046522,-74.2005073309427,99.66492290262845,36.72353446957921,105.20427640239207,61.01048899308374,30.01451224455855
2090,-349.073092277383,53.41953087509983,66.14547040562812,175.59402752141202,22.976723918393095,40.51655565338445,18.467473904061436,-76.43748247474176,237.42862046716348,-113.41387708804888,29.538607272833836,-40.22241674569274,29.326714710232878,12.84953921566513,146.82076774274543,51.376416912173106,-6.502979473197431
2091,-527.9252696595089,-1.1560093738269424,76.34637504504505,181.86143866533723,28.20254841976967,58.376494927738776,8.171219154864188,-5.520879478744063,261.2042982788349,-238.87607985497993,-25.179355503031022,-57.049999915861136,57.98497129643695,32.84903024463917,42.40683106047467,40.33034876930618,19.323095755309218
2092,-450.948314006299,-7.024107742299659,84.2413553042538,200.15799675990542,31.516688556033234,55.10304963692285,42.83845035915995,-50.72063200504375,120.34547711397012,-325.82824172178454,-12.370235231336403,-31.1461511461056,57.179052029923255,26.503770242285796,74.71444196732533,89.40633898355154,-25.183190073614576
2093,-636.5077454040006,12.994179436422238,102.86494192692807,233.63654989641842,15.098139998737507,65.20520297302961,18.293743803193205,-73.12388600802407,67.41934645837492,-194.19231865725712,26.819177426814136,-59.57730580822678,67.20158666088916,27.46157132859842,95.86299824873696,47.3761350499744,38.17486166422356
2094,-590.1511567636093,-1.3942901529194038,121.85050771372116,378.7442191307548,36.27954848795793,89.23072405379504,37.14749066054048,-77.47004101252462,162.72536987395998,-227.81601106847344,-29.524026037199807,-82.11874782251013,173.84627552186865,54.85167689052935,107.43731209285625,76.29885022329141,24.0307899757399
2095,-226.86527394312148,17.77416350938752,64.98674297779593,122.89619189618178,16.710479330316556,69.04247739959659,17.84596943016896,-25.37401041707127,87.1026144882077,-142.93239933540715,-3.3655749066618843,-96.00241727138182,29.07819971367152,11.014475627149533,62.05170116264811,48.78411011889978,38.343798493876015
2096,-513.3440148545947,75.84102789605383,79.61472843321926,175.98300087654965,29.61032317211842,54.065601700843644,27.066431258818994,-49.50480041474576,74.40808671836645,-172.18971042955874,-23.508717874146758,-66.75665296793323,64.85294930308797,35.8604045741908,77.79084134903827,81.54685859437615,-82.73788117783133
2097,-489.7900760230901,-2.3347983621130264,91.70561846610535,211.4126308888819,32.287026324172906,59.75906021360767,38.38590522591519,-54.00684547822667,129.3676899209082,-377.2527505950555,-13.475358567606994,-39.318755099442896,63.96455349823629,28.509306131236144,82.11889489333097,39.62549436315426,-18.52210539332913
2098,-282.1415434159545,-2.696690636295053,54.264572786801395,125.96843780607396,211.87026313781786,34.19428838306978,10.112305021969437,-24.47383356197286,82.22328157612061,-110.39066006912724,1.2371134276026818,-38.34387423226243,37.685210350653435,2.7738138883903334,42.462368938602545,26.504717567139917,24.672115417047483
2099,-507.3106855834313,-0.30969253804516783,113.52362867492961,357.35944786862626,36.90963997705156,83.15498279022557,36.81078680910153,-67.52840542855458,164.34422079328485,-216.93241314172388,-30.928589720933754,-87.70054879563945,165.1020094866576,51.31392790421393,100.90994808420749,75.39130211649159,26.245561384802215
2100,-672.0223501239224,25.072491247498785,109.28467919335426,237.72556327121833,15.808404920289997,70.03641799403314,22.775384455583904,-79.73451176383111,78.76390995177707,-204.8099383187807,0.12592267179350172,-72.60778870958717,81.00090239217045,33.767171207235535,100.1251336916601,63.27911835327541,7.96259026940798
2101,-252.899365845936,0.7661068736269055,43.51876399095313,105.70329855572368,13.45909291980694,24.412703608412894,2.1527461618636674,-16.889335451503264,67.41055837060973,-92.52974291448383,-14.034321764053242,-19.789668639633824,20.07642832570585,4.481004086876771,32.646667556269634,290.97292074294455,0.6878473616211915
2102,-288.56722543490764,-36.27688994277714,60.66441914014085,156.16667767353835,13.09201276268031,36.037319630236105,-2.9336603027000905,-26.816746573871374,114.47459771531034,-128.81628514723067,-7.514539594335456,-30.24262660996202,38.63747302684148,3.9878045952907932,54.001608673518454,2.5558887453990127,-200.07751630342983
2103,-530.6255690391554,-2.2025704878145183,77.10617578078262,185.14343888210527,28.447911861835237,59.13026647063034,8.460220009191337,-5.311343940805444,259.5609029546379,-240.61863081723027,-26.432073545135776,-57.67209561737986,60.60014978065815,33.57433047380752,42.237528140616526,40.64747831651537,19.82289756841791
2104,-541.2591595143051,7.710050547170466,116.35645048123894,373.8874000430588,39.49216148526416,85.72546163356384,38.32972438314811,-76.72035049514065,195.99121500418366,-218.87601499656952,-22.669598079958615,-77.55849223286835,166.18977670516222,52.58111853185213,110.21001561931513,77.7378386163792,15.564660828386582
2105,-215.02584221654553,15.426519009996408,45.30932731053692,158.3951651154071,14.246838696253192,16.092630589851822,4.822103955277732,-13.40840068461644,63.37393849065347,-111.31981648878855,-11.15932481069824,-227.939621088743,-20.142132952300717,-23.181192195000133,2.5666757615141,0.7880816206124829,3.655271768129171
2106,-411.65840113277187,10.837650062795642,87.95145329471126,245.5253746406611,25.597740239347505,54.14624911753532,25.696402344485,99.76511639140023,90.01951144277534,-162.03963607049053,-16.69336157255269,-56.321140079219894,71.52651181555065,18.336020092772234,159.2703047417136,44.58952417960565,9.81247620595805
2107,-256.6782330535302,9.695814661707022,50.07645397936453,99.67983024512328,17.076487365179005,222.01140888914964,7.728733399389315,-13.684736390528656,68.0035536788148,-104.64238070297584,-7.218763540365519,-31.379050942369364,11.595506270675934,5.264520473590861,35.980466032352844,22.80446027427141,7.603864693608873
2108,-392.1483348544991,20.586241063113636,79.19747480316607,152.18056481933203,14.418609910679574,44.22960770001545,-20.936273013606662,-34.232229015970915,96.6618581961473,-338.29181080630525,-15.170567511978303,-67.18250061244765,49.1409255840553,10.245974777860388,71.52675931614226,39.98595445291585,48.982236817295735
2109,-487.2810258748532,-22.775456951334565,86.10555886031949,165.9824354985277,26.956067626366423,52.77112229248961,12.208934791992071,-2.2256062034172275,250.09307092712584,-184.95739129158176,-38.67283900951714,-51.668748401647264,50.10533278777419,15.314601064911262,32.48743872428573,36.08116801659334,9.783563945303488
2110,-286.9070263468641,-3.057473611812958,55.155158729825146,126.97487933229348,212.24025559410012,35.04799394685284,10.9534383316918,-25.282552949130025,83.4730295776664,-114.94513017074195,1.240917531814018,-34.73407024062221,39.33658575477145,3.820024111405422,44.055354344593944,27.343919329613698,24.207448529371774
2111,-653.1743333940786,-2.019077122113592,103.36278670063342,225.38423611919418,8.905525369142724,63.56912056659284,17.634737612292742,-89.15854616406253,84.97943039066313,-188.18653278553242,-6.940590920541899,-66.94551634940237,76.045291557873,27.36274373255443,95.81585856144471,46.215462496767955,40.44039957643681
2112,-672.0223501239224,25.072491247498785,109.28467919335426,237.72556327121833,15.808404920289997,70.03641799403314,22.775384455583904,-79.73451176383111,78.76390995177707,-204.8099383187807,0.12592267179350172,-72.60778870958717,81.00090239217045,33.767171207235535,100.1251336916601,63.27911835327541,7.96259026940798
2113,-670.8828249007295,25.002030507137864,108.78474212530895,234.65408483463355,15.708782260089016,69.52379729191694,22.963491412770804,-79.47111894545412,77.97684470201608,-207.20007017841183,0.5074886860252564,-71.78825618184595,78.90015568481978,33.304757446792294,99.73247681551572,62.59666565283898,7.066969364062563
2114,-672.0223501239224,25.072491247498785,109.28467919335426,237.72556327121833,15.808404920289997,70.03641799403314,22.775384455583904,-79.73451176383111,78.76390995177707,-204.8099383187807,0.12592267179350172,-72.60778870958717,81.00090239217045,33.767171207235535,100.1251336916601,63.27911835327541,7.96259026940798
2115,-383.2566177439817,-61.67562986854248,47.61918034590716,112.73894960418409,-2.7309413964078084,22.80158817240268,4.323276350862474,-56.830532840457316,124.40340010219542,-87.82429234207638,-74.41657546311826,-40.044733098402844,53.537650019587744,7.94513200748956,44.269502512154915,0.9074510110559751,69.620403395306
2116,-334.58341349161157,9.611522835870996,98.87826965866316,185.7663903362336,19.718612249600277,40.60519144989837,20.01245584830401,108.4204144445159,61.11025924963534,-131.83274767185145,-13.737162029210891,-42.9739542380196,41.15595999255175,15.770782415275484,148.3140202020246,31.765400741282416,8.367050178266739
2117,-426.018221858282,73.21261272083434,71.58930018010363,154.47268302506941,30.83631012816486,47.72361974306497,27.483146165112313,-42.29382868004654,77.81693454595997,-153.66718137092906,-25.96987472226527,-47.99547040797803,59.44009154402398,34.78085824860562,72.21711983617257,74.52696162361875,-92.92154132478741
2118,-288.56722543490764,-36.27688994277714,60.66441914014085,156.16667767353835,13.09201276268031,36.037319630236105,-2.9336603027000905,-26.816746573871374,114.47459771531034,-128.81628514723067,-7.514539594335456,-30.24262660996202,38.63747302684148,3.9878045952907932,54.001608673518454,2.5558887453990127,-200.07751630342983
2119,-312.0016968419808,52.360475961689396,204.74975782093964,145.16207907168075,24.10820740210547,42.9088952373478,17.85988783801827,-47.81086056506239,124.88513370320265,-123.78690372041154,32.068249134961164,-40.1621757636393,45.96703060483491,6.33029712952391,61.53310223065652,39.50912195682189,4.990542162011283
2120,-520.5755641968814,-17.299545970635666,70.1717185174783,173.66634509527302,24.62025716756279,53.68667155255404,13.177157632985349,-17.114171760435035,265.97774679653236,-188.64861917531027,-36.89080451011756,-53.636909511998454,57.59347895114496,31.786297005958446,38.96174209014331,32.70325618572899,24.81699527591129
2121,-539.3056609349832,-6.455462716819838,78.35625692705894,191.4385087861639,31.589214023123162,61.068868263109614,20.810347167912926,-8.481828605475416,263.8197764873167,-242.75407381802086,-25.22619282626422,-52.93448085987746,60.49800780666864,36.41844461788474,43.65995536272729,40.27409183361578,6.427899484815206
2122,-508.121003200966,0.6123763687138981,109.85478125966594,364.88747498929115,36.88954198314395,79.32755634853169,33.33813382311667,-63.52233111785234,158.62846938443005,-214.6864409613308,-31.510749923539727,-112.11750635701898,154.5982732400917,44.38048899956113,88.45888758845884,65.65824876853155,17.641958469249502
2123,-142.40870410895187,-3.6878213479810333,24.933637896424944,51.3012053705642,7.860736515452464,13.605657528890932,0.7519892987260713,-0.5412597398860732,45.08163234865251,-66.08852703997722,-18.423317871104295,-17.48296805234038,9.680803382109447,1.8989159533054916,273.3580351969272,9.05576167926863,3.188512594250346
2124,-513.2386239656435,-5.280288739107807,71.99534391504471,173.9511005382521,28.44820136582876,57.962558786163186,15.665153515763073,31.239099619450887,260.53292531201754,-195.56854918886685,-25.374324370669758,-53.328735854952434,60.7605708416368,35.85127376752695,29.936620523295797,40.30935898378615,12.861786266770727
2125,-686.8373661501795,9.798986855381695,117.49426781922134,276.1926715628737,17.206218231929903,76.80761398142516,25.112230247704957,-84.96128817156362,95.81437738567614,-218.84619339544327,-0.5193390647424244,-75.00577497239213,101.17121355547103,37.290227724800495,105.84953932109828,61.84296450854835,28.212185848139242
2126,-271.0742360928353,16.33899678410138,75.60000895757135,169.0582934720481,20.210934895533494,46.18775682280238,22.951603178996177,-35.72603860802906,106.33909255625845,-160.29552093981403,-6.67100545553915,-103.1122166642613,56.93545160254529,19.338596324498297,73.77467907385706,57.67054712777647,39.68186198568757
2127,-672.0223501239224,25.072491247498785,109.28467919335426,237.72556327121833,15.808404920289997,70.03641799403314,22.775384455583904,-79.73451176383111,78.76390995177707,-204.8099383187807,0.12592267179350172,-72.60778870958717,81.00090239217045,33.767171207235535,100.1251336916601,63.27911835327541,7.96259026940798
2128,-495.78256830513106,-2.6911071110177347,113.66926775694755,360.01827327007993,38.21391493977709,82.94647558227705,37.787160408980796,-68.31896146773445,166.24958746277747,-209.7962789251395,-31.55358676579106,-59.802203708428095,168.66330306797602,53.424440599919066,100.50662463182758,69.76035522366257,12.452512228569333
2129,-294.0286909175874,5.043730365376279,64.37081082137001,130.0674551522144,182.5234754180298,38.29402698215074,14.342662239698535,-31.907799802285567,99.11604302475452,-117.58742006720026,-32.06763601985731,-24.777671703914997,46.352179309167546,24.918874289310956,56.78413475945291,28.47321464393997,-15.841864999738043
2130,-382.2775152861496,62.15156103736596,102.76512096144934,194.57426575304132,26.105046735954506,46.3424480336394,21.914806685930195,-78.63870923081521,246.41147926552924,-125.69403706384679,37.96114221275886,-44.88495755235316,36.95953806356342,13.727231620960499,106.22004932295835,56.71253729491703,-5.6653273971955205
2131,-509.0788799688169,75.14615793963294,78.54011321840883,171.89389337789237,29.098792668498728,53.11147943778284,26.241075722567714,-48.66135670568585,73.35966462500416,-170.54439029732623,-23.025111076238424,-66.08276978078912,62.21786512222372,34.844949856640206,76.82599202139825,80.17367338112027,-86.95017209008823
2132,-506.45132985937823,-0.8724108669536281,106.08270142194011,382.16281884794336,34.72937753644937,77.54231509583815,32.38811952968564,-62.67701397372477,156.37592020992372,-202.40468241262562,-31.144095352868163,-73.76415110466907,154.04993852898173,49.53571284151897,89.1736722432595,69.43131649009067,15.15402956010502
2134,-497.5068809875146,-2.694145776459051,114.30424074578632,360.02713954005765,38.386499136278616,83.53512906424916,38.19316995463918,-68.75051125219704,167.1664830561928,-210.80943766341122,-31.244469844477063,-64.64124445802186,169.9209542937591,54.354434740015094,102.14969596322041,70.66770109148561,13.02601823650223
2135,-446.1473332718872,16.253786031862067,83.927759735787,169.78352715268886,17.882916006444415,48.86473801540551,-15.667517892016795,-38.745167775795814,106.94129533228686,-378.38470107879135,-17.138979477117214,-56.7324538983814,55.08186579440896,13.813626555589613,74.05185445664154,38.25186672965718,37.03068206559222
2136,-276.31977389265023,26.484616843370553,215.71516208387936,122.63073294288336,21.29069794921525,37.4916400119998,13.528959729425775,-35.66602537167924,86.37647755166172,-112.33979548075429,11.08122757368692,-37.26338408357034,40.75782258917498,-12.038408412330444,45.085496529223036,32.425675865884756,3.8386257480721584
2137,-665.4241246554004,25.035631584042402,108.36585294769361,233.22526633440873,15.485691217762824,69.1060196627963,22.527120897996376,-79.19946786536575,77.59742281575876,-202.6434894508924,0.5040008968343973,-70.57374431662971,78.81855035240979,33.253426498899785,99.51974749258008,62.233937603761056,7.081915378708353
2138,-404.02939514953704,-48.55750645057,49.652472691705334,118.58304613269712,-0.4493672341651535,23.28130564348448,5.93925544402129,-94.85454925121289,118.20071594321415,-94.43962908992049,-78.22842121097123,-44.28697554980773,51.97234695294574,9.044696860403498,55.45783471041436,7.687702751182846,51.546899134788134
2139,-348.97348438697617,-4.572597915647432,91.31885020027548,190.17402634418346,20.326596365801635,41.191278463271715,18.47546569262103,109.81459620539718,67.94480853320489,-133.1670182083298,-25.15320271277941,-47.20139138396366,40.16551895767878,-7.285687740765602,144.51572823886153,34.33478261657659,3.6625416609319865
2140,-685.0113270351367,8.6493478055502,116.6823556982067,274.3324346124625,16.487886348766,76.06627358895163,24.26148851756878,-85.73907545717195,95.73106237273035,-213.8517460895697,-1.782074488188834,-75.09980840197933,100.90999712834615,36.81656241154126,105.3033544131479,61.0459145593532,30.150395486672483
2141,-654.1972179279985,11.312199383902533,109.5966237366112,242.42938707626504,13.273930886093007,68.2956345427514,21.2697381511811,-51.67865830480294,77.89879622938416,-199.84262395107694,1.8981486303757975,-69.59343528750296,76.7409529365915,28.526160215918384,115.72159459619184,53.766033049409536,27.882664999371485
2142,-285.34625219041044,-1.9404517574644589,54.895295062132895,126.76435755211024,212.09451481223556,34.80684310607749,10.47633052017775,-25.755481305445613,85.90349015162442,-110.81244734886046,2.112069559687017,-34.931507066844716,38.82215397790092,3.557137642680317,44.61731414059645,27.70924248284094,24.603267621608495
2143,-263.2764585220521,9.732674325163405,50.99528022502516,104.18012718193287,17.39920106770618,222.9418072203865,7.976996956976845,-14.219780288994013,69.17004081483311,-106.80882957086413,-7.596841765406415,-33.41309533532683,13.777858310436589,5.778265181926612,36.58585223143286,23.849641023785757,8.4845395843085
2144,-380.2404571519474,7.441753319991542,61.96504441923485,132.05058204050346,20.890591972990208,48.813999459923714,16.856983757520965,155.95301428792138,139.36112469158942,-141.52710992489716,-9.84569831960821,-42.29898839212591,66.46791643981162,30.356723857168273,9.642579633477387,43.98680550652179,5.279459506616991
2145,-247.6874943988497,-10.423937342883782,45.78439138987824,109.19130342065256,10.458897370406866,24.359353429324734,-7.5189081680030725,-16.19354988661234,72.55790515926559,-125.97004048912959,-12.542960614112694,-19.98481938024357,21.22009390424432,0.6308306269841665,33.213058067380544,283.7337383863517,27.66067256231948
2146,-667.7572152381446,24.377621291077894,108.21006397854383,233.63645577256102,15.296874416670304,69.08229573097233,21.950028919332624,-78.89106805477118,77.71548785841478,-203.16461818654818,0.6095294697018366,-71.93390552244307,78.36581821130622,32.75171648968494,99.16028436402007,61.90593314001953,3.7502993571510856
2147,-275.7299422748657,13.31904644851581,57.97014428642475,115.0706542924507,18.998499484003922,194.91368905432833,10.500248566279001,-16.301547696227395,77.24918733672312,-124.00836575468027,-7.256677356809014,-49.7665724218025,15.101820755658279,7.002902345330865,44.0804149115482,30.852971985693802,16.01364612701319
2148,-622.6550384419993,11.431045632171637,99.75171520293489,254.25838281303544,10.484591415939247,61.41586327640494,16.602766904545305,-72.80658116841776,74.30789352091739,-185.29845781346856,2.839795294670285,-65.16595031451885,64.70299749691667,27.44269760475857,86.55957408561679,50.74647030176635,22.65054631099743
2149,-257.3639156608225,10.092225035612568,50.03338852075815,99.43135544276272,16.967418663135746,222.00512183240846,7.621176518258658,-13.432342591713192,67.65706821923486,-105.3713631537166,-7.043749345054534,-33.79580194712649,11.080024747077422,4.973612421320367,35.87976688857527,23.37756282150732,8.859006862988046
2150,-175.6740503426358,-0.6844031367445086,67.75685890940632,132.3319062358789,21.21732749332949,40.09912222636333,24.52078024235881,-39.24756677275348,105.13093598069052,-109.30371793688549,-10.687694200576125,14.049361263519568,55.29912759579097,25.65782946847718,70.42411241516686,23.691410634797126,-19.01455841385888
2151,-396.491972082503,-52.97338727312773,51.13472429589966,127.76281451688457,-1.800734576258738,23.210916344572222,4.687728724922772,-102.91019253620173,151.58440943107487,-85.92100420034477,-66.41608576619787,-41.9275963673946,48.36895972889766,5.78870074519677,63.607234348729996,4.063835443638271,68.74270853089662
2152,-412.36556866003673,9.409058249224858,87.71388590962238,245.3319275793404,25.157686709390976,53.66864143900459,25.41023936434502,94.89930336048238,90.31261603253644,-161.26146662073566,-18.05839833162941,-56.341617105260966,71.23512416147602,17.90844453216197,160.0620024280031,43.71267658955769,11.162236161501758
2153,-438.57001251548235,-62.720204670192146,57.9066371403408,131.55503033830132,-4.327338524275862,26.491133353471696,3.9562931208392214,-101.6704219254615,117.86926671037075,-97.31729241637878,-73.54731120274059,-45.65731714343682,54.97398264677983,6.421631495754142,59.958607021928984,2.777746235041192,74.50264444744079
2154,-426.6354803958709,49.752737968059215,80.17329655296314,204.45888863205604,27.681911532862056,49.88846151256822,22.00338547686488,-72.17846487556746,279.65809532445127,-141.4982017191971,29.412256516191974,-48.13703433747603,39.17058897805512,19.436470211741753,104.28116127520668,58.23265958585564,-5.078673886279721
2155,-348.6824844772183,8.861328097082048,63.99131243706795,135.42728199771233,19.40929804567555,45.891990850018885,18.49419229719376,177.74790538396266,102.13034795427691,-125.70770901035517,-8.550738017592678,-40.88182758203955,63.60839075713675,24.01878595039147,31.32545231042684,43.1534781434798,3.217014805221206
2156,-418.42316224253346,-62.64352824797766,58.10213471792546,159.91111108075413,0.9023279558111428,30.323971492217346,7.610886467441395,-100.81764683363798,138.46870920083222,-101.95306948507043,-78.38409693386592,-47.701931166576415,73.72897304672644,12.767280669686599,62.13685701199941,7.299324760119458,73.08793471110155
2157,-498.93291100565284,-0.811028631847406,104.69897892629413,380.21035345059664,35.00339900058983,76.65992318640805,32.04723163452745,-61.26020861441693,155.13256827974823,-200.52741474924272,-29.065635891014605,-72.31482442099167,152.26630812862655,48.95748368782914,88.18910139040165,68.29771166578809,15.907744913405594
2158,-344.9464823714813,38.92440386761441,213.07420162475398,179.75977778439793,27.131453698347194,51.06689795570229,21.29806080949197,-46.28133707626038,108.82240800055236,-143.23531564592744,19.79412401782938,-47.26896758491352,72.71564393318941,14.386807983464912,60.904399173849654,44.30621037025807,7.673524509985081
2159,-440.38130934931115,-60.37739588525218,59.35971263553408,132.57286028414703,-4.095508562333065,26.947020056099205,4.288012960500672,-102.114209228156,118.68197368646669,-98.41432490675861,-71.59593137355812,-45.82912676672587,55.720090761877614,8.07357868765366,60.48619391476479,3.0560054606825253,74.88423282781487
2160,-526.9528371736548,-1.9940784644361502,76.03189397681156,180.40517055642994,28.070010848426882,58.353913054571336,8.083748216382041,-0.9599253771189351,258.39741810217,-238.7924848207427,-25.948206195273713,-56.92611949318476,58.529574300257224,33.065826960715306,40.50698867023233,40.04482325693174,19.515726346062028
2161,-525.9285131624193,4.320501957176701,76.4520037864397,193.44549701432115,30.591531622621527,59.44233861242734,17.20249767353384,-13.856046929569024,289.47210734137354,-199.00881497748142,-16.80464803902823,-55.293039179870256,57.676503937909665,34.61938568046809,49.87388620981396,44.64411675716204,9.892891626054789
2162,-527.9252696595089,-1.1560093738269424,76.34637504504505,181.86143866533723,28.20254841976967,58.376494927738776,8.171219154864188,-5.520879478744063,261.2042982788349,-238.87607985497993,-25.179355503031022,-57.049999915861136,57.98497129643695,32.84903024463917,42.40683106047467,40.33034876930618,19.323095755309218
2163,-174.45996834146945,-0.6422536855148967,67.50364256988857,133.19839645233802,21.122294277574476,36.522701057073796,24.407217350138787,-39.18970383252126,104.85343100376913,-109.04994695156766,-10.765747149653908,10.485900290180759,54.59424852163179,25.05414757767056,69.59383763216617,23.090112827495503,-19.26172590103656
2164,-546.7663371827324,1.1882386559330724,116.70247186837025,364.98655271812123,37.268159334221984,85.390095319418,28.980557366570146,-67.17648639707507,168.72095240895757,-257.746157613498,-32.55365927919468,-80.2953814865044,169.0018888657693,51.62999415339824,101.75173870054915,73.74812938497587,26.258939873941575
2165,-523.2758635765279,-18.34610708462324,70.93151925321584,176.94834531204106,24.865620609628355,54.4404430954456,13.466158487312496,-16.904636222496418,264.3343514723353,-190.39117013756064,-38.143522552222315,-54.259005213517185,60.208657435366156,32.51159723512679,38.79243917028517,33.02038573293818,25.316797089019982
2166,-333.59216752709966,-22.262413685089143,61.09528222656547,159.28462204940854,14.648743710768088,37.8554695908103,-2.6331532358530483,-26.69098935656103,108.91920252418112,-137.8328140628971,-9.993098644012607,-45.65325923508763,38.23468930110124,5.024583720105161,53.944728210214215,12.640846520889726,-211.18213712280223
2168,-431.09267523662163,48.95095398096355,78.38348136721343,208.9761935158581,27.977195958273846,50.72807187536708,22.393759302389824,-72.73962555427266,281.0528586393124,-143.28843101503332,28.306860801032165,-48.8771995837126,41.56058014874453,20.34669380319602,105.2290320326561,58.97987451651721,-4.845268812151197
2169,-433.2471843284445,49.572495106673564,85.96442105173705,242.60739137233782,29.677623802641588,55.574599917901416,26.769690210062198,-85.10177201268539,261.72702797206557,-149.17397650655587,27.43912360423149,-52.67466417211924,61.58263733631452,23.56910936511823,116.98213241364084,65.05265672801147,-4.427411695961169
2171,-333.59216752709966,-22.262413685089143,61.09528222656547,159.28462204940854,14.648743710768088,37.8554695908103,-2.6331532358530483,-26.69098935656103,108.91920252418112,-137.8328140628971,-9.993098644012607,-45.65325923508763,38.23468930110124,5.024583720105161,53.944728210214215,12.640846520889726,-211.18213712280223
2172,-282.60558415026605,-37.97354703463807,59.99521760939276,154.45945819115957,12.610901821146019,35.297948682070775,-3.4852482912230047,-26.168972739939523,113.84055784274813,-126.85851532114955,-7.291031572165103,-29.42671653604664,37.47430438525133,8.502261848842599,52.95075616751564,1.1572320603310013,-198.186258412783
2173,-653.1743333940786,-2.019077122113592,103.36278670063342,225.38423611919418,8.905525369142724,63.56912056659284,17.634737612292742,-89.15854616406253,84.97943039066313,-188.18653278553242,-6.940590920541899,-66.94551634940237,76.045291557873,27.36274373255443,95.81585856144471,46.215462496767955,40.44039957643681
2174,-501.3795262229435,-0.07694070192778996,105.45210448659043,381.49111324413263,34.9788056478636,77.11765481456767,32.42126872893279,-62.679823650547206,159.6941732216515,-201.01123807484788,-30.584926099488683,-73.3175288886636,153.25816700459862,49.26129047432533,89.39632410511035,69.49551033447993,14.501237609223011
2175,-658.3212479910158,-2.3315503061815535,104.87571299666729,229.94699612949822,9.12629545848206,64.78062373764402,18.297775561025226,-90.36862566225419,87.89764000836934,-190.4129070733879,-9.712599171120731,-68.57031651859302,79.65232891806625,28.391850748218964,96.8537783562953,47.73039071266899,39.533694085362924
2177,-379.3896400332065,7.313784608338319,61.95085475937856,132.9724833168733,21.028921844867103,48.82191431237495,17.721037341643594,158.71412124222056,138.92562319173135,-137.70776708932334,-9.767651499245744,-42.132541138446044,66.37382592058249,30.357489387440392,11.278736538843383,43.97561074680129,4.559487676759272
2178,-531.4296781903139,-0.021334775878132952,115.70928483465725,372.03800866090444,38.2397508572476,87.87128514702316,37.431730003196606,-39.832356343758256,160.19117362084074,-216.74485058541984,-31.379045417181125,-77.83996756447257,167.4430342550888,51.07901591140929,117.87234186905289,73.13929398049463,18.812126001927005
2179,-658.3212479910158,-2.3315503061815535,104.87571299666729,229.94699612949822,9.12629545848206,64.78062373764402,18.297775561025226,-90.36862566225419,87.89764000836934,-190.4129070733879,-9.712599171120731,-68.57031651859302,79.65232891806625,28.391850748218964,96.8537783562953,47.73039071266899,39.533694085362924
2181,-392.1483348544991,20.586241063113636,79.19747480316607,152.18056481933203,14.418609910679574,44.22960770001545,-20.936273013606662,-34.232229015970915,96.6618581961473,-338.29181080630525,-15.170567511978303,-67.18250061244765,49.1409255840553,10.245974777860388,71.52675931614226,39.98595445291585,48.982236817295735
2182,-449.3491276857227,66.63250979118926,70.03141048860577,158.5845774065923,28.948142117239673,47.48638042482536,21.712226378474817,-39.209830574101,78.99758497252017,-158.87846872748707,-24.914588993590883,-61.597082466111566,54.912770132988186,29.76375815645718,68.62248855057238,71.24691698620342,-126.2377015403601
2183,-276.31977389265023,26.484616843370553,215.71516208387936,122.63073294288336,21.29069794921525,37.4916400119998,13.528959729425775,-35.66602537167924,86.37647755166172,-112.33979548075429,11.08122757368692,-37.26338408357034,40.75782258917498,-12.038408412330444,45.085496529223036,32.425675865884756,3.8386257480721584
2184,-515.2322331849448,1.4861931023228103,108.56533121058361,360.86928032751564,39.59235423066186,80.90699451119232,34.11224562758069,-62.99712849015352,152.805626159109,-209.9050989186364,-6.605543967344838,-67.72888438237153,155.7567561685711,49.280164198165174,98.69974826823051,66.12517508268797,30.02555296244913
2185,-439.0688589548978,81.1143307536846,97.37039493152,151.7235878295668,31.06560911251306,47.729277553774835,25.645828580720025,-40.78102520776907,75.32284703090382,-155.13597054617128,-18.987536030077695,-59.89429012434269,56.18722568755419,30.239594350222188,67.45055806729368,82.07414491394864,-86.57642559912523
