,F1,F2,F3,F4,F5,F6,F7,F8,F9,F10,F11,F12,F13,F14,F15,F16,F17
1,16.183552993449826,85.29761365718478,109.86238240057295,-28.897637442659782,-13.7789522649505,50.06802895188277,28.328626901626556,-15.804202191007242,-69.25869386488962,-23.29290783534564,14.34899554765348,-20.718834304060174,-81.6939462502452,10.534296627330304,28.139233619268598,-31.77428019446825,-22.81023824722158
2,-123.27809248295372,145.91931225910477,127.55819514357033,13.568490125437629,-30.870734391550908,31.76409310373697,4.90904696305947,47.63737401950418,-92.93491674763301,-40.460581472716726,-34.748123286406454,-31.16032420079134,-22.64048198748004,8.164625159955879,-3.8565532834870404,10.399768062047485,-14.158824617915714
3,-0.36108211152527947,-0.04014947633409266,0.0772229280647097,0.1199942035935742,-0.24268126900890105,-0.18267465380606407,-0.26115948086802304,0.44967332153582323,-0.028277281350392806,-0.3753568976073546,-0.09319071100622735,-0.23869809315398552,0.24161367583217475,-0.30286190888645026,-0.0224728391012394,-5.2344718725230095,-0.3246178726689293
4,-135.9500270860646,-0.7682942458464703,75.05831963758632,-1.4782153219946328,-27.759771067750457,34.36189625167914,17.186680425281377,40.25538039172902,19.269140307833155,-9.941321119751342,-36.97969350958253,-33.003854767863025,5.426843169115777,7.546988934803429,36.488491056159766,12.507292249159791,-0.012698154590294589
5,13.793962301217114,84.37476261026133,110.7489851428949,-28.959344897176155,-14.438172622086434,50.935193886409955,28.10304622182709,-15.305603342065048,-68.25535709037001,-26.492657721476203,13.77766561141952,-21.33232155319202,-81.28478832349224,10.675311100271015,28.818272240899184,-31.700111052341995,-22.87264502266728
6,-32.636715693771755,51.263231684226774,46.13564864521137,19.834154571893404,-17.218709072464222,40.35188327334033,5.914078624277114,-28.801236844340256,-17.32217487618529,6.79584149136104,166.47373789456145,33.07780067974179,-6.686920327314839,20.811715543410262,23.304466593530247,-9.639511461669885,20.145183680628737
7,-116.37663642562086,2.920219195011117,117.16037431105653,-21.454442399620806,-27.240609511062814,33.404175345321185,15.964974003508168,-58.13969709645094,-46.328288592530555,-56.650983073579475,-34.95601119908059,-67.42092878916324,-115.01678779668562,-9.086746508336667,19.26948688164524,-4.368861677576856,-33.91379836394599
8,-115.89891824303739,-0.19467149622005073,116.29580152230412,-20.843287314121746,-27.04492489160081,32.873776601432205,16.422967128387874,-57.97489519416714,-45.40284410179394,-56.82829446472641,-34.95226314155908,-65.78218733371432,-114.10086204374205,-9.62675982754325,20.017215889225884,-4.292400691437408,-34.04818574037858
9,-103.09523488020129,148.80777116792967,110.72561777931726,12.380748266952969,5.95635842710686,29.755477905510165,0.8706669600752388,41.87693964248566,-103.45405380273323,-37.736936962512864,-31.789497959207917,-29.16002643280487,-24.48727584342964,4.9920409073950776,-10.295981286974943,9.44246312211533,-14.935705621211303
11,-91.22012776577728,80.40398227082007,-102.27717253192141,-8.227463366690506,-23.679074199822974,35.05165280472683,15.529522264777265,12.073206109262557,-34.78934928567282,-33.460570422326064,-16.474592348296202,-24.344101898512776,-26.7456046307915,1.7103119769235788,17.3850554385058,3.0612012288707424,13.249227019989757
12,-99.02040907241832,126.37623994128118,92.51553962929825,-196.68506819599287,-23.846363607131536,35.4465469760829,36.4755977587988,7.559802267835482,-22.887779788517562,-41.909318822899145,-9.998790393625836,-47.516125958243116,-34.41490755285693,8.65838402056827,30.325376415730624,-22.39194316798357,-1.511732334951153
13,-119.25529489432911,189.7511517214252,123.1044369982155,8.802399497047503,-29.729314755184028,35.046296316661646,7.680851231976301,39.440614741752626,-89.06257203703139,-44.88213234442614,-28.474063903721408,-31.692438378200688,-34.00765309296408,4.0518645186419295,-6.134544489563213,9.353691976560109,-15.99742068199247
14,-42.42357623125559,32.41290011364209,31.512863827205756,-2.936441795285625,186.89082026607454,-4.437299601290136,2.2336356898100287,0.3884942179862831,5.139370598622435,-22.642678187064025,-1.7451420177642214,-14.13295028769004,-10.881048396917647,-0.5719546610564766,10.141299045740773,3.728768953338198,-2.645653097231889
15,48.212115800066734,88.93416284555117,96.7778888191447,-22.803020157042003,-15.823102973285,46.11873457982176,24.890095949968465,7.974112821489019,-52.61216997213329,-17.07354076630763,18.750923526460255,-15.224720607113827,-54.7530972071515,9.076828388000349,24.683656846388182,-24.70896319574762,-21.628703230422005
16,-86.36345385282473,19.470447227183676,116.44974373497564,-26.662115140789442,-24.517115492590097,36.88592593266382,18.211498080741837,-66.28972833860493,-60.57967001081602,-57.50707720699501,-24.229460166417198,-63.558890686403444,-127.86311527383961,-8.039412893256044,18.59642854214177,-12.719765913334914,-36.175129352539884
17,-110.03351670795729,210.34760809110628,81.39635619269391,-23.331988828626056,14.762486062930817,26.32327058421628,32.52134971879768,1.1834189259828416,40.56846063989383,-38.82518214429135,-4.788410571463031,-27.28166197609123,-47.48525803391802,-14.437082846868332,27.05311726137417,7.188244281383191,-14.01320163686144
18,46.395063928703145,88.99358261129147,98.7124806451081,-23.237355489808976,-16.264963019715367,46.667274525667615,25.148615754965622,6.644633047003559,-53.59778026625468,-18.157589690539567,18.200861637242628,-16.45067866902541,-57.08118148348625,8.862470238251799,24.940277060803187,-24.845386240742815,-22.285327738620296
19,-137.8853785821181,-10.447467753421112,112.3136107815986,-4.554189762033447,-27.60253076165213,33.6486479599386,18.595939592871726,24.58649783444717,15.415839316978236,-19.757910778966565,-39.9760229898992,-40.69761497266511,-14.702636889912418,5.029585693243855,36.45624507998258,10.337961205858456,-10.87150151234521
20,-115.3711559471811,-0.20948123163972618,115.01646342340428,-21.801704638971835,-27.20808850858737,33.155686416708164,15.182954660864223,-58.47669319355082,-44.44843616595324,-52.930153284076326,-34.418956991676644,-67.73993171987158,-114.21707545736129,-9.723758476781999,19.49135202726044,-4.286387952713019,-33.603837282648136
21,48.212115800066734,88.93416284555117,96.7778888191447,-22.803020157042003,-15.823102973285,46.11873457982176,24.890095949968465,7.974112821489019,-52.61216997213329,-17.07354076630763,18.750923526460255,-15.224720607113827,-54.7530972071515,9.076828388000349,24.683656846388182,-24.70896319574762,-21.628703230422005
22,27.29580567805805,94.89422473971064,99.53493043252811,-24.39327343615443,-13.241525214433572,46.95145772634453,27.046843677841284,-8.728463415149141,-62.216464996858676,-13.948871933415374,53.55968534797388,-2.2367577160082814,-59.55875299561122,17.3169333063073,30.3160950763584,-33.232093084411794,-12.299927375426398
23,-36.31836068362483,25.30552153839933,32.30625662330876,-12.797492026689648,-15.363269363935043,12.089493770961544,-13.336192821424175,12.925870504655183,-9.908714459202896,-26.190760473239777,10.796995831532994,214.57781948007053,-8.59339622169452,-12.08587990653372,14.694524864181849,8.501335274411709,-1.4644150206445665
24,47.867112264322984,89.3414982382088,97.3327299086019,-22.845359186237996,-15.856135331574174,49.36713890558052,24.847289555199033,8.122417821798873,-52.91429779718345,-17.455276400587532,18.547311661029966,-15.434694586984914,-54.943213645207024,8.944349108951917,24.875661214839692,-24.585324232863215,-21.599039413593534
25,9.24886143752004,82.72867821118902,109.3843160869916,-28.442073744109383,-14.525774027732615,51.03241588809496,28.90581363917935,4.938660164482665,-54.5597621008752,-17.813428679216912,12.931522378795604,-14.946567824892126,-56.79239266972997,14.395663792480788,32.78010101744091,-28.731154522061182,-16.995549917326287
26,-108.10146091348372,1.318258220167531,111.48168421972498,-13.093901358790294,-25.84516691558596,27.84768480579843,18.015758261201817,-56.265286722167524,-58.91271786272913,-63.760253391442134,-33.65293306463072,-50.80374578863251,-112.05636347073839,-14.559950086203816,18.743503858716277,-4.271636016491699,-36.866751974841264
27,27.938733201841238,88.56576861032126,92.43186044591856,-24.92524710771306,-12.33464836996141,49.83546222450758,60.276644913933836,-2.97691180306101,-60.30888303720076,-7.55697488358795,22.79043913678572,-9.594326386091229,-61.36320636383704,12.153467837513928,27.87452663774949,-30.104555740856615,-14.685915003582483
28,13.793962301217114,84.37476261026133,110.7489851428949,-28.959344897176155,-14.438172622086434,50.935193886409955,28.10304622182709,-15.305603342065048,-68.25535709037001,-26.492657721476203,13.77766561141952,-21.33232155319202,-81.28478832349224,10.675311100271015,28.818272240899184,-31.700111052341995,-22.87264502266728
29,-97.01569679545302,87.60547126572087,96.29165489558034,-197.86450729096003,-24.913594885749806,35.578632985977144,33.36534594136132,-6.745721672361677,-37.75447239237912,-45.9267222746156,-14.013607659579858,-54.863646217926345,-49.06627718044455,9.073904550890205,28.65909237112027,-25.212799832134298,-5.303682279339255
30,-15.87571504164359,44.607248692433885,-94.98567005031389,-1.749439750166825,-11.318957178071978,15.714464542868988,14.336346220590755,16.939648806620895,-42.564596155394014,-51.63633381394525,-17.42138630865477,-20.255296964083755,-24.23124241232132,-7.198910822177849,9.779659898378034,-0.031264218774393816,-35.734666118800746
31,8.820133766931447,84.0506134238582,110.03442607095558,-24.325979595104194,-14.641930922933241,50.96576028750386,28.329409179864744,5.5904591492238795,-55.92289744197303,-17.882958716680964,12.552896023215299,-14.637717372648954,-56.793879108751376,14.306658483572159,32.046791505092,-28.094293101335698,-17.285692951605238
32,-115.43429082340586,165.72251107905782,124.99312888269375,-26.392964014637936,-30.452115645833445,32.702682522787555,7.635213511184262,39.09388283158517,-103.54378212732432,-45.84438664053979,-29.56347107496715,-36.32470916795096,-32.25834339965527,9.15767455094175,-5.6862374493858905,2.9193114932397886,-13.308660617331201
33,-137.34889624075885,-14.623244214040652,112.11888176957233,-3.309377299540532,-27.61044538425771,33.108265806089086,18.452484289917738,25.508736392568434,13.633160792933815,-20.017873376037333,-40.413829298480294,-39.105889920893816,-13.382188205450545,4.931105432684134,36.48830321210178,10.427486312725264,-10.985230857655072
34,-118.37012773294579,-5.393779168434707,98.7823956639946,1.4722606850683473,-24.33015197027691,28.77711270826266,13.861084647913904,38.084925890434356,67.22617663991154,-12.958552995324329,-36.3165285931883,-30.679348350205945,7.384706760538604,6.604255408860809,35.78023232968602,10.993091981597058,-3.309255386952978
35,-115.15073334703115,151.77612173793273,122.40390493050867,20.934106502201896,-29.52975535115105,26.719928817993406,6.82227019136228,48.61470043027136,-106.16320906907214,-47.90279546088564,-32.8666168923494,-16.10933642469396,-21.689265590826736,2.7817829108927477,-5.303847005061369,10.333314816231464,-17.17683553311996
36,-50.05464137308332,66.14568829383217,63.53709998147613,1.949331179654608,-20.592510213900006,17.99524327892944,-1.3014651304687177,6.548973849534691,-43.854581065217566,-16.656694166596548,-22.85783405905436,-25.373896622026944,-10.81511669664546,-3.871383586586502,-246.2296980997211,0.8165863631822639,-2.450690001320244
37,-98.49153164343629,116.82826801678583,98.54413361983357,-190.98215180304817,-25.678756785739825,35.356696286438094,31.062561908295656,14.376732170372579,-47.26088692154691,-42.65317967621366,-13.972779688549332,-47.939273591341745,-30.77420116919216,12.632181548390031,23.884338536577687,-22.27436608143732,-1.325810054846688
38,-98.49153164343629,116.82826801678583,98.54413361983357,-190.98215180304817,-25.678756785739825,35.356696286438094,31.062561908295656,14.376732170372579,-47.26088692154691,-42.65317967621366,-13.972779688549332,-47.939273591341745,-30.77420116919216,12.632181548390031,23.884338536577687,-22.27436608143732,-1.325810054846688
39,-108.20270006828784,22.530806998839516,113.95598313385287,-60.11650590540614,-26.70282233588235,33.790172350528884,18.918855273206095,-64.40614099781273,-56.96235093440203,-61.88474537270928,-29.763528133016724,-70.25413503821548,-121.88951585479207,-8.277882736807397,17.71005633987277,-11.4790138851754,-32.8002345173448
40,-122.32964077029563,231.79354065904343,97.36271496969911,-15.615500739988509,-21.314554064997292,31.98270460106032,32.17130503129555,10.017087173681762,18.20581823856935,-42.25708385029527,-11.264185471015098,-28.55420574353056,-49.75422101171592,-13.993217089944253,23.03446482432328,9.005024025335741,-16.97959267023994
41,-97.01569679545302,87.60547126572087,96.29165489558034,-197.86450729096003,-24.913594885749806,35.578632985977144,33.36534594136132,-6.745721672361677,-37.75447239237912,-45.9267222746156,-14.013607659579858,-54.863646217926345,-49.06627718044455,9.073904550890205,28.65909237112027,-25.212799832134298,-5.303682279339255
42,-137.39788675275375,-12.830288735478653,112.33334457436075,-8.036626534044784,-27.68997310851909,33.705320150569165,18.570895624352648,24.69213550554341,14.070851643295022,-19.771031947426344,-40.038951000421505,-41.05348182858591,-14.296627519372704,5.560124060799347,36.47388371687005,9.71416390586033,-10.560700446943542
43,-107.89011545552808,210.4551899813686,54.51804230175624,-19.63930908835628,-17.07494832611702,29.716701830754396,34.21878904230227,2.4720976326604647,28.559580648261214,-43.874552229792265,-8.922628499526654,-27.400007047707337,-50.59794472250601,-15.885716865873105,21.87464301874713,6.130613886190111,-19.99178100450518
44,-30.408287811464174,36.32869388536428,41.93870299758898,-0.589670980587521,-15.408747849606335,12.731780520009957,-1.5838791473746052,-1.278682248344975,-24.492063594835844,-9.089747522679117,-17.398043137908633,-20.03868862949569,-5.826349944550334,-5.28607908660083,-244.02114640932857,-0.7576169375627836,0.13768285617009585
45,28.10158946490278,93.89227114772989,98.56695825831272,-20.576103172562572,-9.742025324415248,46.25915328962101,26.493602553833398,-8.878371166475317,-61.387105182860175,-13.699895943140133,53.79114865254291,-1.605893696251965,-59.24189920546062,17.12063955889474,29.986092757237753,-32.70557739739507,-12.33588434743865
46,17.141653609062796,100.7389215525801,106.6047870213266,-63.67627864968071,-14.027627557753773,51.37395096266547,31.51356885286923,-2.7882301364113165,-65.60631833092772,-23.44407527565097,17.741296292176116,-18.163360884359655,-65.49581476798308,14.759694555351446,30.9648363467738,-35.49828868400395,-16.569916327453303
47,-120.84272359671719,231.9267319094278,96.0674480600628,-16.48055604151178,-20.99186244802993,31.986757069057354,31.685070504725285,9.069519661609984,19.2166254948709,-41.32307779475659,-10.721954436422038,-29.659426399726353,-50.171270089449976,-13.594673320739101,22.50759098578189,8.771142709121788,-16.586368008058322
48,-117.69146035354454,-15.084250621059203,91.4776966003021,0.16892072660594054,-22.869153302986703,27.626918815627594,15.38105171337588,37.85596662535125,24.50007099044929,-8.243378078179278,-34.37097937171099,-27.951529957973765,9.481605480162926,7.473230699374783,33.395227229410324,11.557835446463242,-4.0257611134905495
49,-94.93887759747217,4.814569380473137,98.6380228252609,-21.8659937625314,-23.693207462339373,26.70300882393356,11.983824637847396,-109.33683325259898,-49.36697123227688,-59.486852570609074,-25.33986777609662,-63.31073219172223,-107.22712703563244,-13.725791596688193,12.301648033921227,-1.8631813608822978,-31.98840610123757
50,-120.70825038316354,232.49152053366672,96.64891837426579,-16.312246329568573,-21.106484615322774,32.048143489735615,31.47010481522666,9.089882692723243,23.41204893304284,-41.72719094062431,-10.906066885968574,-29.88355779939202,-50.29062000073963,-13.651564498925955,22.696609925167238,8.700232741700455,-16.48676790371739
52,-94.6329606271057,83.96133714700647,-101.50767568706173,-8.788918910666345,-23.367898306759855,35.46564825779605,16.191061543086708,11.024282119824829,-34.64521541845691,-33.97609781237742,-16.457620872280547,-24.1595032641254,-27.993077329780892,1.7694960410780523,17.969872730215386,2.619708284542754,13.509967095704791
53,-97.34559860182193,83.26159150328047,96.63182780606286,-197.48073771239285,-25.054815950134813,35.59670547608694,33.04491384587245,-6.013439611129258,-38.03605383187519,-45.416467213162406,-14.59578397670855,-54.93619244894192,-47.9729950040942,9.52355654129277,28.832674062184992,-25.125581911372567,-5.104237598597706
54,-103.81901440513661,148.41472933001305,111.7776468198468,13.309143109671124,6.227149434590067,26.292549791487552,1.3031836460471107,42.75087830791303,-104.51058411837417,-38.41793670533543,-32.24179417060603,-27.902449945239788,-24.052926501449157,4.608281644683384,-9.753806991545956,9.61635999998541,-15.091556364550035
55,-86.36345385282473,19.470447227183676,116.44974373497564,-26.662115140789442,-24.517115492590097,36.88592593266382,18.211498080741837,-66.28972833860493,-60.57967001081602,-57.50707720699501,-24.229460166417198,-63.558890686403444,-127.86311527383961,-8.039412893256044,18.59642854214177,-12.719765913334914,-36.175129352539884
56,-13.907409222691115,51.00312075469401,49.990600185470726,22.18756706724666,-22.74047046902967,11.693874660466824,5.724901024064458,-19.588816838615518,-7.808197309248664,9.112509332382977,167.35226158847394,28.676516306945626,-1.09958166468316,18.354623261459864,20.36718603957524,-4.964726865654033,14.07966148696951
58,-107.71279494833901,4.60125221321954,111.81135508596861,-12.844013560363637,-25.90754509326854,27.819628905728102,17.734741928857,-56.24013212756248,-61.3392594380141,-64.35315965881917,-33.51231111360464,-50.77821596129456,-112.74512271557045,-14.56806901795952,17.85425129219012,-4.345789816526067,-37.04553862446009
59,-99.86990153636349,-6.710331611222514,85.19412849470226,43.515089314891576,-21.28218803791257,5.774554653176872,27.35071008216463,55.712667231410784,-47.58813670153861,-49.1488396389166,-34.564468467852286,49.13800711620573,22.23987990675467,-18.296027481166696,32.78216808796453,14.146356382880427,-20.74380606311216
60,-85.54606021709144,21.431506007566515,116.12930461725529,-30.528321491367976,-24.46333677507205,36.924525633184594,18.50688620771163,-66.9163727287411,-61.643076245003165,-58.03045343690798,-23.71021185981081,-63.84221131130867,-128.5503880796502,-7.958526516103119,18.440485487964523,-13.43078113409477,-36.063772967879764
61,-115.89891824303739,-0.19467149622005073,116.29580152230412,-20.843287314121746,-27.04492489160081,32.873776601432205,16.422967128387874,-57.97489519416714,-45.40284410179394,-56.82829446472641,-34.95226314155908,-65.78218733371432,-114.10086204374205,-9.62675982754325,20.017215889225884,-4.292400691437408,-34.04818574037858
62,-137.34889624075885,-14.623244214040652,112.11888176957233,-3.309377299540532,-27.61044538425771,33.108265806089086,18.452484289917738,25.508736392568434,13.633160792933815,-20.017873376037333,-40.413829298480294,-39.105889920893816,-13.382188205450545,4.931105432684134,36.48830321210178,10.427486312725264,-10.985230857655072
63,-137.39788675275375,-12.830288735478653,112.33334457436075,-8.036626534044784,-27.68997310851909,33.705320150569165,18.570895624352648,24.69213550554341,14.070851643295022,-19.771031947426344,-40.038951000421505,-41.05348182858591,-14.296627519372704,5.560124060799347,36.47388371687005,9.71416390586033,-10.560700446943542
64,-118.45208032488263,153.70223189917945,128.79715409377954,7.940200159299412,-30.721439645781096,32.24585295642226,4.545122975630991,25.84422756469901,-105.91123944727053,-49.40322414781822,-32.944925438595064,-39.421123605767754,-49.14059913151478,4.6236391054587545,-8.006383246325226,6.630271204140007,-19.810833993286728
65,-94.30541374802786,85.24491370580294,96.59373183507914,-197.97651620666704,-24.788704366055804,35.94207494481417,33.241464620361334,-6.82592727588415,-39.70384613123224,-45.56136725324166,-13.5090666783396,-54.54743565593214,-49.3265036762928,9.627478009625262,28.67644297158203,-25.968087714951807,-5.348249362418978
66,-122.32964077029563,231.79354065904343,97.36271496969911,-15.615500739988509,-21.314554064997292,31.98270460106032,32.17130503129555,10.017087173681762,18.20581823856935,-42.25708385029527,-11.264185471015098,-28.55420574353056,-49.75422101171592,-13.993217089944253,23.03446482432328,9.005024025335741,-16.97959267023994
67,112.48216683303872,39.24320586802924,41.67640322392495,7.229622962352765,-19.7052739409204,0.16880582133621527,1.937307915131383,10.485305585635427,-18.11256876092225,-66.06717957130958,-89.67416233964373,-1.7045746180563277,0.6250838095833897,-9.534078946856404,5.7522705251672495,26.41663022897297,10.60375434002331
68,-71.91757859816677,102.77066434210191,95.53630902428628,-197.8051573530629,-22.597458410191486,39.08096656445315,35.236784548798944,6.757746232610741,-42.38151717704866,-38.25576860915973,-4.953380581223287,-44.35402033830111,-37.017172511339396,14.194118607918833,30.49888242034819,-29.9448219961587,-1.957403165748388
69,-118.03017712704437,203.7595244379629,89.58155987092744,-10.115104970496969,-19.553392489839233,27.209115906059484,36.29324315521282,11.500304294236038,26.534818655198915,-43.852886370617696,-11.230452953321477,-13.80553264449029,-41.510889235223836,-18.853336962803496,29.764025892549075,9.69317290059077,-18.18907905813316
70,27.2725199084725,91.55234666174502,68.79842912734209,-25.321957480486837,-11.009487625691493,47.910157709834685,27.300985934529244,-1.067331068484164,-68.47595275139625,-22.461950250079113,16.642637996240072,-12.041208877937276,-63.19215731193182,11.403011366398179,27.623113093698763,-31.379151282175574,-22.17222960620555
71,-112.87864273931847,32.4671651324792,120.12741210724907,-19.20545221378089,-27.802013110206026,33.15167224468823,13.435827012404838,-57.91330574500561,-68.16716277009536,-61.987139479972775,-33.69041363984585,-67.19116034312167,-121.21562100017404,-9.159816894137984,11.266213782909826,-5.036245877886176,-35.522878210515465
72,-107.36605946657647,113.48796471088602,-69.38635443103938,-11.659001036342664,-25.336838792584444,37.82939813095843,19.29671391490894,10.122458277280405,-19.121365500591835,-31.098554174845027,-14.415453007181043,-26.130547467863252,-31.354425428679793,-0.23740023868924504,20.588626711940524,4.865345712820528,16.39181293133921
73,13.793962301217114,84.37476261026133,110.7489851428949,-28.959344897176155,-14.438172622086434,50.935193886409955,28.10304622182709,-15.305603342065048,-68.25535709037001,-26.492657721476203,13.77766561141952,-21.33232155319202,-81.28478832349224,10.675311100271015,28.818272240899184,-31.700111052341995,-22.87264502266728
74,-94.09647828574643,79.78556068638693,-101.70240469908799,-7.544106448173428,-23.375812929365438,34.92526610394654,16.04760624013272,11.946520677946092,-36.42789394250133,-34.23606040944819,-16.895427180861642,-22.56777821235411,-26.67262864531902,1.6710157805183314,18.001930862334593,2.7092333914095628,13.396237750394928
75,-25.34094771132965,27.18520357158425,33.37212273710691,-2.662227848157475,28.658454583339225,164.79287634907283,-1.6543895162943554,7.274883465547688,-12.512654534478244,-23.77563262067938,-9.670349629039942,-12.765125770743603,-11.341009628361805,-6.303130732421975,11.384795562643292,6.691807487241085,1.1760753807769806
76,-132.56063208932895,-16.41616312490299,104.43036569666516,8.819473741838669,-26.0960694726603,27.586394135657258,20.243396979078742,47.331641746069,14.39199842743376,-17.583438633566075,-39.79328971764158,-16.899323396015827,13.652096257503457,3.487793007323278,38.66396561482425,13.896648608602765,-7.958007735306692
77,28.426795329546895,83.62375081965999,94.02862987480673,-25.273562159661886,22.532469093206736,45.51641064520834,24.95382426615895,-1.4082819466407015,-66.54792335979741,-16.167668209139862,15.055142341912674,-12.072280379755865,-60.03553122384572,10.394487268549682,26.627013180487346,-29.17154453846747,-18.616211920688816
78,-108.10146091348372,1.318258220167531,111.48168421972498,-13.093901358790294,-25.84516691558596,27.84768480579843,18.015758261201817,-56.265286722167524,-58.91271786272913,-63.760253391442134,-33.65293306463072,-50.80374578863251,-112.05636347073839,-14.559950086203816,18.743503858716277,-4.271636016491699,-36.866751974841264
79,-136.82113394490256,-14.638053949460327,110.8395436706725,-4.2677946243906195,-27.77360900124427,33.390175621365046,17.212471822394097,25.00693839318474,14.587568728774515,-16.11973219538725,-39.88052314859786,-41.06363430705107,-13.498401619069787,4.834106783445384,35.962439350136336,10.433499051449653,-10.540882399924627
80,-94.23504611359762,79.28729650725286,-77.06707120489638,-8.441834336918685,8.70528285569007,31.278784312418622,13.223024371012816,9.17650746680754,-23.270535222462836,-27.09098005042171,-12.761180274287991,-22.969842087157325,-24.089425951407065,3.0331490965360692,17.239211372473044,4.4255362334228066,22.359609338747607
81,47.80472228654182,88.88241000043678,97.03000281891745,-22.824942441021097,-12.56931264941769,46.1259824245591,24.838767352302632,8.243074265512831,-53.279446880960606,-17.033064686584208,18.31495539489964,-15.457983808149745,-54.70445908892587,8.870782518230234,24.762328873069194,-24.555729871844953,-21.80202704121564
82,-110.46224437854588,211.66954330377547,82.0464661766579,-19.215894679620867,14.646329167730192,26.256614983625184,31.94494525948308,1.8352179107240554,39.205325298796,-38.8947121817554,-5.167036927043335,-26.97281152384806,-47.48674447293942,-14.526088155776963,26.31980774902526,7.825105702108677,-14.30334467114039
83,-96.5708834726742,36.72846601318131,81.79239938987696,39.6773935292196,-19.86997739406248,5.593829752078928,30.555031037053332,48.3898466190866,-44.77232230657794,-54.25139025344858,-28.742705296565358,49.86346942636146,11.30705814325111,-22.792547385192343,31.046351177317348,13.274177175263127,-22.738252870527646
84,-137.34889624075885,-14.623244214040652,112.11888176957233,-3.309377299540532,-27.61044538425771,33.108265806089086,18.452484289917738,25.508736392568434,13.633160792933815,-20.017873376037333,-40.413829298480294,-39.105889920893816,-13.382188205450545,4.931105432684134,36.48830321210178,10.427486312725264,-10.985230857655072
85,-118.41884309218909,200.4765304449109,89.25188900468382,-10.364992768923626,-19.49101431215665,27.237171806129812,36.57425948755764,11.475149699631,28.96136023048389,-43.25998010324066,-11.371074904347559,-13.831062471828238,-40.82212999039179,-18.845218031047796,30.65327845907523,9.767326700625139,-18.01029240851433
86,-115.15073334703115,151.77612173793273,122.40390493050867,20.934106502201896,-29.52975535115105,26.719928817993406,6.82227019136228,48.61470043027136,-106.16320906907214,-47.90279546088564,-32.8666168923494,-16.10933642469396,-21.689265590826736,2.7817829108927477,-5.303847005061369,10.333314816231464,-17.17683553311996
87,-122.32964077029563,231.79354065904343,97.36271496969911,-15.615500739988509,-21.314554064997292,31.98270460106032,32.17130503129555,10.017087173681762,18.20581823856935,-42.25708385029527,-11.264185471015098,-28.55420574353056,-49.75422101171592,-13.993217089944253,23.03446482432328,9.005024025335741,-16.97959267023994
88,-50.64527502531693,68.35310311920315,-82.10003333721032,-0.5568434530382439,-10.28182609714602,19.32103459179031,18.013629458530723,14.014225649854547,-67.16327913386878,-56.812704329258935,-21.783883617276626,-18.731992058269448,-31.84413537427455,-2.4472789302582734,8.18794215016674,-3.6823202876398944,-32.447691599929485
89,-91.23559995828657,77.15137611851678,-87.06004097542389,-9.771703060514952,-23.933664974059237,33.26009580689656,12.937602871063907,6.091984687261215,-26.29899888179176,-17.805565820526947,-16.995330488588344,-19.83316092909135,-27.255915503985186,1.2735158545675995,15.421114894222004,7.70025951889691,45.38331673799897
90,-96.04200604369217,27.180494088685972,87.82099338041228,45.38030992216429,-21.702370572670773,5.503979062434139,25.14199518655017,55.206776521623695,-69.14542943960734,-54.99525110676309,-32.71669459148886,49.44032179326283,14.947764526915893,-18.818749857370577,24.60531329816441,13.391754261809377,-22.55233059042318
91,-99.02040907241832,126.37623994128118,92.51553962929825,-196.68506819599287,-23.846363607131536,35.4465469760829,36.4755977587988,7.559802267835482,-22.887779788517562,-41.909318822899145,-9.998790393625836,-47.516125958243116,-34.41490755285693,8.65838402056827,30.325376415730624,-22.39194316798357,-1.511732334951153
92,-116.37663642562086,2.920219195011117,117.16037431105653,-21.454442399620806,-27.240609511062814,33.404175345321185,15.964974003508168,-58.13969709645094,-46.328288592530555,-56.650983073579475,-34.95601119908059,-67.42092878916324,-115.01678779668562,-9.086746508336667,19.26948688164524,-4.368861677576856,-33.91379836394599
93,-122.32964077029563,231.79354065904343,97.36271496969911,-15.615500739988509,-21.314554064997292,31.98270460106032,32.17130503129555,10.017087173681762,18.20581823856935,-42.25708385029527,-11.264185471015098,-28.55420574353056,-49.75422101171592,-13.993217089944253,23.03446482432328,9.005024025335741,-16.97959267023994
94,-117.04449112468542,163.3962151421738,92.82120104866709,11.974591924188312,-30.715516334892865,32.67719143288684,4.375876275564284,42.01490812136456,-103.0123463922563,-43.48477566925309,-30.48190210816083,-29.76961901480842,-28.89490565886736,7.238040996257078,-7.4482734081825885,8.793589508716956,-9.396379093262253
95,-4.145375260136619,25.459400550103034,35.1595381030422,-0.39500732420434187,-8.573879778805598,167.00924427931008,-2.4869313741191084,18.206824162224326,-8.797714609790214,-20.97890693832039,-11.525417329663664,-17.3610837529725,-6.0949142453710285,-10.237417575396039,8.660259467879154,12.079553060334966,-4.1797663102674845
96,-101.84170895352413,79.82255162564618,95.05269594537114,-192.23621732482184,-25.062889631519617,35.09687313329186,33.72926992878979,15.047424782443473,-24.778149692741607,-36.984079599514104,-15.816805507391258,-46.60284681294993,-22.566160036409812,12.61489060538733,32.80892233395845,-21.44330297422682,0.3483270960317534
97,17.141653609062796,100.7389215525801,106.6047870213266,-63.67627864968071,-14.027627557753773,51.37395096266547,31.51356885286923,-2.7882301364113165,-65.60631833092772,-23.44407527565097,17.741296292176116,-18.163360884359655,-65.49581476798308,14.759694555351446,30.9648363467738,-35.49828868400395,-16.569916327453303
98,-99.63520736568137,-8.245635315967625,81.3907582189683,43.105811696339984,-21.204288054564188,5.893920386162187,27.578409345759923,55.12526604699178,-46.16933809071596,-48.8583527911932,-34.278468301053806,49.251547807466075,22.303196784447987,-18.380566965780872,33.31224864202113,14.059892327581743,-20.088774861027986
99,-98.49153164343629,116.82826801678583,98.54413361983357,-190.98215180304817,-25.678756785739825,35.356696286438094,31.062561908295656,14.376732170372579,-47.26088692154691,-42.65317967621366,-13.972779688549332,-47.939273591341745,-30.77420116919216,12.632181548390031,23.884338536577687,-22.27436608143732,-1.325810054846688
100,-122.37863128229051,233.58649613760542,97.57717777448754,-20.342749974492754,-21.394081789258674,32.5797589455404,32.28971636573046,9.200486286656737,18.643509088930557,-42.01024242168428,-10.889307172956308,-30.501797651222653,-50.668660325638086,-13.364198461829039,23.020045329091545,8.291701618470807,-16.55506225952841
101,-107.36605946657647,113.48796471088602,-69.38635443103938,-11.659001036342664,-25.336838792584444,37.82939813095843,19.29671391490894,10.122458277280405,-19.121365500591835,-31.098554174845027,-14.415453007181043,-26.130547467863252,-31.354425428679793,-0.23740023868924504,20.588626711940524,4.865345712820528,16.39181293133921
102,-112.07986629020697,73.32990348246881,-62.41558963110048,-8.140203264634728,-26.967820601526153,38.272761906852196,16.437465445778262,17.345076240432988,-20.21230768245638,-25.67627648947612,-20.010308637901364,-27.075014689545412,-20.795086787276112,4.036131189806698,22.61541628722383,5.98704019024647,18.70646483160297
103,-138.8247310887421,14.599552537024309,114.37136049382556,3.572978188371343,-28.375607284247728,32.88632910655004,16.14970025685206,46.6311902353027,4.126746263766025,-16.744330777635394,-40.37300132744977,-32.18151729430922,4.909887805801859,8.48938243018396,31.713549377559207,13.36592006342224,-7.007358633162504
104,29.67225726941294,88.63431402415218,87.08347408176368,-26.55146573070089,-11.536692127825729,46.155608048976035,28.72856093092454,-6.611027133243033,-58.48475865510782,-8.439099305158836,16.624208652685493,-7.104158959332659,-63.47633566216928,11.177555736797773,25.593302341956694,-26.26667833928072,10.119132383930356
105,-94.6329606271057,83.96133714700647,-101.50767568706173,-8.788918910666345,-23.367898306759855,35.46564825779605,16.191061543086708,11.024282119824829,-34.64521541845691,-33.97609781237742,-16.457620872280547,-24.1595032641254,-27.993077329780892,1.7694960410780523,17.969872730215386,2.619708284542754,13.509967095704791
106,-123.814574824313,150.09508871972432,127.75292415559659,12.323677662944714,-30.862819768945325,32.30447525758648,5.052502266013458,46.715135461382914,-91.1522382235886,-40.20061887564595,-34.31031697782535,-32.75204925256263,-23.960930671941913,8.2631054205156,-3.8886114156062477,10.310242955180676,-14.045095272605852
107,34.31778233615962,84.08185950506363,89.57289805111589,-24.620003987103964,-9.563574099035998,44.89539225198916,25.20859043782012,-2.7684166123933847,-58.88954397740288,-15.488380082142118,19.964885546736426,-8.513690307485097,-58.19382812976721,12.669304115999378,25.583672699262213,-30.567454732498938,-16.226349304554166
108,-121.57284749544577,232.58454254562469,96.60920560027215,-16.525579710900896,-17.894581899240347,31.887454508816887,31.736475241722594,9.050578535330562,19.472868902929058,-41.76126643140904,-10.657843868387284,-29.870933631466336,-50.35180653548748,-13.560492209241598,22.6900430099709,8.818217305487533,-16.59101923154066
109,47.603505045070236,89.69601165979971,94.69884904569368,-22.86387930404761,-15.919108802555158,46.39242539087842,25.174713293734712,8.099644424611132,-53.56517091748654,-18.06731129561247,18.41959125988168,-15.492220091162899,-55.28301369177944,8.999753354884618,24.887499888174244,-24.81412225620912,-22.228403640142027
110,-126.69401860432623,202.07849141975447,94.93057909601535,-18.725533809754136,-20.88645690763351,32.793662345652564,34.523475229864,9.600739325347584,41.545789500682474,-36.150709785378,-12.67415303879744,-30.448245472358956,-43.78255431633902,-13.372014453180649,31.179261482004197,9.670101039539983,-15.057338797619051
111,-30.408287811464174,36.32869388536428,41.93870299758898,-0.589670980587521,-15.408747849606335,12.731780520009957,-1.5838791473746052,-1.278682248344975,-24.492063594835844,-9.089747522679117,-17.398043137908633,-20.03868862949569,-5.826349944550334,-5.28607908660083,-244.02114640932857,-0.7576169375627836,0.13768285617009585
113,-123.19602491802382,231.62543735722258,97.8976168922079,-16.47654362391422,-21.44786050677672,32.54115924501963,31.994328238760687,9.827130676792915,19.706915323117702,-41.4868661917713,-11.408555479562693,-30.218477026317426,-49.98138751982744,-13.445084838981966,23.17598838326879,9.002716839230661,-16.666418644188525
114,-98.49153164343629,116.82826801678583,98.54413361983357,-190.98215180304817,-25.678756785739825,35.356696286438094,31.062561908295656,14.376732170372579,-47.26088692154691,-42.65317967621366,-13.972779688549332,-47.939273591341745,-30.77420116919216,12.632181548390031,23.884338536577687,-22.27436608143732,-1.325810054846688
115,33.144768359847156,91.95718868042351,100.51828866377205,-27.824999198945665,-7.9335704563732765,42.360766542823065,31.161620437174015,-0.04732832493927853,-64.5931298460714,14.184070182088712,18.644821741135214,-8.811695333573647,-60.88397193725954,12.985519063073683,25.989714801135072,-29.472845943323772,-16.371482162869306
116,-120.84272359671719,231.9267319094278,96.0674480600628,-16.48055604151178,-20.99186244802993,31.986757069057354,31.685070504725285,9.069519661609984,19.2166254948709,-41.32307779475659,-10.721954436422038,-29.659426399726353,-50.171270089449976,-13.594673320739101,22.50759098578189,8.771142709121788,-16.586368008058322
117,-134.37768396069254,-16.3567433591627,106.36495752262856,8.385138409071695,-26.537929519090664,28.13493408150311,20.5019167840759,46.00216197158354,13.406388133312367,-18.66748755779801,-40.3433516068592,-18.12528145792741,11.324011981168704,3.2734348575747267,38.92058582923925,13.760225563607573,-8.614632243504984
118,-84.61876328651462,20.533590593637438,112.54053512937952,-26.726986705392605,-24.15712326311347,36.6052145677582,18.18685769047268,-66.92180775066572,-62.02296078441607,-58.33705933928513,-23.874191389855117,-63.267339543861446,-128.58291432809006,-8.26607640812891,18.131874186440925,-13.056499103905288,-36.6947791261297
119,-120.4604172460579,219.5553943028235,60.19358500111212,-20.319432011003453,-20.731238850975465,33.706760674802446,33.99030454236881,3.97827342720797,31.46835985605916,-39.17490398191437,-8.407931860551813,-29.057540286376035,-50.03697798772633,-14.298598616879449,27.58754135730865,8.063922486209453,-10.29489327296559
120,-122.32964077029563,231.79354065904343,97.36271496969911,-15.615500739988509,-21.314554064997292,31.98270460106032,32.17130503129555,10.017087173681762,18.20581823856935,-42.25708385029527,-11.264185471015098,-28.55420574353056,-49.75422101171592,-13.993217089944253,23.03446482432328,9.005024025335741,-16.97959267023994
121,-71.91757859816677,102.77066434210191,95.53630902428628,-197.8051573530629,-22.597458410191486,39.08096656445315,35.236784548798944,6.757746232610741,-42.38151717704866,-38.25576860915973,-4.953380581223287,-44.35402033830111,-37.017172511339396,14.194118607918833,30.49888242034819,-29.9448219961587,-1.957403165748388
122,-109.11075003288659,112.42482134443225,-65.47714582544326,-11.594129471739501,-25.696831022061073,38.110109495864045,19.321354305178094,10.75453768934122,-17.67807472699178,-30.268572042554897,-14.770721783743124,-26.422098610405254,-30.634626374429313,-0.010736723816380498,21.053181067641365,5.202078903390899,16.911462704929026
123,-122.32964077029563,231.79354065904343,97.36271496969911,-15.615500739988509,-21.314554064997292,31.98270460106032,32.17130503129555,10.017087173681762,18.20581823856935,-42.25708385029527,-11.264185471015098,-28.55420574353056,-49.75422101171592,-13.993217089944253,23.03446482432328,9.005024025335741,-16.97959267023994
124,30.221146710022087,93.71969084558177,98.74569979490627,-20.34938112016726,-13.46525876062973,46.48079008264474,26.410348368050922,-7.785177096807652,-61.01561119039137,-13.420223374904234,53.60564188248053,-2.0654894944748565,-58.717289667161545,16.727210874597333,29.713639147761338,-32.16680284008568,-12.871468516543098
125,-121.45036146718222,232.65369624735104,96.90683702015365,-16.491715458058092,-21.298652397709112,32.24325647910727,31.65502962154568,9.044437699318989,18.727072631412,-41.503793580661295,-11.069096754886646,-30.060220199747867,-50.28754662832171,-13.70027103470148,17.62766091049401,8.75640779155014,-16.583149764795312
126,-108.01260148379163,210.38603627964224,54.22041088187474,-19.673173341199085,-13.670877827648253,29.360899860464013,34.300234662479184,2.478238468672036,29.305376919778265,-44.13202508054001,-8.51137561302729,-27.210720479425806,-50.662204629671784,-15.745938040413224,26.937025118224017,6.192423400127502,-19.99965047125053
127,48.212115800066734,88.93416284555117,96.7778888191447,-22.803020157042003,-15.823102973285,46.11873457982176,24.890095949968465,7.974112821489019,-52.61216997213329,-17.07354076630763,18.750923526460255,-15.224720607113827,-54.7530972071515,9.076828388000349,24.683656846388182,-24.70896319574762,-21.628703230422005
128,25.480635663300376,92.31973009521,96.50020316763415,-28.932434613976113,21.007012047631083,44.49536852606757,26.32728366879841,-2.8268612501408645,-56.900226302761666,-20.557431075594312,20.43863849054971,-11.471133876381227,-60.496582826330375,13.241590089884474,27.920647284461978,-30.57614985949248,-16.24155579084762
129,-84.72493798820801,90.64659630630852,56.59993480573699,-194.1843236051437,-21.58213576621632,32.842351898078604,33.25515130452513,6.449583375278083,-39.18586046656198,-45.43394379110867,-12.271948596395005,-46.0185141056373,-32.509283932983394,10.532441076115285,27.89312515282363,-25.180939241139683,-5.111570485883099
131,-136.82113394490256,-14.638053949460327,110.8395436706725,-4.2677946243906195,-27.77360900124427,33.390175621365046,17.212471822394097,25.00693839318474,14.587568728774515,-16.11973219538725,-39.88052314859786,-41.06363430705107,-13.498401619069787,4.834106783445384,35.962439350136336,10.433499051449653,-10.540882399924627
132,29.51372330218189,84.22214169011657,92.63579558905268,-24.88425049628403,26.071609688426683,44.868568139122026,24.746709198159103,-0.09774329843466507,-65.30606965761787,-15.521807921560368,15.669314799165052,-11.057829549584262,-57.88798339354848,10.643026529795733,26.552844990261352,-28.988046897106532,-17.964238635972862
133,54.90611744758734,89.25073171591164,92.14017398362623,-22.23659855179217,-13.20040522236739,42.77225806927953,24.89398062419681,-0.4608147663031835,-61.04674408333191,-28.991070879176203,0.9473961177942214,-8.739722526324597,-56.23094775952247,10.20612792683919,25.880164887610515,-24.187977981005897,-14.05846094833619
134,-55.71988643658422,36.50636791567856,-87.32457593539834,-3.1899107301039633,-9.869998669704062,19.781084338846888,17.497550205558046,14.023470599508718,-43.27902254330086,-51.84657647950122,-23.73352990032954,-19.38445920477724,-25.04508133365181,-2.307130161309843,17.160708804254522,-2.8921265061907824,-30.412562237948322
135,47.867112264322984,89.3414982382088,97.3327299086019,-22.845359186237996,-15.856135331574174,49.36713890558052,24.847289555199033,8.122417821798873,-52.91429779718345,-17.455276400587532,18.547311661029966,-15.434694586984914,-54.943213645207024,8.944349108951917,24.875661214839692,-24.585324232863215,-21.599039413593534
136,15.802260086779992,85.08339255512419,109.473657400207,-29.005696343969703,-14.01520692162882,53.62919603620644,27.750982093022255,-15.914909356938121,-69.04777474366699,-26.710604958741396,14.26065478912989,-20.983244906472034,-81.6647873311703,10.393243339465448,28.341879211863787,-31.80804621956646,-22.762930569708605
137,16.183552993449826,85.29761365718478,109.86238240057295,-28.897637442659782,-13.7789522649505,50.06802895188277,28.328626901626556,-15.804202191007242,-69.25869386488962,-23.29290783534564,14.34899554765348,-20.718834304060174,-81.6939462502452,10.534296627330304,28.139233619268598,-31.77428019446825,-22.81023824722158
139,-48.57880652510006,36.92289154276722,61.2846212572229,-4.9330243082572665,-19.827348313909987,18.217179978468486,1.0013189025969604,-14.573479993199568,-34.348166536049774,-19.930236764998487,-22.898662030084886,-32.29826924861154,-29.107192707897866,-7.429660584086327,-241.4549442651785,-2.121847387514714,-6.4285622258128114
141,47.867112264322984,89.3414982382088,97.3327299086019,-22.845359186237996,-15.856135331574174,49.36713890558052,24.847289555199033,8.122417821798873,-52.91429779718345,-17.455276400587532,18.547311661029966,-15.434694586984914,-54.943213645207024,8.944349108951917,24.875661214839692,-24.585324232863215,-21.599039413593534
142,-99.63520736568137,-8.245635315967625,81.3907582189683,43.105811696339984,-21.204288054564188,5.893920386162187,27.578409345759923,55.12526604699178,-46.16933809071596,-48.8583527911932,-34.278468301053806,49.251547807466075,22.303196784447987,-18.380566965780872,33.31224864202113,14.059892327581743,-20.088774861027986
143,48.212115800066734,88.93416284555117,96.7778888191447,-22.803020157042003,-15.823102973285,46.11873457982176,24.890095949968465,7.974112821489019,-52.61216997213329,-17.07354076630763,18.750923526460255,-15.224720607113827,-54.7530972071515,9.076828388000349,24.683656846388182,-24.70896319574762,-21.628703230422005
144,-117.83364539158653,-9.569555629054246,98.58766665196835,2.717073147561262,-24.338066592882488,28.236730554413146,13.717629344959917,39.00716444855562,65.44349811586713,-13.2185155923951,-36.7543349017694,-29.087623298434654,8.705155445000475,6.505775148301089,35.812290461805226,11.082617088463865,-3.4229847322628397
145,14.611355936950414,86.33582139064417,110.42854602517454,-32.825551247754696,-14.384393904568388,50.97379358693073,28.398434348796883,-15.932247732201226,-69.31876332455715,-27.016033951389186,14.296913918025906,-21.615642178097247,-81.97206112930289,10.756197477423942,28.662329186721937,-32.411126273101864,-22.76128863800716
146,-108.26146422706364,23.59169276822789,113.28613935712671,-60.7501632824,-26.499223093814763,33.80015576048942,19.520303701039783,-65.16357765365018,-54.25422791962099,-61.802094166785444,-29.321973766914113,-70.20711863453785,-122.29403878631038,-8.719415795454259,18.42572721533421,-11.49207800590276,-32.82089254846752
147,8.967717251729772,81.1283337487517,109.80917819853026,-25.01421514389538,-14.565414732934238,50.98795395745776,28.55968758317131,3.478213764950453,-54.972255989056244,-18.21031297652116,12.548813226112246,-15.330154635307414,-58.62308670987662,13.950830783822177,32.52426688854626,-28.388136476405393,-17.683480174054495
148,-99.31839672766431,10.268658866496766,77.73861738885165,-22.353045844079084,-23.578309038613938,30.625117596335368,15.999586433161431,-64.48564581166417,-58.33465475324611,-64.35789812910375,-31.54394538448586,-64.53094719108118,-121.52601909435835,-11.34526272530961,15.513195891162946,-7.662039783246202,-38.931509450225334
149,-107.71279494833901,4.60125221321954,111.81135508596861,-12.844013560363637,-25.90754509326854,27.819628905728102,17.734741928857,-56.24013212756248,-61.3392594380141,-64.35315965881917,-33.51231111360464,-50.77821596129456,-112.74512271557045,-14.56806901795952,17.85425129219012,-4.345789816526067,-37.04553862446009
150,-121.79117530937529,146.05250350948916,126.26292823393402,12.703434823914355,-30.548042774583546,31.768145571734003,4.422812436489185,46.6898065074324,-91.92410949133146,-39.526575417178044,-34.20589225181339,-32.26554485698713,-23.057531065214093,8.56316892916103,-4.383427122028434,10.165886745833532,-13.7655999557341
151,-126.21630042174276,198.96360072852332,94.06600630726294,-18.114378724255076,-20.6907722881715,32.26326360176358,34.9814683547437,9.765541227631392,42.47123399141909,-36.328021176524935,-12.670404981275928,-28.809504016910036,-42.86662856339545,-13.912027772387232,31.926990489584842,9.74656202567943,-15.191726174051633
152,-122.65977546808078,231.9861516751681,98.0020398860262,-16.914891374278753,-21.433722494460298,32.53529701490321,31.94359030972244,7.740039887124527,18.23101520074951,-42.40712671898853,-11.272016325639663,-30.885384461637937,-52.499354365784725,-13.809031470487652,22.764211200196893,8.634719664126596,-17.242992516256614
153,-36.57503000950399,52.381008149257895,49.582935556041654,19.528350239722542,14.083036204973963,6.777642350316676,6.8587690816558,-31.998542310087462,-12.206619703007922,5.613470360071944,168.8608792653103,32.25649020713403,-8.48364488595316,22.207031233733808,23.156337980302876,-10.612534446627507,18.749214852987212
154,34.31778233615962,84.08185950506363,89.57289805111589,-24.620003987103964,-9.563574099035998,44.89539225198916,25.20859043782012,-2.7684166123933847,-58.88954397740288,-15.488380082142118,19.964885546736426,-8.513690307485097,-58.19382812976721,12.669304115999378,25.583672699262213,-30.567454732498938,-16.226349304554166
155,-123.60822718073888,146.11192327522946,128.19752005989744,12.269099491147381,-30.98990282101391,32.316685517579856,4.681332241486341,45.36032673294694,-92.90971978545286,-40.61062434140998,-34.75595414103102,-33.49150291889871,-25.385615341548846,8.34881077941248,-4.126806907613427,10.02946370083834,-14.422224463932391
156,13.793962301217114,84.37476261026133,110.7489851428949,-28.959344897176155,-14.438172622086434,50.935193886409955,28.10304622182709,-15.305603342065048,-68.25535709037001,-26.492657721476203,13.77766561141952,-21.33232155319202,-81.28478832349224,10.675311100271015,28.818272240899184,-31.700111052341995,-22.87264502266728
157,-116.37663642562086,2.920219195011117,117.16037431105653,-21.454442399620806,-27.240609511062814,33.404175345321185,15.964974003508168,-58.13969709645094,-46.328288592530555,-56.650983073579475,-34.95601119908059,-67.42092878916324,-115.01678779668562,-9.086746508336667,19.26948688164524,-4.368861677576856,-33.91379836394599
158,-22.94120514728653,62.26246397251595,61.98166577174355,15.499273917211822,-18.802772041916022,16.774246629732797,11.45354472596383,-30.270806753344473,-25.068178372323693,7.828732882874003,172.08439698332265,33.33553162404138,-15.796574605381489,24.764266251160727,26.865257990324093,-16.82459996988458,16.13167696036391
159,18.41009858317356,101.59476188748674,105.51542546206196,-62.83305086852069,-13.913340688740291,50.97171737660685,31.378409785773673,-2.0678517047061074,-64.89608849815788,-22.13735907385359,21.66757343517091,-16.22547243815076,-63.254483954613875,15.41576813823978,31.130212935737447,-35.58038536513495,-15.523780201195223
160,-126.69401860432623,202.07849141975447,94.93057909601535,-18.725533809754136,-20.88645690763351,32.793662345652564,34.523475229864,9.600739325347584,41.545789500682474,-36.150709785378,-12.67415303879744,-30.448245472358956,-43.78255431633902,-13.372014453180649,31.179261482004197,9.670101039539983,-15.057338797619051
161,-122.57266478219698,233.37312764552948,94.42391748271758,-16.635933444039154,-21.432338701110915,32.632469077934616,31.94101117001117,9.264884086978954,18.69917235865537,-41.78928561142494,-10.98193336173813,-30.079406507719135,-50.606829886966175,-13.537743255351847,22.816816370799238,8.842098983897609,-16.19017409172318
163,-53.98994525110442,35.05997217957688,-85.68104535805311,-3.0345333275765873,-9.42952241662308,19.135372329969623,17.24160954027216,13.82810617413975,-42.76156940708534,-51.38036866283288,-23.473550975013445,-18.96447909678446,-24.609521536135613,-2.364060226697098,16.851483419237173,-2.9630827809666034,-30.808756154283465
164,-121.57284749544577,232.58454254562469,96.60920560027215,-16.525579710900896,-17.894581899240347,31.887454508816887,31.736475241722594,9.050578535330562,19.472868902929058,-41.76126643140904,-10.657843868387284,-29.870933631466336,-50.35180653548748,-13.560492209241598,22.6900430099709,8.818217305487533,-16.59101923154066
165,-121.57284749544577,232.58454254562469,96.60920560027215,-16.525579710900896,-17.894581899240347,31.887454508816887,31.736475241722594,9.050578535330562,19.472868902929058,-41.76126643140904,-10.657843868387284,-29.870933631466336,-50.35180653548748,-13.560492209241598,22.6900430099709,8.818217305487533,-16.59101923154066
166,112.82717036878246,38.835870475371614,41.121562134467766,7.271961991548756,-19.672241582631226,-3.0795985044225445,1.9801143099008147,10.33700058532557,-17.810440935872084,-65.68544393702967,-89.47055047421344,-1.4946006381852404,0.8152002476389196,-9.401599667807972,5.560266156715736,26.292991266088563,10.574090523194839
167,-115.97054027334889,165.36179676111232,124.88870588887545,-25.954616264273408,-30.466253658149867,32.708544752903975,7.685951440222509,41.180973621253564,-102.06788200495612,-44.924126113322565,-29.70001022889018,-35.657801732630446,-29.740376553697985,9.521621182447433,-5.274460266313993,3.2873086683438544,-12.732086745263112
168,-49.7797434077738,56.57946027288106,-118.92804353129377,-5.008188689795545,-9.589081354326817,20.584800344971985,17.33812868230125,8.230969229950647,-52.06712778396578,-55.078606317837156,-19.31175452277978,-18.060278306377036,-31.767344814250748,-3.590707899041328,13.754579000963806,-4.42490512494999,-26.325805946501756
169,-137.8853785821181,-10.447467753421112,112.3136107815986,-4.554189762033447,-27.60253076165213,33.6486479599386,18.595939592871726,24.58649783444717,15.415839316978236,-19.757910778966565,-39.9760229898992,-40.69761497266511,-14.702636889912418,5.029585693243855,36.45624507998258,10.337961205858456,-10.87150151234521
170,-108.59136603343255,19.247813005787506,113.62631226760924,-60.3663937038328,-26.64044415819977,33.81822825059921,19.19987160555091,-64.43129559241778,-54.53580935911706,-61.29183910533225,-29.904150084042808,-70.27966486555343,-121.20075660996001,-8.269763805051694,18.59930890639893,-11.40486008514103,-32.62144786772597
171,-115.89891824303739,-0.19467149622005073,116.29580152230412,-20.843287314121746,-27.04492489160081,32.873776601432205,16.422967128387874,-57.97489519416714,-45.40284410179394,-56.82829446472641,-34.95226314155908,-65.78218733371432,-114.10086204374205,-9.62675982754325,20.017215889225884,-4.292400691437408,-34.04818574037858
172,-117.04449112468542,163.3962151421738,92.82120104866709,11.974591924188312,-30.715516334892865,32.67719143288684,4.375876275564284,42.01490812136456,-103.0123463922563,-43.48477566925309,-30.48190210816083,-29.76961901480842,-28.89490565886736,7.238040996257078,-7.4482734081825885,8.793589508716956,-9.396379093262253
173,-97.59776314191603,123.85773150954056,90.64000328931616,-196.9601565217453,-23.556509274399318,35.386421962714905,40.02953959881492,6.711610187711945,-21.087822015413092,-40.65589715116313,-9.169363454035272,-47.00541639385445,-34.26305226746589,8.514885084562684,30.775215980961008,-22.527063004387674,-1.103963998659834
174,-99.02040907241832,126.37623994128118,92.51553962929825,-196.68506819599287,-23.846363607131536,35.4465469760829,36.4755977587988,7.559802267835482,-22.887779788517562,-41.909318822899145,-9.998790393625836,-47.516125958243116,-34.41490755285693,8.65838402056827,30.325376415730624,-22.39194316798357,-1.511732334951153
175,-115.89891824303739,-0.19467149622005073,116.29580152230412,-20.843287314121746,-27.04492489160081,32.873776601432205,16.422967128387874,-57.97489519416714,-45.40284410179394,-56.82829446472641,-34.95226314155908,-65.78218733371432,-114.10086204374205,-9.62675982754325,20.017215889225884,-4.292400691437408,-34.04818574037858
176,-102.48590471120087,210.82630356948385,85.10420251711982,-14.807764821002698,-20.535252866231307,25.48276225469083,25.174856704900098,5.628751014538463,24.11011193333761,-43.96798541672613,-7.593540026414641,-39.369006273050736,-38.47316785259463,-19.86183692679891,39.5358218574293,7.131426233579764,19.953018588229764
177,-139.74250737428508,25.401021247032702,108.31224764289118,-4.062986215857448,-26.458783293034855,33.53875561999825,21.93646981361578,36.779776390370905,31.23317337375659,-16.0678615870903,-35.96528852104823,-34.04253197564034,-1.8804748634500317,4.2582374631719375,38.60000450804719,12.864974494939485,-7.477338790406363
178,-108.2443658851584,112.5929246462531,-66.01204774795204,-10.733086587813784,-25.563524580281648,37.55165485190474,19.498331097712978,10.944494186230065,-19.179171811540133,-31.03878970107887,-14.626351775195527,-24.757827327618386,-30.407459866317797,-0.5588689747786655,20.911657508695853,5.204386089495978,16.59828867887762
179,-86.523453562203,72.30026379428587,-82.20727387421404,-7.800570279640642,-22.093063019696498,32.192410461376966,12.715198275899949,9.743637134653179,-25.88707723266727,-23.364349060861112,-13.039873480482848,-20.99800402805918,-21.790512876773644,2.84030988088078,15.436626605932595,3.526942679810589,19.786466509776755
180,-108.10146091348372,1.318258220167531,111.48168421972498,-13.093901358790294,-25.84516691558596,27.84768480579843,18.015758261201817,-56.265286722167524,-58.91271786272913,-63.760253391442134,-33.65293306463072,-50.80374578863251,-112.05636347073839,-14.559950086203816,18.743503858716277,-4.271636016491699,-36.866751974841264
181,28.51444565741552,87.85391887943467,96.95147777783286,-25.039381861466325,-10.349895740674528,77.93383768553905,25.089784224161203,-0.5277555941119068,-61.420532399657745,-19.469524821955822,17.242165849292903,-11.172480732787045,-59.90510994069998,11.494099807272192,28.17211378126425,-29.099490973546022,-16.009761772399653
182,-55.80699712246801,35.119391945317176,-83.74645353208972,-3.4688686603435617,-9.871382463053443,19.683912275815477,17.50012934526932,12.49862639965429,-43.747179701206726,-52.464417587064816,-24.023612864231072,-20.190437158696042,-26.937605812470366,-2.5784183764456476,17.108103633652178,-3.0995058259617965,-31.465380662481756
183,-94.6329606271057,83.96133714700647,-101.50767568706173,-8.788918910666345,-23.367898306759855,35.46564825779605,16.191061543086708,11.024282119824829,-34.64521541845691,-33.97609781237742,-16.457620872280547,-24.1595032641254,-27.993077329780892,1.7694960410780523,17.969872730215386,2.619708284542754,13.509967095704791
184,-119.25529489432911,189.7511517214252,123.1044369982155,8.802399497047503,-29.729314755184028,35.046296316661646,7.680851231976301,39.440614741752626,-89.06257203703139,-44.88213234442614,-28.474063903721408,-31.692438378200688,-34.00765309296408,4.0518645186419295,-6.134544489563213,9.353691976560109,-15.99742068199247
185,-132.42615887577531,-15.851374500664061,105.01183601086815,8.987783453781873,-26.210691639953144,27.64778055633552,20.028431289580116,47.35200477718226,18.587421865605698,-17.987551779433787,-39.97740216718811,-17.123454795681493,13.532746346213806,3.4309018291364235,38.852984554209606,13.825738641181433,-7.858407630965759
186,56.90416154897455,88.97411323571185,94.93971283388014,-21.994041021780365,-13.730352280522132,42.62090149100613,24.5775138316454,0.4879065739629432,-59.466005737451695,-28.155816418287912,1.15733218234518,-9.143326072238398,-55.35695818263296,9.92395538715502,25.58632026053705,-23.496969766869263,-13.998995931202954
187,65.99523767388486,28.315347618215917,41.54261972776322,8.629828705078046,-31.69721831978407,38.507564914264485,-2.1023713753468827,55.17111303871532,28.351171353955436,-11.797117991070298,-8.146855970361946,-35.653889925274626,15.289967231559453,-19.293364818961415,-2.604678224789919,30.50797625362017,-26.738360768034855
188,-112.07986629020697,73.32990348246881,-62.41558963110048,-8.140203264634728,-26.967820601526153,38.272761906852196,16.437465445778262,17.345076240432988,-20.21230768245638,-25.67627648947612,-20.010308637901364,-27.075014689545412,-20.795086787276112,4.036131189806698,22.61541628722383,5.98704019024647,18.70646483160297
189,-102.3194271361076,82.93744231687735,95.91726873412354,-192.8473724103209,-25.258574250981624,35.627271877180846,33.2712768039101,14.882622880159666,-25.703594183478227,-36.80676820836717,-15.820553564912771,-48.24158826839885,-23.482085789353377,13.154903924593913,32.061193326377804,-21.51976396036627,0.4827144724643339
190,14.611355936950414,86.33582139064417,110.42854602517454,-32.825551247754696,-14.384393904568388,50.97379358693073,28.398434348796883,-15.932247732201226,-69.31876332455715,-27.016033951389186,14.296913918025906,-21.615642178097247,-81.97206112930289,10.756197477423942,28.662329186721937,-32.411126273101864,-22.76128863800716
191,-98.49153164343629,116.82826801678583,98.54413361983357,-190.98215180304817,-25.678756785739825,35.356696286438094,31.062561908295656,14.376732170372579,-47.26088692154691,-42.65317967621366,-13.972779688549332,-47.939273591341745,-30.77420116919216,12.632181548390031,23.884338536577687,-22.27436608143732,-1.325810054846688
192,-122.37863128229051,233.58649613760542,97.57717777448754,-20.342749974492754,-21.394081789258674,32.5797589455404,32.28971636573046,9.200486286656737,18.643509088930557,-42.01024242168428,-10.889307172956308,-30.501797651222653,-50.668660325638086,-13.364198461829039,23.020045329091545,8.291701618470807,-16.55506225952841
193,-120.84272359671719,231.9267319094278,96.0674480600628,-16.48055604151178,-20.99186244802993,31.986757069057354,31.685070504725285,9.069519661609984,19.2166254948709,-41.32307779475659,-10.721954436422038,-29.659426399726353,-50.171270089449976,-13.594673320739101,22.50759098578189,8.771142709121788,-16.586368008058322
194,-96.5708834726742,36.72846601318131,81.79239938987696,39.6773935292196,-19.86997739406248,5.593829752078928,30.555031037053332,48.3898466190866,-44.77232230657794,-54.25139025344858,-28.742705296565358,49.86346942636146,11.30705814325111,-22.792547385192343,31.046351177317348,13.274177175263127,-22.738252870527646
195,15.802260086779992,85.08339255512419,109.473657400207,-29.005696343969703,-14.01520692162882,53.62919603620644,27.750982093022255,-15.914909356938121,-69.04777474366699,-26.710604958741396,14.26065478912989,-20.983244906472034,-81.6647873311703,10.393243339465448,28.341879211863787,-31.80804621956646,-22.762930569708605
196,-118.45208032488263,153.70223189917945,128.79715409377954,7.940200159299412,-30.721439645781096,32.24585295642226,4.545122975630991,25.84422756469901,-105.91123944727053,-49.40322414781822,-32.944925438595064,-39.421123605767754,-49.14059913151478,4.6236391054587545,-8.006383246325226,6.630271204140007,-19.810833993286728
197,-20.932907361723654,62.9710939173788,60.70633802905564,15.452922470418274,-18.37980634145841,19.468248779529283,11.101480597158996,-30.88011276821755,-25.860596025620662,7.6107856456088125,172.56738616103306,33.684608270761366,-16.176573613059556,24.48219849035516,26.388864961288697,-16.932535137109046,16.24139141332259
198,-115.48063515340006,147.43224197549236,122.7440778409912,21.31787608076909,-29.670976415536057,26.738001308103197,6.501838095873411,49.34698249150378,-106.4447905085682,-47.39254039943245,-33.44879320947809,-16.181882655709533,-20.59598341447638,3.231434901295312,-5.1302653139966505,10.420532736993195,-16.977390852378416
199,-137.8853785821181,-10.447467753421112,112.3136107815986,-4.554189762033447,-27.60253076165213,33.6486479599386,18.595939592871726,24.58649783444717,15.415839316978236,-19.757910778966565,-39.9760229898992,-40.69761497266511,-14.702636889912418,5.029585693243855,36.45624507998258,10.337961205858456,-10.87150151234521
200,33.95055214669189,90.95523508844278,99.55031648955666,-24.007828935353807,-4.4340705663549524,41.668462106099554,30.60837931316613,-0.19723607626545467,-63.763770032072905,14.433046172363952,18.87628504570424,-8.180831313817333,-60.56711814710894,12.789225315661124,25.659712482014424,-28.946330256307046,-16.407439134881557
201,-98.28518399986217,112.84510257229095,98.9887295241344,-191.0367299748455,-25.805839837808414,35.36890654643147,30.69139188376854,13.021923441936607,-49.01836848341117,-43.06318514197769,-14.418416851754994,-48.67872725767783,-32.198885838799086,12.71788690728691,23.64614304457051,-22.555145335779653,-1.7029392461732262
202,-97.01569679545302,87.60547126572087,96.29165489558034,-197.86450729096003,-24.913594885749806,35.578632985977144,33.36534594136132,-6.745721672361677,-37.75447239237912,-45.9267222746156,-14.013607659579858,-54.863646217926345,-49.06627718044455,9.073904550890205,28.65909237112027,-25.212799832134298,-5.303682279339255
203,-134.29057327480874,-14.969767388801317,102.78683511931995,8.664096339311293,-26.536545725741284,28.23210614453452,20.499337644364626,47.52700617143797,13.874545291218231,-18.049646450234423,-40.05326864295767,-17.31930350400861,13.21653645998726,3.5447230727105326,38.9731909998416,13.967604883378586,-7.56181381897155
204,-121.45036146718222,232.65369624735104,96.90683702015365,-16.491715458058092,-21.298652397709112,32.24325647910727,31.65502962154568,9.044437699318989,18.727072631412,-41.503793580661295,-11.069096754886646,-30.060220199747867,-50.28754662832171,-13.70027103470148,17.62766091049401,8.75640779155014,-16.583149764795312
205,-137.8853785821181,-10.447467753421112,112.3136107815986,-4.554189762033447,-27.60253076165213,33.6486479599386,18.595939592871726,24.58649783444717,15.415839316978236,-19.757910778966565,-39.9760229898992,-40.69761497266511,-14.702636889912418,5.029585693243855,36.45624507998258,10.337961205858456,-10.87150151234521
206,-121.10537826333862,231.93624575135328,96.22121558153465,-16.43177942083549,-21.143888379850626,31.94242046543083,31.5119485221141,9.411000813542934,19.081430804398334,-41.70833307781266,-10.645632995555697,-30.043390924649415,-50.04288772335176,-8.264218444151563,22.61940865903043,9.079395443176043,-16.806374852501317
207,-122.57266478219698,233.37312764552948,94.42391748271758,-16.635933444039154,-21.432338701110915,32.632469077934616,31.94101117001117,9.264884086978954,18.69917235865537,-41.78928561142494,-10.98193336173813,-30.079406507719135,-50.606829886966175,-13.537743255351847,22.816816370799238,8.842098983897609,-16.19017409172318
208,29.05069510735856,88.2146331973802,97.05590077165117,-25.477729611830853,-10.335757728358104,77.92797545542263,25.039046295122958,-2.614846383780295,-62.89643252202593,-20.389785349173057,17.378705003215934,-11.839388168107558,-62.42307678665726,11.130153175766509,27.760336598192353,-29.467488148650084,-16.586335644467738
209,10.78476912309336,81.06891398301141,107.87458637256687,-24.579879811128407,-14.123554686503875,50.43941401161191,28.301167778174154,4.807693539435912,-53.98664569493486,-17.126264052289223,13.09887511532987,-14.104196573395829,-56.29500243354187,14.165188933570725,32.26764667413125,-28.251713431410202,-17.026855665856203
210,-98.87282558761999,123.45396026617469,92.29029175687293,-197.37330374478404,-23.76984741713253,35.46874064603681,36.70587616210537,5.447556883562056,-21.937138335600782,-42.236673082739344,-10.00287319072889,-48.208563220901574,-36.24411515398217,8.302556320818288,30.802851799184882,-22.68578654305327,-1.9095195574004102
211,-71.91757859816677,102.77066434210191,95.53630902428628,-197.8051573530629,-22.597458410191486,39.08096656445315,35.236784548798944,6.757746232610741,-42.38151717704866,-38.25576860915973,-4.953380581223287,-44.35402033830111,-37.017172511339396,14.194118607918833,30.49888242034819,-29.9448219961587,-1.957403165748388
212,-116.60190728165499,-8.869604577244873,97.57310600850825,1.5958995250501213,-24.230055744131526,28.373556262286677,12.904456114921953,38.16708382621626,66.15836152577307,-12.7744879023694,-35.85802519762398,-25.789497467142418,8.078512388927303,6.632807490793777,35.44612049394879,10.972865072895981,-3.0425736571284694
213,47.66350890281391,89.84942294619812,97.62311908584346,-22.39412770864895,-16.150676150701887,46.265040939608994,25.01345668787006,7.365011478708768,-52.88755043348483,-16.850873488742184,22.127138780237427,-14.512790222816514,-54.83985067011709,9.518543821140135,25.105653649766833,-24.927482921873807,-21.239191612362223
214,-122.32964077029563,231.79354065904343,97.36271496969911,-15.615500739988509,-21.314554064997292,31.98270460106032,32.17130503129555,10.017087173681762,18.20581823856935,-42.25708385029527,-11.264185471015098,-28.55420574353056,-49.75422101171592,-13.993217089944253,23.03446482432328,9.005024025335741,-16.97959267023994
215,-117.1640576458278,219.4692285969846,87.48730844697195,-57.70235667856929,-19.926299325293833,32.92700388602499,37.733732441637585,2.677061417319963,31.89497796049591,-41.62154794942091,-7.267023147197571,-33.015430406207145,-50.68632218386387,-12.781695264768542,30.044529151057045,2.2973694414054275,-14.284638074988846
216,-109.43319168227927,2.2212562161618963,110.11892428871872,-4.567041657154287,-25.393970937089335,36.74696949530591,20.4072873498336,38.38145307301986,13.352783679873841,-11.488778517535495,-30.491213021455682,-30.325571323749635,-1.8105824533361758,9.649082627471147,38.42688871296234,6.034367865434672,-7.806620505592091
217,-112.01225859159028,32.635268434300045,119.59251018474029,-18.34440932985517,-27.6687066684266,32.59321760072893,13.612803804939722,-57.72334924811676,-69.66825985464371,-62.757357138496744,-33.546043631298254,-65.52688906033481,-120.98845449206253,-9.70794914510027,11.124690223964315,-5.033938691781097,-35.83605223656688
218,-19.198470479589194,63.04898885876993,60.87199601640133,15.676959882620462,-18.972726870594133,16.342178686553783,11.112437543143262,-29.954164825139163,-24.930730800043538,7.834005211472163,172.6496018244357,33.22347922066958,-15.642384082742453,24.255430196603687,26.106859007549783,-16.47032494631832,15.671492203907338
219,-113.07761836193157,46.35901681941495,113.75864520623124,-25.292138185292774,-25.828398867212726,33.22345044422324,19.16929495839688,-65.46251770877514,-43.51247419756989,-61.75353368811145,-29.13424802779366,-66.69546647900751,-125.94960956018919,-13.58326641236231,17.53366997099805,-5.241040885194155,-35.90824517136148
220,-108.59136603343255,19.247813005787506,113.62631226760924,-60.3663937038328,-26.64044415819977,33.81822825059921,19.19987160555091,-64.43129559241778,-54.53580935911706,-61.29183910533225,-29.904150084042808,-70.27966486555343,-121.20075660996001,-8.269763805051694,18.59930890639893,-11.40486008514103,-32.62144786772597
221,26.478412042324745,92.93316595932778,99.85536955024847,-20.5270670855759,-13.295303931951619,46.91285802582375,26.75145555087149,-8.101819025012965,-61.15305876267153,-13.425495703502392,53.0404370413675,-1.953437091103055,-58.87148018980058,17.236046929154373,30.472038130535648,-32.52107786365194,-12.411283760086516
222,-91.92267757968054,81.60077958708855,-101.20559874756293,-8.900927826373346,-23.243007787065853,35.82909021663308,16.067180222086723,10.944076516302353,-36.59458915731002,-33.610742791003474,-15.95307989104029,-23.8432927021312,-28.25330382562914,2.3230694998131085,17.987223330677143,1.8644204017252406,13.465400012625064
223,-136.4705898221769,-13.728204149407727,108.744575086485,-4.235291748069411,-27.38375959656051,33.38600908514278,18.2508671071137,24.686700483618772,13.690967103882116,-20.077637849803494,-40.20293053046581,-40.47861006113868,-14.32915376781254,5.252574168773555,36.16527241534645,10.088445936049812,-11.191706605193477
224,-135.17509553469296,-12.808025313339037,112.6156877210974,-4.666198677740447,-27.477640241958124,34.01208991877562,18.47205827187174,24.506292230924693,13.466465578125126,-19.39255575759262,-39.471482008658946,-40.38140441067091,-14.962863385760665,5.583159151978911,36.47359568044433,9.582673323040941,-10.916068595424933
225,-13.695653363838316,-12.924036821907437,3.369706856942167,-8.924592177026415,-13.292992226811693,-12.960557346484348,-20.124117082465826,91.12031762935219,-9.30082508044085,-79.96562929194272,157.5138692970739,-87.26138557601767,17.424275906512563,-61.002869987144436,-11.610669946562897,62.950480462364084,-60.8127999630621
226,-25.315341075356624,22.89399965229121,30.39580215674711,-2.8039693089993403,-4.401904200744405,196.92303061044504,-1.7363049185475647,8.395915792165463,-15.330857989832639,-21.63032698887657,-11.55683684970263,-12.254519136703285,-9.642709427978975,-6.984048275608235,9.501243235445841,6.914154792581187,-1.087101464779228
227,-107.48757261030855,113.38392653283435,-66.765557117379,-11.643165558726174,-22.143552414524702,37.456404759661304,19.06350130814,9.977985547878868,-17.912121147180425,-30.542972282192636,-14.020010172567714,-26.074555215554163,-31.005045390089357,-0.1261440940760117,20.567235694343474,5.01757936964777,16.986862117576894
228,-113.07761836193157,46.35901681941495,113.75864520623124,-25.292138185292774,-25.828398867212726,33.22345044422324,19.16929495839688,-65.46251770877514,-43.51247419756989,-61.75353368811145,-29.13424802779366,-66.69546647900751,-125.94960956018919,-13.58326641236231,17.53366997099805,-5.241040885194155,-35.90824517136148
229,-98.28518399986217,112.84510257229095,98.9887295241344,-191.0367299748455,-25.805839837808414,35.36890654643147,30.69139188376854,13.021923441936607,-49.01836848341117,-43.06318514197769,-14.418416851754994,-48.67872725767783,-32.198885838799086,12.71788690728691,23.64614304457051,-22.555145335779653,-1.7029392461732262
230,-116.43540058439666,3.9811049643994894,116.49053053433038,-22.08809977661466,-27.03701026899523,33.41415875528172,16.566422431341863,-58.8971337522884,-43.62016557774951,-56.56833186765564,-34.514456832977984,-67.37391238548561,-115.42131072820393,-9.528279566983528,19.985157757106673,-4.381925798304216,-33.934456395068715
231,-98.28518399986217,112.84510257229095,98.9887295241344,-191.0367299748455,-25.805839837808414,35.36890654643147,30.69139188376854,13.021923441936607,-49.01836848341117,-43.06318514197769,-14.418416851754994,-48.67872725767783,-32.198885838799086,12.71788690728691,23.64614304457051,-22.555145335779653,-1.7029392461732262
232,-49.573395764199695,52.596294828386185,-118.48344762699294,-5.062766861592879,-9.716164406395404,20.597010604965355,16.966958657774132,6.876160501514677,-53.82460934583004,-55.488611783601186,-19.757391685985443,-18.799731972713122,-33.192029483857674,-3.5050025401444485,13.516383508956627,-4.705684379292326,-26.702935137828295
233,-115.3711559471811,-0.20948123163972618,115.01646342340428,-21.801704638971835,-27.20808850858737,33.155686416708164,15.182954660864223,-58.47669319355082,-44.44843616595324,-52.930153284076326,-34.418956991676644,-67.73993171987158,-114.21707545736129,-9.723758476781999,19.49135202726044,-4.286387952713019,-33.603837282648136
234,54.90611744758734,89.25073171591164,92.14017398362623,-22.23659855179217,-13.20040522236739,42.77225806927953,24.89398062419681,-0.4608147663031835,-61.04674408333191,-28.991070879176203,0.9473961177942214,-8.739722526324597,-56.23094775952247,10.20612792683919,25.880164887610515,-24.187977981005897,-14.05846094833619
235,74.49705648483332,41.12168996055228,55.84952927076847,3.7012228975045636,-33.70761953000043,15.569778049417792,3.642297462587469,51.809816765411675,18.61181459923331,-12.15069494344291,-2.6596366529937794,-36.48304652428833,3.226786310019325,-15.647830677329384,0.8535613739493728,23.02584684507724,-30.932247444032622
236,34.31778233615962,84.08185950506363,89.57289805111589,-24.620003987103964,-9.563574099035998,44.89539225198916,25.20859043782012,-2.7684166123933847,-58.88954397740288,-15.488380082142118,19.964885546736426,-8.513690307485097,-58.19382812976721,12.669304115999378,25.583672699262213,-30.567454732498938,-16.226349304554166
237,-108.72208406774187,115.70781533748428,-65.14747495919963,-11.344241673312844,-25.759209199743655,38.08205359579372,19.04033797283328,10.779692283946256,-20.104616302276753,-30.861478309931933,-14.63009983271704,-26.396568783067305,-31.323385619261362,-0.018855655572082495,20.16392850111521,5.127925103356531,16.7326760553102
238,-134.52526744549087,-13.434463684056208,106.59020539505389,9.073373957862882,-26.61444570908967,28.112740411549208,20.271638380769332,48.11440735585697,12.455746680395588,-18.34013329795782,-40.33926880975615,-17.432844195268952,13.153219582293943,3.6292625573247106,38.443110445784995,14.05406893867727,-8.216845021055727
239,-108.20270006828784,22.530806998839516,113.95598313385287,-60.11650590540614,-26.70282233588235,33.790172350528884,18.918855273206095,-64.40614099781273,-56.96235093440203,-61.88474537270928,-29.763528133016724,-70.25413503821548,-121.88951585479207,-8.277882736807397,17.71005633987277,-11.4790138851754,-32.8002345173448
240,34.072065290423986,91.05927326649444,96.92951917589629,-24.023664412970298,-7.627356944414693,42.04145547739668,30.841591919935066,-0.0527633468639176,-64.9730143854843,13.877464279711562,18.48084221109091,-8.23682356612642,-60.916498185699375,12.67796917104789,25.681103499611474,-29.09856391313429,-17.00248832111924
241,-107.37645575631855,151.53076365647934,111.68888551318712,12.894970537513249,-32.245580048588714,60.80882780437004,2.3536480286895736,40.797552334119025,-97.38058443670715,-41.352760629730845,-28.781461086949378,-27.093376248573488,-24.71231032616968,6.520895277449964,-10.693531827232036,8.683871144397495,-15.732057445042509
242,-28.313919469455016,44.436216821854785,29.265312556454933,-54.50078797073217,-14.88408401707352,12.410755575310553,-10.79759670042173,7.302489366125355,-20.73932309329214,-31.397191830317226,15.467099051290115,212.3030216199326,-15.045851394795067,-11.707569137476755,13.03412272989524,2.234358650416581,-0.5038384835467503
243,55.551017573509924,89.11043939638132,95.16277984690039,-22.110019532672634,-12.901177094708084,42.18580449965796,25.144201694265437,-0.3273342031845616,-60.60679008425147,-24.96133886075551,1.1634572774661018,-8.41778641973475,-55.92030663202495,10.291776968771346,25.665680621680774,-23.92541393256178,-13.476404399300675
244,61.62922429587754,33.306877570226774,13.560280521335857,8.289250124454524,-32.76742928267489,9.406141776120746,1.427806675295799,55.13874349220687,21.324987014709073,-18.38367475798805,-9.684038907160907,-36.64912507504726,11.456406968319127,-18.68239229424714,-2.1770661064271,28.29095229493697,-32.63580911718465
245,-108.72208406774187,115.70781533748428,-65.14747495919963,-11.344241673312844,-25.759209199743655,38.08205359579372,19.04033797283328,10.779692283946256,-20.104616302276753,-30.861478309931933,-14.63009983271704,-26.396568783067305,-31.323385619261362,-0.018855655572082495,20.16392850111521,5.127925103356531,16.7326760553102
246,-112.06124910358517,34.42822391286204,119.80697298952872,-23.071658564359424,-27.74823439268798,33.190271945209,13.731215139374632,-58.53995013514179,-69.2305690042825,-62.51051570988575,-33.171165333239465,-67.47448096802688,-121.90289380598469,-9.078930516985059,11.11027072873258,-5.747261098646031,-35.411521825855345
247,-92.98029052459668,76.088232752063,-83.15083236982777,-9.70683149591179,-24.293657203535865,33.54080717180217,12.962243261333061,6.724064099322031,-24.855708108191706,-16.975583688236817,-17.350599265150425,-20.12471207163335,-26.536116449734706,1.5001793694404644,15.885669249922849,8.036992709467286,45.90296651158879
248,-114.95230078230453,-0.4349217908805476,114.90753922925116,-21.93071798168921,-26.85496607082342,32.59308874839688,15.53978963493515,-57.302233232797995,-44.69780480954174,-57.46527196234571,-31.302181241401,-68.51267373055545,-114.23625469251958,-10.385134384414163,19.268181885641837,-3.3796544134369713,-34.770495645162434
249,16.14726362252374,84.67605716246656,108.9188163107498,-28.96335731477371,-13.982174563339646,50.38079171044768,27.793788487791687,-16.063214357247976,-68.74564691861681,-26.328869324461493,14.464266654560175,-20.773270926600947,-81.47467089311478,10.52572261851388,28.149874843412277,-31.931685182450867,-22.792594386537075
250,-123.814574824313,150.09508871972432,127.75292415559659,12.323677662944714,-30.862819768945325,32.30447525758648,5.052502266013458,46.715135461382914,-91.1522382235886,-40.20061887564595,-34.31031697782535,-32.75204925256263,-23.960930671941913,8.2631054205156,-3.8886114156062477,10.310242955180676,-14.045095272605852
251,-122.3997860643718,146.8143523237377,124.18388846048299,12.642575676908749,-30.644048603853705,32.04183638279066,4.707429780255433,46.815338110554514,-92.8771104366847,-40.520345946482884,-34.53722451839196,-32.5330443410362,-23.587447549842036,8.486093896045299,-4.179584080242373,10.060727685372033,-14.36530036545412
252,-93.0199146762767,80.32767828776954,-103.27504434150018,-8.600189113083575,-23.227580924907333,35.00871802538986,15.555150438702201,10.62123476082291,-35.3629787565769,-32.64679897694561,-16.715608620421275,-23.529764610248215,-27.58322633731143,1.9205876504037365,17.453121548443537,2.9031996651503924,16.409117476370763
253,-126.5464351195279,199.15621174464798,94.70533122359002,-19.413769358545323,-20.809940717634504,32.81585601560647,34.75375363317057,7.488493941074159,42.49643095359925,-36.4780640452182,-12.678235835900495,-31.140682735017414,-45.61176191746426,-13.72784215293063,31.656736865458456,9.376257664470284,-15.45512602006831
254,30.460353465197233,88.10346058652551,95.37342294546052,-25.065316563042973,-6.640107358060432,77.3866833543141,24.72919789245997,-1.016405165271022,-62.57809913673186,-19.26526034521769,17.492798760872947,-10.84669330723189,-60.04635439209689,11.138465455744944,27.582388410458357,-29.177831779752225,-16.103034947063083
255,-118.492157245686,189.49130113389296,122.86119912910873,8.865739038242385,-29.13583213073346,31.587420670636064,7.627133391377887,39.366985895108215,-89.10829509637078,-44.62912603171002,-28.38412908052646,-31.5400825468314,-33.99035282871765,4.066649025135386,-6.119244032675618,9.293707538216234,-15.760046763149587
256,-122.37863128229051,233.58649613760542,97.57717777448754,-20.342749974492754,-21.394081789258674,32.5797589455404,32.28971636573046,9.200486286656737,18.643509088930557,-42.01024242168428,-10.889307172956308,-30.501797651222653,-50.668660325638086,-13.364198461829039,23.020045329091545,8.291701618470807,-16.55506225952841
257,-107.65672429740059,101.98406695236937,-59.313609980690565,-4.39651281787524,-27.599517000957526,37.45182075229941,13.483846819376122,18.518860744604616,-46.26040195935052,-31.865301760317223,-19.041895436221626,-25.227991364394644,-26.362230551134715,3.8564616116899564,13.754948754081472,5.3350272967695895,16.804868990104804
258,-109.24711294122496,212.70992508429214,55.83849304005412,-19.374249455785755,-17.28653461286721,29.986548696596422,34.277071327172465,3.279945204739426,27.112881764681934,-44.45053110827931,-9.121465273176618,-27.53273404693895,-50.980544858843786,-15.638649601909295,26.533717924995756,6.302769133836263,-20.253836533517227
259,-42.57115971605392,35.33517978874858,31.73811169963108,-2.2482062464944375,186.81430407607556,-4.459493271244042,2.003357286503461,2.5007396022597095,4.1887291457056515,-22.31532392722383,-1.741059220661169,-13.44051302503158,-9.051840795792408,-0.2161269613064937,9.663823662286514,4.022612328407896,-2.247865874782632
260,-108.2443658851584,112.5929246462531,-66.01204774795204,-10.733086587813784,-25.563524580281648,37.55165485190474,19.498331097712978,10.944494186230065,-19.179171811540133,-31.03878970107887,-14.626351775195527,-24.757827327618386,-30.407459866317797,-0.5588689747786655,20.911657508695853,5.204386089495978,16.59828867887762
261,-111.87351864663285,69.34673803797394,-61.970993726799655,-8.194781436432063,-27.094903653594738,38.28497216684557,16.066295421251144,15.990267511997017,-21.969789244320637,-26.086281955240146,-20.455945801107028,-27.8144683558815,-22.219771456883045,4.121836548703578,22.377220795216655,5.706260935904132,18.329335640276426
262,-96.95693263667724,86.5445854963325,96.96149867230649,-197.2308499139662,-25.117194127817395,35.56864957601661,32.76389751352763,-5.9882850165242205,-40.462595407160165,-46.00937348053944,-14.455162025682467,-54.91066262160397,-48.66175424892624,9.515437609537068,27.943421495658832,-25.199735711406934,-5.283024248216536
263,-122.32964077029563,231.79354065904343,97.36271496969911,-15.615500739988509,-21.314554064997292,31.98270460106032,32.17130503129555,10.017087173681762,18.20581823856935,-42.25708385029527,-11.264185471015098,-28.55420574353056,-49.75422101171592,-13.993217089944253,23.03446482432328,9.005024025335741,-16.97959267023994
264,-96.95693263667724,86.5445854963325,96.96149867230649,-197.2308499139662,-25.117194127817395,35.56864957601661,32.76389751352763,-5.9882850165242205,-40.462595407160165,-46.00937348053944,-14.455162025682467,-54.91066262160397,-48.66175424892624,9.515437609537068,27.943421495658832,-25.199735711406934,-5.283024248216536
265,-98.49153164343629,116.82826801678583,98.54413361983357,-190.98215180304817,-25.678756785739825,35.356696286438094,31.062561908295656,14.376732170372579,-47.26088692154691,-42.65317967621366,-13.972779688549332,-47.939273591341745,-30.77420116919216,12.632181548390031,23.884338536577687,-22.27436608143732,-1.325810054846688
266,50.33181038670915,89.3748651852111,97.24252038974085,-22.558593698810263,-16.177185502691128,45.879052080445135,24.83017323422951,8.192319845785825,-52.732589888190866,-18.324432793080554,16.882307810223892,-15.22057388059287,-54.50381752166423,8.838218272395904,24.692921761044406,-24.060499614552167,-21.351944353828205
267,-118.5200822469932,221.68907922358287,91.72618791881169,-57.38759731553947,-20.348669732453043,33.17965935086028,37.47735649956192,3.3342954239858162,30.911727158810997,-41.38447208450781,-7.48166997273357,-33.281451721411194,-50.65528237444544,-12.56315068165138,29.619830940231733,2.55994883194143,-13.943774951017861
268,-50.05464137308332,66.14568829383217,63.53709998147613,1.949331179654608,-20.592510213900006,17.99524327892944,-1.3014651304687177,6.548973849534691,-43.854581065217566,-16.656694166596548,-22.85783405905436,-25.373896622026944,-10.81511669664546,-3.871383586586502,-246.2296980997211,0.8165863631822639,-2.450690001320244
269,25.199491477510108,90.71938563277268,96.92506527917281,-25.50457601376211,20.96737134242946,44.450906595430375,25.981157612790373,-4.287307649673077,-57.31272019094271,-20.95431537289856,20.055929337866353,-11.854720686796515,-62.32727686647702,12.796757081225863,27.664813155567327,-30.233131813836692,-16.92948604757583
270,-94.6329606271057,83.96133714700647,-101.50767568706173,-8.788918910666345,-23.367898306759855,35.46564825779605,16.191061543086708,11.024282119824829,-34.64521541845691,-33.97609781237742,-16.457620872280547,-24.1595032641254,-27.993077329780892,1.7694960410780523,17.969872730215386,2.619708284542754,13.509967095704791
271,44.42534264467761,21.09585691920305,55.59116406427863,9.958398474536791,-36.24956694132756,11.563490948302595,1.904504439271751,62.21174069951784,35.26454063062358,-10.551651673957082,-13.518978782058696,-38.03943573627869,19.507006386074153,-16.871230980110898,2.6861259041053827,31.821209242078815,-28.22872995980323
272,-112.07986629020697,73.32990348246881,-62.41558963110048,-8.140203264634728,-26.967820601526153,38.272761906852196,16.437465445778262,17.345076240432988,-20.21230768245638,-25.67627648947612,-20.010308637901364,-27.075014689545412,-20.795086787276112,4.036131189806698,22.61541628722383,5.98704019024647,18.70646483160297
273,-122.32964077029563,231.79354065904343,97.36271496969911,-15.615500739988509,-21.314554064997292,31.98270460106032,32.17130503129555,10.017087173681762,18.20581823856935,-42.25708385029527,-11.264185471015098,-28.55420574353056,-49.75422101171592,-13.993217089944253,23.03446482432328,9.005024025335741,-16.97959267023994
274,-115.15073334703115,151.77612173793273,122.40390493050867,20.934106502201896,-29.52975535115105,26.719928817993406,6.82227019136228,48.61470043027136,-106.16320906907214,-47.90279546088564,-32.8666168923494,-16.10933642469396,-21.689265590826736,2.7817829108927477,-5.303847005061369,10.333314816231464,-17.17683553311996
275,-98.87282558761999,123.45396026617469,92.29029175687293,-197.37330374478404,-23.76984741713253,35.46874064603681,36.70587616210537,5.447556883562056,-21.937138335600782,-42.236673082739344,-10.00287319072889,-48.208563220901574,-36.24411515398217,8.302556320818288,30.802851799184882,-22.68578654305327,-1.9095195574004102
276,-63.203207107013384,9.826869593377058,31.72810367947334,-2.2934977355171355,-34.626053792611,178.39056161041867,6.182868908450701,12.180535862326549,6.163823571244952,-15.276163888935704,-11.9459098404252,-12.102075806599466,1.4383385606741634,0.35192233521140587,6.421182324095779,5.5279734755159735,-13.085656272608169
278,-134.303988675855,1.061734390274821,76.83446368801123,-1.8766193753444609,-27.46380230846431,34.983810549089725,18.446266874759022,39.75473422946897,18.148037157183765,-13.21414468195671,-36.57065236964362,-32.32162487148287,3.9623814024248967,8.296041303336958,36.999647386467764,11.65646652075108,-0.38788435009060057
279,30.460353465197233,88.10346058652551,95.37342294546052,-25.065316563042973,-6.640107358060432,77.3866833543141,24.72919789245997,-1.016405165271022,-62.57809913673186,-19.26526034521769,17.492798760872947,-10.84669330723189,-60.04635439209689,11.138465455744944,27.582388410458357,-29.177831779752225,-16.103034947063083
280,-105.55118117963848,21.23113520830996,113.58821629662552,-60.862172198107,-26.37433257412076,34.16359771932645,19.396422380039798,-65.24378325717265,-56.203601658474106,-61.43673914541151,-28.817432785673862,-69.89090807254365,-122.55426528215862,-8.165842336719201,18.44307781579597,-12.247365888720275,-32.86545963154724
281,-108.72208406774187,115.70781533748428,-65.14747495919963,-11.344241673312844,-25.759209199743655,38.08205359579372,19.04033797283328,10.779692283946256,-20.104616302276753,-30.861478309931933,-14.63009983271704,-26.396568783067305,-31.323385619261362,-0.018855655572082495,20.16392850111521,5.127925103356531,16.7326760553102
282,-72.30624456331147,99.48767034904988,95.20663815804267,-198.05504515148954,-22.535080232508903,39.10902246452348,35.51780088114376,6.7325916380057045,-39.95497560176368,-37.662862341782706,-5.094002532249371,-44.37955016563906,-36.328413266507354,14.202237539674536,31.38813498687435,-29.870668196124335,-1.7786165161295577
283,26.208275271256948,95.74293285778424,70.27249623826819,-25.608352618129665,-10.838409386099352,48.16863004840824,28.684453705006874,-1.4877716272217358,-67.64768216319253,-26.100128833658427,16.547138154938732,-11.675189543551319,-64.39639258277447,11.59849027619665,28.116918823545,-31.474689127766776,-22.50284871862613
284,-126.21630042174276,198.96360072852332,94.06600630726294,-18.114378724255076,-20.6907722881715,32.26326360176358,34.9814683547437,9.765541227631392,42.47123399141909,-36.328021176524935,-12.670404981275928,-28.809504016910036,-42.86662856339545,-13.912027772387232,31.926990489584842,9.74656202567943,-15.191726174051633
285,-123.814574824313,150.09508871972432,127.75292415559659,12.323677662944714,-30.862819768945325,32.30447525758648,5.052502266013458,46.715135461382914,-91.1522382235886,-40.20061887564595,-34.31031697782535,-32.75204925256263,-23.960930671941913,8.2631054205156,-3.8886114156062477,10.310242955180676,-14.045095272605852
286,-115.15073334703115,151.77612173793273,122.40390493050867,20.934106502201896,-29.52975535115105,26.719928817993406,6.82227019136228,48.61470043027136,-106.16320906907214,-47.90279546088564,-32.8666168923494,-16.10933642469396,-21.689265590826736,2.7817829108927477,-5.303847005061369,10.333314816231464,-17.17683553311996
287,-115.89891824303739,-0.19467149622005073,116.29580152230412,-20.843287314121746,-27.04492489160081,32.873776601432205,16.422967128387874,-57.97489519416714,-45.40284410179394,-56.82829446472641,-34.95226314155908,-65.78218733371432,-114.10086204374205,-9.62675982754325,20.017215889225884,-4.292400691437408,-34.04818574037858
288,52.14586117652437,38.70595105265643,19.55890305973908,7.499444971764203,-35.77165726770216,12.480641745449503,0.8850992252062798,55.64170728930645,26.19791824230182,-12.641839814954771,-8.710526569220008,-37.753951206491564,12.835533636952787,-17.39927137460455,-1.432468059131555,29.981149372534336,-23.07305977296815
289,-112.87864273931847,32.4671651324792,120.12741210724907,-19.20545221378089,-27.802013110206026,33.15167224468823,13.435827012404838,-57.91330574500561,-68.16716277009536,-61.987139479972775,-33.69041363984585,-67.19116034312167,-121.21562100017404,-9.159816894137984,11.266213782909826,-5.036245877886176,-35.522878210515465
290,-138.8247310887421,14.599552537024309,114.37136049382556,3.572978188371343,-28.375607284247728,32.88632910655004,16.14970025685206,46.6311902353027,4.126746263766025,-16.744330777635394,-40.37300132744977,-32.18151729430922,4.909887805801859,8.48938243018396,31.713549377559207,13.36592006342224,-7.007358633162504
291,-137.01427172328016,3.4222919501927453,76.53238674851242,-1.76461045963746,-27.588692828158315,34.620368590252696,18.570148195759007,39.834939832991445,20.097410896036873,-13.579499703330653,-37.07519335088388,-32.63783543347707,4.222607898273145,7.7424678446019,36.98229678600601,12.411754403568592,-0.34331726701087695
292,-122.32964077029563,231.79354065904343,97.36271496969911,-15.615500739988509,-21.314554064997292,31.98270460106032,32.17130503129555,10.017087173681762,18.20581823856935,-42.25708385029527,-11.264185471015098,-28.55420574353056,-49.75422101171592,-13.993217089944253,23.03446482432328,9.005024025335741,-16.97959267023994
293,-97.59776314191603,123.85773150954056,90.64000328931616,-196.9601565217453,-23.556509274399318,35.386421962714905,40.02953959881492,6.711610187711945,-21.087822015413092,-40.65589715116313,-9.169363454035272,-47.00541639385445,-34.26305226746589,8.514885084562684,30.775215980961008,-22.527063004387674,-1.103963998659834
294,-43.06821421213833,62.3614582909329,57.371010154193975,-17.834550367222057,-20.582976192173412,13.029766735470318,11.986162868275368,-33.466907724298,-19.46449951870915,3.7534310310873935,167.3334587724374,27.056662149859818,-8.35539850929871,24.06111029963906,26.098023518573957,-15.195439967948683,19.848883368020772
295,-137.8853785821181,-10.447467753421112,112.3136107815986,-4.554189762033447,-27.60253076165213,33.6486479599386,18.595939592871726,24.58649783444717,15.415839316978236,-19.757910778966565,-39.9760229898992,-40.69761497266511,-14.702636889912418,5.029585693243855,36.45624507998258,10.337961205858456,-10.87150151234521
296,-139.89009085908341,28.3233009221392,108.53749551531651,-3.3747506670662606,-26.535299483033857,33.51656195004435,21.706191410309213,38.89202177464433,30.28253192083981,-15.740507327250098,-35.96120572394518,-33.35009471298188,-0.05126726232479212,4.6140651629219205,38.12252912459293,13.158817870009184,-7.079551567957106
297,-119.22590578862457,217.2315054981736,58.57550284293275,-20.618355896416784,-17.115582065756517,33.08111183867003,34.01346787767554,3.176566691140581,33.66085501115548,-38.85639795417507,-7.797842200402484,-28.735526718862893,-49.71863775855432,-14.405887055383378,27.990848550536914,7.9535767525006875,-10.040707210698892
298,-98.28518399986217,112.84510257229095,98.9887295241344,-191.0367299748455,-25.805839837808414,35.36890654643147,30.69139188376854,13.021923441936607,-49.01836848341117,-43.06318514197769,-14.418416851754994,-48.67872725767783,-32.198885838799086,12.71788690728691,23.64614304457051,-22.555145335779653,-1.7029392461732262
299,30.10460933007904,88.41506401917214,95.36454681479455,-25.10673382025876,-10.48738030637831,80.83831115560234,24.834244330724214,-1.2117377626504222,-61.86509916856516,-19.558742737657237,17.83883206923861,-10.76578593756526,-60.11229277456894,11.3297268190216,27.488415926889747,-29.27108066531102,-16.167085055112327
300,-110.79238187769104,207.68994281712907,79.06126946563214,-19.399053397678518,-22.261302564671322,61.838397046285635,31.968076295494118,2.760917639962431,37.100121811608304,-37.042888942392125,-6.707490839340358,-26.381297520141107,-45.854382655028644,-15.015744335686565,24.3422829382592,7.954204121889988,-16.630571624745844
301,-92.65038871822777,80.4321125145034,-83.49100528031029,-10.090601074478986,-24.152436139150858,33.52273468169238,13.282675356821931,5.991782038089612,-24.57412666869564,-17.485838749690018,-16.76842294802173,-20.052165840617775,-27.629398626085063,1.0505273790378997,15.71208755885813,7.949774788705552,45.70352183084724
302,-137.34889624075885,-14.623244214040652,112.11888176957233,-3.309377299540532,-27.61044538425771,33.108265806089086,18.452484289917738,25.508736392568434,13.633160792933815,-20.017873376037333,-40.413829298480294,-39.105889920893816,-13.382188205450545,4.931105432684134,36.48830321210178,10.427486312725264,-10.985230857655072
303,-129.10006100212956,-16.504840713359453,93.57157653363018,-1.1990348394291759,-28.169565688956272,30.95403223426269,8.101792108839469,40.98418197774662,22.950467491719383,20.31392424870281,-35.010290108034816,-37.7027253194999,10.161877844976294,2.3034483651872284,33.66194720958481,13.820352950851467,-4.17114766620054
304,-108.10146091348372,1.318258220167531,111.48168421972498,-13.093901358790294,-25.84516691558596,27.84768480579843,18.015758261201817,-56.265286722167524,-58.91271786272913,-63.760253391442134,-33.65293306463072,-50.80374578863251,-112.05636347073839,-14.559950086203816,18.743503858716277,-4.271636016491699,-36.866751974841264
305,-98.46830366073105,70.51895938404009,-80.21781693470426,-8.73017809531123,-27.40761341798249,35.52538611012849,5.486676600401784,14.958943276716937,-25.96078060902899,6.113213793238215,-13.815723370729707,-30.08229195426481,-18.59227366600299,-1.965525821801088,16.115123769178986,6.15745735930288,20.21765382913485
306,-26.724999433195297,23.005172263145894,32.078279982937765,-3.21638235778722,-8.09755457104208,197.46432271155356,-1.4264565158845754,6.79747457365619,-15.649191375126717,-22.754851992831924,-11.670930607359644,-13.247213997578951,-12.019431822539351,-6.992360555586671,9.679191423179835,6.624498423683328,-1.5704021621838833
307,-119.97907441926444,189.35810988350858,124.15646603874504,9.730794339765659,-29.45852374770082,31.58336820263903,8.113367917948175,40.31455340717999,-90.11910235267233,-45.563132087248704,-28.92636011511952,-30.434861890635606,-33.5733037509836,3.668105255930236,-5.592370194134225,9.527588854430185,-16.153271425331205
308,-30.45693203803816,38.0729177016291,-103.98273367950408,-3.074657503552144,-4.869541829155202,13.591350570346878,14.149032199918125,6.251996022310454,-47.66446768955336,-49.742484692685785,-16.60754054360689,-13.373972830873724,-26.508347232360965,-3.8599450442684455,10.167509444368125,-5.2788240820553405,-30.008249792981427
310,-118.28538807631108,220.15377551883776,87.92281764307775,-57.796874934091065,-20.27076974910466,33.29902508384559,37.70505576315722,2.746894239566818,32.33052576963364,-41.09398523678441,-7.19566980593509,-33.16791103015085,-50.591965496752124,-12.647690166265557,30.149911494288336,2.4734847766427457,-13.288743748933685
311,-97.01569679545302,87.60547126572087,96.29165489558034,-197.86450729096003,-24.913594885749806,35.578632985977144,33.36534594136132,-6.745721672361677,-37.75447239237912,-45.9267222746156,-14.013607659579858,-54.863646217926345,-49.06627718044455,9.073904550890205,28.65909237112027,-25.212799832134298,-5.303682279339255
312,-102.49114117293274,89.65975489031058,-69.18901650341775,-46.48336875645602,-26.211262261254067,38.39612003726408,19.046274229718154,11.178834988242821,-32.57124223742397,-31.22976585944286,-15.044733112404108,-29.68921602707123,-27.294331723282664,5.067983436865668,20.765013080815244,-1.3726272871607197,19.499823585355887
313,-34.75724205762554,25.738533319832673,16.616801604446046,-1.7245010516320725,-17.430171795010477,57.80662960396717,179.56450550292521,-2.559619184129635,-6.371888525182117,22.2523290126088,13.232116927171893,-2.6631186853363693,-17.536595134351316,-0.25550775362427125,11.271572595745804,1.6939980079782027,5.049584031705046
314,-56.76658437401983,73.29686090139732,41.95709122014061,-6.080455232424115,151.64700713021404,0.30497886401548424,8.785300156713935,-0.718350908261289,20.516462658445654,-28.703824644745364,2.1203539269399116,-15.439404171174269,-18.07334137011734,-1.2977729000610752,14.046115628737498,3.776420852778167,-3.0507436498147635
315,-134.86758908064135,1.5728114264572668,108.50958557051281,-38.88735393597081,-27.333206761704478,34.1054775263039,21.686030128424996,37.83615310133332,17.78329663692445,-16.199073271688132,-36.5945686262713,-37.60120053484832,2.1796188419470988,9.563621138726852,38.77639087692191,6.6270014949582325,-4.369328136389686
316,-31.480805771131877,49.75070506795836,46.91245244109204,-7.6348797222611,152.45405228072372,4.487938398231594,7.805006751711234,-2.84988671797149,0.03711497579316078,-26.13432335523789,6.615701850124833,-13.503256613143854,-23.00369060493456,4.023603537540936,14.476241847770064,-3.912881020392159,-4.153038988810288
317,-117.83364539158653,-9.569555629054246,98.58766665196835,2.717073147561262,-24.338066592882488,28.236730554413146,13.717629344959917,39.00716444855562,65.44349811586713,-13.2185155923951,-36.7543349017694,-29.087623298434654,8.705155445000475,6.505775148301089,35.812290461805226,11.082617088463865,-3.4229847322628397
318,-102.82383795492075,1.170160865970776,98.6883032307266,-22.678074607291165,-27.476803085451564,30.666782958558013,5.615633585965384,-61.283266716004434,-49.36863850432213,-24.77884158494131,-28.31987156580633,-70.38118965020499,-113.2184976069308,-15.529936578591315,13.484865239061822,-4.211508629247806,-32.423267397536826
319,-122.32964077029563,231.79354065904343,97.36271496969911,-15.615500739988509,-21.314554064997292,31.98270460106032,32.17130503129555,10.017087173681762,18.20581823856935,-42.25708385029527,-11.264185471015098,-28.55420574353056,-49.75422101171592,-13.993217089944253,23.03446482432328,9.005024025335741,-16.97959267023994
321,-50.16335843724737,40.32687958720965,-83.12708570544544,-11.280204764202868,-9.690361634687592,19.66975190528845,17.33887611089489,-6.911835097497386,-58.09368703670763,-61.27013856193284,-22.275512172317413,-26.47592470148588,-50.28658023189659,-5.773051682843882,13.246165931827848,-7.122495622658252,-36.54318912643443
322,-123.814574824313,150.09508871972432,127.75292415559659,12.323677662944714,-30.862819768945325,32.30447525758648,5.052502266013458,46.715135461382914,-91.1522382235886,-40.20061887564595,-34.31031697782535,-32.75204925256263,-23.960930671941913,8.2631054205156,-3.8886114156062477,10.310242955180676,-14.045095272605852
323,-120.4604172460579,219.5553943028235,60.19358500111212,-20.319432011003453,-20.731238850975465,33.706760674802446,33.99030454236881,3.97827342720797,31.46835985605916,-39.17490398191437,-8.407931860551813,-29.057540286376035,-50.03697798772633,-14.298598616879449,27.58754135730865,8.063922486209453,-10.29489327296559
324,-91.92267757968054,81.60077958708855,-101.20559874756293,-8.900927826373346,-23.243007787065853,35.82909021663308,16.067180222086723,10.944076516302353,-36.59458915731002,-33.610742791003474,-15.95307989104029,-23.8432927021312,-28.25330382562914,2.3230694998131085,17.987223330677143,1.8644204017252406,13.465400012625064
325,-116.37663642562086,2.920219195011117,117.16037431105653,-21.454442399620806,-27.240609511062814,33.404175345321185,15.964974003508168,-58.13969709645094,-46.328288592530555,-56.650983073579475,-34.95601119908059,-67.42092878916324,-115.01678779668562,-9.086746508336667,19.26948688164524,-4.368861677576856,-33.91379836394599
326,26.60914983534878,90.608213021918,95.24258745298216,-25.092162964974232,24.663021712727133,43.90961449432186,25.671309210127383,-2.688866431163803,-56.99438680564864,-19.829790368943197,20.170023095523366,-10.862025825920847,-59.95055447191665,12.805069361204298,27.48686496783333,-29.943475444938834,-16.446185350171174
327,-30.408287811464174,36.32869388536428,41.93870299758898,-0.589670980587521,-15.408747849606335,12.731780520009957,-1.5838791473746052,-1.278682248344975,-24.492063594835844,-9.089747522679117,-17.398043137908633,-20.03868862949569,-5.826349944550334,-5.28607908660083,-244.02114640932857,-0.7576169375627836,0.13768285617009585
328,-122.32964077029563,231.79354065904343,97.36271496969911,-15.615500739988509,-21.314554064997292,31.98270460106032,32.17130503129555,10.017087173681762,18.20581823856935,-42.25708385029527,-11.264185471015098,-28.55420574353056,-49.75422101171592,-13.993217089944253,23.03446482432328,9.005024025335741,-16.97959267023994
329,13.793962301217114,84.37476261026133,110.7489851428949,-28.959344897176155,-14.438172622086434,50.935193886409955,28.10304622182709,-15.305603342065048,-68.25535709037001,-26.492657721476203,13.77766561141952,-21.33232155319202,-81.28478832349224,10.675311100271015,28.818272240899184,-31.700111052341995,-22.87264502266728
330,-137.8853785821181,-10.447467753421112,112.3136107815986,-4.554189762033447,-27.60253076165213,33.6486479599386,18.595939592871726,24.58649783444717,15.415839316978236,-19.757910778966565,-39.9760229898992,-40.69761497266511,-14.702636889912418,5.029585693243855,36.45624507998258,10.337961205858456,-10.87150151234521
331,-121.4513343517137,232.68858072367632,93.98840828661177,-16.541415188517387,-21.08786827730009,32.260447880114015,31.96968784849153,9.195051264732099,18.263624549517647,-42.31684832406143,-11.053286703000612,-29.926925883775425,-50.701186574077916,-13.671748353854833,22.71143402756795,8.665983648660289,-17.186068417778344
332,26.7447576126162,91.5671563971647,70.07776722624193,-24.363540155636752,-10.846324008704933,47.62824789455873,28.540998402052885,-0.5655330691004724,-69.43036068723694,-26.3600914307292,16.109331846357634,-10.083464491780022,-63.07594389831258,11.50001001563693,28.14897695566421,-31.385164020899964,-22.616578063935993
333,-106.6196624814687,152.32176554306062,110.93537614376015,11.984891566600858,-28.825607882831775,60.713577712126614,1.9188182391165973,39.83104369576782,-96.11353377234745,-40.85694321084461,-28.17511948432156,-28.410104136509265,-25.30989584994124,6.953620158152618,-11.03795364158442,8.497064424549283,-15.343484006343232
334,14.18262826636182,87.65775660331335,111.07865600913853,-28.709457098749496,-14.500550799769014,50.907137986339634,27.822029889482277,-15.28044874746001,-70.68189866565498,-27.085563988853238,13.918287562445602,-21.306791725854072,-81.97354756832429,10.667192168515312,27.929019674373027,-31.774264852376362,-23.051431672286107
335,-137.34889624075885,-14.623244214040652,112.11888176957233,-3.309377299540532,-27.61044538425771,33.108265806089086,18.452484289917738,25.508736392568434,13.633160792933815,-20.017873376037333,-40.413829298480294,-39.105889920893816,-13.382188205450545,4.931105432684134,36.48830321210178,10.427486312725264,-10.985230857655072
336,-112.07986629020697,73.32990348246881,-62.41558963110048,-8.140203264634728,-26.967820601526153,38.272761906852196,16.437465445778262,17.345076240432988,-20.21230768245638,-25.67627648947612,-20.010308637901364,-27.075014689545412,-20.795086787276112,4.036131189806698,22.61541628722383,5.98704019024647,18.70646483160297
338,-71.68288442748465,101.23536063735679,91.73293874855234,-198.21443497161448,-22.5195584268431,39.200332297438464,35.46448381239424,6.170345048191743,-40.96271856622601,-37.96528176143634,-4.667380414424809,-44.240479647040765,-36.95385563364608,14.109579123304655,31.02896297440479,-30.031286051457386,-1.3023719636642115
339,-114.41200106945895,-0.061480245835671236,115.0005346126678,-21.70834261564502,-26.72223327463345,32.87782906942924,15.93673260181758,-58.92246270623891,-44.392036845492385,-55.89428840918773,-34.41003210696602,-66.88740798991012,-114.5179111214761,-9.228216058338099,19.49034205068449,-4.526282007651361,-33.65496107819696
340,-136.80792407970608,-0.5608734943021227,76.97698265281325,-1.8191886314347931,-27.7157758802269,34.63257885024607,18.19897817123189,38.480131104555475,18.339929334172613,-13.989505169094683,-37.52083051408954,-33.377289099813154,2.7979232286662117,7.82817320349878,36.74410129399883,12.130975149226256,-0.7204464583374168
341,-123.814574824313,150.09508871972432,127.75292415559659,12.323677662944714,-30.862819768945325,32.30447525758648,5.052502266013458,46.715135461382914,-91.1522382235886,-40.20061887564595,-34.31031697782535,-32.75204925256263,-23.960930671941913,8.2631054205156,-3.8886114156062477,10.310242955180676,-14.045095272605852
342,-122.32964077029563,231.79354065904343,97.36271496969911,-15.615500739988509,-21.314554064997292,31.98270460106032,32.17130503129555,10.017087173681762,18.20581823856935,-42.25708385029527,-11.264185471015098,-28.55420574353056,-49.75422101171592,-13.993217089944253,23.03446482432328,9.005024025335741,-16.97959267023994
343,-122.37863128229051,233.58649613760542,97.57717777448754,-20.342749974492754,-21.394081789258674,32.5797589455404,32.28971636573046,9.200486286656737,18.643509088930557,-42.01024242168428,-10.889307172956308,-30.501797651222653,-50.668660325638086,-13.364198461829039,23.020045329091545,8.291701618470807,-16.55506225952841
344,-115.15073334703115,151.77612173793273,122.40390493050867,20.934106502201896,-29.52975535115105,26.719928817993406,6.82227019136228,48.61470043027136,-106.16320906907214,-47.90279546088564,-32.8666168923494,-16.10933642469396,-21.689265590826736,2.7817829108927477,-5.303847005061369,10.333314816231464,-17.17683553311996
345,119.50766497207125,27.275232705344447,30.960665380340036,13.964267559181149,-24.06593806849167,-7.605568297726238,-3.4392716579631513,21.77660151523746,-0.06017004455025376,-64.56545588453542,-94.88928691220282,-6.712666581872059,15.702075757959777,-15.6616541757517,-0.2694083965462012,38.38443850042797,8.442024413670229
346,-115.48063515340006,147.43224197549236,122.7440778409912,21.31787608076909,-29.670976415536057,26.738001308103197,6.501838095873411,49.34698249150378,-106.4447905085682,-47.39254039943245,-33.44879320947809,-16.181882655709533,-20.59598341447638,3.231434901295312,-5.1302653139966505,10.420532736993195,-16.977390852378416
347,-112.87864273931847,32.4671651324792,120.12741210724907,-19.20545221378089,-27.802013110206026,33.15167224468823,13.435827012404838,-57.91330574500561,-68.16716277009536,-61.987139479972775,-33.69041363984585,-67.19116034312167,-121.21562100017404,-9.159816894137984,11.266213782909826,-5.036245877886176,-35.522878210515465
348,-107.71279494833901,4.60125221321954,111.81135508596861,-12.844013560363637,-25.90754509326854,27.819628905728102,17.734741928857,-56.24013212756248,-61.3392594380141,-64.35315965881917,-33.51231111360464,-50.77821596129456,-112.74512271557045,-14.56806901795952,17.85425129219012,-4.345789816526067,-37.04553862446009
349,-86.36345385282473,19.470447227183676,116.44974373497564,-26.662115140789442,-24.517115492590097,36.88592593266382,18.211498080741837,-66.28972833860493,-60.57967001081602,-57.50707720699501,-24.229460166417198,-63.558890686403444,-127.86311527383961,-8.039412893256044,18.59642854214177,-12.719765913334914,-36.175129352539884
350,-121.45036146718222,232.65369624735104,96.90683702015365,-16.491715458058092,-21.298652397709112,32.24325647910727,31.65502962154568,9.044437699318989,18.727072631412,-41.503793580661295,-11.069096754886646,-30.060220199747867,-50.28754662832171,-13.70027103470148,17.62766091049401,8.75640779155014,-16.583149764795312
351,-51.948907241642885,42.582535513692555,60.54838546017217,20.359684419029435,-21.493745057913294,13.044007113777132,8.425001306086227,-22.457771608290393,-8.936944527460915,12.405656805792685,161.89490015806317,29.154490590573253,-2.150534788903184,23.079920667634774,27.760181475442756,-8.391222009262671,18.702969030255666
352,13.793962301217114,84.37476261026133,110.7489851428949,-28.959344897176155,-14.438172622086434,50.935193886409955,28.10304622182709,-15.305603342065048,-68.25535709037001,-26.492657721476203,13.77766561141952,-21.33232155319202,-81.28478832349224,10.675311100271015,28.818272240899184,-31.700111052341995,-22.87264502266728
353,-98.28518399986217,112.84510257229095,98.9887295241344,-191.0367299748455,-25.805839837808414,35.36890654643147,30.69139188376854,13.021923441936607,-49.01836848341117,-43.06318514197769,-14.418416851754994,-48.67872725767783,-32.198885838799086,12.71788690728691,23.64614304457051,-22.555145335779653,-1.7029392461732262
354,-122.32964077029563,231.79354065904343,97.36271496969911,-15.615500739988509,-21.314554064997292,31.98270460106032,32.17130503129555,10.017087173681762,18.20581823856935,-42.25708385029527,-11.264185471015098,-28.55420574353056,-49.75422101171592,-13.993217089944253,23.03446482432328,9.005024025335741,-16.97959267023994
355,47.603505045070236,89.69601165979971,94.69884904569368,-22.86387930404761,-15.919108802555158,46.39242539087842,25.174713293734712,8.099644424611132,-53.56517091748654,-18.06731129561247,18.41959125988168,-15.492220091162899,-55.28301369177944,8.999753354884618,24.887499888174244,-24.81412225620912,-22.228403640142027
356,-108.10146091348372,1.318258220167531,111.48168421972498,-13.093901358790294,-25.84516691558596,27.84768480579843,18.015758261201817,-56.265286722167524,-58.91271786272913,-63.760253391442134,-33.65293306463072,-50.80374578863251,-112.05636347073839,-14.559950086203816,18.743503858716277,-4.271636016491699,-36.866751974841264
357,-118.5200822469932,221.68907922358287,91.72618791881169,-57.38759731553947,-20.348669732453043,33.17965935086028,37.47735649956192,3.3342954239858162,30.911727158810997,-41.38447208450781,-7.48166997273357,-33.281451721411194,-50.65528237444544,-12.56315068165138,29.619830940231733,2.55994883194143,-13.943774951017861
358,13.90829112589737,114.15870450106374,111.41453290410982,-22.144341368056715,-15.340819087780234,53.61773065693422,25.544722295324423,5.132868332130695,-78.2063383884452,-23.30833303877568,14.415159802395753,-14.00125413138564,-63.199895146108766,14.069215109520247,23.3598205519821,-28.93326699341001,-19.052096080887388
360,-134.37768396069254,-16.3567433591627,106.36495752262856,8.385138409071695,-26.537929519090664,28.13493408150311,20.5019167840759,46.00216197158354,13.406388133312367,-18.66748755779801,-40.3433516068592,-18.12528145792741,11.324011981168704,3.2734348575747267,38.92058582923925,13.760225563607573,-8.614632243504984
361,-96.72361309442094,71.58210275049386,-84.12702554030038,-8.795049659914392,-27.04762118850586,35.24467474522287,5.462036210132629,14.326863864656122,-27.404071382629045,5.2832316609480845,-13.460454594167626,-29.79074081172281,-19.312072720253468,-2.192189336673953,15.650569413478134,5.820724168732509,19.698004055545034
362,-113.73497170255847,148.46050086562082,121.75329796893695,21.302704246625222,-29.521768306468452,26.440098542190842,6.162539478658401,48.56428951402985,-107.4246332002739,-47.40946778832244,-33.10933448480205,-16.023625829139974,-20.902142522970646,2.9762487055757996,-10.67859278677143,10.174223689312672,-16.8941219729852
363,-58.58363624538342,73.35628066713761,43.891683046104006,-6.51479056519109,151.20514708378366,0.8535188098613377,9.043819961711092,-2.0478306827467487,19.53085236432426,-29.7878735689773,1.5702920377222869,-16.665362233085855,-20.401425646452093,-1.512131049809625,14.302735843152504,3.639997807782974,-3.7073681580130544
364,30.86774697872215,88.15521343163991,95.12130894568777,-25.04339427906388,-9.89389768192774,77.37943550957677,24.7805264901258,-1.2853666092948366,-61.910822227904546,-19.305736424941113,17.928766892433558,-10.613430106195972,-60.09499251032251,11.344511325515057,27.503716383777345,-29.331065103654893,-15.929711136269447
365,-126.21630042174276,198.96360072852332,94.06600630726294,-18.114378724255076,-20.6907722881715,32.26326360176358,34.9814683547437,9.765541227631392,42.47123399141909,-36.328021176524935,-12.670404981275928,-28.809504016910036,-42.86662856339545,-13.912027772387232,31.926990489584842,9.74656202567943,-15.191726174051633
366,-115.15073334703115,151.77612173793273,122.40390493050867,20.934106502201896,-29.52975535115105,26.719928817993406,6.82227019136228,48.61470043027136,-106.16320906907214,-47.90279546088564,-32.8666168923494,-16.10933642469396,-21.689265590826736,2.7817829108927477,-5.303847005061369,10.333314816231464,-17.17683553311996
367,-48.71549877055825,52.38887407684184,-120.40211064221987,-4.721793552152717,-9.760159593918958,20.326328006398427,15.954660911823614,8.651409788688218,-52.8953983721695,-51.440427734257845,-19.21625468147844,-18.426297640762993,-30.563109543408117,-3.786186808839799,13.26077327111757,-4.329367279358792,-25.99518683408117
368,9.054827937613565,82.51530971911309,106.23105579522164,-24.735257213655782,-14.564030939584857,51.08512602048918,28.55710844346004,5.003057964804881,-54.50409883115039,-17.592471868957567,12.838896190013779,-14.52417668138861,-56.73056223105806,14.222118998957981,32.5768720591486,-28.180757156634378,-16.63066174952106
369,2.1756382586716123,36.331328651313115,61.36266508449415,21.804153763121093,-21.502633012717617,-9.524410304107674,-32.50053722942019,20.933030993400624,-69.77230990038824,-48.78219047353689,-10.397915143789398,-73.12303741773441,35.71195341041828,-24.553184245645657,72.52762633625284,-0.7032183068444099,167.75086980533263
370,16.99407012426447,103.66120122768659,106.83003489375193,-62.98804310088953,-14.104143747752776,51.35175729271156,31.283290449562664,-0.6759847521378906,-66.5569597838445,-23.116721015810775,17.74537908927917,-17.470923621701196,-63.6666071668578,15.115522255101428,30.487360963319542,-35.204445308934254,-16.172129105004046
371,-108.57450058294356,112.78553566237777,-65.37272283162496,-12.032477222104033,-25.68269300974465,38.104247265747624,19.27061637613985,8.667446899672832,-19.153974849359972,-31.188832569772124,-14.634182629820094,-27.089006045725764,-33.1525932203866,-0.374683355322065,20.641403884569467,4.834081728286833,16.33488883286094
372,-71.76999511336844,99.84838466699541,95.31106115186097,-198.49339290185407,-22.52094222019248,39.103160234407056,35.467062952105515,4.645500848337315,-41.43087572413187,-38.58312286899993,-4.9574633783263415,-45.04645760095957,-38.84638011246464,13.838290908168851,30.976357803802447,-30.2386653712284,-2.355190388197645
373,-117.69146035354454,-15.084250621059203,91.4776966003021,0.16892072660594054,-22.869153302986703,27.626918815627594,15.38105171337588,37.85596662535125,24.50007099044929,-8.243378078179278,-34.37097937171099,-27.951529957973765,9.481605480162926,7.473230699374783,33.395227229410324,11.557835446463242,-4.0257611134905495
374,-86.36345385282473,19.470447227183676,116.44974373497564,-26.662115140789442,-24.517115492590097,36.88592593266382,18.211498080741837,-66.28972833860493,-60.57967001081602,-57.50707720699501,-24.229460166417198,-63.558890686403444,-127.86311527383961,-8.039412893256044,18.59642854214177,-12.719765913334914,-36.175129352539884
375,-112.01225859159028,32.635268434300045,119.59251018474029,-18.34440932985517,-27.6687066684266,32.59321760072893,13.612803804939722,-57.72334924811676,-69.66825985464371,-62.757357138496744,-33.546043631298254,-65.52688906033481,-120.98845449206253,-9.70794914510027,11.124690223964315,-5.033938691781097,-35.83605223656688
377,14.611355936950414,86.33582139064417,110.42854602517454,-32.825551247754696,-14.384393904568388,50.97379358693073,28.398434348796883,-15.932247732201226,-69.31876332455715,-27.016033951389186,14.296913918025906,-21.615642178097247,-81.97206112930289,10.756197477423942,28.662329186721937,-32.411126273101864,-22.76128863800716
378,-118.5200822469932,221.68907922358287,91.72618791881169,-57.38759731553947,-20.348669732453043,33.17965935086028,37.47735649956192,3.3342954239858162,30.911727158810997,-41.38447208450781,-7.48166997273357,-33.281451721411194,-50.65528237444544,-12.56315068165138,29.619830940231733,2.55994883194143,-13.943774951017861
379,-94.30541374802786,85.24491370580294,96.59373183507914,-197.97651620666704,-24.788704366055804,35.94207494481417,33.241464620361334,-6.82592727588415,-39.70384613123224,-45.56136725324166,-13.5090666783396,-54.54743565593214,-49.3265036762928,9.627478009625262,28.67644297158203,-25.968087714951807,-5.348249362418978
380,-126.21630042174276,198.96360072852332,94.06600630726294,-18.114378724255076,-20.6907722881715,32.26326360176358,34.9814683547437,9.765541227631392,42.47123399141909,-36.328021176524935,-12.670404981275928,-28.809504016910036,-42.86662856339545,-13.912027772387232,31.926990489584842,9.74656202567943,-15.191726174051633
381,-112.64889069134298,45.03708160674577,113.10853522226725,-29.408232334297967,-25.7122419720121,33.290106044814344,19.74569941771149,-66.11431669351636,-42.14933885647206,-61.6840036506474,-28.755621672213355,-67.00431693125068,-125.94812312116778,-13.494261103453681,18.26697948334696,-5.877902305919641,-35.61810213708253
382,-135.9500270860646,-0.7682942458464703,75.05831963758632,-1.4782153219946328,-27.759771067750457,34.36189625167914,17.186680425281377,40.25538039172902,19.269140307833155,-9.941321119751342,-36.97969350958253,-33.003854767863025,5.426843169115777,7.546988934803429,36.488491056159766,12.507292249159791,-0.012698154590294589
383,-126.69401860432623,202.07849141975447,94.93057909601535,-18.725533809754136,-20.88645690763351,32.793662345652564,34.523475229864,9.600739325347584,41.545789500682474,-36.150709785378,-12.67415303879744,-30.448245472358956,-43.78255431633902,-13.372014453180649,31.179261482004197,9.670101039539983,-15.057338797619051
384,29.05069510735856,88.2146331973802,97.05590077165117,-25.477729611830853,-10.335757728358104,77.92797545542263,25.039046295122958,-2.614846383780295,-62.89643252202593,-20.389785349173057,17.378705003215934,-11.839388168107558,-62.42307678665726,11.130153175766509,27.760336598192353,-29.467488148650084,-16.586335644467738
385,-71.76999511336844,99.84838466699541,95.31106115186097,-198.49339290185407,-22.52094222019248,39.103160234407056,35.467062952105515,4.645500848337315,-41.43087572413187,-38.58312286899993,-4.9574633783263415,-45.04645760095957,-38.84638011246464,13.838290908168851,30.976357803802447,-30.2386653712284,-2.355190388197645
386,-118.78198213125154,149.3583521367391,129.1373270042621,8.323969737866609,-30.862660710166104,32.263925446532056,4.224690880142122,26.576509625931433,-106.1928208867666,-48.89296908636503,-33.527101755723756,-39.493669836783326,-48.04731695516443,5.073291095861318,-7.832801555260508,6.717489124901736,-19.611389312545185
387,-10.407735750526053,37.16752312525559,45.632038077520335,-7.066312379837845,-3.619733026783761,171.32474275234694,2.835930358377013,6.841899385977877,-26.8958363855016,-22.227624312378424,-6.220357933909617,-12.20063595778748,-21.154605929500995,-4.0950578400072875,14.6972388464802,0.05176035053607812,-1.7806624650715206
388,-115.15073334703115,151.77612173793273,122.40390493050867,20.934106502201896,-29.52975535115105,26.719928817993406,6.82227019136228,48.61470043027136,-106.16320906907214,-47.90279546088564,-32.8666168923494,-16.10933642469396,-21.689265590826736,2.7817829108927477,-5.303847005061369,10.333314816231464,-17.17683553311996
389,29.05069510735856,88.2146331973802,97.05590077165117,-25.477729611830853,-10.335757728358104,77.92797545542263,25.039046295122958,-2.614846383780295,-62.89643252202593,-20.389785349173057,17.378705003215934,-11.839388168107558,-62.42307678665726,11.130153175766509,27.760336598192353,-29.467488148650084,-16.586335644467738
390,-137.34889624075885,-14.623244214040652,112.11888176957233,-3.309377299540532,-27.61044538425771,33.108265806089086,18.452484289917738,25.508736392568434,13.633160792933815,-20.017873376037333,-40.413829298480294,-39.105889920893816,-13.382188205450545,4.931105432684134,36.48830321210178,10.427486312725264,-10.985230857655072
391,-115.94790875503227,1.5982839823419466,116.51026432709254,-25.570536548626,-27.12445261586219,33.47083094591228,16.541378462822784,-58.79149608119216,-44.96515325143273,-56.58145303611542,-34.57738484350028,-67.72977924140642,-115.01530135766421,-8.997741199428038,20.00279639399415,-5.005723098302342,-33.623655329667045
392,-120.2220984311658,190.93769686999465,121.2176685517635,8.710361635715008,-29.576308383814442,32.233132679513325,7.883074056663771,39.56235032047719,-89.6257482325863,-45.095333848378374,-28.644108005842554,-31.960062654824178,-34.425912626233846,4.123579090522641,-5.810018647658267,9.364663812992054,-15.363852846814444
393,-46.3669105464454,53.02210539669465,-119.69754037615346,-4.446733145819707,-9.900257247389938,20.170804891902762,16.67658940399181,9.279893219388375,-52.21126165118169,-54.5630789277858,-19.328725998795434,-18.24487694076441,-30.519872115261357,-3.6498919631958016,13.169761709254217,-3.983412180622001,-26.586546022216787
394,-137.34889624075885,-14.623244214040652,112.11888176957233,-3.309377299540532,-27.61044538425771,33.108265806089086,18.452484289917738,25.508736392568434,13.633160792933815,-20.017873376037333,-40.413829298480294,-39.105889920893816,-13.382188205450545,4.931105432684134,36.48830321210178,10.427486312725264,-10.985230857655072
395,14.611355936950414,86.33582139064417,110.42854602517454,-32.825551247754696,-14.384393904568388,50.97379358693073,28.398434348796883,-15.932247732201226,-69.31876332455715,-27.016033951389186,14.296913918025906,-21.615642178097247,-81.97206112930289,10.756197477423942,28.662329186721937,-32.411126273101864,-22.76128863800716
396,-115.89891824303739,-0.19467149622005073,116.29580152230412,-20.843287314121746,-27.04492489160081,32.873776601432205,16.422967128387874,-57.97489519416714,-45.40284410179394,-56.82829446472641,-34.95226314155908,-65.78218733371432,-114.10086204374205,-9.62675982754325,20.017215889225884,-4.292400691437408,-34.04818574037858
397,-112.01225859159028,32.635268434300045,119.59251018474029,-18.34440932985517,-27.6687066684266,32.59321760072893,13.612803804939722,-57.72334924811676,-69.66825985464371,-62.757357138496744,-33.546043631298254,-65.52688906033481,-120.98845449206253,-9.70794914510027,11.124690223964315,-5.033938691781097,-35.83605223656688
398,-21.351041474623013,62.82360911225341,60.39473480870522,15.431921958419384,-18.940256607619805,19.678720099796102,11.198004832526841,-30.95478892188299,-25.512745141231107,7.73951496717259,172.6810632032684,33.74222641926316,-16.003757439250453,24.599893262910136,26.18156013594959,-16.996189661649577,15.974353677651234
399,-123.19602491802382,231.62543735722258,97.8976168922079,-16.47654362391422,-21.44786050677672,32.54115924501963,31.994328238760687,9.827130676792915,19.706915323117702,-41.4868661917713,-11.408555479562693,-30.218477026317426,-49.98138751982744,-13.445084838981966,23.17598838326879,9.002716839230661,-16.666418644188525
400,-52.078040888021015,70.18827350406733,65.0270959031387,1.5695740186849667,-20.907287208261785,18.531572964781923,-0.6717753009444442,6.574302803485201,-43.0827097974747,-17.330737625064454,-22.96225878506632,-25.860401017602445,-11.71851630337328,-4.171447095231931,-245.7348823932989,0.9609425725294075,-2.7301853181919964
401,-56.76658437401983,73.29686090139732,41.95709122014061,-6.080455232424115,151.64700713021404,0.30497886401548424,8.785300156713935,-0.718350908261289,20.516462658445654,-28.703824644745364,2.1203539269399116,-15.439404171174269,-18.07334137011734,-1.2977729000610752,14.046115628737498,3.776420852778167,-3.0507436498147635
402,-99.02040907241832,126.37623994128118,92.51553962929825,-196.68506819599287,-23.846363607131536,35.4465469760829,36.4755977587988,7.559802267835482,-22.887779788517562,-41.909318822899145,-9.998790393625836,-47.516125958243116,-34.41490755285693,8.65838402056827,30.325376415730624,-22.39194316798357,-1.511732334951153
403,-115.15073334703115,151.77612173793273,122.40390493050867,20.934106502201896,-29.52975535115105,26.719928817993406,6.82227019136228,48.61470043027136,-106.16320906907214,-47.90279546088564,-32.8666168923494,-16.10933642469396,-21.689265590826736,2.7817829108927477,-5.303847005061369,10.333314816231464,-17.17683553311996
404,-126.69401860432623,202.07849141975447,94.93057909601535,-18.725533809754136,-20.88645690763351,32.793662345652564,34.523475229864,9.600739325347584,41.545789500682474,-36.150709785378,-12.67415303879744,-30.448245472358956,-43.78255431633902,-13.372014453180649,31.179261482004197,9.670101039539983,-15.057338797619051
405,-118.45208032488263,153.70223189917945,128.79715409377954,7.940200159299412,-30.721439645781096,32.24585295642226,4.545122975630991,25.84422756469901,-105.91123944727053,-49.40322414781822,-32.944925438595064,-39.421123605767754,-49.14059913151478,4.6236391054587545,-8.006383246325226,6.630271204140007,-19.810833993286728
406,47.66350890281391,89.84942294619812,97.62311908584346,-22.39412770864895,-16.150676150701887,46.265040939608994,25.01345668787006,7.365011478708768,-52.88755043348483,-16.850873488742184,22.127138780237427,-14.512790222816514,-54.83985067011709,9.518543821140135,25.105653649766833,-24.927482921873807,-21.239191612362223
407,-120.03168957546931,218.23345909015433,59.54347501714813,-24.435526160008642,-20.61508195577484,33.773416275393544,34.56670900168342,3.326474442466757,32.83149519715699,-39.105373944450314,-8.029305504971509,-29.36639073861921,-50.035491548704925,-14.20959330797082,28.32085086965756,7.427061065483962,-10.00475023868664
408,26.4079325938772,91.42181468128094,92.91143367975839,-25.131099828000746,21.313225559589664,44.17605746064118,26.007255151559463,-2.832296272065504,-57.28011084217458,-20.864036977971455,20.274658960505402,-10.896262108934001,-60.52910907477021,12.93404019785868,27.61203598293838,-30.201867829303,-16.87256194909756
409,-123.814574824313,150.09508871972432,127.75292415559659,12.323677662944714,-30.862819768945325,32.30447525758648,5.052502266013458,46.715135461382914,-91.1522382235886,-40.20061887564595,-34.31031697782535,-32.75204925256263,-23.960930671941913,8.2631054205156,-3.8886114156062477,10.310242955180676,-14.045095272605852
410,-109.11075003288659,112.42482134443225,-65.47714582544326,-11.594129471739501,-25.696831022061073,38.110109495864045,19.321354305178094,10.75453768934122,-17.67807472699178,-30.268572042554897,-14.770721783743124,-26.422098610405254,-30.634626374429313,-0.010736723816380498,21.053181067641365,5.202078903390899,16.911462704929026
411,-121.4513343517137,232.68858072367632,93.98840828661177,-16.541415188517387,-21.08786827730009,32.260447880114015,31.96968784849153,9.195051264732099,18.263624549517647,-42.31684832406143,-11.053286703000612,-29.926925883775425,-50.701186574077916,-13.671748353854833,22.71143402756795,8.665983648660289,-17.186068417778344
412,-112.87864273931847,32.4671651324792,120.12741210724907,-19.20545221378089,-27.802013110206026,33.15167224468823,13.435827012404838,-57.91330574500561,-68.16716277009536,-61.987139479972775,-33.69041363984585,-67.19116034312167,-121.21562100017404,-9.159816894137984,11.266213782909826,-5.036245877886176,-35.522878210515465
413,-115.15073334703115,151.77612173793273,122.40390493050867,20.934106502201896,-29.52975535115105,26.719928817993406,6.82227019136228,48.61470043027136,-106.16320906907214,-47.90279546088564,-32.8666168923494,-16.10933642469396,-21.689265590826736,2.7817829108927477,-5.303847005061369,10.333314816231464,-17.17683553311996
414,28.831713363631373,93.23446051153302,98.02520071810338,-20.531079503173455,-12.83930587320483,46.35845584986148,26.44219781683609,-8.859430040195894,-61.64334859091833,-13.261707306487683,53.72703808450815,-1.3943864645119817,-59.06136275942311,17.086458447397238,29.80364073304874,-32.752651993760814,-12.331233123956313
415,-122.32964077029563,231.79354065904343,97.36271496969911,-15.615500739988509,-21.314554064997292,31.98270460106032,32.17130503129555,10.017087173681762,18.20581823856935,-42.25708385029527,-11.264185471015098,-28.55420574353056,-49.75422101171592,-13.993217089944253,23.03446482432328,9.005024025335741,-16.97959267023994
416,-134.52526744549087,-13.434463684056208,106.59020539505389,9.073373957862882,-26.61444570908967,28.112740411549208,20.271638380769332,48.11440735585697,12.455746680395588,-18.34013329795782,-40.33926880975615,-17.432844195268952,13.153219582293943,3.6292625573247106,38.443110445784995,14.05406893867727,-8.216845021055727
417,34.33567250967673,90.70475984490353,99.56340003880452,-24.005144295160683,-7.564383473433709,45.01616899209878,30.514168181399388,-0.029989949676176554,-64.32214126518123,14.489499174736503,18.608562612239194,-8.179298061948437,-60.57669813912696,12.622564925115189,25.669264826276923,-28.869765889788383,-16.37312409457075
418,-113.46628432707628,43.07602282636294,113.4289743399876,-25.542025983719434,-25.766020689530148,33.25150634429357,19.450311290741695,-65.4876723033802,-41.085932622284915,-61.16062742073442,-29.274869978819744,-66.72099630634546,-125.26085031535713,-13.575147480606606,18.422922537524208,-5.166887085159787,-35.72945852174265
419,-94.30541374802786,85.24491370580294,96.59373183507914,-197.97651620666704,-24.788704366055804,35.94207494481417,33.241464620361334,-6.82592727588415,-39.70384613123224,-45.56136725324166,-13.5090666783396,-54.54743565593214,-49.3265036762928,9.627478009625262,28.67644297158203,-25.968087714951807,-5.348249362418978
420,-74.37225296713532,-6.679085530017087,64.73260047486255,43.221064922891806,-16.203831214015327,-0.29581338233782006,24.229891340120005,47.35379146979352,-50.55478323696846,-46.75426100437775,-27.152478944331165,55.262034181369586,20.83993088573883,-19.933381848739476,26.319049282134745,11.673194751717185,-19.684462416061088
421,-17.470715302947525,66.14832305978098,82.96106206838131,24.343155923363224,-26.686395377011284,-4.260947545188194,-32.21812321251431,28.76068709128029,-89.13482737076995,-56.349137117454326,-15.857706064935124,-78.45824541026568,30.723186658323154,-23.138488745631328,70.31907464586033,0.8709849939006375,165.1624969478423
422,-105.55118117963848,21.23113520830996,113.58821629662552,-60.862172198107,-26.37433257412076,34.16359771932645,19.396422380039798,-65.24378325717265,-56.203601658474106,-61.43673914541151,-28.817432785673862,-69.89090807254365,-122.55426528215862,-8.165842336719201,18.44307781579597,-12.247365888720275,-32.86545963154724
424,-132.56063208932895,-16.41616312490299,104.43036569666516,8.819473741838669,-26.0960694726603,27.586394135657258,20.243396979078742,47.331641746069,14.39199842743376,-17.583438633566075,-39.79328971764158,-16.899323396015827,13.652096257503457,3.487793007323278,38.66396561482425,13.896648608602765,-7.958007735306692
425,-118.03017712704437,203.7595244379629,89.58155987092744,-10.115104970496969,-19.553392489839233,27.209115906059484,36.29324315521282,11.500304294236038,26.534818655198915,-43.852886370617696,-11.230452953321477,-13.80553264449029,-41.510889235223836,-18.853336962803496,29.764025892549075,9.69317290059077,-18.18907905813316
426,-118.45208032488263,153.70223189917945,128.79715409377954,7.940200159299412,-30.721439645781096,32.24585295642226,4.545122975630991,25.84422756469901,-105.91123944727053,-49.40322414781822,-32.944925438595064,-39.421123605767754,-49.14059913151478,4.6236391054587545,-8.006383246325226,6.630271204140007,-19.810833993286728
427,-107.71279494833901,4.60125221321954,111.81135508596861,-12.844013560363637,-25.90754509326854,27.819628905728102,17.734741928857,-56.24013212756248,-61.3392594380141,-64.35315965881917,-33.51231111360464,-50.77821596129456,-112.74512271557045,-14.56806901795952,17.85425129219012,-4.345789816526067,-37.04553862446009
428,-134.53745438285623,1.3802004103325942,107.87026065418573,-37.58796330168056,-27.214038332241472,33.55288511246102,21.913744849998125,40.11320038789056,17.75809967474429,-16.049030402994873,-36.58673777164673,-35.270021816740936,4.9247521960159055,9.37943551927025,39.0466445010483,6.997305856167379,-4.105928290373009
429,-124.72938324816431,199.0967919789077,92.77073939762663,-18.97943402577835,-20.36808067120414,32.26731606976062,34.49523382817341,8.817973715559617,43.482041247720645,-35.39401512098626,-12.12817394668287,-29.91472467310583,-43.2836776411295,-13.51348400318208,31.400116651043447,9.512680709465478,-14.798501511870018
430,-123.19602491802382,231.62543735722258,97.8976168922079,-16.47654362391422,-21.44786050677672,32.54115924501963,31.994328238760687,9.827130676792915,19.706915323117702,-41.4868661917713,-11.408555479562693,-30.218477026317426,-49.98138751982744,-13.445084838981966,23.17598838326879,9.002716839230661,-16.666418644188525
431,-104.6853985528648,148.24662602819222,112.31254874235557,12.448100225745407,6.09384299281064,26.85100443544686,1.1262068535122285,42.56092181102418,-103.00948703382582,-37.64771904681146,-32.38616417915362,-29.566721228026655,-24.280093009560673,5.156413895645668,-9.612283432600444,9.61405281388033,-14.778382338498623
432,-102.48590471120087,210.82630356948385,85.10420251711982,-14.807764821002698,-20.535252866231307,25.48276225469083,25.174856704900098,5.628751014538463,24.11011193333761,-43.96798541672613,-7.593540026414641,-39.369006273050736,-38.47316785259463,-19.86183692679891,39.5358218574293,7.131426233579764,19.953018588229764
433,-121.45036146718222,232.65369624735104,96.90683702015365,-16.491715458058092,-21.298652397709112,32.24325647910727,31.65502962154568,9.044437699318989,18.727072631412,-41.503793580661295,-11.069096754886646,-30.060220199747867,-50.28754662832171,-13.70027103470148,17.62766091049401,8.75640779155014,-16.583149764795312
434,76.31410835619691,41.06227019481199,53.914937444805076,4.1355582302715375,-33.265759483570065,15.02123810357194,3.3837776575903122,53.13929653989714,19.597424893354702,-11.066646019210971,-2.109574763776154,-35.25708846237675,5.554870586354076,-15.433472527580832,0.5969411595343654,23.16226989007243,-30.27562293583433
435,-71.76999511336844,99.84838466699541,95.31106115186097,-198.49339290185407,-22.52094222019248,39.103160234407056,35.467062952105515,4.645500848337315,-41.43087572413187,-38.58312286899993,-4.9574633783263415,-45.04645760095957,-38.84638011246464,13.838290908168851,30.976357803802447,-30.2386653712284,-2.355190388197645
436,13.793962301217114,84.37476261026133,110.7489851428949,-28.959344897176155,-14.438172622086434,50.935193886409955,28.10304622182709,-15.305603342065048,-68.25535709037001,-26.492657721476203,13.77766561141952,-21.33232155319202,-81.28478832349224,10.675311100271015,28.818272240899184,-31.700111052341995,-22.87264502266728
437,-98.87282558761999,123.45396026617469,92.29029175687293,-197.37330374478404,-23.76984741713253,35.46874064603681,36.70587616210537,5.447556883562056,-21.937138335600782,-42.236673082739344,-10.00287319072889,-48.208563220901574,-36.24411515398217,8.302556320818288,30.802851799184882,-22.68578654305327,-1.9095195574004102
438,-106.93294477246526,102.37710879028599,-60.3656390212201,-5.324907660593396,-27.870308008440734,40.91474886632202,13.05133013340425,17.644922079177256,-45.203871643709576,-31.184302017494666,-18.589599224823512,-26.485567851959726,-26.796579893115197,4.24022087440165,13.212774458652484,5.161130418899512,16.960719733443533
439,-84.96930740924026,19.62374079358484,114.63550371356702,-26.75948958171381,-24.54697266779723,36.60938110398047,17.148462405753076,-66.60156984109976,-61.12635915952367,-54.37915368486889,-23.551784007987166,-63.852363789773825,-127.75216217934734,-8.68454379345708,17.929041121230814,-12.711445988505448,-36.043954920860855
440,-93.56871598989014,79.77075095096725,-102.98174279798783,-8.502523773023515,-23.538976546351996,35.20717591922249,14.807593772609073,11.4447226785624,-35.47348600666063,-30.337919228798103,-16.362121030979203,-24.52552259851136,-26.78884205893826,1.5740171312795814,17.47606700036915,2.7152461301339526,13.84058620812537
441,-86.36345385282473,19.470447227183676,116.44974373497564,-26.662115140789442,-24.517115492590097,36.88592593266382,18.211498080741837,-66.28972833860493,-60.57967001081602,-57.50707720699501,-24.229460166417198,-63.558890686403444,-127.86311527383961,-8.039412893256044,18.59642854214177,-12.719765913334914,-36.175129352539884
442,-109.11075003288659,112.42482134443225,-65.47714582544326,-11.594129471739501,-25.696831022061073,38.110109495864045,19.321354305178094,10.75453768934122,-17.67807472699178,-30.268572042554897,-14.770721783743124,-26.422098610405254,-30.634626374429313,-0.010736723816380498,21.053181067641365,5.202078903390899,16.911462704929026
443,-69.95294324200485,99.78896490125511,93.37646932589757,-198.0590575690871,-22.079082173762117,38.5546202885612,35.20854314710836,5.974980622822775,-40.44526543001048,-37.49907394476799,-4.407401489108716,-43.82049953904799,-36.51829583612989,14.052649057917401,30.719737589387442,-30.102242326233206,-1.698565879999354
445,-109.55787042025771,205.36605401247917,77.44318730745276,-19.69797728309185,-18.64564577945237,61.21274821015323,31.991239630800838,1.9592109038950414,39.292616966704635,-36.72438291465283,-6.097401179191031,-26.059283952627965,-45.53604242585664,-15.123032774190493,24.74559013148746,7.843858388181227,-16.376385562479147
446,-117.91559798352336,149.5264554385599,128.60242508175327,9.185012621792326,-30.72935426838668,31.705470802572748,4.401667672677004,26.766466122820276,-107.69391797131495,-49.663186744888996,-33.38273174717616,-37.829398553996455,-47.82015044705291,4.525158844899034,-7.974325114206022,6.719796311006815,-19.92456333859659
447,-91.92267757968054,81.60077958708855,-101.20559874756293,-8.900927826373346,-23.243007787065853,35.82909021663308,16.067180222086723,10.944076516302353,-36.59458915731002,-33.610742791003474,-15.95307989104029,-23.8432927021312,-28.25330382562914,2.3230694998131085,17.987223330677143,1.8644204017252406,13.465400012625064
448,-71.76999511336844,99.84838466699541,95.31106115186097,-198.49339290185407,-22.52094222019248,39.103160234407056,35.467062952105515,4.645500848337315,-41.43087572413187,-38.58312286899993,-4.9574633783263415,-45.04645760095957,-38.84638011246464,13.838290908168851,30.976357803802447,-30.2386653712284,-2.355190388197645
449,-111.54338394884769,69.15412702184926,-62.61031864312674,-6.895390802141812,-26.975735224131736,37.73237975300269,16.294010142824273,18.267314798554253,-21.994986206500798,-25.93623908654689,-20.448114946482463,-25.48328963777412,-19.47463810281424,3.937650929246977,22.64747441934304,6.0765652971132775,18.592735486293105
450,27.014661492267784,93.2938802772733,99.95979254406677,-20.96541483594043,-13.281165919635196,46.90699579570733,26.700717621833245,-10.188909814681354,-62.62895888503972,-14.345756230719621,53.17697619529053,-2.6203445264235676,-61.38944703575787,16.872100297648686,30.06026094746375,-32.889075038756005,-12.987857632154604
451,24.72623355893819,82.60184964702307,89.73218615848057,-25.553624220372104,-14.422126438575203,47.673965724778405,17.670811028286554,1.6892785144874456,-59.453537182011395,14.152971168971918,19.875636699630224,-17.03892760709965,-55.18547148861909,7.713879931560374,25.593772465021694,-28.16851418311552,-15.715111349065861
452,-109.11075003288659,112.42482134443225,-65.47714582544326,-11.594129471739501,-25.696831022061073,38.110109495864045,19.321354305178094,10.75453768934122,-17.67807472699178,-30.268572042554897,-14.770721783743124,-26.422098610405254,-30.634626374429313,-0.010736723816380498,21.053181067641365,5.202078903390899,16.911462704929026
453,-132.81581115297587,-15.849403323478004,104.71107196284137,8.563355420850803,-26.310750240876697,27.719167375533758,19.916458275611063,47.439128635801424,14.096054581038159,-18.073416999079054,-39.43921104808922,-12.495976908527801,13.442502279164337,3.216281580610815,38.824669485509204,14.020777909248833,-7.970821322353936
454,-121.57284749544577,232.58454254562469,96.60920560027215,-16.525579710900896,-17.894581899240347,31.887454508816887,31.736475241722594,9.050578535330562,19.472868902929058,-41.76126643140904,-10.657843868387284,-29.870933631466336,-50.35180653548748,-13.560492209241598,22.6900430099709,8.818217305487533,-16.59101923154066
455,-104.33454080095923,156.33509241077385,116.35512951339139,12.551716482475664,-29.055961683907473,28.789117912610475,1.0298262643390899,38.86287673269315,-101.72253640838848,-39.695849306078,-30.811305005052926,-30.68297659129152,-26.11912215015675,6.011306971965906,-59.86670184977623,7.702796269028323,-12.932911161801972
456,-117.19181845858803,149.91949727647653,127.55039604122373,8.25661777907417,-31.000145275869887,35.168398916595365,3.9691509867051344,25.892527457392916,-106.637387655674,-48.98218700206643,-32.930435535778045,-39.086975041561544,-48.254499789033396,4.908918107610727,-8.516499409635006,6.5458994331367375,-19.768712595257863
457,-52.39144501492245,-21.645126019353842,15.555765969628961,-11.544679612272844,-11.707730809044046,-8.237644328635586,-16.577886187164573,87.23351991559387,-11.385530636012257,-81.3250687797217,147.9355437429487,-88.07874998850858,13.641039866753037,-56.57058302446239,-4.192056707783467,59.4898269078325,-57.25708852475437
458,-98.30789149890488,165.01365984649138,108.73130077394038,15.355171131430634,-32.339912373034686,25.355257039440158,-6.262756609553433,32.980327022125174,-106.42063075577546,-30.798596963896866,-38.29884869412235,-33.663815890935815,-23.359765601706275,3.040841973537284,4.267136773625863,11.193750183928117,-44.66470195293655
459,22.909181687574602,82.66126941276337,91.66677798444397,-25.987959553139078,-14.863986485005569,48.22250567062426,17.92933083328371,0.35979874000198503,-60.43914747613279,13.068922244739978,19.325574810412597,-18.26488566901124,-57.51355576495384,7.499521781811824,25.8503926794367,-28.30493722811071,-16.371735857264156
460,14.611355936950414,86.33582139064417,110.42854602517454,-32.825551247754696,-14.384393904568388,50.97379358693073,28.398434348796883,-15.932247732201226,-69.31876332455715,-27.016033951389186,14.296913918025906,-21.615642178097247,-81.97206112930289,10.756197477423942,28.662329186721937,-32.411126273101864,-22.76128863800716
461,-132.56063208932895,-16.41616312490299,104.43036569666516,8.819473741838669,-26.0960694726603,27.586394135657258,20.243396979078742,47.331641746069,14.39199842743376,-17.583438633566075,-39.79328971764158,-16.899323396015827,13.652096257503457,3.487793007323278,38.66396561482425,13.896648608602765,-7.958007735306692
462,-108.19320663875986,106.15984341298892,-59.1188809686643,-5.641325280368155,-27.591602378351944,37.99220290614892,13.627302122330109,17.59662218648335,-44.47772343530609,-31.60533916324645,-18.604089127640524,-26.819716416165935,-27.682679235596588,3.9549418722496767,13.722890621962264,5.245502189902782,16.918598335414668
463,-102.3194271361076,82.93744231687735,95.91726873412354,-192.8473724103209,-25.258574250981624,35.627271877180846,33.2712768039101,14.882622880159666,-25.703594183478227,-36.80676820836717,-15.820553564912771,-48.24158826839885,-23.482085789353377,13.154903924593913,32.061193326377804,-21.51976396036627,0.4827144724643339
464,117.49936718650838,26.5666027604816,32.23599312302795,14.010619005974696,-24.48890376894928,-10.299570447522724,-3.0872075291583165,22.385907530110536,0.7322476087467158,-64.34750864727023,-95.37227608991319,-7.061743228592044,16.08207476563784,-15.379586414946132,0.20698463248918975,38.49237366765244,8.332309960711555
465,-30.408287811464174,36.32869388536428,41.93870299758898,-0.589670980587521,-15.408747849606335,12.731780520009957,-1.5838791473746052,-1.278682248344975,-24.492063594835844,-9.089747522679117,-17.398043137908633,-20.03868862949569,-5.826349944550334,-5.28607908660083,-244.02114640932857,-0.7576169375627836,0.13768285617009585
466,-102.82383795492075,1.170160865970776,98.6883032307266,-22.678074607291165,-27.476803085451564,30.666782958558013,5.615633585965384,-61.283266716004434,-49.36863850432213,-24.77884158494131,-28.31987156580633,-70.38118965020499,-113.2184976069308,-15.529936578591315,13.484865239061822,-4.211508629247806,-32.423267397536826
467,-123.27809248295372,145.91931225910477,127.55819514357033,13.568490125437629,-30.870734391550908,31.76409310373697,4.90904696305947,47.63737401950418,-92.93491674763301,-40.460581472716726,-34.748123286406454,-31.16032420079134,-22.64048198748004,8.164625159955879,-3.8565532834870404,10.399768062047485,-14.158824617915714
468,-116.43540058439666,3.9811049643994894,116.49053053433038,-22.08809977661466,-27.03701026899523,33.41415875528172,16.566422431341863,-58.8971337522884,-43.62016557774951,-56.56833186765564,-34.514456832977984,-67.37391238548561,-115.42131072820393,-9.528279566983528,19.985157757106673,-4.381925798304216,-33.934456395068715
469,-48.16931021507803,54.369265431200056,-87.05526770311167,-41.69258441576436,-9.347733300189402,20.07577151113961,20.504748544005484,8.319273287960911,-52.90534192071001,-56.7779193589774,-18.967668952090232,-22.356735972427778,-31.292367024619505,-1.4056079734106943,15.96045027495161,-9.841660858456278,-29.77524294381248
470,-115.89891824303739,-0.19467149622005073,116.29580152230412,-20.843287314121746,-27.04492489160081,32.873776601432205,16.422967128387874,-57.97489519416714,-45.40284410179394,-56.82829446472641,-34.95226314155908,-65.78218733371432,-114.10086204374205,-9.62675982754325,20.017215889225884,-4.292400691437408,-34.04818574037858
471,-116.43540058439666,3.9811049643994894,116.49053053433038,-22.08809977661466,-27.03701026899523,33.41415875528172,16.566422431341863,-58.8971337522884,-43.62016557774951,-56.56833186765564,-34.514456832977984,-67.37391238548561,-115.42131072820393,-9.528279566983528,19.985157757106673,-4.381925798304216,-33.934456395068715
472,-52.126685114595,71.93249732033215,-80.89434077395437,-0.9154125042796569,-10.368081187810649,19.39114301511884,15.061136046348286,14.104981074140628,-66.25511389219221,-57.98347479507112,-22.17175619076458,-19.19568521898048,-32.4005135911839,-2.745313052899548,8.453773460397793,-3.5602645719631485,-32.876117967343525
473,-122.0463543730222,146.61926331091416,126.54363450011023,12.447316502926489,-30.762723542799943,31.900918811610502,4.095873733021507,46.79729339716483,-92.22005333772707,-40.01655378269102,-33.85181358226104,-27.862198369499104,-23.26712504355321,8.291657502448567,-4.222723251343479,10.2900160464796,-13.778413542781344
474,-19.198470479589194,63.04898885876993,60.87199601640133,15.676959882620462,-18.972726870594133,16.342178686553783,11.112437543143262,-29.954164825139163,-24.930730800043538,7.834005211472163,172.6496018244357,33.22347922066958,-15.642384082742453,24.255430196603687,26.106859007549783,-16.47032494631832,15.671492203907338
475,-86.36345385282473,19.470447227183676,116.44974373497564,-26.662115140789442,-24.517115492590097,36.88592593266382,18.211498080741837,-66.28972833860493,-60.57967001081602,-57.50707720699501,-24.229460166417198,-63.558890686403444,-127.86311527383961,-8.039412893256044,18.59642854214177,-12.719765913334914,-36.175129352539884
476,-86.36345385282473,19.470447227183676,116.44974373497564,-26.662115140789442,-24.517115492590097,36.88592593266382,18.211498080741837,-66.28972833860493,-60.57967001081602,-57.50707720699501,-24.229460166417198,-63.558890686403444,-127.86311527383961,-8.039412893256044,18.59642854214177,-12.719765913334914,-36.175129352539884
477,-139.89009085908341,28.3233009221392,108.53749551531651,-3.3747506670662606,-26.535299483033857,33.51656195004435,21.706191410309213,38.89202177464433,30.28253192083981,-15.740507327250098,-35.96120572394518,-33.35009471298188,-0.05126726232479212,4.6140651629219205,38.12252912459293,13.158817870009184,-7.079551567957106
478,-136.82113394490256,-14.638053949460327,110.8395436706725,-4.2677946243906195,-27.77360900124427,33.390175621365046,17.212471822394097,25.00693839318474,14.587568728774515,-16.11973219538725,-39.88052314859786,-41.06363430705107,-13.498401619069787,4.834106783445384,35.962439350136336,10.433499051449653,-10.540882399924627
479,-98.25816209630904,149.06544903154136,107.96123991248304,12.663310647938799,-25.98806218711567,26.22412381211126,1.3302350961351543,39.1136963556031,-96.82700777379948,-37.88869144703094,-27.33988182040684,-26.6750385910764,-24.956356761439444,7.067284111589681,-11.067401096897477,7.850145444744792,-12.965093594432064
480,-121.57284749544577,232.58454254562469,96.60920560027215,-16.525579710900896,-17.894581899240347,31.887454508816887,31.736475241722594,9.050578535330562,19.472868902929058,-41.76126643140904,-10.657843868387284,-29.870933631466336,-50.35180653548748,-13.560492209241598,22.6900430099709,8.818217305487533,-16.59101923154066
481,105.95833504390788,22.01559397219927,23.200833522854023,12.18962275831518,-17.773376835953492,-12.077314951317605,-3.077970775342063,10.885767081045202,-6.035416224769673,-62.59855956608998,-93.47171302649636,0.20833769762775683,12.451461273399595,-11.936699168704237,0.4386030878763175,32.402308000792246,13.814714522709599
482,17.141653609062796,100.7389215525801,106.6047870213266,-63.67627864968071,-14.027627557753773,51.37395096266547,31.51356885286923,-2.7882301364113165,-65.60631833092772,-23.44407527565097,17.741296292176116,-18.163360884359655,-65.49581476798308,14.759694555351446,30.9648363467738,-35.49828868400395,-16.569916327453303
483,-113.89047148073655,147.9933871152298,121.15714687795288,21.250524121976653,-29.80846098123984,29.642474778166502,6.246298202436421,48.66300032296526,-106.88935727747561,-47.48175831513385,-32.85212698953238,-15.77518786048775,-20.803166248345345,3.06706191304472,-5.81396316837115,10.248943045228195,-17.134714135091095
484,-136.82113394490256,-14.638053949460327,110.8395436706725,-4.2677946243906195,-27.77360900124427,33.390175621365046,17.212471822394097,25.00693839318474,14.587568728774515,-16.11973219538725,-39.88052314859786,-41.06363430705107,-13.498401619069787,4.834106783445384,35.962439350136336,10.433499051449653,-10.540882399924627
485,-126.69401860432623,202.07849141975447,94.93057909601535,-18.725533809754136,-20.88645690763351,32.793662345652564,34.523475229864,9.600739325347584,41.545789500682474,-36.150709785378,-12.67415303879744,-30.448245472358956,-43.78255431633902,-13.372014453180649,31.179261482004197,9.670101039539983,-15.057338797619051
486,-49.7797434077738,56.57946027288106,-118.92804353129377,-5.008188689795545,-9.589081354326817,20.584800344971985,17.33812868230125,8.230969229950647,-52.06712778396578,-55.078606317837156,-19.31175452277978,-18.060278306377036,-31.767344814250748,-3.590707899041328,13.754579000963806,-4.42490512494999,-26.325805946501756
487,-122.32964077029563,231.79354065904343,97.36271496969911,-15.615500739988509,-21.314554064997292,31.98270460106032,32.17130503129555,10.017087173681762,18.20581823856935,-42.25708385029527,-11.264185471015098,-28.55420574353056,-49.75422101171592,-13.993217089944253,23.03446482432328,9.005024025335741,-16.97959267023994
488,-119.97907441926444,189.35810988350858,124.15646603874504,9.730794339765659,-29.45852374770082,31.58336820263903,8.113367917948175,40.31455340717999,-90.11910235267233,-45.563132087248704,-28.92636011511952,-30.434861890635606,-33.5733037509836,3.668105255930236,-5.592370194134225,9.527588854430185,-16.153271425331205
489,28.267964157120726,92.3219041422673,69.72606640642876,-25.1628755850461,-10.320410093348425,47.31953760399085,28.589602289317472,-1.2540884149315112,-68.93260037720822,-22.390123886074665,16.536291774044,-11.134248525435044,-63.71226833317706,11.907127793658503,27.611461892979136,-31.4616403491313,-22.240997262438885
490,28.426795329546895,83.62375081965999,94.02862987480673,-25.273562159661886,22.532469093206736,45.51641064520834,24.95382426615895,-1.4082819466407015,-66.54792335979741,-16.167668209139862,15.055142341912674,-12.072280379755865,-60.03553122384572,10.394487268549682,26.627013180487346,-29.17154453846747,-18.616211920688816
491,-49.24326106641455,52.40368381226151,-119.12277254332002,-3.76337622730263,-9.596995976932398,20.044418191122467,17.19467337934726,9.15320778807191,-53.8498063080102,-55.33856891490793,-19.749560831360878,-16.468553254605748,-30.446896129788875,-3.6891881596010494,13.786637133083014,-4.335380018083181,-26.43953529181162
492,26.478412042324745,92.93316595932778,99.85536955024847,-20.5270670855759,-13.295303931951619,46.91285802582375,26.75145555087149,-8.101819025012965,-61.15305876267153,-13.425495703502392,53.0404370413675,-1.953437091103055,-58.87148018980058,17.236046929154373,30.472038130535648,-32.52107786365194,-12.411283760086516
493,-108.10146091348372,1.318258220167531,111.48168421972498,-13.093901358790294,-25.84516691558596,27.84768480579843,18.015758261201817,-56.265286722167524,-58.91271786272913,-63.760253391442134,-33.65293306463072,-50.80374578863251,-112.05636347073839,-14.559950086203816,18.743503858716277,-4.271636016491699,-36.866751974841264
494,-21.547058703702046,62.41575753891712,60.16742575033492,15.40189947628745,-18.832629217123156,16.49770180104945,10.390509050975071,-30.58264825583932,-25.614867521031346,10.956656405000116,172.7620731417527,33.042058520671,-15.685621510889211,24.11913535095969,26.197870569413134,-16.816280045055112,16.262851392042947
495,-136.82113394490256,-14.638053949460327,110.8395436706725,-4.2677946243906195,-27.77360900124427,33.390175621365046,17.212471822394097,25.00693839318474,14.587568728774515,-16.11973219538725,-39.88052314859786,-41.06363430705107,-13.498401619069787,4.834106783445384,35.962439350136336,10.433499051449653,-10.540882399924627
496,-117.91559798352336,149.5264554385599,128.60242508175327,9.185012621792326,-30.72935426838668,31.705470802572748,4.401667672677004,26.766466122820276,-107.69391797131495,-49.663186744888996,-33.38273174717616,-37.829398553996455,-47.82015044705291,4.525158844899034,-7.974325114206022,6.719796311006815,-19.92456333859659
497,-107.48757261030855,113.38392653283435,-66.765557117379,-11.643165558726174,-22.143552414524702,37.456404759661304,19.06350130814,9.977985547878868,-17.912121147180425,-30.542972282192636,-14.020010172567714,-26.074555215554163,-31.005045390089357,-0.1261440940760117,20.567235694343474,5.01757936964777,16.986862117576894
498,-45.12912536128394,56.352587633722514,-87.0933636740954,-42.188362910038556,-9.081621716110387,20.42114097986684,20.701299318494367,7.506785623206018,-54.57313422006705,-56.92281939905666,-17.880951653721283,-21.967979179418005,-32.64587569681811,-1.3016865050782023,15.804219184348646,-10.684166662035521,-30.01925470763375
499,-115.3711559471811,-0.20948123163972618,115.01646342340428,-21.801704638971835,-27.20808850858737,33.155686416708164,15.182954660864223,-58.47669319355082,-44.44843616595324,-52.930153284076326,-34.418956991676644,-67.73993171987158,-114.21707545736129,-9.723758476781999,19.49135202726044,-4.286387952713019,-33.603837282648136
500,16.183552993449826,85.29761365718478,109.86238240057295,-28.897637442659782,-13.7789522649505,50.06802895188277,28.328626901626556,-15.804202191007242,-69.25869386488962,-23.29290783534564,14.34899554765348,-20.718834304060174,-81.6939462502452,10.534296627330304,28.139233619268598,-31.77428019446825,-22.81023824722158
501,-51.54155854666176,66.01249704344778,64.83236689111243,2.814386481177881,-20.915201830867368,17.99119081093241,-0.815230603898432,7.496541361606466,-44.86538832151911,-17.590700222135226,-23.400065093647417,-24.26867596583115,-10.398067618911407,-4.269927355791652,-245.7028242611797,1.0504676793962162,-2.8439146635018586
502,13.793962301217114,84.37476261026133,110.7489851428949,-28.959344897176155,-14.438172622086434,50.935193886409955,28.10304622182709,-15.305603342065048,-68.25535709037001,-26.492657721476203,13.77766561141952,-21.33232155319202,-81.28478832349224,10.675311100271015,28.818272240899184,-31.700111052341995,-22.87264502266728
503,-30.45693203803816,38.0729177016291,-103.98273367950408,-3.074657503552144,-4.869541829155202,13.591350570346878,14.149032199918125,6.251996022310454,-47.66446768955336,-49.742484692685785,-16.60754054360689,-13.373972830873724,-26.508347232360965,-3.8599450442684455,10.167509444368125,-5.2788240820553405,-30.008249792981427
504,14.611355936950414,86.33582139064417,110.42854602517454,-32.825551247754696,-14.384393904568388,50.97379358693073,28.398434348796883,-15.932247732201226,-69.31876332455715,-27.016033951389186,14.296913918025906,-21.615642178097247,-81.97206112930289,10.756197477423942,28.662329186721937,-32.411126273101864,-22.76128863800716
505,-92.65038871822777,80.4321125145034,-83.49100528031029,-10.090601074478986,-24.152436139150858,33.52273468169238,13.282675356821931,5.991782038089612,-24.57412666869564,-17.485838749690018,-16.76842294802173,-20.052165840617775,-27.629398626085063,1.0505273790378997,15.71208755885813,7.949774788705552,45.70352183084724
506,-108.75000722793459,208.70817785053657,79.9295711602311,-19.095328199438065,15.051831860765054,25.60788867149764,31.770206209330354,-3.2444704010216605,41.19168507599656,-38.59234586782773,-4.383907171329052,-26.556436646217588,-46.0191677959042,-14.990774263747275,26.43894547954412,8.21351367588505,-13.961033098678612
507,-105.25404326300055,206.91005576545942,80.85685093083838,-19.454107910260134,-16.445213616307182,59.463836977775394,30.94455165694547,2.6998316045378754,35.06831185129206,-37.75420327954286,-7.645424488043786,-26.82475200592749,-47.19994425678188,-16.439759325200125,21.75625628540166,8.418594119649136,-13.698138739020251
508,-114.58149621262217,-0.5413727662086052,115.16398172301764,-24.74957505390221,-26.78083510295239,32.81309386857053,15.521447453122105,-58.27939994340697,-44.58858313771015,-55.86695746713537,-34.932411953272776,-66.32899960099577,-114.09763823647022,-9.658769060810403,19.38937045817034,-3.6831064240479368,-33.807948387700336
509,-85.54606021709144,21.431506007566515,116.12930461725529,-30.528321491367976,-24.46333677507205,36.924525633184594,18.50688620771163,-66.9163727287411,-61.643076245003165,-58.03045343690798,-23.71021185981081,-63.84221131130867,-128.5503880796502,-7.958526516103119,18.440485487964523,-13.43078113409477,-36.063772967879764
510,-137.34889624075885,-14.623244214040652,112.11888176957233,-3.309377299540532,-27.61044538425771,33.108265806089086,18.452484289917738,25.508736392568434,13.633160792933815,-20.017873376037333,-40.413829298480294,-39.105889920893816,-13.382188205450545,4.931105432684134,36.48830321210178,10.427486312725264,-10.985230857655072
512,-67.10060190048193,7.103804825756219,-13.735018417618182,-6.6879106776532895,-29.20863464058356,20.80533741607857,-34.95280557820613,22.88805597981314,-8.994528101210104,142.406670937211,-3.637022592587786,-48.050944268332294,8.345577953280065,-24.42837180655297,3.3747302484510064,12.546971390699662,5.83827512561427
513,-23.518514215440998,23.430982831454358,30.864187233777248,-2.600348642014049,-8.281647412036616,197.03811699849095,-1.7168257696668974,9.20120729152989,-14.035843680478367,-21.829319137016537,-11.242264920169635,-12.69235896563024,-9.347274453943026,-7.137249978638024,9.332569623477426,7.346770622353653,-1.4540130465723764
514,112.48216683303872,39.24320586802924,41.67640322392495,7.229622962352765,-19.7052739409204,0.16880582133621527,1.937307915131383,10.485305585635427,-18.11256876092225,-66.06717957130958,-89.67416233964373,-1.7045746180563277,0.6250838095833897,-9.534078946856404,5.7522705251672495,26.41663022897297,10.60375434002331
515,-108.10146091348372,1.318258220167531,111.48168421972498,-13.093901358790294,-25.84516691558596,27.84768480579843,18.015758261201817,-56.265286722167524,-58.91271786272913,-63.760253391442134,-33.65293306463072,-50.80374578863251,-112.05636347073839,-14.559950086203816,18.743503858716277,-4.271636016491699,-36.866751974841264
516,-137.39788675275375,-12.830288735478653,112.33334457436075,-8.036626534044784,-27.68997310851909,33.705320150569165,18.570895624352648,24.69213550554341,14.070851643295022,-19.771031947426344,-40.038951000421505,-41.05348182858591,-14.296627519372704,5.560124060799347,36.47388371687005,9.71416390586033,-10.560700446943542
517,-115.89891824303739,-0.19467149622005073,116.29580152230412,-20.843287314121746,-27.04492489160081,32.873776601432205,16.422967128387874,-57.97489519416714,-45.40284410179394,-56.82829446472641,-34.95226314155908,-65.78218733371432,-114.10086204374205,-9.62675982754325,20.017215889225884,-4.292400691437408,-34.04818574037858
518,-113.07761836193157,46.35901681941495,113.75864520623124,-25.292138185292774,-25.828398867212726,33.22345044422324,19.16929495839688,-65.46251770877514,-43.51247419756989,-61.75353368811145,-29.13424802779366,-66.69546647900751,-125.94960956018919,-13.58326641236231,17.53366997099805,-5.241040885194155,-35.90824517136148
519,-108.10146091348372,1.318258220167531,111.48168421972498,-13.093901358790294,-25.84516691558596,27.84768480579843,18.015758261201817,-56.265286722167524,-58.91271786272913,-63.760253391442134,-33.65293306463072,-50.80374578863251,-112.05636347073839,-14.559950086203816,18.743503858716277,-4.271636016491699,-36.866751974841264
520,-114.58149621262217,-0.5413727662086052,115.16398172301764,-24.74957505390221,-26.78083510295239,32.81309386857053,15.521447453122105,-58.27939994340697,-44.58858313771015,-55.86695746713537,-34.932411953272776,-66.32899960099577,-114.09763823647022,-9.658769060810403,19.38937045817034,-3.6831064240479368,-33.807948387700336
521,-108.72208406774187,115.70781533748428,-65.14747495919963,-11.344241673312844,-25.759209199743655,38.08205359579372,19.04033797283328,10.779692283946256,-20.104616302276753,-30.861478309931933,-14.63009983271704,-26.396568783067305,-31.323385619261362,-0.018855655572082495,20.16392850111521,5.127925103356531,16.7326760553102
522,27.824281272669726,91.64859480243469,69.03461431637837,-25.25051774113912,-7.269842067870267,47.639548207293096,28.003435277816767,-1.2441391371484323,-69.08683033976271,-25.385609295467095,16.215594749390082,-11.421948349011737,-63.44435485782101,11.692507915071966,27.700775143803828,-31.46581201321125,-22.396677212548017
523,-132.51377998495087,-16.46794516607031,104.43807679217491,8.87526067303081,-26.117111307975758,27.080194900348204,23.714028167682464,47.604211325706125,14.22366571742936,-18.420613638144182,-40.311702015130145,-17.440325282711658,14.067761584166975,3.2574567340732665,38.66810265137224,14.115994932042263,-8.210818599048316
524,-42.40178213656622,36.29161329138333,-101.9932767399943,-4.00426531922273,-10.184092227441198,16.9243262190984,6.920510524419959,11.467302164374214,-47.738171065915076,-20.26492183858646,-17.38339043385375,-22.45826075707936,-23.31010802159031,-8.665780746950315,10.846006607614507,-2.6483094025630485,-29.577062473623332
525,-121.79117530937529,146.05250350948916,126.26292823393402,12.703434823914355,-30.548042774583546,31.768145571734003,4.422812436489185,46.6898065074324,-91.92410949133146,-39.526575417178044,-34.20589225181339,-32.26554485698713,-23.057531065214093,8.56316892916103,-4.383427122028434,10.165886745833532,-13.7655999557341
527,-97.77079296664793,-9.12724242783037,83.61575911051652,43.42949881081057,-20.878433968776047,5.309594797963182,27.107502990975412,54.950264652736074,-41.4564615163285,-48.79625812039257,-34.20260182528425,49.44739651579318,22.619406670674532,-18.49438820935498,33.19204219638914,13.91802608538459,-20.385368673022192
528,-132.56063208932895,-16.41616312490299,104.43036569666516,8.819473741838669,-26.0960694726603,27.586394135657258,20.243396979078742,47.331641746069,14.39199842743376,-17.583438633566075,-39.79328971764158,-16.899323396015827,13.652096257503457,3.487793007323278,38.66396561482425,13.896648608602765,-7.958007735306692
529,12.17420246948407,81.55414431706016,108.59508544936975,-24.39818142812221,-14.749507573928774,50.56174824439517,28.26931832938899,5.881946482824153,-53.3589082944079,-17.284780120705772,12.977478913302255,-14.775299603358702,-55.95092934128029,13.805941360770824,32.177645088843846,-27.665864277735068,-17.567091058442987
530,-107.71279494833901,4.60125221321954,111.81135508596861,-12.844013560363637,-25.90754509326854,27.819628905728102,17.734741928857,-56.24013212756248,-61.3392594380141,-64.35315965881917,-33.51231111360464,-50.77821596129456,-112.74512271557045,-14.56806901795952,17.85425129219012,-4.345789816526067,-37.04553862446009
531,-35.37264394124216,68.44302461059792,30.734696350628568,-16.631175394764057,-14.407056778831743,12.463171045825876,-9.822614132500071,6.360660907513929,-6.602610235995427,-31.457099484786465,15.932157959679275,214.74423116363516,-19.33633541557554,-16.432811328802224,13.627105351021571,7.860730196903278,-3.5389124641902567
532,9.29785194951492,80.93572273262703,109.16985328220318,-23.714824509605133,-14.446246303471234,50.43536154361488,28.78740230474444,5.755261051507688,-54.997452951236404,-18.0602701078279,12.556644080736811,-12.998975917200035,-55.87795335580781,13.766645164365576,32.79452051267265,-28.01783211519625,-17.420080328037816
533,-71.76999511336844,99.84838466699541,95.31106115186097,-198.49339290185407,-22.52094222019248,39.103160234407056,35.467062952105515,4.645500848337315,-41.43087572413187,-38.58312286899993,-4.9574633783263415,-45.04645760095957,-38.84638011246464,13.838290908168851,30.976357803802447,-30.2386653712284,-2.355190388197645
534,-122.37863128229051,233.58649613760542,97.57717777448754,-20.342749974492754,-21.394081789258674,32.5797589455404,32.28971636573046,9.200486286656737,18.643509088930557,-42.01024242168428,-10.889307172956308,-30.501797651222653,-50.668660325638086,-13.364198461829039,23.020045329091545,8.291701618470807,-16.55506225952841
535,-108.10146091348372,1.318258220167531,111.48168421972498,-13.093901358790294,-25.84516691558596,27.84768480579843,18.015758261201817,-56.265286722167524,-58.91271786272913,-63.760253391442134,-33.65293306463072,-50.80374578863251,-112.05636347073839,-14.559950086203816,18.743503858716277,-4.271636016491699,-36.866751974841264
536,-30.272364654764786,50.453134116466615,42.89882084167763,-7.2614035364997305,152.7999064978839,4.213089263442401,7.831104290480326,-1.3948753403639165,0.06972432456130127,-26.044044960310792,6.834431472763885,-12.54479803528134,-21.205522813227752,4.160886654173756,14.423464675141117,-3.8816170358584636,-4.09611489033202
537,-115.3711559471811,-0.20948123163972618,115.01646342340428,-21.801704638971835,-27.20808850858737,33.155686416708164,15.182954660864223,-58.47669319355082,-44.44843616595324,-52.930153284076326,-34.418956991676644,-67.73993171987158,-114.21707545736129,-9.723758476781999,19.49135202726044,-4.286387952713019,-33.603837282648136
538,-46.18736522601165,39.51209988460324,30.979506616245253,-3.296036195646167,148.54517383496434,30.066768151598982,3.655270096979608,-0.2100230273717463,14.026851842153693,-25.167496645695422,2.160828229098095,-12.584422924687656,-10.115747552031234,1.2549536128132235,9.439769702061874,3.0770593520926197,-2.909024986397823
539,-51.87169324444692,66.20510805957245,65.47169180743951,1.514995846887633,-21.034370260330373,18.543783224775293,-1.0429453254715613,5.219494075049231,-44.84019135933895,-17.740743090828484,-23.407895948271985,-26.59985468393853,-13.143200972980212,-4.085741736335052,-245.97307788530608,0.680163318187071,-3.107314509518535
540,-96.7205303340492,112.80601679415857,97.09708238013293,-190.22792794587153,-25.47685333477255,34.69798656435002,30.286374430309245,10.054480514464318,-47.9826501591274,-42.43346456820983,-13.631204298937657,-47.5699151173889,-28.902101560638627,12.60902849906658,23.287805391635114,-21.872893986933583,-0.9628404512621923
541,-115.89891824303739,-0.19467149622005073,116.29580152230412,-20.843287314121746,-27.04492489160081,32.873776601432205,16.422967128387874,-57.97489519416714,-45.40284410179394,-56.82829446472641,-34.95226314155908,-65.78218733371432,-114.10086204374205,-9.62675982754325,20.017215889225884,-4.292400691437408,-34.04818574037858
542,-139.41237267649996,25.20841023090803,107.6729227265641,-2.7635955815672,-26.33961486357185,32.98616320615537,22.16418453518891,39.05682367692814,31.20797641157643,-15.917818718397035,-35.957457666423664,-31.71135325753297,0.8646584906187728,4.0740518437153375,38.870258132173575,13.23527885614863,-7.213938944389686
543,-122.32964077029563,231.79354065904343,97.36271496969911,-15.615500739988509,-21.314554064997292,31.98270460106032,32.17130503129555,10.017087173681762,18.20581823856935,-42.25708385029527,-11.264185471015098,-28.55420574353056,-49.75422101171592,-13.993217089944253,23.03446482432328,9.005024025335741,-16.97959267023994
544,-109.23738409591016,212.3610803210392,85.02278037547272,-18.877252151192828,-19.394375816957435,29.814634686529036,31.130489057713923,1.7738095506083404,31.74736258362544,-36.319983674277964,-9.27956579203697,-28.865677206663346,-46.844145401281665,-15.923876410375772,-24.304013245743597,7.207010562734773,-14.224650003686923
545,-122.32964077029563,231.79354065904343,97.36271496969911,-15.615500739988509,-21.314554064997292,31.98270460106032,32.17130503129555,10.017087173681762,18.20581823856935,-42.25708385029527,-11.264185471015098,-28.55420574353056,-49.75422101171592,-13.993217089944253,23.03446482432328,9.005024025335741,-16.97959267023994
546,-97.01569679545302,87.60547126572087,96.29165489558034,-197.86450729096003,-24.913594885749806,35.578632985977144,33.36534594136132,-6.745721672361677,-37.75447239237912,-45.9267222746156,-14.013607659579858,-54.863646217926345,-49.06627718044455,9.073904550890205,28.65909237112027,-25.212799832134298,-5.303682279339255
547,30.460353465197233,88.10346058652551,95.37342294546052,-25.065316563042973,-6.640107358060432,77.3866833543141,24.72919789245997,-1.016405165271022,-62.57809913673186,-19.26526034521769,17.492798760872947,-10.84669330723189,-60.04635439209689,11.138465455744944,27.582388410458357,-29.177831779752225,-16.103034947063083
548,34.33567250967673,90.70475984490353,99.56340003880452,-24.005144295160683,-7.564383473433709,45.01616899209878,30.514168181399388,-0.029989949676176554,-64.32214126518123,14.489499174736503,18.608562612239194,-8.179298061948437,-60.57669813912696,12.622564925115189,25.669264826276923,-28.869765889788383,-16.37312409457075
549,-134.58403160426664,-12.373577914667836,105.92036161832773,8.439716580869028,-26.41084646702208,28.12272382150974,20.873086808603016,47.35697070001952,15.16386969517663,-18.257482092033985,-39.89771444365354,-17.385827791591325,12.748696650775637,3.1877294986778484,39.15878132124644,14.04100481794991,-8.237503052178445
550,-71.76999511336844,99.84838466699541,95.31106115186097,-198.49339290185407,-22.52094222019248,39.103160234407056,35.467062952105515,4.645500848337315,-41.43087572413187,-38.58312286899993,-4.9574633783263415,-45.04645760095957,-38.84638011246464,13.838290908168851,30.976357803802447,-30.2386653712284,-2.355190388197645
551,45.91225981825606,21.22904816958743,54.295897154642326,9.093343173013517,-35.926875324360196,11.567543416299628,1.4182699127014655,61.26417318744607,36.27534788692513,-9.617645618418402,-12.976747747465637,-39.14465639247449,19.0899573083401,-16.472687210905747,2.1592520655639897,31.587327925864862,-27.835505297621612
552,-133.5197869670511,-16.564164110707047,104.44629450740163,8.726111718511854,-26.58192470661422,27.864251482936183,19.489619038125387,47.777411258757084,14.335599106972909,-14.619303508454667,-39.802214602352194,-17.751847125977285,13.95293192161827,2.9922505888793767,38.66497559140019,14.136542663541107,-7.906883939757862
553,-112.01225859159028,32.635268434300045,119.59251018474029,-18.34440932985517,-27.6687066684266,32.59321760072893,13.612803804939722,-57.72334924811676,-69.66825985464371,-62.757357138496744,-33.546043631298254,-65.52688906033481,-120.98845449206253,-9.70794914510027,11.124690223964315,-5.033938691781097,-35.83605223656688
554,34.072065290423986,91.05927326649444,96.92951917589629,-24.023664412970298,-7.627356944414693,42.04145547739668,30.841591919935066,-0.0527633468639176,-64.9730143854843,13.877464279711562,18.48084221109091,-8.23682356612642,-60.916498185699375,12.67796917104789,25.681103499611474,-29.09856391313429,-17.00248832111924
555,-115.89891824303739,-0.19467149622005073,116.29580152230412,-20.843287314121746,-27.04492489160081,32.873776601432205,16.422967128387874,-57.97489519416714,-45.40284410179394,-56.82829446472641,-34.95226314155908,-65.78218733371432,-114.10086204374205,-9.62675982754325,20.017215889225884,-4.292400691437408,-34.04818574037858
556,-103.79712688963744,-10.231947280571653,98.68268736833093,1.9859045566679023,-29.128682177235703,28.850261143460198,15.062557225524223,48.59849605923365,30.77744499571888,-9.828538762344783,-35.58494139198716,-34.662560257602486,12.92233640277864,3.880754971375753,32.49521137653629,17.41632698321455,-9.42811503935839
557,-116.43540058439666,3.9811049643994894,116.49053053433038,-22.08809977661466,-27.03701026899523,33.41415875528172,16.566422431341863,-58.8971337522884,-43.62016557774951,-56.56833186765564,-34.514456832977984,-67.37391238548561,-115.42131072820393,-9.528279566983528,19.985157757106673,-4.381925798304216,-33.934456395068715
558,34.31778233615962,84.08185950506363,89.57289805111589,-24.620003987103964,-9.563574099035998,44.89539225198916,25.20859043782012,-2.7684166123933847,-58.88954397740288,-15.488380082142118,19.964885546736426,-8.513690307485097,-58.19382812976721,12.669304115999378,25.583672699262213,-30.567454732498938,-16.226349304554166
559,-122.32964077029563,231.79354065904343,97.36271496969911,-15.615500739988509,-21.314554064997292,31.98270460106032,32.17130503129555,10.017087173681762,18.20581823856935,-42.25708385029527,-11.264185471015098,-28.55420574353056,-49.75422101171592,-13.993217089944253,23.03446482432328,9.005024025335741,-16.97959267023994
560,-52.60691831700306,79.73624542856267,58.99850191260339,-4.133342374259723,-19.074894029653493,18.621423654426714,4.7412605495587155,-0.24262709905189642,-18.709602664445327,-16.586876771749935,-18.988269490142827,-25.437253384503816,-15.359222687038057,-8.14524462305369,-239.29384451414597,0.8433654859831576,-2.9161075982964615
561,-134.58403160426664,-12.373577914667836,105.92036161832773,8.439716580869028,-26.41084646702208,28.12272382150974,20.873086808603016,47.35697070001952,15.16386969517663,-18.257482092033985,-39.89771444365354,-17.385827791591325,12.748696650775637,3.1877294986778484,39.15878132124644,14.04100481794991,-8.237503052178445
562,-109.23738409591016,212.3610803210392,85.02278037547272,-18.877252151192828,-19.394375816957435,29.814634686529036,31.130489057713923,1.7738095506083404,31.74736258362544,-36.319983674277964,-9.27956579203697,-28.865677206663346,-46.844145401281665,-15.923876410375772,-24.304013245743597,7.207010562734773,-14.224650003686923
563,-114.67465573608038,-0.05196640391016117,115.15430213413966,-21.65956599496873,-26.874259206454145,32.83349246580271,15.763610619206398,-58.58098155430596,-44.52723153596495,-56.2795436922438,-34.33371066609968,-67.27137251483317,-114.38952875537788,-3.8977611817505626,19.60215972393303,-4.218029273597105,-33.874967922639954
564,26.69576710062132,93.36011187572669,70.29223003103036,-29.090789390141,-10.925851732966313,48.22530223903881,28.659409736487795,-1.382133956125494,-68.99266983687573,-26.11325000211821,16.484210144416426,-12.031056399472117,-63.99038321223474,12.129028643752141,28.134557460432475,-32.098486427764904,-22.192047653224463
565,30.86774697872215,88.15521343163991,95.12130894568777,-25.04339427906388,-9.89389768192774,77.37943550957677,24.7805264901258,-1.2853666092948366,-61.910822227904546,-19.305736424941113,17.928766892433558,-10.613430106195972,-60.09499251032251,11.344511325515057,27.503716383777345,-29.331065103654893,-15.929711136269447
566,44.09520794689247,21.288467935327724,56.23048898060572,8.659007840246543,-36.36873537079056,12.116083362145481,1.676789717698622,59.934693412960605,35.28973759280374,-10.70169454265034,-13.526809636683263,-40.37061445438607,16.76187303200535,-16.6870453606543,2.415872279978997,31.450904880869672,-28.492129805819904
567,-30.408287811464174,36.32869388536428,41.93870299758898,-0.589670980587521,-15.408747849606335,12.731780520009957,-1.5838791473746052,-1.278682248344975,-24.492063594835844,-9.089747522679117,-17.398043137908633,-20.03868862949569,-5.826349944550334,-5.28607908660083,-244.02114640932857,-0.7576169375627836,0.13768285617009585
568,-93.65558565882576,84.61847533508578,90.56824950903562,-184.23694357106373,-23.925509833187345,30.042725437587762,35.04104472925892,16.78218784904812,-40.71456502896177,-44.50894479360686,-14.376853479436805,-31.598875440530186,-21.2104207082382,7.673581414971062,30.645957736922693,-21.496692099315478,-2.6490257880497734
569,-123.27809248295372,145.91931225910477,127.55819514357033,13.568490125437629,-30.870734391550908,31.76409310373697,4.90904696305947,47.63737401950418,-92.93491674763301,-40.460581472716726,-34.748123286406454,-31.16032420079134,-22.64048198748004,8.164625159955879,-3.8565532834870404,10.399768062047485,-14.158824617915714
570,-56.942080434905115,62.947853795045845,48.89876685650885,0.19277899631954556,149.01753208508757,3.6640204104357434,2.8245337189755024,6.929644496757679,-6.519044430025368,-29.783343016699842,-2.385124557281142,-16.061924039319816,-14.04541231918068,3.1027731799140903,6.874106417235527,3.9670464983956526,-3.0815372574304636
571,-35.37264394124216,68.44302461059792,30.734696350628568,-16.631175394764057,-14.407056778831743,12.463171045825876,-9.822614132500071,6.360660907513929,-6.602610235995427,-31.457099484786465,15.932157959679275,214.74423116363516,-19.33633541557554,-16.432811328802224,13.627105351021571,7.860730196903278,-3.5389124641902567
572,-93.56871598989014,79.77075095096725,-102.98174279798783,-8.502523773023515,-23.538976546351996,35.20717591922249,14.807593772609073,11.4447226785624,-35.47348600666063,-30.337919228798103,-16.362121030979203,-24.52552259851136,-26.78884205893826,1.5740171312795814,17.47606700036915,2.7152461301339526,13.84058620812537
573,-115.15073334703115,151.77612173793273,122.40390493050867,20.934106502201896,-29.52975535115105,26.719928817993406,6.82227019136228,48.61470043027136,-106.16320906907214,-47.90279546088564,-32.8666168923494,-16.10933642469396,-21.689265590826736,2.7817829108927477,-5.303847005061369,10.333314816231464,-17.17683553311996
574,-136.80792407970608,-0.5608734943021227,76.97698265281325,-1.8191886314347931,-27.7157758802269,34.63257885024607,18.19897817123189,38.480131104555475,18.339929334172613,-13.989505169094683,-37.52083051408954,-33.377289099813154,2.7979232286662117,7.82817320349878,36.74410129399883,12.130975149226256,-0.7204464583374168
575,-123.60822718073888,146.11192327522946,128.19752005989744,12.269099491147381,-30.98990282101391,32.316685517579856,4.681332241486341,45.36032673294694,-92.90971978545286,-40.61062434140998,-34.75595414103102,-33.49150291889871,-25.385615341548846,8.34881077941248,-4.126806907613427,10.02946370083834,-14.422224463932391
576,-122.57266478219698,233.37312764552948,94.42391748271758,-16.635933444039154,-21.432338701110915,32.632469077934616,31.94101117001117,9.264884086978954,18.69917235865537,-41.78928561142494,-10.98193336173813,-30.079406507719135,-50.606829886966175,-13.537743255351847,22.816816370799238,8.842098983897609,-16.19017409172318
577,-119.97907441926444,189.35810988350858,124.15646603874504,9.730794339765659,-29.45852374770082,31.58336820263903,8.113367917948175,40.31455340717999,-90.11910235267233,-45.563132087248704,-28.92636011511952,-30.434861890635606,-33.5733037509836,3.668105255930236,-5.592370194134225,9.527588854430185,-16.153271425331205
578,-134.52526744549087,-13.434463684056208,106.59020539505389,9.073373957862882,-26.61444570908967,28.112740411549208,20.271638380769332,48.11440735585697,12.455746680395588,-18.34013329795782,-40.33926880975615,-17.432844195268952,13.153219582293943,3.6292625573247106,38.443110445784995,14.05406893867727,-8.216845021055727
579,-115.48063515340006,147.43224197549236,122.7440778409912,21.31787608076909,-29.670976415536057,26.738001308103197,6.501838095873411,49.34698249150378,-106.4447905085682,-47.39254039943245,-33.44879320947809,-16.181882655709533,-20.59598341447638,3.231434901295312,-5.1302653139966505,10.420532736993195,-16.977390852378416
580,-108.10146091348372,1.318258220167531,111.48168421972498,-13.093901358790294,-25.84516691558596,27.84768480579843,18.015758261201817,-56.265286722167524,-58.91271786272913,-63.760253391442134,-33.65293306463072,-50.80374578863251,-112.05636347073839,-14.559950086203816,18.743503858716277,-4.271636016491699,-36.866751974841264
581,-115.64063846697998,169.70567652355268,124.54853297839293,-26.3383858428406,-30.32503259376486,32.69047226279418,8.006383535711379,40.448691560021146,-101.78630056546005,-45.43438117477576,-29.117833911761483,-35.585255501614874,-30.83365873004834,9.071969192044868,-5.448041957378711,3.200090747582124,-12.931531426004662
582,51.53725042152787,39.467799866904976,17.479863286288055,7.438585824758597,-35.867663096972315,12.754332556506164,1.169716568972528,55.767238892428566,25.244917296948568,-13.63561034425961,-9.041858835798582,-38.02145069054064,12.305617152324844,-17.47634640772028,-1.2286250173454947,29.875990312072837,-23.672760182688172
583,-108.59136603343255,19.247813005787506,113.62631226760924,-60.3663937038328,-26.64044415819977,33.81822825059921,19.19987160555091,-64.43129559241778,-54.53580935911706,-61.29183910533225,-29.904150084042808,-70.27966486555343,-121.20075660996001,-8.269763805051694,18.59930890639893,-11.40486008514103,-32.62144786772597
584,-120.84272359671719,231.9267319094278,96.0674480600628,-16.48055604151178,-20.99186244802993,31.986757069057354,31.685070504725285,9.069519661609984,19.2166254948709,-41.32307779475659,-10.721954436422038,-29.659426399726353,-50.171270089449976,-13.594673320739101,22.50759098578189,8.771142709121788,-16.586368008058322
585,-134.37768396069254,-16.3567433591627,106.36495752262856,8.385138409071695,-26.537929519090664,28.13493408150311,20.5019167840759,46.00216197158354,13.406388133312367,-18.66748755779801,-40.3433516068592,-18.12528145792741,11.324011981168704,3.2734348575747267,38.92058582923925,13.760225563607573,-8.614632243504984
586,-123.19602491802382,231.62543735722258,97.8976168922079,-16.47654362391422,-21.44786050677672,32.54115924501963,31.994328238760687,9.827130676792915,19.706915323117702,-41.4868661917713,-11.408555479562693,-30.218477026317426,-49.98138751982744,-13.445084838981966,23.17598838326879,9.002716839230661,-16.666418644188525
587,-118.03017712704437,203.7595244379629,89.58155987092744,-10.115104970496969,-19.553392489839233,27.209115906059484,36.29324315521282,11.500304294236038,26.534818655198915,-43.852886370617696,-11.230452953321477,-13.80553264449029,-41.510889235223836,-18.853336962803496,29.764025892549075,9.69317290059077,-18.18907905813316
588,-113.7251175369715,1.6205474044815629,116.79260747382918,-22.20010869232166,-26.912119749301226,33.77760071411874,16.442541110341878,-58.97733935581086,-45.56953931660263,-56.2029768462817,-34.00991585173773,-67.05770182349141,-115.68153722405218,-8.974706108248471,20.00250835756843,-5.13721368112173,-33.979023478148434
589,-102.17184365130927,80.01516264177086,95.69202086169823,-193.53560795911207,-25.18205806098262,35.649465547134746,33.50155520721666,12.770377495886239,-24.752952730561447,-37.134122468207366,-15.824636362015825,-48.93402553105731,-25.311293390478617,12.799076224843931,32.538668709832066,-21.813607335435968,0.08492725001507667
590,-96.37190785006108,22.836614326245588,88.1611662908948,45.76407950073149,-21.84359163705578,5.522051552543933,24.821563091061297,55.93905858285611,-69.4270108791034,-54.4849960453099,-33.29887090861755,49.36777556224726,16.041046703266247,-18.369097866968012,24.778894989229133,13.478972182571107,-22.352885909681635
591,-122.57266478219698,233.37312764552948,94.42391748271758,-16.635933444039154,-21.432338701110915,32.632469077934616,31.94101117001117,9.264884086978954,18.69917235865537,-41.78928561142494,-10.98193336173813,-30.079406507719135,-50.606829886966175,-13.537743255351847,22.816816370799238,8.842098983897609,-16.19017409172318
592,-116.37663642562086,2.920219195011117,117.16037431105653,-21.454442399620806,-27.240609511062814,33.404175345321185,15.964974003508168,-58.13969709645094,-46.328288592530555,-56.650983073579475,-34.95601119908059,-67.42092878916324,-115.01678779668562,-9.086746508336667,19.26948688164524,-4.368861677576856,-33.91379836394599
593,-109.24711294122496,212.70992508429214,55.83849304005412,-19.374249455785755,-17.28653461286721,29.986548696596422,34.277071327172465,3.279945204739426,27.112881764681934,-44.45053110827931,-9.121465273176618,-27.53273404693895,-50.980544858843786,-15.638649601909295,26.533717924995756,6.302769133836263,-20.253836533517227
594,-123.60822718073888,146.11192327522946,128.19752005989744,12.269099491147381,-30.98990282101391,32.316685517579856,4.681332241486341,45.36032673294694,-92.90971978545286,-40.61062434140998,-34.75595414103102,-33.49150291889871,-25.385615341548846,8.34881077941248,-4.126806907613427,10.02946370083834,-14.422224463932391
595,27.683067888941817,92.61560774819601,69.62773058330437,-24.819703008766975,-10.851205569154455,47.77860672234299,28.1781246133842,-2.1222019239524976,-68.69493389228694,-25.20341809762507,20.027778134727864,-10.476754763678505,-63.579746439012226,12.340269217981865,28.04409992050147,-31.837565063240103,-21.833841783694588
596,-10.815129264050967,37.1157702801412,45.88415207729308,-7.088234663816939,-0.3659427029164511,171.33199059708426,2.7846017607111797,7.110860830001691,-27.56311329432891,-22.187148232655005,-6.656326065470229,-12.433899158823397,-21.10596781127537,-4.3011037097774025,14.775910873161212,0.2049936744387439,-1.9539862758651563
597,-110.46224437854588,211.66954330377547,82.0464661766579,-19.215894679620867,14.646329167730192,26.256614983625184,31.94494525948308,1.8352179107240554,39.205325298796,-38.8947121817554,-5.167036927043335,-26.97281152384806,-47.48674447293942,-14.526088155776963,26.31980774902526,7.825105702108677,-14.30334467114039
598,48.212115800066734,88.93416284555117,96.7778888191447,-22.803020157042003,-15.823102973285,46.11873457982176,24.890095949968465,7.974112821489019,-52.61216997213329,-17.07354076630763,18.750923526460255,-15.224720607113827,-54.7530972071515,9.076828388000349,24.683656846388182,-24.70896319574762,-21.628703230422005
600,-47.72005452191002,53.15843155736412,-119.47447336313319,-4.562711656711976,-9.071082061575892,19.735707900554587,17.243277266611845,8.46465244224087,-53.35204599798146,-51.368601370253394,-19.322600903674513,-17.519337288260765,-31.08322056465335,-3.2820703815794743,13.249122070397942,-4.411856346314519,-26.063954490314508
601,-108.10146091348372,1.318258220167531,111.48168421972498,-13.093901358790294,-25.84516691558596,27.84768480579843,18.015758261201817,-56.265286722167524,-58.91271786272913,-63.760253391442134,-33.65293306463072,-50.80374578863251,-112.05636347073839,-14.559950086203816,18.743503858716277,-4.271636016491699,-36.866751974841264
602,-49.7797434077738,56.57946027288106,-118.92804353129377,-5.008188689795545,-9.589081354326817,20.584800344971985,17.33812868230125,8.230969229950647,-52.06712778396578,-55.078606317837156,-19.31175452277978,-18.060278306377036,-31.767344814250748,-3.590707899041328,13.754579000963806,-4.42490512494999,-26.325805946501756
603,-86.36345385282473,19.470447227183676,116.44974373497564,-26.662115140789442,-24.517115492590097,36.88592593266382,18.211498080741837,-66.28972833860493,-60.57967001081602,-57.50707720699501,-24.229460166417198,-63.558890686403444,-127.86311527383961,-8.039412893256044,18.59642854214177,-12.719765913334914,-36.175129352539884
604,17.141653609062796,100.7389215525801,106.6047870213266,-63.67627864968071,-14.027627557753773,51.37395096266547,31.51356885286923,-2.7882301364113165,-65.60631833092772,-23.44407527565097,17.741296292176116,-18.163360884359655,-65.49581476798308,14.759694555351446,30.9648363467738,-35.49828868400395,-16.569916327453303
605,-119.97907441926444,189.35810988350858,124.15646603874504,9.730794339765659,-29.45852374770082,31.58336820263903,8.113367917948175,40.31455340717999,-90.11910235267233,-45.563132087248704,-28.92636011511952,-30.434861890635606,-33.5733037509836,3.668105255930236,-5.592370194134225,9.527588854430185,-16.153271425331205
606,114.21660371517316,39.321100809420365,41.84206121127065,7.453660374554953,-20.298194470056128,-2.957264271639283,1.948264861115649,11.41125352871381,-17.182703535345127,-65.84396000544622,-89.59194667624105,-2.1657036681481143,1.1592733399004906,-9.760847240607875,5.4702645714283324,26.878840419763694,10.033855130608055
607,-135.59948296333894,0.14155555420612884,72.96335105339882,-1.4457124456734247,-27.369921663066695,34.35772971545688,18.22507571000098,39.935142482163045,18.372538682940753,-13.899226774167584,-37.302100891450486,-32.418830521950646,4.596091020373023,7.9654563201316,36.69132412136988,12.162239133759948,-0.6635223598591458
608,-58.2023423011997,66.73058841774876,50.14552490906465,-0.1236386234552133,149.29623771517637,0.7414744502626426,3.4005057079013628,6.881344604063775,-5.792896221621887,-30.204380162451624,-2.3996144600981557,-16.396072603526026,-14.931511661662075,2.8174941777621174,7.384222580545309,4.051418269398922,-3.1236586554593324
609,-109.63577890636967,209.4269310912401,55.5088221738105,-19.624137254212414,-17.224156435184632,30.01460459666675,34.55808765951728,3.254790610134389,29.539423339966913,-43.85762484090227,-9.2620872242027,-27.558263874276893,-50.291785614011744,-15.630530670153592,27.422970491521912,6.376922933870632,-20.075049883898394
610,-128.7699263043444,-16.697451729484126,92.9322516173031,0.10035579486107143,-28.050397259493266,30.401439820419807,8.329506830412598,43.26122926430386,22.925270529539223,20.46396711739607,-35.00245925341025,-35.37154660139252,12.9070111990451,2.1192627457306283,33.93220083371119,14.190657312060612,-3.9077478201838645
611,-23.315141566811675,22.81141761178611,32.39228916202277,-2.1139742368381573,30.29865872213771,162.92585102871715,-2.7071993018336054,10.863045931723617,-23.7298325097105,-19.492673808596304,-15.127180893913245,-13.36385043158679,-9.530840396693593,-8.549146488603267,10.141440875411657,7.85083065434094,-0.5321138592421539
612,-115.89891824303739,-0.19467149622005073,116.29580152230412,-20.843287314121746,-27.04492489160081,32.873776601432205,16.422967128387874,-57.97489519416714,-45.40284410179394,-56.82829446472641,-34.95226314155908,-65.78218733371432,-114.10086204374205,-9.62675982754325,20.017215889225884,-4.292400691437408,-34.04818574037858
613,-137.39788675275375,-12.830288735478653,112.33334457436075,-8.036626534044784,-27.68997310851909,33.705320150569165,18.570895624352648,24.69213550554341,14.070851643295022,-19.771031947426344,-40.038951000421505,-41.05348182858591,-14.296627519372704,5.560124060799347,36.47388371687005,9.71416390586033,-10.560700446943542
614,-117.96458849551824,151.3194109171219,128.8168878865417,4.457763387288077,-30.808881992648057,32.30252514705282,4.520079007111914,25.949865235795254,-107.25622712095374,-49.416345316278004,-33.00785344911737,-39.77699046168855,-48.73458976097507,5.154177473014246,-7.988744609437753,6.006473904141881,-19.500032927885066
615,18.994994851352473,101.30105828155803,105.61376128518636,-63.17622344479981,-13.382545212934263,50.5126482582547,31.789887461706943,-1.1997381956851219,-65.13375498307916,-19.32406486230318,18.176087074487047,-16.882966199907294,-63.38700584877871,14.982626713916419,30.697574908215113,-35.204460651026146,-15.930935679939513
616,-136.80792407970608,-0.5608734943021227,76.97698265281325,-1.8191886314347931,-27.7157758802269,34.63257885024607,18.19897817123189,38.480131104555475,18.339929334172613,-13.989505169094683,-37.52083051408954,-33.377289099813154,2.7979232286662117,7.82817320349878,36.74410129399883,12.130975149226256,-0.7204464583374168
617,-113.89047148073655,147.9933871152298,121.15714687795288,21.250524121976653,-29.80846098123984,29.642474778166502,6.246298202436421,48.66300032296526,-106.88935727747561,-47.48175831513385,-32.85212698953238,-15.77518786048775,-20.803166248345345,3.06706191304472,-5.81396316837115,10.248943045228195,-17.134714135091095
618,-122.37863128229051,233.58649613760542,97.57717777448754,-20.342749974492754,-21.394081789258674,32.5797589455404,32.28971636573046,9.200486286656737,18.643509088930557,-42.01024242168428,-10.889307172956308,-30.501797651222653,-50.668660325638086,-13.364198461829039,23.020045329091545,8.291701618470807,-16.55506225952841
619,-115.48063515340006,147.43224197549236,122.7440778409912,21.31787608076909,-29.670976415536057,26.738001308103197,6.501838095873411,49.34698249150378,-106.4447905085682,-47.39254039943245,-33.44879320947809,-16.181882655709533,-20.59598341447638,3.231434901295312,-5.1302653139966505,10.420532736993195,-16.977390852378416
620,-94.6329606271057,83.96133714700647,-101.50767568706173,-8.788918910666345,-23.367898306759855,35.46564825779605,16.191061543086708,11.024282119824829,-34.64521541845691,-33.97609781237742,-16.457620872280547,-24.1595032641254,-27.993077329780892,1.7694960410780523,17.969872730215386,2.619708284542754,13.509967095704791
621,-97.01569679545302,87.60547126572087,96.29165489558034,-197.86450729096003,-24.913594885749806,35.578632985977144,33.36534594136132,-6.745721672361677,-37.75447239237912,-45.9267222746156,-14.013607659579858,-54.863646217926345,-49.06627718044455,9.073904550890205,28.65909237112027,-25.212799832134298,-5.303682279339255
622,-122.37863128229051,233.58649613760542,97.57717777448754,-20.342749974492754,-21.394081789258674,32.5797589455404,32.28971636573046,9.200486286656737,18.643509088930557,-42.01024242168428,-10.889307172956308,-30.501797651222653,-50.668660325638086,-13.364198461829039,23.020045329091545,8.291701618470807,-16.55506225952841
623,-108.20270006828784,22.530806998839516,113.95598313385287,-60.11650590540614,-26.70282233588235,33.790172350528884,18.918855273206095,-64.40614099781273,-56.96235093440203,-61.88474537270928,-29.763528133016724,-70.25413503821548,-121.88951585479207,-8.277882736807397,17.71005633987277,-11.4790138851754,-32.8002345173448
624,-56.586336299786915,62.63625036239922,48.90764298717482,0.2341962535353331,152.86480503340545,0.2123926091474946,2.719487280711256,7.124977094137079,-7.232044398192069,-29.4898606242603,-2.731157865646807,-16.142831408986442,-13.97947393670863,2.9115118166374323,6.9680789008041355,4.060295383954444,-3.017487149381216
625,-108.72208406774187,115.70781533748428,-65.14747495919963,-11.344241673312844,-25.759209199743655,38.08205359579372,19.04033797283328,10.779692283946256,-20.104616302276753,-30.861478309931933,-14.63009983271704,-26.396568783067305,-31.323385619261362,-0.018855655572082495,20.16392850111521,5.127925103356531,16.7326760553102
626,-102.3194271361076,82.93744231687735,95.91726873412354,-192.8473724103209,-25.258574250981624,35.627271877180846,33.2712768039101,14.882622880159666,-25.703594183478227,-36.80676820836717,-15.820553564912771,-48.24158826839885,-23.482085789353377,13.154903924593913,32.061193326377804,-21.51976396036627,0.4827144724643339
627,-56.76658437401983,73.29686090139732,41.95709122014061,-6.080455232424115,151.64700713021404,0.30497886401548424,8.785300156713935,-0.718350908261289,20.516462658445654,-28.703824644745364,2.1203539269399116,-15.439404171174269,-18.07334137011734,-1.2977729000610752,14.046115628737498,3.776420852778167,-3.0507436498147635
628,-115.15073334703115,151.77612173793273,122.40390493050867,20.934106502201896,-29.52975535115105,26.719928817993406,6.82227019136228,48.61470043027136,-106.16320906907214,-47.90279546088564,-32.8666168923494,-16.10933642469396,-21.689265590826736,2.7817829108927477,-5.303847005061369,10.333314816231464,-17.17683553311996
629,-115.89891824303739,-0.19467149622005073,116.29580152230412,-20.843287314121746,-27.04492489160081,32.873776601432205,16.422967128387874,-57.97489519416714,-45.40284410179394,-56.82829446472641,-34.95226314155908,-65.78218733371432,-114.10086204374205,-9.62675982754325,20.017215889225884,-4.292400691437408,-34.04818574037858
630,-122.37863128229051,233.58649613760542,97.57717777448754,-20.342749974492754,-21.394081789258674,32.5797589455404,32.28971636573046,9.200486286656737,18.643509088930557,-42.01024242168428,-10.889307172956308,-30.501797651222653,-50.668660325638086,-13.364198461829039,23.020045329091545,8.291701618470807,-16.55506225952841
631,-115.89891824303739,-0.19467149622005073,116.29580152230412,-20.843287314121746,-27.04492489160081,32.873776601432205,16.422967128387874,-57.97489519416714,-45.40284410179394,-56.82829446472641,-34.95226314155908,-65.78218733371432,-114.10086204374205,-9.62675982754325,20.017215889225884,-4.292400691437408,-34.04818574037858
632,112.48216683303872,39.24320586802924,41.67640322392495,7.229622962352765,-19.7052739409204,0.16880582133621527,1.937307915131383,10.485305585635427,-18.11256876092225,-66.06717957130958,-89.67416233964373,-1.7045746180563277,0.6250838095833897,-9.534078946856404,5.7522705251672495,26.41663022897297,10.60375434002331
634,76.350397727123,41.683826689530214,54.85850353462822,4.201278102385465,-33.062537185180915,14.708475345007026,3.918616071425182,53.39830870613787,19.084377947081883,-8.030684530095119,-2.2248458706828482,-35.20265183983597,5.335595229223655,-15.424898518764408,0.5862999353906861,23.319674878055046,-30.293266796518836
635,-51.54155854666176,66.01249704344778,64.83236689111243,2.814386481177881,-20.915201830867368,17.99119081093241,-0.815230603898432,7.496541361606466,-44.86538832151911,-17.590700222135226,-23.400065093647417,-24.26867596583115,-10.398067618911407,-4.269927355791652,-245.7028242611797,1.0504676793962162,-2.8439146635018586
636,-108.10146091348372,1.318258220167531,111.48168421972498,-13.093901358790294,-25.84516691558596,27.84768480579843,18.015758261201817,-56.265286722167524,-58.91271786272913,-63.760253391442134,-33.65293306463072,-50.80374578863251,-112.05636347073839,-14.559950086203816,18.743503858716277,-4.271636016491699,-36.866751974841264
637,-121.57284749544577,232.58454254562469,96.60920560027215,-16.525579710900896,-17.894581899240347,31.887454508816887,31.736475241722594,9.050578535330562,19.472868902929058,-41.76126643140904,-10.657843868387284,-29.870933631466336,-50.35180653548748,-13.560492209241598,22.6900430099709,8.818217305487533,-16.59101923154066
638,-97.90526618020158,-9.692031052069304,83.03428879631353,43.26118909886736,-20.763811801483204,5.248208377284924,27.32246868047404,54.92990162162282,-45.65188495450044,-48.392144974524854,-34.018489375737715,49.67152791545885,22.738756581964182,-18.437497031168128,33.00302325700378,13.988936052805922,-20.484968777363125
639,-116.37663642562086,2.920219195011117,117.16037431105653,-21.454442399620806,-27.240609511062814,33.404175345321185,15.964974003508168,-58.13969709645094,-46.328288592530555,-56.650983073579475,-34.95601119908059,-67.42092878916324,-115.01678779668562,-9.086746508336667,19.26948688164524,-4.368861677576856,-33.91379836394599
640,-129.01295031624576,-15.117864742998073,89.99345413032157,-0.9200769091895775,-28.168181895606892,31.051204297294102,8.099212969128198,42.50902617760105,23.418624649625244,20.931765356266403,-34.72020714413328,-36.89674736558109,12.05440232379485,2.574736580323033,33.71455238018715,14.02773227062248,-3.1183292416671073
641,-115.15073334703115,151.77612173793273,122.40390493050867,20.934106502201896,-29.52975535115105,26.719928817993406,6.82227019136228,48.61470043027136,-106.16320906907214,-47.90279546088564,-32.8666168923494,-16.10933642469396,-21.689265590826736,2.7817829108927477,-5.303847005061369,10.333314816231464,-17.17683553311996
642,-94.6329606271057,83.96133714700647,-101.50767568706173,-8.788918910666345,-23.367898306759855,35.46564825779605,16.191061543086708,11.024282119824829,-34.64521541845691,-33.97609781237742,-16.457620872280547,-24.1595032641254,-27.993077329780892,1.7694960410780523,17.969872730215386,2.619708284542754,13.509967095704791
643,30.86774697872215,88.15521343163991,95.12130894568777,-25.04339427906388,-9.89389768192774,77.37943550957677,24.7805264901258,-1.2853666092948366,-61.910822227904546,-19.305736424941113,17.928766892433558,-10.613430106195972,-60.09499251032251,11.344511325515057,27.503716383777345,-29.331065103654893,-15.929711136269447
644,65.44663077663203,29.230607718862856,42.387849994461966,9.038721153471096,-32.02479149720096,38.65387127405172,-1.979010637445287,54.56201169593506,28.07579089260389,-11.574450713504858,-4.770640716584775,-34.941959540977315,15.203213768593864,-18.85164938582163,-2.1826814214112655,30.289456527493986,-26.34884914997507
645,-108.10146091348372,1.318258220167531,111.48168421972498,-13.093901358790294,-25.84516691558596,27.84768480579843,18.015758261201817,-56.265286722167524,-58.91271786272913,-63.760253391442134,-33.65293306463072,-50.80374578863251,-112.05636347073839,-14.559950086203816,18.743503858716277,-4.271636016491699,-36.866751974841264
646,-134.52526744549087,-13.434463684056208,106.59020539505389,9.073373957862882,-26.61444570908967,28.112740411549208,20.271638380769332,48.11440735585697,12.455746680395588,-18.34013329795782,-40.33926880975615,-17.432844195268952,13.153219582293943,3.6292625573247106,38.443110445784995,14.05406893867727,-8.216845021055727
647,55.551017573509924,89.11043939638132,95.16277984690039,-22.110019532672634,-12.901177094708084,42.18580449965796,25.144201694265437,-0.3273342031845616,-60.60679008425147,-24.96133886075551,1.1634572774661018,-8.41778641973475,-55.92030663202495,10.291776968771346,25.665680621680774,-23.92541393256178,-13.476404399300675
648,-71.76999511336844,99.84838466699541,95.31106115186097,-198.49339290185407,-22.52094222019248,39.103160234407056,35.467062952105515,4.645500848337315,-41.43087572413187,-38.58312286899993,-4.9574633783263415,-45.04645760095957,-38.84638011246464,13.838290908168851,30.976357803802447,-30.2386653712284,-2.355190388197645
649,34.072065290423986,91.05927326649444,96.92951917589629,-24.023664412970298,-7.627356944414693,42.04145547739668,30.841591919935066,-0.0527633468639176,-64.9730143854843,13.877464279711562,18.48084221109091,-8.23682356612642,-60.916498185699375,12.67796917104789,25.681103499611474,-29.09856391313429,-17.00248832111924
650,-103.19511462732494,153.00561170773324,114.80491771669124,13.104975657502157,-26.64107738697477,58.704114601701825,1.3884056750111236,41.54431387077343,-100.8590932806027,-42.64005384536862,-29.91823150930277,-27.669557733591482,-26.44047206426069,5.343947551900212,-8.62048357384095,9.32041638980279,-13.061680088328957
651,-134.37768396069254,-16.3567433591627,106.36495752262856,8.385138409071695,-26.537929519090664,28.13493408150311,20.5019167840759,46.00216197158354,13.406388133312367,-18.66748755779801,-40.3433516068592,-18.12528145792741,11.324011981168704,3.2734348575747267,38.92058582923925,13.760225563607573,-8.614632243504984
652,-35.44708978903651,20.94144427948618,47.05722772554052,-6.492004940741166,-6.139468744409678,167.8124257639104,0.36304332310570053,-5.904131863157085,-24.976914615613115,-29.981229183758128,-15.722139378368796,-22.757278241090336,-32.799187667087836,-8.77373883838905,12.141777921790846,4.796846635287845,-5.106283547539668
653,-102.3194271361076,82.93744231687735,95.91726873412354,-192.8473724103209,-25.258574250981624,35.627271877180846,33.2712768039101,14.882622880159666,-25.703594183478227,-36.80676820836717,-15.820553564912771,-48.24158826839885,-23.482085789353377,13.154903924593913,32.061193326377804,-21.51976396036627,0.4827144724643339
654,-94.6329606271057,83.96133714700647,-101.50767568706173,-8.788918910666345,-23.367898306759855,35.46564825779605,16.191061543086708,11.024282119824829,-34.64521541845691,-33.97609781237742,-16.457620872280547,-24.1595032641254,-27.993077329780892,1.7694960410780523,17.969872730215386,2.619708284542754,13.509967095704791
656,-47.06946036034865,54.21890271296313,-118.62596659179496,-5.120197605502546,-9.464190834632811,20.948242303809007,17.21424736130126,8.150763626428173,-54.016501522818885,-54.71325129646321,-18.807213541539525,-17.74406774438284,-32.02757131009899,-3.0371344403062723,13.771929601425564,-5.180193007767503,-26.37037302958148
657,-103.90592993287395,92.9404912862972,-65.61998080830415,-46.80226677042006,-26.430033426345688,38.6587589120599,19.391346715476182,11.078632339071218,-30.84637002432785,-30.91003878860593,-14.817825571837497,-29.908220938597655,-27.66781484538254,4.844994961335968,21.055985745451366,-1.123112017352078,19.82002867820416
658,10.78476912309336,81.06891398301141,107.87458637256687,-24.579879811128407,-14.123554686503875,50.43941401161191,28.301167778174154,4.807693539435912,-53.98664569493486,-17.126264052289223,13.09887511532987,-14.104196573395829,-56.29500243354187,14.165188933570725,32.26764667413125,-28.251713431410202,-17.026855665856203
659,-134.37768396069254,-16.3567433591627,106.36495752262856,8.385138409071695,-26.537929519090664,28.13493408150311,20.5019167840759,46.00216197158354,13.406388133312367,-18.66748755779801,-40.3433516068592,-18.12528145792741,11.324011981168704,3.2734348575747267,38.92058582923925,13.760225563607573,-8.614632243504984
660,-123.19602491802382,231.62543735722258,97.8976168922079,-16.47654362391422,-21.44786050677672,32.54115924501963,31.994328238760687,9.827130676792915,19.706915323117702,-41.4868661917713,-11.408555479562693,-30.218477026317426,-49.98138751982744,-13.445084838981966,23.17598838326879,9.002716839230661,-16.666418644188525
662,-111.87351864663285,69.34673803797394,-61.970993726799655,-8.194781436432063,-27.094903653594738,38.28497216684557,16.066295421251144,15.990267511997017,-21.969789244320637,-26.086281955240146,-20.455945801107028,-27.8144683558815,-22.219771456883045,4.121836548703578,22.377220795216655,5.706260935904132,18.329335640276426
663,-112.01225859159028,32.635268434300045,119.59251018474029,-18.34440932985517,-27.6687066684266,32.59321760072893,13.612803804939722,-57.72334924811676,-69.66825985464371,-62.757357138496744,-33.546043631298254,-65.52688906033481,-120.98845449206253,-9.70794914510027,11.124690223964315,-5.033938691781097,-35.83605223656688
664,-115.94790875503227,1.5982839823419466,116.51026432709254,-25.570536548626,-27.12445261586219,33.47083094591228,16.541378462822784,-58.79149608119216,-44.96515325143273,-56.58145303611542,-34.57738484350028,-67.72977924140642,-115.01530135766421,-8.997741199428038,20.00279639399415,-5.005723098302342,-33.623655329667045
665,-94.96286243347461,79.61745738456608,-101.16750277657921,-8.405149332099146,-23.509119371144862,35.48372074790584,15.870629447597832,11.756564181057247,-34.92679685795297,-33.46584275092422,-17.03979718940924,-24.232049495140977,-26.899795153430535,2.2191480314806165,18.14345442128011,2.7069262053044842,13.709411776446334
666,-122.57266478219698,233.37312764552948,94.42391748271758,-16.635933444039154,-21.432338701110915,32.632469077934616,31.94101117001117,9.264884086978954,18.69917235865537,-41.78928561142494,-10.98193336173813,-30.079406507719135,-50.606829886966175,-13.537743255351847,22.816816370799238,8.842098983897609,-16.19017409172318
667,32.25718032511285,88.64044376568866,95.84180802249065,-24.861695896057682,-10.51985056935264,77.50176974236003,24.74867704134064,-0.2111136659065961,-61.283084827377586,-19.464252493357662,17.807370690405943,-11.284533136158846,-59.75091941806094,10.985263752715156,27.41371479848994,-28.74521594997976,-16.46994652885623
668,28.267964157120726,92.3219041422673,69.72606640642876,-25.1628755850461,-10.320410093348425,47.31953760399085,28.589602289317472,-1.2540884149315112,-68.93260037720822,-22.390123886074665,16.536291774044,-11.134248525435044,-63.71226833317706,11.907127793658503,27.611461892979136,-31.4616403491313,-22.240997262438885
669,-114.41200106945895,-0.061480245835671236,115.0005346126678,-21.70834261564502,-26.72223327463345,32.87782906942924,15.93673260181758,-58.92246270623891,-44.392036845492385,-55.89428840918773,-34.41003210696602,-66.88740798991012,-114.5179111214761,-9.228216058338099,19.49034205068449,-4.526282007651361,-33.65496107819696
670,-119.98269906347443,216.4405036115923,59.32901221235971,-19.708276925504393,-20.53555423151346,33.176361930913465,34.44829766724851,4.143075329491779,32.393804346795775,-39.352215373061306,-8.404183803030298,-27.41879883092712,-49.121052234782766,-14.838611936086032,28.335270364889293,8.140383472348901,-10.429280649398171
671,-108.10146091348372,1.318258220167531,111.48168421972498,-13.093901358790294,-25.84516691558596,27.84768480579843,18.015758261201817,-56.265286722167524,-58.91271786272913,-63.760253391442134,-33.65293306463072,-50.80374578863251,-112.05636347073839,-14.559950086203816,18.743503858716277,-4.271636016491699,-36.866751974841264
672,-123.27809248295372,145.91931225910477,127.55819514357033,13.568490125437629,-30.870734391550908,31.76409310373697,4.90904696305947,47.63737401950418,-92.93491674763301,-40.460581472716726,-34.748123286406454,-31.16032420079134,-22.64048198748004,8.164625159955879,-3.8565532834870404,10.399768062047485,-14.158824617915714
673,-26.724999433195297,23.005172263145894,32.078279982937765,-3.21638235778722,-8.09755457104208,197.46432271155356,-1.4264565158845754,6.79747457365619,-15.649191375126717,-22.754851992831924,-11.670930607359644,-13.247213997578951,-12.019431822539351,-6.992360555586671,9.679191423179835,6.624498423683328,-1.5704021621838833
674,32.25718032511285,88.64044376568866,95.84180802249065,-24.861695896057682,-10.51985056935264,77.50176974236003,24.74867704134064,-0.2111136659065961,-61.283084827377586,-19.464252493357662,17.807370690405943,-11.284533136158846,-59.75091941806094,10.985263752715156,27.41371479848994,-28.74521594997976,-16.46994652885623
675,-97.34559860182193,83.26159150328047,96.63182780606286,-197.48073771239285,-25.054815950134813,35.59670547608694,33.04491384587245,-6.013439611129258,-38.03605383187519,-45.416467213162406,-14.59578397670855,-54.93619244894192,-47.9729950040942,9.52355654129277,28.832674062184992,-25.125581911372567,-5.104237598597706
676,-96.95693263667724,86.5445854963325,96.96149867230649,-197.2308499139662,-25.117194127817395,35.56864957601661,32.76389751352763,-5.9882850165242205,-40.462595407160165,-46.00937348053944,-14.455162025682467,-54.91066262160397,-48.66175424892624,9.515437609537068,27.943421495658832,-25.199735711406934,-5.283024248216536
677,-36.347919044650894,37.614809016225465,-99.52700185581324,-3.728215676110068,27.22650136308754,14.21236896356606,13.894266028256952,7.612130688063137,-55.32284707194789,-50.42177281968352,-21.517283748430643,-16.932562903144497,-28.35005032643948,-6.134761891718143,11.210849925593259,-3.8829138880238725,-32.39811240911608
678,-123.27809248295372,145.91931225910477,127.55819514357033,13.568490125437629,-30.870734391550908,31.76409310373697,4.90904696305947,47.63737401950418,-92.93491674763301,-40.460581472716726,-34.748123286406454,-31.16032420079134,-22.64048198748004,8.164625159955879,-3.8565532834870404,10.399768062047485,-14.158824617915714
679,-132.56063208932895,-16.41616312490299,104.43036569666516,8.819473741838669,-26.0960694726603,27.586394135657258,20.243396979078742,47.331641746069,14.39199842743376,-17.583438633566075,-39.79328971764158,-16.899323396015827,13.652096257503457,3.487793007323278,38.66396561482425,13.896648608602765,-7.958007735306692
680,-122.32964077029563,231.79354065904343,97.36271496969911,-15.615500739988509,-21.314554064997292,31.98270460106032,32.17130503129555,10.017087173681762,18.20581823856935,-42.25708385029527,-11.264185471015098,-28.55420574353056,-49.75422101171592,-13.993217089944253,23.03446482432328,9.005024025335741,-16.97959267023994
681,30.221146710022087,93.71969084558177,98.74569979490627,-20.34938112016726,-13.46525876062973,46.48079008264474,26.410348368050922,-7.785177096807652,-61.01561119039137,-13.420223374904234,53.60564188248053,-2.0654894944748565,-58.717289667161545,16.727210874597333,29.713639147761338,-32.16680284008568,-12.871468516543098
682,-118.492157245686,189.49130113389296,122.86119912910873,8.865739038242385,-29.13583213073346,31.587420670636064,7.627133391377887,39.366985895108215,-89.10829509637078,-44.62912603171002,-28.38412908052646,-31.5400825468314,-33.99035282871765,4.066649025135386,-6.119244032675618,9.293707538216234,-15.760046763149587
683,-121.79117530937529,146.05250350948916,126.26292823393402,12.703434823914355,-30.548042774583546,31.768145571734003,4.422812436489185,46.6898065074324,-91.92410949133146,-39.526575417178044,-34.20589225181339,-32.26554485698713,-23.057531065214093,8.56316892916103,-4.383427122028434,10.165886745833532,-13.7655999557341
684,-97.01569679545302,87.60547126572087,96.29165489558034,-197.86450729096003,-24.913594885749806,35.578632985977144,33.36534594136132,-6.745721672361677,-37.75447239237912,-45.9267222746156,-14.013607659579858,-54.863646217926345,-49.06627718044455,9.073904550890205,28.65909237112027,-25.212799832134298,-5.303682279339255
685,-134.58403160426664,-12.373577914667836,105.92036161832773,8.439716580869028,-26.41084646702208,28.12272382150974,20.873086808603016,47.35697070001952,15.16386969517663,-18.257482092033985,-39.89771444365354,-17.385827791591325,12.748696650775637,3.1877294986778484,39.15878132124644,14.04100481794991,-8.237503052178445
686,-97.34559860182193,83.26159150328047,96.63182780606286,-197.48073771239285,-25.054815950134813,35.59670547608694,33.04491384587245,-6.013439611129258,-38.03605383187519,-45.416467213162406,-14.59578397670855,-54.93619244894192,-47.9729950040942,9.52355654129277,28.832674062184992,-25.125581911372567,-5.104237598597706
687,-47.54595007925119,56.116955719506954,-90.52896711260199,-41.851974235889294,-9.332211494523598,20.167081344054598,20.451431475255966,7.75702669814695,-53.91308488517234,-57.08033877863104,-18.541046834265668,-22.217665453829486,-31.917809391758237,-1.4982663897805744,15.601278262482055,-10.00227871378933,-29.298998391347133
688,-122.32964077029563,231.79354065904343,97.36271496969911,-15.615500739988509,-21.314554064997292,31.98270460106032,32.17130503129555,10.017087173681762,18.20581823856935,-42.25708385029527,-11.264185471015098,-28.55420574353056,-49.75422101171592,-13.993217089944253,23.03446482432328,9.005024025335741,-16.97959267023994
689,-120.4604172460579,219.5553943028235,60.19358500111212,-20.319432011003453,-20.731238850975465,33.706760674802446,33.99030454236881,3.97827342720797,31.46835985605916,-39.17490398191437,-8.407931860551813,-29.057540286376035,-50.03697798772633,-14.298598616879449,27.58754135730865,8.063922486209453,-10.29489327296559
690,-72.30624456331147,99.48767034904988,95.20663815804267,-198.05504515148954,-22.535080232508903,39.10902246452348,35.51780088114376,6.7325916380057045,-39.95497560176368,-37.662862341782706,-5.094002532249371,-44.37955016563906,-36.328413266507354,14.202237539674536,31.38813498687435,-29.870668196124335,-1.7786165161295577
691,-99.02040907241832,126.37623994128118,92.51553962929825,-196.68506819599287,-23.846363607131536,35.4465469760829,36.4755977587988,7.559802267835482,-22.887779788517562,-41.909318822899145,-9.998790393625836,-47.516125958243116,-34.41490755285693,8.65838402056827,30.325376415730624,-22.39194316798357,-1.511732334951153
692,-53.941301024530446,33.31574836331207,60.24039131903996,-0.549546804611964,-19.968728437074216,18.275802279632707,1.5086981929794274,6.297427903484323,-19.58916531236782,-10.727631492826216,-24.264053569315188,-25.62919489540642,-3.927524248324986,-3.7901942690294814,-237.33717243445952,1.5581243635259525,-0.6628235051319409
693,-107.77155910711481,5.662137982607913,111.14151130924246,-13.477670937357491,-25.703945851200952,27.82961231568864,18.33619035669069,-56.99756878339994,-58.63113642323306,-64.27050845289536,-33.07075674750203,-50.73119955761694,-113.14964564708876,-15.009602076606381,18.569922167651555,-4.358853937253428,-37.066196655582814
694,-129.10006100212956,-16.504840713359453,93.57157653363018,-1.1990348394291759,-28.169565688956272,30.95403223426269,8.101792108839469,40.98418197774662,22.950467491719383,20.31392424870281,-35.010290108034816,-37.7027253194999,10.161877844976294,2.3034483651872284,33.66194720958481,13.820352950851467,-4.17114766620054
695,36.070109391811194,90.78265478629466,99.7290580261502,-23.781106882958493,-8.15730400256943,41.89009889912328,30.525125127383653,0.8959579934022088,-63.3922760396041,14.712718740599849,18.690778275641865,-8.640427112040221,-60.04250860880986,12.395796631363718,25.38725887253801,-28.40755569899766,-16.943023303986006
696,-98.25816209630904,149.06544903154136,107.96123991248304,12.663310647938799,-25.98806218711567,26.22412381211126,1.3302350961351543,39.1136963556031,-96.82700777379948,-37.88869144703094,-27.33988182040684,-26.6750385910764,-24.956356761439444,7.067284111589681,-11.067401096897477,7.850145444744792,-12.965093594432064
697,13.793962301217114,84.37476261026133,110.7489851428949,-28.959344897176155,-14.438172622086434,50.935193886409955,28.10304622182709,-15.305603342065048,-68.25535709037001,-26.492657721476203,13.77766561141952,-21.33232155319202,-81.28478832349224,10.675311100271015,28.818272240899184,-31.700111052341995,-22.87264502266728
698,-86.36345385282473,19.470447227183676,116.44974373497564,-26.662115140789442,-24.517115492590097,36.88592593266382,18.211498080741837,-66.28972833860493,-60.57967001081602,-57.50707720699501,-24.229460166417198,-63.558890686403444,-127.86311527383961,-8.039412893256044,18.59642854214177,-12.719765913334914,-36.175129352539884
699,30.319140081469325,89.07047353228684,95.96653921238652,-24.63450183067083,-10.221470859344622,77.525741869364,24.9038872280274,-1.8944679520750871,-62.18620268925609,-19.083069147375667,21.30498214621073,-9.90149972189866,-60.1817459732881,11.786226758654843,27.925713187156,-29.54958482978108,-15.540199518209656
700,-104.35549674649589,152.5905057906326,111.97237583187305,12.06433064717821,6.2350640571956495,26.83293194533707,1.446638949001099,41.82863974979176,-102.72790559432975,-38.15797410826465,-31.80398786202493,-29.49417499701108,-25.37337518591103,4.706761905243105,-9.785865123665163,9.526834893118599,-14.977827019240173
701,-97.01569679545302,87.60547126572087,96.29165489558034,-197.86450729096003,-24.913594885749806,35.578632985977144,33.36534594136132,-6.745721672361677,-37.75447239237912,-45.9267222746156,-14.013607659579858,-54.863646217926345,-49.06627718044455,9.073904550890205,28.65909237112027,-25.212799832134298,-5.303682279339255
702,-122.32964077029563,231.79354065904343,97.36271496969911,-15.615500739988509,-21.314554064997292,31.98270460106032,32.17130503129555,10.017087173681762,18.20581823856935,-42.25708385029527,-11.264185471015098,-28.55420574353056,-49.75422101171592,-13.993217089944253,23.03446482432328,9.005024025335741,-16.97959267023994
703,-86.36345385282473,19.470447227183676,116.44974373497564,-26.662115140789442,-24.517115492590097,36.88592593266382,18.211498080741837,-66.28972833860493,-60.57967001081602,-57.50707720699501,-24.229460166417198,-63.558890686403444,-127.86311527383961,-8.039412893256044,18.59642854214177,-12.719765913334914,-36.175129352539884
704,-97.85841407582349,-9.743813093236625,83.04199989182328,43.31697603005951,-20.784853636798662,4.742009141975869,30.793099869077768,55.20247120125994,-45.82021766450483,-49.22931997910296,-34.53690167322628,49.13052602876302,23.1544219086277,-18.66783330441814,33.00716029355178,14.208282376245418,-20.73777964110475
705,-98.54269088983484,123.26134925005002,91.65096684054585,-196.0739131104938,-23.65067898766953,34.91614823219392,36.9335908836785,7.7246041701192905,-21.962335297780943,-42.08663021404608,-9.995042336104323,-45.87738450279419,-33.498981799913366,8.118370701361687,31.07310542331127,-22.31548218184412,-1.6461197113837334
706,15.417139723795147,85.33386779866343,109.46057385095915,-29.008380984162827,-10.884894014550063,50.281489150207214,27.845193224788996,-16.082155483527398,-68.48940351055866,-26.76705796111394,14.52837722259493,-20.98477815834093,-81.65520733915227,10.559903730011383,28.33232686760129,-31.884610586085124,-22.797245610019413
708,-122.32964077029563,231.79354065904343,97.36271496969911,-15.615500739988509,-21.314554064997292,31.98270460106032,32.17130503129555,10.017087173681762,18.20581823856935,-42.25708385029527,-11.264185471015098,-28.55420574353056,-49.75422101171592,-13.993217089944253,23.03446482432328,9.005024025335741,-16.97959267023994
710,-99.92866569513929,-5.649445841834144,84.5242847179761,42.881431937897716,-21.078588795844983,5.784538063137405,27.952158509998313,54.95523057557333,-44.880013686757565,-49.06618843299276,-34.12291410174968,49.18502351988335,21.835356975236362,-18.737560539813558,33.49783896342597,14.133292262153066,-20.764464094234874
711,-50.05464137308332,66.14568829383217,63.53709998147613,1.949331179654608,-20.592510213900006,17.99524327892944,-1.3014651304687177,6.548973849534691,-43.854581065217566,-16.656694166596548,-22.85783405905436,-25.373896622026944,-10.81511669664546,-3.871383586586502,-246.2296980997211,0.8165863631822639,-2.450690001320244
712,-106.84667546712244,20.310956372241268,109.71710366201312,-60.43126526843596,-26.280451928723142,33.5375168856936,19.175231215281755,-65.06337500447857,-55.979100132717114,-62.12182123762238,-29.548881307480727,-69.98811372301144,-121.9205556642105,-8.49642731992456,18.134754550698087,-11.741593275711404,-33.14109764131579
713,67.56049275379658,23.42287872776122,37.90148862043383,9.615100726556934,-32.033311148793686,1.5159314795486032,33.3412621924201,57.171369847170936,30.179412332659922,-16.515300091067083,-11.981461334085445,-39.52321962011313,21.537667448372474,-20.122346279220068,-3.8149541463382333,31.696623989279967,-29.64315820986602
714,-96.65699176508406,71.28344494535149,-81.76368240844273,-8.755378622637014,-27.18013726293285,35.43720519669016,8.759602108073091,14.135905791198436,-26.587364411209496,6.7737291975972,-12.845674480113061,-29.546052562538208,-19.129177625443987,-2.1171436895623787,15.675710767883208,5.948183722864405,20.44663551580734
715,-115.48063515340006,147.43224197549236,122.7440778409912,21.31787608076909,-29.670976415536057,26.738001308103197,6.501838095873411,49.34698249150378,-106.4447905085682,-47.39254039943245,-33.44879320947809,-16.181882655709533,-20.59598341447638,3.231434901295312,-5.1302653139966505,10.420532736993195,-16.977390852378416
716,-71.68288442748465,101.23536063735679,91.73293874855234,-198.21443497161448,-22.5195584268431,39.200332297438464,35.46448381239424,6.170345048191743,-40.96271856622601,-37.96528176143634,-4.667380414424809,-44.240479647040765,-36.95385563364608,14.109579123304655,31.02896297440479,-30.031286051457386,-1.3023719636642115
717,-25.456554459084533,23.861012598052543,30.988918423673116,-2.3731545766271944,-7.9832677020285985,197.06208912549494,-1.5616155829801355,7.517853005361399,-14.938961542356871,-21.448135791034545,-7.744653464364847,-11.309325551370055,-9.77810100917019,-6.336286972698335,9.844568012143482,6.542401742552335,-0.5242660359258076
718,-115.94790875503227,1.5982839823419466,116.51026432709254,-25.570536548626,-27.12445261586219,33.47083094591228,16.541378462822784,-58.79149608119216,-44.96515325143273,-56.58145303611542,-34.57738484350028,-67.72977924140642,-115.01530135766421,-8.997741199428038,20.00279639399415,-5.005723098302342,-33.623655329667045
719,-42.95982568119863,32.05218579569657,31.40844083338746,-2.4980940449210944,186.87668225375813,-4.431437371173715,2.2843736188482757,2.4755850076546726,6.615270720990629,-21.722417659846798,-1.8816811716872521,-13.466042852369526,-8.363081550960361,-0.20800802955079148,10.553076228812671,4.0967661284422645,-2.0690792251638017
720,-119.98269906347443,216.4405036115923,59.32901221235971,-19.708276925504393,-20.53555423151346,33.176361930913465,34.44829766724851,4.143075329491779,32.393804346795775,-39.352215373061306,-8.404183803030298,-27.41879883092712,-49.121052234782766,-14.838611936086032,28.335270364889293,8.140383472348901,-10.429280649398171
721,-98.28518399986217,112.84510257229095,98.9887295241344,-191.0367299748455,-25.805839837808414,35.36890654643147,30.69139188376854,13.021923441936607,-49.01836848341117,-43.06318514197769,-14.418416851754994,-48.67872725767783,-32.198885838799086,12.71788690728691,23.64614304457051,-22.555145335779653,-1.7029392461732262
722,-85.54606021709144,21.431506007566515,116.12930461725529,-30.528321491367976,-24.46333677507205,36.924525633184594,18.50688620771163,-66.9163727287411,-61.643076245003165,-58.03045343690798,-23.71021185981081,-63.84221131130867,-128.5503880796502,-7.958526516103119,18.440485487964523,-13.43078113409477,-36.063772967879764
723,-137.34889624075885,-14.623244214040652,112.11888176957233,-3.309377299540532,-27.61044538425771,33.108265806089086,18.452484289917738,25.508736392568434,13.633160792933815,-20.017873376037333,-40.413829298480294,-39.105889920893816,-13.382188205450545,4.931105432684134,36.48830321210178,10.427486312725264,-10.985230857655072
724,26.501733600714847,93.14674338365076,67.13896973926039,-25.3839728596874,-10.964108644818555,48.27801237143303,28.310704540768487,-1.3177361558032783,-68.93700656715093,-25.892293191858865,16.3915839556346,-11.608665255968601,-63.92855277356283,11.955483850229335,27.931328502140165,-31.548089062338093,-21.82715948541923
725,-96.474491742984,97.13135120689434,60.85060377297671,-194.6911584099969,-25.040978016641,36.568426106401034,33.01912244875973,9.235002387415015,-33.35448225281656,-39.238056137526506,-11.694954337693225,-46.876412909753874,-29.047750215908643,12.236438692650816,29.358725768208423,-23.05178871366243,5.423946646736629
726,-107.365086582045,113.45308023456073,-66.4679256974975,-11.60930130588337,-25.547622912993468,37.81220672995169,18.982055687963086,9.971844711867295,-18.657917418697483,-30.285499431444894,-14.431263059067076,-26.263841783835694,-30.94078548292358,-0.2659229195358927,15.504853594866582,4.955769855710379,16.994731584322242
727,-91.22012776577728,80.40398227082007,-102.27717253192141,-8.227463366690506,-23.679074199822974,35.05165280472683,15.529522264777265,12.073206109262557,-34.78934928567282,-33.460570422326064,-16.474592348296202,-24.344101898512776,-26.7456046307915,1.7103119769235788,17.3850554385058,3.0612012288707424,13.249227019989757
728,-133.10093180217453,-16.789604669947867,104.33737031324851,8.597098375794477,-26.22880226885027,27.301653814624895,19.84645401219631,48.95187121950991,14.086230463384398,-19.154422186724055,-36.68543885207655,-18.524589136661152,13.933752686459982,2.330874681247212,38.4418054497816,15.043276202817154,-9.073542302272164
729,-124.59491003461066,199.66158060314663,93.35220971182962,-18.811124313835144,-20.482702838496984,32.32870249043888,34.28026813867479,8.838336746672876,47.67746468589258,-35.79812826685398,-12.312286396229405,-30.138856072771496,-43.403027552419154,-13.570375181368934,31.589135590428796,9.441770742044145,-14.698901407529087
730,34.31778233615962,84.08185950506363,89.57289805111589,-24.620003987103964,-9.563574099035998,44.89539225198916,25.20859043782012,-2.7684166123933847,-58.88954397740288,-15.488380082142118,19.964885546736426,-8.513690307485097,-58.19382812976721,12.669304115999378,25.583672699262213,-30.567454732498938,-16.226349304554166
731,-47.06946036034865,54.21890271296313,-118.62596659179496,-5.120197605502546,-9.464190834632811,20.948242303809007,17.21424736130126,8.150763626428173,-54.016501522818885,-54.71325129646321,-18.807213541539525,-17.74406774438284,-32.02757131009899,-3.0371344403062723,13.771929601425564,-5.180193007767503,-26.37037302958148
733,-102.3194271361076,82.93744231687735,95.91726873412354,-192.8473724103209,-25.258574250981624,35.627271877180846,33.2712768039101,14.882622880159666,-25.703594183478227,-36.80676820836717,-15.820553564912771,-48.24158826839885,-23.482085789353377,13.154903924593913,32.061193326377804,-21.51976396036627,0.4827144724643339
734,-32.18974987496327,52.05741976292774,46.865874773212305,19.709275092421773,-18.923014748130765,12.78411227680446,42.41384283227691,-31.188792625735445,-16.32388569991536,15.737987287177177,172.0044302041686,35.19911440421948,-8.984036150004055,22.312794358555404,23.877207792793037,-11.33478410205614,20.617599701480245
735,-138.8247310887421,14.599552537024309,114.37136049382556,3.572978188371343,-28.375607284247728,32.88632910655004,16.14970025685206,46.6311902353027,4.126746263766025,-16.744330777635394,-40.37300132744977,-32.18151729430922,4.909887805801859,8.48938243018396,31.713549377559207,13.36592006342224,-7.007358633162504
736,-110.22755020786376,210.13423959903037,78.24309590092396,-19.625172298172455,14.724229151078577,26.3759807166105,32.17264452307837,1.247816726305057,40.624123909618646,-38.604225334032,-4.881036760244855,-26.85927083258771,-47.42342759524611,-14.61062764039114,26.849888303081862,7.738641646809993,-13.648313469056212
737,-120.84272359671719,231.9267319094278,96.0674480600628,-16.48055604151178,-20.99186244802993,31.986757069057354,31.685070504725285,9.069519661609984,19.2166254948709,-41.32307779475659,-10.721954436422038,-29.659426399726353,-50.171270089449976,-13.594673320739101,22.50759098578189,8.771142709121788,-16.586368008058322
738,-137.8853785821181,-10.447467753421112,112.3136107815986,-4.554189762033447,-27.60253076165213,33.6486479599386,18.595939592871726,24.58649783444717,15.415839316978236,-19.757910778966565,-39.9760229898992,-40.69761497266511,-14.702636889912418,5.029585693243855,36.45624507998258,10.337961205858456,-10.87150151234521
739,-96.04200604369217,27.180494088685972,87.82099338041228,45.38030992216429,-21.702370572670773,5.503979062434139,25.14199518655017,55.206776521623695,-69.14542943960734,-54.99525110676309,-32.71669459148886,49.44032179326283,14.947764526915893,-18.818749857370577,24.60531329816441,13.391754261809377,-22.55233059042318
740,-73.0040685609651,-10.565709073437459,20.362650760957955,-3.794621842113725,-29.244684267778595,19.339646673085802,-34.191920169137816,30.787569164509986,1.0577045812330503,145.58090800244062,-7.895412916208849,-47.11047073620784,17.345134978736183,-23.685973262310767,7.236703997272939,14.523454305239339,1.3392294469774824
741,-109.11075003288659,112.42482134443225,-65.47714582544326,-11.594129471739501,-25.696831022061073,38.110109495864045,19.321354305178094,10.75453768934122,-17.67807472699178,-30.268572042554897,-14.770721783743124,-26.422098610405254,-30.634626374429313,-0.010736723816380498,21.053181067641365,5.202078903390899,16.911462704929026
742,-98.49153164343629,116.82826801678583,98.54413361983357,-190.98215180304817,-25.678756785739825,35.356696286438094,31.062561908295656,14.376732170372579,-47.26088692154691,-42.65317967621366,-13.972779688549332,-47.939273591341745,-30.77420116919216,12.632181548390031,23.884338536577687,-22.27436608143732,-1.325810054846688
743,-112.01225859159028,32.635268434300045,119.59251018474029,-18.34440932985517,-27.6687066684266,32.59321760072893,13.612803804939722,-57.72334924811676,-69.66825985464371,-62.757357138496744,-33.546043631298254,-65.52688906033481,-120.98845449206253,-9.70794914510027,11.124690223964315,-5.033938691781097,-35.83605223656688
744,16.14726362252374,84.67605716246656,108.9188163107498,-28.96335731477371,-13.982174563339646,50.38079171044768,27.793788487791687,-16.063214357247976,-68.74564691861681,-26.328869324461493,14.464266654560175,-20.773270926600947,-81.47467089311478,10.52572261851388,28.149874843412277,-31.931685182450867,-22.792594386537075
745,-108.26146422706364,23.59169276822789,113.28613935712671,-60.7501632824,-26.499223093814763,33.80015576048942,19.520303701039783,-65.16357765365018,-54.25422791962099,-61.802094166785444,-29.321973766914113,-70.20711863453785,-122.29403878631038,-8.719415795454259,18.42572721533421,-11.49207800590276,-32.82089254846752
746,-6.414041172739642,30.063522201121472,48.02734666837197,2.502371602162577,4.607359326845905,-12.830420205159331,19.09045684503049,18.457972248510607,-25.6030235396133,181.22695141104626,-6.015127609146753,-6.473507830958791,-7.623861124075243,-4.8921647048996455,-0.6366056716468167,10.834168043208836,-0.9344197783041297
747,13.793962301217114,84.37476261026133,110.7489851428949,-28.959344897176155,-14.438172622086434,50.935193886409955,28.10304622182709,-15.305603342065048,-68.25535709037001,-26.492657721476203,13.77766561141952,-21.33232155319202,-81.28478832349224,10.675311100271015,28.818272240899184,-31.700111052341995,-22.87264502266728
748,-35.15878250221104,29.971868941740066,31.086196882671974,4.950145458382264,-13.310307379722582,3.5078447710691307,-8.146262368012133,25.63474057591485,-25.646382587654177,-27.047457421179374,-2.3712471356475873,-25.09148349369561,1.6077111214742497,268.0808344226663,4.026086724586611,17.197543074586243,-13.691995022750648
750,55.51472820258384,88.4888829016631,94.21921375707726,-22.17573940478656,-13.104399393097232,42.49856725822287,24.609363280430564,-0.5863463694252973,-60.093743137978656,-27.997300349871363,1.278728384372795,-8.472223042275525,-55.70103127489453,10.283202959954922,25.676321845824454,-24.082818920544398,-13.45876053861617
751,-116.69133547656635,149.6691605308698,127.4609256935888,8.368733940945342,-30.558688583240013,31.665186666943253,3.742311163495538,26.16037976268145,-106.81830540548597,-49.11443597240638,-32.764179271716756,-39.31858373511532,-48.10881715868875,10.254157490691723,-8.38938127949887,6.794167728847118,-19.751345520857974
752,-4.590600499483557,1.8900937715131623,4.493110262236673,3.4108206105762333,-3.7292527853590682,-20.744991590696443,209.7577913854294,13.897197656777012,-10.804802917749358,-37.87944443844501,-23.6692946489399,-26.171984655660523,17.71757851176154,-11.941844680229188,2.9989269829174074,11.403331365912328,-11.567686650820315
753,-123.5211164948551,147.49889924559085,124.61939765658879,12.548057421386979,-30.98851902766453,32.41385758061127,4.678753101775069,46.88517093280137,-92.44156262754699,-39.992783233846396,-34.465871177129486,-32.685524964979905,-23.49309086273029,8.620098994548284,-4.074201737011083,10.236843020609355,-13.369406039398957
754,14.611355936950414,86.33582139064417,110.42854602517454,-32.825551247754696,-14.384393904568388,50.97379358693073,28.398434348796883,-15.932247732201226,-69.31876332455715,-27.016033951389186,14.296913918025906,-21.615642178097247,-81.97206112930289,10.756197477423942,28.662329186721937,-32.411126273101864,-22.76128863800716
755,-96.72361309442094,71.58210275049386,-84.12702554030038,-8.795049659914392,-27.04762118850586,35.24467474522287,5.462036210132629,14.326863864656122,-27.404071382629045,5.2832316609480845,-13.460454594167626,-29.79074081172281,-19.312072720253468,-2.192189336673953,15.650569413478134,5.820724168732509,19.698004055545034
756,-23.846105321896403,1.4661886600585055,18.123365876256326,-1.551204644186505,162.28994224482642,32.75324551196811,-3.076328819380245,14.90653807049403,-36.39954411375817,-1.8475105840717856,-23.87545244701172,-13.761898478926893,0.518218529762055,-11.633279667472008,5.829002373630877,8.8771847649969,-8.392781678377434
757,-108.10146091348372,1.318258220167531,111.48168421972498,-13.093901358790294,-25.84516691558596,27.84768480579843,18.015758261201817,-56.265286722167524,-58.91271786272913,-63.760253391442134,-33.65293306463072,-50.80374578863251,-112.05636347073839,-14.559950086203816,18.743503858716277,-4.271636016491699,-36.866751974841264
758,-111.59237446084258,70.94708250041126,-62.39585583833831,-11.622640036646063,-27.055262948393114,38.32943409748276,16.412421477259183,17.45071391152923,-21.55729535613959,-25.6893976579359,-20.073236648423674,-27.430881545466214,-20.3890774167364,4.5666695573621885,22.633054924111306,5.363242890248344,19.01726589700463
759,26.253405700230587,90.91981645456463,95.2337113223162,-25.13358022219002,20.815748764409253,47.361242295610104,25.77635564839163,-2.8841990285432035,-56.28138683748194,-20.12327276138274,20.516056403889028,-10.781118456254218,-60.0164928543887,12.996330724480954,27.39289248426472,-30.036724330497627,-16.51023545822042
760,50.33181038670915,89.3748651852111,97.24252038974085,-22.558593698810263,-16.177185502691128,45.879052080445135,24.83017323422951,8.192319845785825,-52.732589888190866,-18.324432793080554,16.882307810223892,-15.22057388059287,-54.50381752166423,8.838218272395904,24.692921761044406,-24.060499614552167,-21.351944353828205
761,-84.96930740924026,19.62374079358484,114.63550371356702,-26.75948958171381,-24.54697266779723,36.60938110398047,17.148462405753076,-66.60156984109976,-61.12635915952367,-54.37915368486889,-23.551784007987166,-63.852363789773825,-127.75216217934734,-8.68454379345708,17.929041121230814,-12.711445988505448,-36.043954920860855
762,-122.32964077029563,231.79354065904343,97.36271496969911,-15.615500739988509,-21.314554064997292,31.98270460106032,32.17130503129555,10.017087173681762,18.20581823856935,-42.25708385029527,-11.264185471015098,-28.55420574353056,-49.75422101171592,-13.993217089944253,23.03446482432328,9.005024025335741,-16.97959267023994
763,-123.27809248295372,145.91931225910477,127.55819514357033,13.568490125437629,-30.870734391550908,31.76409310373697,4.90904696305947,47.63737401950418,-92.93491674763301,-40.460581472716726,-34.748123286406454,-31.16032420079134,-22.64048198748004,8.164625159955879,-3.8565532834870404,10.399768062047485,-14.158824617915714
764,-86.36345385282473,19.470447227183676,116.44974373497564,-26.662115140789442,-24.517115492590097,36.88592593266382,18.211498080741837,-66.28972833860493,-60.57967001081602,-57.50707720699501,-24.229460166417198,-63.558890686403444,-127.86311527383961,-8.039412893256044,18.59642854214177,-12.719765913334914,-36.175129352539884
765,27.50155088746605,92.35815828374595,69.32425785681497,-25.273619126549143,-7.426351842947994,47.53299780231529,28.10616861247991,-1.5320417074516701,-68.16331002287724,-25.864274011842966,16.71567344898545,-11.400192379715802,-63.673529422084144,11.932734896339582,27.804555141311827,-31.571970740748174,-22.228004625236718
766,-112.01225859159028,32.635268434300045,119.59251018474029,-18.34440932985517,-27.6687066684266,32.59321760072893,13.612803804939722,-57.72334924811676,-69.66825985464371,-62.757357138496744,-33.546043631298254,-65.52688906033481,-120.98845449206253,-9.70794914510027,11.124690223964315,-5.033938691781097,-35.83605223656688
767,112.21855961378596,39.59771928962016,39.042522361016744,7.21110284454315,-19.768247411901385,-2.8059076933658837,2.2647316536670634,10.462532188447685,-18.763441881225337,-66.67921446633451,-89.80188274079201,-1.7621001222343127,0.2852837630109769,-9.478674700923703,5.764109198501797,26.187832205627064,9.974390113474819
768,-137.34889624075885,-14.623244214040652,112.11888176957233,-3.309377299540532,-27.61044538425771,33.108265806089086,18.452484289917738,25.508736392568434,13.633160792933815,-20.017873376037333,-40.413829298480294,-39.105889920893816,-13.382188205450545,4.931105432684134,36.48830321210178,10.427486312725264,-10.985230857655072
769,-123.19602491802382,231.62543735722258,97.8976168922079,-16.47654362391422,-21.44786050677672,32.54115924501963,31.994328238760687,9.827130676792915,19.706915323117702,-41.4868661917713,-11.408555479562693,-30.218477026317426,-49.98138751982744,-13.445084838981966,23.17598838326879,9.002716839230661,-16.666418644188525
770,-111.54338394884769,69.15412702184926,-62.61031864312674,-6.895390802141812,-26.975735224131736,37.73237975300269,16.294010142824273,18.267314798554253,-21.994986206500798,-25.93623908654689,-20.448114946482463,-25.48328963777412,-19.47463810281424,3.937650929246977,22.64747441934304,6.0765652971132775,18.592735486293105
771,-115.89891824303739,-0.19467149622005073,116.29580152230412,-20.843287314121746,-27.04492489160081,32.873776601432205,16.422967128387874,-57.97489519416714,-45.40284410179394,-56.82829446472641,-34.95226314155908,-65.78218733371432,-114.10086204374205,-9.62675982754325,20.017215889225884,-4.292400691437408,-34.04818574037858
772,-98.49153164343629,116.82826801678583,98.54413361983357,-190.98215180304817,-25.678756785739825,35.356696286438094,31.062561908295656,14.376732170372579,-47.26088692154691,-42.65317967621366,-13.972779688549332,-47.939273591341745,-30.77420116919216,12.632181548390031,23.884338536577687,-22.27436608143732,-1.325810054846688
773,-50.05464137308332,66.14568829383217,63.53709998147613,1.949331179654608,-20.592510213900006,17.99524327892944,-1.3014651304687177,6.548973849534691,-43.854581065217566,-16.656694166596548,-22.85783405905436,-25.373896622026944,-10.81511669664546,-3.871383586586502,-246.2296980997211,0.8165863631822639,-2.450690001320244
774,-99.02040907241832,126.37623994128118,92.51553962929825,-196.68506819599287,-23.846363607131536,35.4465469760829,36.4755977587988,7.559802267835482,-22.887779788517562,-41.909318822899145,-9.998790393625836,-47.516125958243116,-34.41490755285693,8.65838402056827,30.325376415730624,-22.39194316798357,-1.511732334951153
775,-118.78198213125154,149.3583521367391,129.1373270042621,8.323969737866609,-30.862660710166104,32.263925446532056,4.224690880142122,26.576509625931433,-106.1928208867666,-48.89296908636503,-33.527101755723756,-39.493669836783326,-48.04731695516443,5.073291095861318,-7.832801555260508,6.717489124901736,-19.611389312545185
776,28.486709827887623,93.64179590419064,98.58004180756058,-20.57341853236945,-12.872338231494005,49.606860175620234,26.399391422066657,-8.711125039886038,-61.94547641596849,-13.643442940767581,53.52342621907786,-1.604360444383069,-59.25147919747864,16.953979168348805,29.99564510150025,-32.62901303087641,-12.301569307127842
777,26.253405700230587,90.91981645456463,95.2337113223162,-25.13358022219002,20.815748764409253,47.361242295610104,25.77635564839163,-2.8841990285432035,-56.28138683748194,-20.12327276138274,20.516056403889028,-10.781118456254218,-60.0164928543887,12.996330724480954,27.39289248426472,-30.036724330497627,-16.51023545822042
778,48.212115800066734,88.93416284555117,96.7778888191447,-22.803020157042003,-15.823102973285,46.11873457982176,24.890095949968465,7.974112821489019,-52.61216997213329,-17.07354076630763,18.750923526460255,-15.224720607113827,-54.7530972071515,9.076828388000349,24.683656846388182,-24.70896319574762,-21.628703230422005
779,-119.25529489432911,189.7511517214252,123.1044369982155,8.802399497047503,-29.729314755184028,35.046296316661646,7.680851231976301,39.440614741752626,-89.06257203703139,-44.88213234442614,-28.474063903721408,-31.692438378200688,-34.00765309296408,4.0518645186419295,-6.134544489563213,9.353691976560109,-15.99742068199247
780,-126.21630042174276,198.96360072852332,94.06600630726294,-18.114378724255076,-20.6907722881715,32.26326360176358,34.9814683547437,9.765541227631392,42.47123399141909,-36.328021176524935,-12.670404981275928,-28.809504016910036,-42.86662856339545,-13.912027772387232,31.926990489584842,9.74656202567943,-15.191726174051633
781,-14.102705399792955,50.222343816991504,49.342763712596884,22.007530730398464,-22.840170906930467,8.160730013675701,5.37076445195146,-18.116892365484464,-7.811837448247859,7.923261413504896,170.66372431946925,27.261224546171388,-0.6278087976711051,17.33018421443223,19.95302150608108,-3.9417382343240477,12.934463103175563
782,8.967717251729772,81.1283337487517,109.80917819853026,-25.01421514389538,-14.565414732934238,50.98795395745776,28.55968758317131,3.478213764950453,-54.972255989056244,-18.21031297652116,12.548813226112246,-15.330154635307414,-58.62308670987662,13.950830783822177,32.52426688854626,-28.388136476405393,-17.683480174054495
783,-102.17184365130927,80.01516264177086,95.69202086169823,-193.53560795911207,-25.18205806098262,35.649465547134746,33.50155520721666,12.770377495886239,-24.752952730561447,-37.134122468207366,-15.824636362015825,-48.93402553105731,-25.311293390478617,12.799076224843931,32.538668709832066,-21.813607335435968,0.08492725001507667
784,-47.591893220652295,49.319379119798555,63.73652628600736,16.32346915473516,-21.384885937224514,13.233873741225935,8.699641358347703,-42.99168340787439,-25.575798177720173,-0.5177782558827313,162.72323748988956,22.80441916807647,-28.129915587800387,20.077466321023262,23.42054449910858,-12.153667485167174,12.627269228276937
785,-71.76999511336844,99.84838466699541,95.31106115186097,-198.49339290185407,-22.52094222019248,39.103160234407056,35.467062952105515,4.645500848337315,-41.43087572413187,-38.58312286899993,-4.9574633783263415,-45.04645760095957,-38.84638011246464,13.838290908168851,30.976357803802447,-30.2386653712284,-2.355190388197645
786,-108.10146091348372,1.318258220167531,111.48168421972498,-13.093901358790294,-25.84516691558596,27.84768480579843,18.015758261201817,-56.265286722167524,-58.91271786272913,-63.760253391442134,-33.65293306463072,-50.80374578863251,-112.05636347073839,-14.559950086203816,18.743503858716277,-4.271636016491699,-36.866751974841264
787,-91.92267757968054,81.60077958708855,-101.20559874756293,-8.900927826373346,-23.243007787065853,35.82909021663308,16.067180222086723,10.944076516302353,-36.59458915731002,-33.610742791003474,-15.95307989104029,-23.8432927021312,-28.25330382562914,2.3230694998131085,17.987223330677143,1.8644204017252406,13.465400012625064
788,-139.41237267649996,25.20841023090803,107.6729227265641,-2.7635955815672,-26.33961486357185,32.98616320615537,22.16418453518891,39.05682367692814,31.20797641157643,-15.917818718397035,-35.957457666423664,-31.71135325753297,0.8646584906187728,4.0740518437153375,38.870258132173575,13.23527885614863,-7.213938944389686
789,-30.0078205276496,26.685260004402533,28.787406230365942,-4.183050769834918,-14.486203004887555,7.059349507330736,-11.257167162039956,15.583046488726565,-24.42939547643964,-34.05672545549418,11.554094873868303,230.6614816813481,-6.1318485709568025,-17.417613934399427,13.947686672213637,8.755981265571371,-4.676205917288875
790,22.909181687574602,82.66126941276337,91.66677798444397,-25.987959553139078,-14.863986485005569,48.22250567062426,17.92933083328371,0.35979874000198503,-60.43914747613279,13.068922244739978,19.325574810412597,-18.26488566901124,-57.51355576495384,7.499521781811824,25.8503926794367,-28.30493722811071,-16.371735857264156
791,-77.1541495356488,7.323876096331162,104.0672841695955,-22.972715399815804,-28.480383389733515,28.492414436780393,12.110375624916417,-55.11298066135387,-43.21410741490859,-55.81423418115377,-29.280363542142393,-67.44952363471377,-112.55573301007986,-14.74712960638078,11.805380630427257,-0.1403561883853563,-38.40979595226614
792,-99.86990153636349,-6.710331611222514,85.19412849470226,43.515089314891576,-21.28218803791257,5.774554653176872,27.35071008216463,55.712667231410784,-47.58813670153861,-49.1488396389166,-34.564468467852286,49.13800711620573,22.23987990675467,-18.296027481166696,32.78216808796453,14.146356382880427,-20.74380606311216
793,-139.89009085908341,28.3233009221392,108.53749551531651,-3.3747506670662606,-26.535299483033857,33.51656195004435,21.706191410309213,38.89202177464433,30.28253192083981,-15.740507327250098,-35.96120572394518,-33.35009471298188,-0.05126726232479212,4.6140651629219205,38.12252912459293,13.158817870009184,-7.079551567957106
794,-118.45208032488263,153.70223189917945,128.79715409377954,7.940200159299412,-30.721439645781096,32.24585295642226,4.545122975630991,25.84422756469901,-105.91123944727053,-49.40322414781822,-32.944925438595064,-39.421123605767754,-49.14059913151478,4.6236391054587545,-8.006383246325226,6.630271204140007,-19.810833993286728
795,-118.37249876219488,218.76679954847637,91.50094004638636,-58.07583286433066,-20.272153542454042,33.201853020814184,37.70763490286849,1.2220500397123895,31.862368611727778,-41.711826344348005,-7.485752769836623,-33.97388898406965,-52.48448997557068,-12.918978381401361,30.09730632368599,2.266105456871732,-14.341562173467118
796,-123.32708299494861,147.71226773766676,127.77265794835876,8.84124089093338,-30.950262115812286,32.361147448217054,5.02745829749438,46.820773132479154,-92.4972258972718,-40.213740044105734,-34.37324498834766,-33.10791610848342,-23.5549213014022,8.793643788071092,-3.8709727787187753,9.68644565518255,-13.734294207204185
797,14.611355936950414,86.33582139064417,110.42854602517454,-32.825551247754696,-14.384393904568388,50.97379358693073,28.398434348796883,-15.932247732201226,-69.31876332455715,-27.016033951389186,14.296913918025906,-21.615642178097247,-81.97206112930289,10.756197477423942,28.662329186721937,-32.411126273101864,-22.76128863800716
799,-126.5464351195279,199.15621174464798,94.70533122359002,-19.413769358545323,-20.809940717634504,32.81585601560647,34.75375363317057,7.488493941074159,42.49643095359925,-36.4780640452182,-12.678235835900495,-31.140682735017414,-45.61176191746426,-13.72784215293063,31.656736865458456,9.376257664470284,-15.45512602006831
800,-121.79117530937529,146.05250350948916,126.26292823393402,12.703434823914355,-30.548042774583546,31.768145571734003,4.422812436489185,46.6898065074324,-91.92410949133146,-39.526575417178044,-34.20589225181339,-32.26554485698713,-23.057531065214093,8.56316892916103,-4.383427122028434,10.165886745833532,-13.7655999557341
801,-115.89891824303739,-0.19467149622005073,116.29580152230412,-20.843287314121746,-27.04492489160081,32.873776601432205,16.422967128387874,-57.97489519416714,-45.40284410179394,-56.82829446472641,-34.95226314155908,-65.78218733371432,-114.10086204374205,-9.62675982754325,20.017215889225884,-4.292400691437408,-34.04818574037858
802,-85.54606021709144,21.431506007566515,116.12930461725529,-30.528321491367976,-24.46333677507205,36.924525633184594,18.50688620771163,-66.9163727287411,-61.643076245003165,-58.03045343690798,-23.71021185981081,-63.84221131130867,-128.5503880796502,-7.958526516103119,18.440485487964523,-13.43078113409477,-36.063772967879764
803,-26.724999433195297,23.005172263145894,32.078279982937765,-3.21638235778722,-8.09755457104208,197.46432271155356,-1.4264565158845754,6.79747457365619,-15.649191375126717,-22.754851992831924,-11.670930607359644,-13.247213997578951,-12.019431822539351,-6.992360555586671,9.679191423179835,6.624498423683328,-1.5704021621838833
804,69.07804284185461,31.115369275018796,45.97162727163213,9.665394048788118,-26.237391204211278,2.7965915107872803,3.7254814476934417,56.25924357174469,26.498223549787085,21.94166460623476,-7.19933781709127,-33.22129113289599,14.817841594773023,-17.848650828815348,-4.448682126552843,30.892711100968018,-27.21608876664697
805,-26.601209577624243,30.96793819428718,34.61888078966271,-2.9786454679322336,28.937160213428015,161.8703303888997,-1.078417527368495,7.226583572853785,-11.786506326074761,-24.196669766431167,-9.684839531856957,-13.099274334949815,-12.227108970843197,-6.588409734573948,11.894911725953072,6.776179258244354,1.133953982748111
806,-134.58403160426664,-12.373577914667836,105.92036161832773,8.439716580869028,-26.41084646702208,28.12272382150974,20.873086808603016,47.35697070001952,15.16386969517663,-18.257482092033985,-39.89771444365354,-17.385827791591325,12.748696650775637,3.1877294986778484,39.15878132124644,14.04100481794991,-8.237503052178445
807,-132.42615887577531,-15.851374500664061,105.01183601086815,8.987783453781873,-26.210691639953144,27.64778055633552,20.028431289580116,47.35200477718226,18.587421865605698,-17.987551779433787,-39.97740216718811,-17.123454795681493,13.532746346213806,3.4309018291364235,38.852984554209606,13.825738641181433,-7.858407630965759
808,-119.98269906347443,216.4405036115923,59.32901221235971,-19.708276925504393,-20.53555423151346,33.176361930913465,34.44829766724851,4.143075329491779,32.393804346795775,-39.352215373061306,-8.404183803030298,-27.41879883092712,-49.121052234782766,-14.838611936086032,28.335270364889293,8.140383472348901,-10.429280649398171
809,-113.7251175369715,1.6205474044815629,116.79260747382918,-22.20010869232166,-26.912119749301226,33.77760071411874,16.442541110341878,-58.97733935581086,-45.56953931660263,-56.2029768462817,-34.00991585173773,-67.05770182349141,-115.68153722405218,-8.974706108248471,20.00250835756843,-5.13721368112173,-33.979023478148434
810,-134.52526744549087,-13.434463684056208,106.59020539505389,9.073373957862882,-26.61444570908967,28.112740411549208,20.271638380769332,48.11440735585697,12.455746680395588,-18.34013329795782,-40.33926880975615,-17.432844195268952,13.153219582293943,3.6292625573247106,38.443110445784995,14.05406893867727,-8.216845021055727
811,55.551017573509924,89.11043939638132,95.16277984690039,-22.110019532672634,-12.901177094708084,42.18580449965796,25.144201694265437,-0.3273342031845616,-60.60679008425147,-24.96133886075551,1.1634572774661018,-8.41778641973475,-55.92030663202495,10.291776968771346,25.665680621680774,-23.92541393256178,-13.476404399300675
812,-72.30624456331147,99.48767034904988,95.20663815804267,-198.05504515148954,-22.535080232508903,39.10902246452348,35.51780088114376,6.7325916380057045,-39.95497560176368,-37.662862341782706,-5.094002532249371,-44.37955016563906,-36.328413266507354,14.202237539674536,31.38813498687435,-29.870668196124335,-1.7786165161295577
813,-42.62663615983048,17.393720865771325,47.94758961332097,-2.5428627698628388,-6.7227089140042695,168.41958801092045,1.128942418485324,13.637296259041344,-11.203523686052556,-21.862672835817797,-17.637592806816723,-17.3141619497968,-9.947603483849718,-5.348630673080756,16.516169966924835,8.34039534133332,0.0028306649429105215
814,-72.30624456331147,99.48767034904988,95.20663815804267,-198.05504515148954,-22.535080232508903,39.10902246452348,35.51780088114376,6.7325916380057045,-39.95497560176368,-37.662862341782706,-5.094002532249371,-44.37955016563906,-36.328413266507354,14.202237539674536,31.38813498687435,-29.870668196124335,-1.7786165161295577
815,-99.86990153636349,-6.710331611222514,85.19412849470226,43.515089314891576,-21.28218803791257,5.774554653176872,27.35071008216463,55.712667231410784,-47.58813670153861,-49.1488396389166,-34.564468467852286,49.13800711620573,22.23987990675467,-18.296027481166696,32.78216808796453,14.146356382880427,-20.74380606311216
816,-30.408287811464174,36.32869388536428,41.93870299758898,-0.589670980587521,-15.408747849606335,12.731780520009957,-1.5838791473746052,-1.278682248344975,-24.492063594835844,-9.089747522679117,-17.398043137908633,-20.03868862949569,-5.826349944550334,-5.28607908660083,-244.02114640932857,-0.7576169375627836,0.13768285617009585
817,-91.02117289443467,8.466160268221504,103.80881634288308,-19.200314370665254,-23.63116597706136,27.94361904859204,11.180732893047585,-65.34737503486386,-8.351508002542573,-59.23154195325645,-29.927377205617887,-62.432995064460265,-117.19318685286392,-11.691556426983142,15.223431308210344,-7.3172416667394735,-32.251678335667215
818,-126.5464351195279,199.15621174464798,94.70533122359002,-19.413769358545323,-20.809940717634504,32.81585601560647,34.75375363317057,7.488493941074159,42.49643095359925,-36.4780640452182,-12.678235835900495,-31.140682735017414,-45.61176191746426,-13.72784215293063,31.656736865458456,9.376257664470284,-15.45512602006831
819,-102.17184365130927,80.01516264177086,95.69202086169823,-193.53560795911207,-25.18205806098262,35.649465547134746,33.50155520721666,12.770377495886239,-24.752952730561447,-37.134122468207366,-15.824636362015825,-48.93402553105731,-25.311293390478617,12.799076224843931,32.538668709832066,-21.813607335435968,0.08492725001507667
820,-107.65672429740059,101.98406695236937,-59.313609980690565,-4.39651281787524,-27.599517000957526,37.45182075229941,13.483846819376122,18.518860744604616,-46.26040195935052,-31.865301760317223,-19.041895436221626,-25.227991364394644,-26.362230551134715,3.8564616116899564,13.754948754081472,5.3350272967695895,16.804868990104804
821,-138.8247310887421,14.599552537024309,114.37136049382556,3.572978188371343,-28.375607284247728,32.88632910655004,16.14970025685206,46.6311902353027,4.126746263766025,-16.744330777635394,-40.37300132744977,-32.18151729430922,4.909887805801859,8.48938243018396,31.713549377559207,13.36592006342224,-7.007358633162504
822,-137.5919202526602,-13.043657227554592,109.1800842825908,-4.329810003591182,-27.728230020371335,33.75803028296338,18.222190428633336,24.756533305865627,14.12651491301984,-19.550075137167,-40.131577189203334,-40.63109068508239,-14.234797080700796,5.38657926727654,36.27065475857774,10.264561271287132,-10.195812279138316
823,-48.71549877055825,52.38887407684184,-120.40211064221987,-4.721793552152717,-9.760159593918958,20.326328006398427,15.954660911823614,8.651409788688218,-52.8953983721695,-51.440427734257845,-19.21625468147844,-18.426297640762993,-30.563109543408117,-3.786186808839799,13.26077327111757,-4.329367279358792,-25.99518683408117
824,-116.37663642562086,2.920219195011117,117.16037431105653,-21.454442399620806,-27.240609511062814,33.404175345321185,15.964974003508168,-58.13969709645094,-46.328288592530555,-56.650983073579475,-34.95601119908059,-67.42092878916324,-115.01678779668562,-9.086746508336667,19.26948688164524,-4.368861677576856,-33.91379836394599
825,-122.0463543730222,146.61926331091416,126.54363450011023,12.447316502926489,-30.762723542799943,31.900918811610502,4.095873733021507,46.79729339716483,-92.22005333772707,-40.01655378269102,-33.85181358226104,-27.862198369499104,-23.26712504355321,8.291657502448567,-4.222723251343479,10.2900160464796,-13.778413542781344
826,-137.34889624075885,-14.623244214040652,112.11888176957233,-3.309377299540532,-27.61044538425771,33.108265806089086,18.452484289917738,25.508736392568434,13.633160792933815,-20.017873376037333,-40.413829298480294,-39.105889920893816,-13.382188205450545,4.931105432684134,36.48830321210178,10.427486312725264,-10.985230857655072
827,10.021631474450253,81.32876457054364,108.11782424167365,-24.64321935232329,-14.717037310954444,53.89828965763749,28.354885618772567,4.881322386080327,-53.94092263559547,-17.379270365005347,13.008940292134922,-14.256552404765117,-56.3123026977883,14.150404427077268,32.252346217243655,-28.191728993066327,-17.264229584699088
828,-108.10146091348372,1.318258220167531,111.48168421972498,-13.093901358790294,-25.84516691558596,27.84768480579843,18.015758261201817,-56.265286722167524,-58.91271786272913,-63.760253391442134,-33.65293306463072,-50.80374578863251,-112.05636347073839,-14.559950086203816,18.743503858716277,-4.271636016491699,-36.866751974841264
830,-126.21630042174276,198.96360072852332,94.06600630726294,-18.114378724255076,-20.6907722881715,32.26326360176358,34.9814683547437,9.765541227631392,42.47123399141909,-36.328021176524935,-12.670404981275928,-28.809504016910036,-42.86662856339545,-13.912027772387232,31.926990489584842,9.74656202567943,-15.191726174051633
831,-115.89891824303739,-0.19467149622005073,116.29580152230412,-20.843287314121746,-27.04492489160081,32.873776601432205,16.422967128387874,-57.97489519416714,-45.40284410179394,-56.82829446472641,-34.95226314155908,-65.78218733371432,-114.10086204374205,-9.62675982754325,20.017215889225884,-4.292400691437408,-34.04818574037858
832,-117.03631868040995,150.38661102686754,128.1465471322078,8.30879790372274,-30.7134526010985,31.9660226806197,3.8853922629271143,25.793816648457508,-107.1726635784723,-48.90989647525502,-33.18764303104771,-39.33541301021376,-48.3534760636587,4.818104900141806,-13.381129028035286,6.471180077221216,-19.52812043315197
833,-137.34889624075885,-14.623244214040652,112.11888176957233,-3.309377299540532,-27.61044538425771,33.108265806089086,18.452484289917738,25.508736392568434,13.633160792933815,-20.017873376037333,-40.413829298480294,-39.105889920893816,-13.382188205450545,4.931105432684134,36.48830321210178,10.427486312725264,-10.985230857655072
834,30.86774697872215,88.15521343163991,95.12130894568777,-25.04339427906388,-9.89389768192774,77.37943550957677,24.7805264901258,-1.2853666092948366,-61.910822227904546,-19.305736424941113,17.928766892433558,-10.613430106195972,-60.09499251032251,11.344511325515057,27.503716383777345,-29.331065103654893,-15.929711136269447
835,-115.89891824303739,-0.19467149622005073,116.29580152230412,-20.843287314121746,-27.04492489160081,32.873776601432205,16.422967128387874,-57.97489519416714,-45.40284410179394,-56.82829446472641,-34.95226314155908,-65.78218733371432,-114.10086204374205,-9.62675982754325,20.017215889225884,-4.292400691437408,-34.04818574037858
837,-120.84545856699262,189.19000658168775,124.69136796125382,8.86975145583994,-29.591830189480245,32.14182284659834,7.93639112541329,40.124596910291146,-88.61800526812398,-44.792914428724735,-29.070730123667115,-32.099133173422466,-33.800470259095114,4.21623750689252,-5.4508466351887135,9.525281668325107,-15.84009739927979
838,-123.19602491802382,231.62543735722258,97.8976168922079,-16.47654362391422,-21.44786050677672,32.54115924501963,31.994328238760687,9.827130676792915,19.706915323117702,-41.4868661917713,-11.408555479562693,-30.218477026317426,-49.98138751982744,-13.445084838981966,23.17598838326879,9.002716839230661,-16.666418644188525
839,73.9608070348903,40.760975642606766,55.745106276950175,4.139570647869093,-33.72175754231685,15.575640279534216,3.6930353916257155,53.89690755508007,20.087714721601504,-11.23043441622568,-2.7961758069168097,-35.81613908896782,5.7447531559766105,-15.283884045823697,1.2653385570212696,23.3938440201813,-30.355673571964537
840,-108.20270006828784,22.530806998839516,113.95598313385287,-60.11650590540614,-26.70282233588235,33.790172350528884,18.918855273206095,-64.40614099781273,-56.96235093440203,-61.88474537270928,-29.763528133016724,-70.25413503821548,-121.88951585479207,-8.277882736807397,17.71005633987277,-11.4790138851754,-32.8002345173448
841,-23.518514215440998,23.430982831454358,30.864187233777248,-2.600348642014049,-8.281647412036616,197.03811699849095,-1.7168257696668974,9.20120729152989,-14.035843680478367,-21.829319137016537,-11.242264920169635,-12.69235896563024,-9.347274453943026,-7.137249978638024,9.332569623477426,7.346770622353653,-1.4540130465723764
842,-115.89891824303739,-0.19467149622005073,116.29580152230412,-20.843287314121746,-27.04492489160081,32.873776601432205,16.422967128387874,-57.97489519416714,-45.40284410179394,-56.82829446472641,-34.95226314155908,-65.78218733371432,-114.10086204374205,-9.62675982754325,20.017215889225884,-4.292400691437408,-34.04818574037858
843,-137.34889624075885,-14.623244214040652,112.11888176957233,-3.309377299540532,-27.61044538425771,33.108265806089086,18.452484289917738,25.508736392568434,13.633160792933815,-20.017873376037333,-40.413829298480294,-39.105889920893816,-13.382188205450545,4.931105432684134,36.48830321210178,10.427486312725264,-10.985230857655072
844,-72.30624456331147,99.48767034904988,95.20663815804267,-198.05504515148954,-22.535080232508903,39.10902246452348,35.51780088114376,6.7325916380057045,-39.95497560176368,-37.662862341782706,-5.094002532249371,-44.37955016563906,-36.328413266507354,14.202237539674536,31.38813498687435,-29.870668196124335,-1.7786165161295577
845,34.31778233615962,84.08185950506363,89.57289805111589,-24.620003987103964,-9.563574099035998,44.89539225198916,25.20859043782012,-2.7684166123933847,-58.88954397740288,-15.488380082142118,19.964885546736426,-8.513690307485097,-58.19382812976721,12.669304115999378,25.583672699262213,-30.567454732498938,-16.226349304554166
846,-108.10146091348372,1.318258220167531,111.48168421972498,-13.093901358790294,-25.84516691558596,27.84768480579843,18.015758261201817,-56.265286722167524,-58.91271786272913,-63.760253391442134,-33.65293306463072,-50.80374578863251,-112.05636347073839,-14.559950086203816,18.743503858716277,-4.271636016491699,-36.866751974841264
847,-125.50750908898934,-6.0193667424720845,69.04376828844661,-0.5950481459774954,-24.269687848769262,31.00953893507146,18.48316581632425,39.30664708194136,14.452608400701259,-18.647291187896023,-37.94428096281281,-31.04650490645727,3.7468808363673016,6.759410433604739,35.742883032288276,10.577201116624083,-9.626571294355621
848,-108.10146091348372,1.318258220167531,111.48168421972498,-13.093901358790294,-25.84516691558596,27.84768480579843,18.015758261201817,-56.265286722167524,-58.91271786272913,-63.760253391442134,-33.65293306463072,-50.80374578863251,-112.05636347073839,-14.559950086203816,18.743503858716277,-4.271636016491699,-36.866751974841264
851,-111.87351864663285,69.34673803797394,-61.970993726799655,-8.194781436432063,-27.094903653594738,38.28497216684557,16.066295421251144,15.990267511997017,-21.969789244320637,-26.086281955240146,-20.455945801107028,-27.8144683558815,-22.219771456883045,4.121836548703578,22.377220795216655,5.706260935904132,18.329335640276426
852,8.967717251729772,81.1283337487517,109.80917819853026,-25.01421514389538,-14.565414732934238,50.98795395745776,28.55968758317131,3.478213764950453,-54.972255989056244,-18.21031297652116,12.548813226112246,-15.330154635307414,-58.62308670987662,13.950830783822177,32.52426688854626,-28.388136476405393,-17.683480174054495
853,-71.76999511336844,99.84838466699541,95.31106115186097,-198.49339290185407,-22.52094222019248,39.103160234407056,35.467062952105515,4.645500848337315,-41.43087572413187,-38.58312286899993,-4.9574633783263415,-45.04645760095957,-38.84638011246464,13.838290908168851,30.976357803802447,-30.2386653712284,-2.355190388197645
854,-119.98269906347443,216.4405036115923,59.32901221235971,-19.708276925504393,-20.53555423151346,33.176361930913465,34.44829766724851,4.143075329491779,32.393804346795775,-39.352215373061306,-8.404183803030298,-27.41879883092712,-49.121052234782766,-14.838611936086032,28.335270364889293,8.140383472348901,-10.429280649398171
855,15.417139723795147,85.33386779866343,109.46057385095915,-29.008380984162827,-10.884894014550063,50.281489150207214,27.845193224788996,-16.082155483527398,-68.48940351055866,-26.76705796111394,14.52837722259493,-20.98477815834093,-81.65520733915227,10.559903730011383,28.33232686760129,-31.884610586085124,-22.797245610019413
856,30.86774697872215,88.15521343163991,95.12130894568777,-25.04339427906388,-9.89389768192774,77.37943550957677,24.7805264901258,-1.2853666092948366,-61.910822227904546,-19.305736424941113,17.928766892433558,-10.613430106195972,-60.09499251032251,11.344511325515057,27.503716383777345,-29.331065103654893,-15.929711136269447
857,59.79073272272979,30.51880550140319,43.24195306742998,8.606994720744346,-0.8500873077432929,5.58489823023452,-0.851002323644067,54.256262788005465,34.42517351328547,-12.525436411810514,-6.156232678852187,-36.228273070554664,15.575649721362224,-17.477172431744926,-2.0318042699280436,29.973906718542434,-27.161561807273152
858,-93.63630017809518,10.766571271846493,50.45713439979903,41.92119111364226,-21.12696998125453,6.6876529823267505,26.817539394669442,50.09020133327117,-57.66556634616192,-52.17303383545296,-30.298247289606664,50.52871230218865,15.98545623536736,-19.222611644865495,29.19044796326899,12.540177829549895,-15.981360538458693
859,-121.4513343517137,232.68858072367632,93.98840828661177,-16.541415188517387,-21.08786827730009,32.260447880114015,31.96968784849153,9.195051264732099,18.263624549517647,-42.31684832406143,-11.053286703000612,-29.926925883775425,-50.701186574077916,-13.671748353854833,22.71143402756795,8.665983648660289,-17.186068417778344
860,-22.08063010937835,20.487528807136197,30.774207003843397,-2.4128981222514874,33.91431550735666,162.30020219258472,-2.6840359665268845,10.061339195656226,-21.53733735461417,-19.17416778085701,-14.517091233763917,-13.041836864073648,-9.212500167521586,-8.656434927107195,10.544748068639919,7.740484920632178,-0.27792779697545705
861,26.478412042324745,92.93316595932778,99.85536955024847,-20.5270670855759,-13.295303931951619,46.91285802582375,26.75145555087149,-8.101819025012965,-61.15305876267153,-13.425495703502392,53.0404370413675,-1.953437091103055,-58.87148018980058,17.236046929154373,30.472038130535648,-32.52107786365194,-12.411283760086516
862,-94.30541374802786,85.24491370580294,96.59373183507914,-197.97651620666704,-24.788704366055804,35.94207494481417,33.241464620361334,-6.82592727588415,-39.70384613123224,-45.56136725324166,-13.5090666783396,-54.54743565593214,-49.3265036762928,9.627478009625262,28.67644297158203,-25.968087714951807,-5.348249362418978
864,-108.72208406774187,115.70781533748428,-65.14747495919963,-11.344241673312844,-25.759209199743655,38.08205359579372,19.04033797283328,10.779692283946256,-20.104616302276753,-30.861478309931933,-14.63009983271704,-26.396568783067305,-31.323385619261362,-0.018855655572082495,20.16392850111521,5.127925103356531,16.7326760553102
865,46.395063928703145,88.99358261129147,98.7124806451081,-23.237355489808976,-16.264963019715367,46.667274525667615,25.148615754965622,6.644633047003559,-53.59778026625468,-18.157589690539567,18.200861637242628,-16.45067866902541,-57.08118148348625,8.862470238251799,24.940277060803187,-24.845386240742815,-22.285327738620296
866,30.221146710022087,93.71969084558177,98.74569979490627,-20.34938112016726,-13.46525876062973,46.48079008264474,26.410348368050922,-7.785177096807652,-61.01561119039137,-13.420223374904234,53.60564188248053,-2.0654894944748565,-58.717289667161545,16.727210874597333,29.713639147761338,-32.16680284008568,-12.871468516543098
867,-136.47778938192093,-0.7534845104267935,76.33765773648616,-0.5197979971445457,-27.596607450763894,34.07998643640318,18.42669289280502,40.75717839111271,18.314732371992452,-13.839462300401424,-37.512999659464974,-31.046110381705784,5.5430565827350184,7.643987584042179,37.014354918125214,12.5012795104354,-0.45704661232074034
868,-123.814574824313,150.09508871972432,127.75292415559659,12.323677662944714,-30.862819768945325,32.30447525758648,5.052502266013458,46.715135461382914,-91.1522382235886,-40.20061887564595,-34.31031697782535,-32.75204925256263,-23.960930671941913,8.2631054205156,-3.8886114156062477,10.310242955180676,-14.045095272605852
869,28.223102608634875,93.99630932578155,95.94616094465235,-20.591938650179063,-12.935311702474989,46.63214666091814,26.726815160602335,-8.73389843707378,-62.59634953627158,-14.255477835792522,53.39570581792958,-1.661885948561054,-59.59127924405105,17.00938341428151,30.007483774834803,-32.85781105422231,-12.930933533676333
870,-115.3711559471811,-0.20948123163972618,115.01646342340428,-21.801704638971835,-27.20808850858737,33.155686416708164,15.182954660864223,-58.47669319355082,-44.44843616595324,-52.930153284076326,-34.418956991676644,-67.73993171987158,-114.21707545736129,-9.723758476781999,19.49135202726044,-4.286387952713019,-33.603837282648136
871,18.958705480426385,100.67950178683981,104.6701951953632,-63.24194331691374,-13.585767511323409,50.825411016819615,31.255049047872074,-1.4587503619258573,-64.62070803680633,-22.360026351419034,18.29135818139374,-16.93740282244807,-63.167730491648285,14.974052705099995,30.708216132358793,-35.36186563900876,-15.913291819255008
872,-36.91376900043185,41.86088665940627,-104.92629217511781,-4.980918719823289,-7.070136012994572,14.93974728077208,14.396077185351238,3.232422986979306,-46.633098565077795,-43.35371932006149,-20.918266328274473,-12.500680874447895,-31.25395080532203,-5.200075555708762,10.616552088358377,-0.768774052398648,-3.89174979116941
873,-108.57450058294356,112.78553566237777,-65.37272283162496,-12.032477222104033,-25.68269300974465,38.104247265747624,19.27061637613985,8.667446899672832,-19.153974849359972,-31.188832569772124,-14.634182629820094,-27.089006045725764,-33.1525932203866,-0.374683355322065,20.641403884569467,4.834081728286833,16.33488883286094
874,-113.02256772306824,0.4237500882130838,115.7210336894707,-21.526644232638823,-27.348186162058347,33.0001633022125,15.904883153032415,-57.84820976285068,-43.764299444965424,-56.052804477604276,-34.53142830899363,-67.558511019873,-114.17383802921454,-9.587463631138002,19.400340465397086,-3.9404328539762288,-34.19519647078375
875,-108.59136603343255,19.247813005787506,113.62631226760924,-60.3663937038328,-26.64044415819977,33.81822825059921,19.19987160555091,-64.43129559241778,-54.53580935911706,-61.29183910533225,-29.904150084042808,-70.27966486555343,-121.20075660996001,-8.269763805051694,18.59930890639893,-11.40486008514103,-32.62144786772597
877,30.137623079993556,88.81302406783678,95.66306648589712,-25.088417948452996,-6.7966171331381595,77.2801329493363,24.83193122712311,-1.3043077355742598,-61.65457881984639,-19.74392506159356,17.992877460468314,-10.824937337935955,-60.27552895636002,11.37869243701256,27.686168407966356,-29.28399050728915,-15.934362359751784
878,-52.078040888021015,70.18827350406733,65.0270959031387,1.5695740186849667,-20.907287208261785,18.531572964781923,-0.6717753009444442,6.574302803485201,-43.0827097974747,-17.330737625064454,-22.96225878506632,-25.860401017602445,-11.71851630337328,-4.171447095231931,-245.7348823932989,0.9609425725294075,-2.7301853181919964
879,-8.533598417858945,30.236102503269592,47.84860513177844,2.2756495497672637,8.330592763060391,-13.052056998183057,19.173711030812967,17.364778178842943,-25.9745175320821,180.94727884281036,-5.829620839084382,-6.0139120327359015,-8.148470662374322,-4.498736020602239,-0.36415206217040297,10.29539348589945,-0.3988356091996829
880,-101.33855507314003,207.62443249296484,81.5790211278419,-16.471405780798584,-17.27701337363205,27.333106048923423,29.73923411940343,2.3930613869346926,79.52257009067044,-38.731268665054984,-7.645519045334723,-25.460311747655986,-45.9589533725173,-15.976824371827124,27.13320590856931,6.721721050377361,-13.395218769340271
881,13.793962301217114,84.37476261026133,110.7489851428949,-28.959344897176155,-14.438172622086434,50.935193886409955,28.10304622182709,-15.305603342065048,-68.25535709037001,-26.492657721476203,13.77766561141952,-21.33232155319202,-81.28478832349224,10.675311100271015,28.818272240899184,-31.700111052341995,-22.87264502266728
882,-134.52526744549087,-13.434463684056208,106.59020539505389,9.073373957862882,-26.61444570908967,28.112740411549208,20.271638380769332,48.11440735585697,12.455746680395588,-18.34013329795782,-40.33926880975615,-17.432844195268952,13.153219582293943,3.6292625573247106,38.443110445784995,14.05406893867727,-8.216845021055727
883,-124.59491003461066,199.66158060314663,93.35220971182962,-18.811124313835144,-20.482702838496984,32.32870249043888,34.28026813867479,8.838336746672876,47.67746468589258,-35.79812826685398,-12.312286396229405,-30.138856072771496,-43.403027552419154,-13.570375181368934,31.589135590428796,9.441770742044145,-14.698901407529087
884,-137.01427172328016,3.4222919501927453,76.53238674851242,-1.76461045963746,-27.588692828158315,34.620368590252696,18.570148195759007,39.834939832991445,20.097410896036873,-13.579499703330653,-37.07519335088388,-32.63783543347707,4.222607898273145,7.7424678446019,36.98229678600601,12.411754403568592,-0.34331726701087695
885,14.611355936950414,86.33582139064417,110.42854602517454,-32.825551247754696,-14.384393904568388,50.97379358693073,28.398434348796883,-15.932247732201226,-69.31876332455715,-27.016033951389186,14.296913918025906,-21.615642178097247,-81.97206112930289,10.756197477423942,28.662329186721937,-32.411126273101864,-22.76128863800716
886,28.223102608634875,93.99630932578155,95.94616094465235,-20.591938650179063,-12.935311702474989,46.63214666091814,26.726815160602335,-8.73389843707378,-62.59634953627158,-14.255477835792522,53.39570581792958,-1.661885948561054,-59.59127924405105,17.00938341428151,30.007483774834803,-32.85781105422231,-12.930933533676333
887,29.51372330218189,84.22214169011657,92.63579558905268,-24.88425049628403,26.071609688426683,44.868568139122026,24.746709198159103,-0.09774329843466507,-65.30606965761787,-15.521807921560368,15.669314799165052,-11.057829549584262,-57.88798339354848,10.643026529795733,26.552844990261352,-28.988046897106532,-17.964238635972862
888,-126.21630042174276,198.96360072852332,94.06600630726294,-18.114378724255076,-20.6907722881715,32.26326360176358,34.9814683547437,9.765541227631392,42.47123399141909,-36.328021176524935,-12.670404981275928,-28.809504016910036,-42.86662856339545,-13.912027772387232,31.926990489584842,9.74656202567943,-15.191726174051633
889,14.611355936950414,86.33582139064417,110.42854602517454,-32.825551247754696,-14.384393904568388,50.97379358693073,28.398434348796883,-15.932247732201226,-69.31876332455715,-27.016033951389186,14.296913918025906,-21.615642178097247,-81.97206112930289,10.756197477423942,28.662329186721937,-32.411126273101864,-22.76128863800716
890,-85.54606021709144,21.431506007566515,116.12930461725529,-30.528321491367976,-24.46333677507205,36.924525633184594,18.50688620771163,-66.9163727287411,-61.643076245003165,-58.03045343690798,-23.71021185981081,-63.84221131130867,-128.5503880796502,-7.958526516103119,18.440485487964523,-13.43078113409477,-36.063772967879764
891,-115.48063515340006,147.43224197549236,122.7440778409912,21.31787608076909,-29.670976415536057,26.738001308103197,6.501838095873411,49.34698249150378,-106.4447905085682,-47.39254039943245,-33.44879320947809,-16.181882655709533,-20.59598341447638,3.231434901295312,-5.1302653139966505,10.420532736993195,-16.977390852378416
892,-115.15073334703115,151.77612173793273,122.40390493050867,20.934106502201896,-29.52975535115105,26.719928817993406,6.82227019136228,48.61470043027136,-106.16320906907214,-47.90279546088564,-32.8666168923494,-16.10933642469396,-21.689265590826736,2.7817829108927477,-5.303847005061369,10.333314816231464,-17.17683553311996
893,-116.37663642562086,2.920219195011117,117.16037431105653,-21.454442399620806,-27.240609511062814,33.404175345321185,15.964974003508168,-58.13969709645094,-46.328288592530555,-56.650983073579475,-34.95601119908059,-67.42092878916324,-115.01678779668562,-9.086746508336667,19.26948688164524,-4.368861677576856,-33.91379836394599
894,-123.27809248295372,145.91931225910477,127.55819514357033,13.568490125437629,-30.870734391550908,31.76409310373697,4.90904696305947,47.63737401950418,-92.93491674763301,-40.460581472716726,-34.748123286406454,-31.16032420079134,-22.64048198748004,8.164625159955879,-3.8565532834870404,10.399768062047485,-14.158824617915714
895,-86.36345385282473,19.470447227183676,116.44974373497564,-26.662115140789442,-24.517115492590097,36.88592593266382,18.211498080741837,-66.28972833860493,-60.57967001081602,-57.50707720699501,-24.229460166417198,-63.558890686403444,-127.86311527383961,-8.039412893256044,18.59642854214177,-12.719765913334914,-36.175129352539884
896,-120.70825038316354,232.49152053366672,96.64891837426579,-16.312246329568573,-21.106484615322774,32.048143489735615,31.47010481522666,9.089882692723243,23.41204893304284,-41.72719094062431,-10.906066885968574,-29.88355779939202,-50.29062000073963,-13.651564498925955,22.696609925167238,8.700232741700455,-16.48676790371739
897,-120.03168957546931,218.23345909015433,59.54347501714813,-24.435526160008642,-20.61508195577484,33.773416275393544,34.56670900168342,3.326474442466757,32.83149519715699,-39.105373944450314,-8.029305504971509,-29.36639073861921,-50.035491548704925,-14.20959330797082,28.32085086965756,7.427061065483962,-10.00475023868664
898,-121.65670209582164,146.61729213372809,126.84439854813701,12.871744535857559,-30.66266494187639,31.829531992412264,4.20784674699056,46.71016953854566,-87.72868605315954,-39.93068856304576,-34.39000470135992,-32.4896762566528,-23.176880976503742,8.506277750974176,-4.194408182643082,10.0949767784122,-13.665999851393169
899,-98.28518399986217,112.84510257229095,98.9887295241344,-191.0367299748455,-25.805839837808414,35.36890654643147,30.69139188376854,13.021923441936607,-49.01836848341117,-43.06318514197769,-14.418416851754994,-48.67872725767783,-32.198885838799086,12.71788690728691,23.64614304457051,-22.555145335779653,-1.7029392461732262
900,-95.93824229304097,97.49206552483986,60.955026766795,-195.1295061603614,-25.02684000432458,36.562563876284614,32.96838451972148,7.147911597746628,-34.83038237518475,-40.15831666474373,-11.558415183770196,-47.543320345074385,-31.565717061865932,11.872492061145131,28.946948585136525,-23.419785888766494,4.847372774668541
901,-115.94790875503227,1.5982839823419466,116.51026432709254,-25.570536548626,-27.12445261586219,33.47083094591228,16.541378462822784,-58.79149608119216,-44.96515325143273,-56.58145303611542,-34.57738484350028,-67.72977924140642,-115.01530135766421,-8.997741199428038,20.00279639399415,-5.005723098302342,-33.623655329667045
902,-52.60691831700306,79.73624542856267,58.99850191260339,-4.133342374259723,-19.074894029653493,18.621423654426714,4.7412605495587155,-0.24262709905189642,-18.709602664445327,-16.586876771749935,-18.988269490142827,-25.437253384503816,-15.359222687038057,-8.14524462305369,-239.29384451414597,0.8433654859831576,-2.9161075982964615
903,-115.48063515340006,147.43224197549236,122.7440778409912,21.31787608076909,-29.670976415536057,26.738001308103197,6.501838095873411,49.34698249150378,-106.4447905085682,-47.39254039943245,-33.44879320947809,-16.181882655709533,-20.59598341447638,3.231434901295312,-5.1302653139966505,10.420532736993195,-16.977390852378416
904,-47.05604495930236,38.187400933886984,-92.67359516048624,5.420518109153209,-8.536934251909784,14.196537899253803,19.267318130906865,15.923035568397172,-58.289993388784424,-59.54875306474092,-22.289829814853572,-2.7417463769085715,-22.77341625253663,-7.788452670932696,15.745473214799398,-2.8690546451399945,-33.544302498462436
905,-121.76539548879369,-15.601779072203133,93.99883659802956,-0.05030211318500877,9.668749935686407,27.699397263000925,14.867765736717551,40.545581065589396,17.827301902176156,-7.838617280945081,-38.73066068731711,-30.284161968332945,9.967986662419161,5.412772001673636,34.18194749622045,13.090168685489902,-5.758999221426907
906,28.487534515454673,89.12269594712355,92.13855890240622,-25.022912447773113,-12.023252748516748,49.63700433067495,61.02420158002696,-3.800399720800501,-60.19837578711703,-9.865854631735452,22.43695154734365,-8.598568397828084,-62.15759064221021,12.500038356638083,27.85158118582388,-29.916602205840174,-12.11738373533709
907,-71.91757859816677,102.77066434210191,95.53630902428628,-197.8051573530629,-22.597458410191486,39.08096656445315,35.236784548798944,6.757746232610741,-42.38151717704866,-38.25576860915973,-4.953380581223287,-44.35402033830111,-37.017172511339396,14.194118607918833,30.49888242034819,-29.9448219961587,-1.957403165748388
908,-112.5999001793481,43.24412612818378,112.89407241747882,-24.680983099793714,-25.632714247750723,32.69305170033426,19.62728808327658,-65.29771580649134,-42.58702970683327,-61.93084507925839,-29.13049997027215,-65.05672502355858,-125.03368380724562,-14.123279731568893,18.281398978578697,-5.164579899054708,-36.042632547794064
909,-112.63967690003356,1.7954456478534333,111.33301703787923,-5.183075372927458,-25.2098780960948,37.173175208368505,20.697656603615922,35.97772035514616,11.73943598522549,-12.41431137335088,-30.91987870864569,-30.880426355698347,-4.4827398219324985,9.7939720505225,38.77351051266475,5.312095666764348,-7.923009621203598
910,-107.36605946657647,113.48796471088602,-69.38635443103938,-11.659001036342664,-25.336838792584444,37.82939813095843,19.29671391490894,10.122458277280405,-19.121365500591835,-31.098554174845027,-14.415453007181043,-26.130547467863252,-31.354425428679793,-0.23740023868924504,20.588626711940524,4.865345712820528,16.39181293133921
911,-94.72980117667389,98.19449457334811,56.94139516738059,-194.75602997460004,-24.68098578716437,36.28771474149542,32.994482058490576,8.6029229753542,-34.797773026416614,-40.06803826981663,-11.339685561131144,-46.584861767211876,-29.767549270159122,12.00977517777795,28.89417141250758,-23.3885219042328,4.90429687314681
912,-123.19602491802382,231.62543735722258,97.8976168922079,-16.47654362391422,-21.44786050677672,32.54115924501963,31.994328238760687,9.827130676792915,19.706915323117702,-41.4868661917713,-11.408555479562693,-30.218477026317426,-49.98138751982744,-13.445084838981966,23.17598838326879,9.002716839230661,-16.666418644188525
913,27.014661492267784,93.2938802772733,99.95979254406677,-20.96541483594043,-13.281165919635196,46.90699579570733,26.700717621833245,-10.188909814681354,-62.62895888503972,-14.345756230719621,53.17697619529053,-2.6203445264235676,-61.38944703575787,16.872100297648686,30.06026094746375,-32.889075038756005,-12.987857632154604
914,-43.59794743396807,20.028059733236717,19.83939904134665,-3.368167288951668,-30.592081407496874,205.8609818522725,2.204234495522656,5.922673811311995,-2.6857974524613635,-17.278324870440667,-7.119766120843024,-10.250050794848528,-3.277577269050051,-1.9287419536376782,0.9095230261612253,4.372160817131833,-11.854124366588831
915,-119.25529489432911,189.7511517214252,123.1044369982155,8.802399497047503,-29.729314755184028,35.046296316661646,7.680851231976301,39.440614741752626,-89.06257203703139,-44.88213234442614,-28.474063903721408,-31.692438378200688,-34.00765309296408,4.0518645186419295,-6.134544489563213,9.353691976560109,-15.99742068199247
916,-122.65977546808078,231.9861516751681,98.0020398860262,-16.914891374278753,-21.433722494460298,32.53529701490321,31.94359030972244,7.740039887124527,18.23101520074951,-42.40712671898853,-11.272016325639663,-30.885384461637937,-52.499354365784725,-13.809031470487652,22.764211200196893,8.634719664126596,-17.242992516256614
917,-139.74250737428508,25.401021247032702,108.31224764289118,-4.062986215857448,-26.458783293034855,33.53875561999825,21.93646981361578,36.779776390370905,31.23317337375659,-16.0678615870903,-35.96528852104823,-34.04253197564034,-1.8804748634500317,4.2582374631719375,38.60000450804719,12.864974494939485,-7.477338790406363
918,-119.97907441926444,189.35810988350858,124.15646603874504,9.730794339765659,-29.45852374770082,31.58336820263903,8.113367917948175,40.31455340717999,-90.11910235267233,-45.563132087248704,-28.92636011511952,-30.434861890635606,-33.5733037509836,3.668105255930236,-5.592370194134225,9.527588854430185,-16.153271425331205
919,-120.70825038316354,232.49152053366672,96.64891837426579,-16.312246329568573,-21.106484615322774,32.048143489735615,31.47010481522666,9.089882692723243,23.41204893304284,-41.72719094062431,-10.906066885968574,-29.88355779939202,-50.29062000073963,-13.651564498925955,22.696609925167238,8.700232741700455,-16.48676790371739
920,-134.37768396069254,-16.3567433591627,106.36495752262856,8.385138409071695,-26.537929519090664,28.13493408150311,20.5019167840759,46.00216197158354,13.406388133312367,-18.66748755779801,-40.3433516068592,-18.12528145792741,11.324011981168704,3.2734348575747267,38.92058582923925,13.760225563607573,-8.614632243504984
921,-98.28518399986217,112.84510257229095,98.9887295241344,-191.0367299748455,-25.805839837808414,35.36890654643147,30.69139188376854,13.021923441936607,-49.01836848341117,-43.06318514197769,-14.418416851754994,-48.67872725767783,-32.198885838799086,12.71788690728691,23.64614304457051,-22.555145335779653,-1.7029392461732262
922,-73.48178674354857,-7.4508183822062914,21.227223549710363,-4.405776927612786,-29.440368887240602,19.870045416974783,-34.649913294017516,30.62276726222618,0.1322600904964328,145.75821939358755,-7.899160973730362,-48.74921219165675,16.42920922579262,-23.145959943104184,6.488974989692295,14.44699331909989,1.4736168234100628
923,-57.52972202266294,73.55671148892955,42.20032908924738,-6.143794773618998,151.05352450576345,3.763854510041066,8.839017997312348,-0.6447220616168746,20.56218571778504,-28.956830957461488,2.030419103744964,-15.591760002543557,-18.09064163436377,-1.3125574065545318,14.030815171849904,3.8364052911220416,-3.288117568657647
924,-71.91757859816677,102.77066434210191,95.53630902428628,-197.8051573530629,-22.597458410191486,39.08096656445315,35.236784548798944,6.757746232610741,-42.38151717704866,-38.25576860915973,-4.953380581223287,-44.35402033830111,-37.017172511339396,14.194118607918833,30.49888242034819,-29.9448219961587,-1.957403165748388
925,26.478412042324745,92.93316595932778,99.85536955024847,-20.5270670855759,-13.295303931951619,46.91285802582375,26.75145555087149,-8.101819025012965,-61.15305876267153,-13.425495703502392,53.0404370413675,-1.953437091103055,-58.87148018980058,17.236046929154373,30.472038130535648,-32.52107786365194,-12.411283760086516
926,8.967717251729772,81.1283337487517,109.80917819853026,-25.01421514389538,-14.565414732934238,50.98795395745776,28.55968758317131,3.478213764950453,-54.972255989056244,-18.21031297652116,12.548813226112246,-15.330154635307414,-58.62308670987662,13.950830783822177,32.52426688854626,-28.388136476405393,-17.683480174054495
927,-99.3046727605105,156.20242811357923,121.53518884040874,17.895536732740666,-30.59743033349709,24.33382727978992,-4.667270825499743,44.252786893114056,-111.78939292580051,-48.56834395178825,-29.95351044082214,-40.194625692743465,-17.39441240142897,1.75934217095179,3.969926537881466,7.947557311385951,20.196501565848923
928,-103.74592661929402,70.66705673823684,-67.42443594570588,0.8539951531896429,-25.775977248116885,32.70628795736891,17.886801275638216,19.976923270553858,-35.504859967435976,-32.868198013262614,-19.148784869554092,-10.504848092692315,-17.430139529810578,-0.99553932941359,21.373762388833434,6.097329972058987,15.774169251830415
929,-111.54338394884769,69.15412702184926,-62.61031864312674,-6.895390802141812,-26.975735224131736,37.73237975300269,16.294010142824273,18.267314798554253,-21.994986206500798,-25.93623908654689,-20.448114946482463,-25.48328963777412,-19.47463810281424,3.937650929246977,22.64747441934304,6.0765652971132775,18.592735486293105
930,-115.94790875503227,1.5982839823419466,116.51026432709254,-25.570536548626,-27.12445261586219,33.47083094591228,16.541378462822784,-58.79149608119216,-44.96515325143273,-56.58145303611542,-34.57738484350028,-67.72977924140642,-115.01530135766421,-8.997741199428038,20.00279639399415,-5.005723098302342,-33.623655329667045
931,-123.19602491802382,231.62543735722258,97.8976168922079,-16.47654362391422,-21.44786050677672,32.54115924501963,31.994328238760687,9.827130676792915,19.706915323117702,-41.4868661917713,-11.408555479562693,-30.218477026317426,-49.98138751982744,-13.445084838981966,23.17598838326879,9.002716839230661,-16.666418644188525
932,-115.15073334703115,151.77612173793273,122.40390493050867,20.934106502201896,-29.52975535115105,26.719928817993406,6.82227019136228,48.61470043027136,-106.16320906907214,-47.90279546088564,-32.8666168923494,-16.10933642469396,-21.689265590826736,2.7817829108927477,-5.303847005061369,10.333314816231464,-17.17683553311996
933,-45.98101758243754,35.52893444010837,31.424102520546075,-3.3506143674435003,148.41809078289575,30.078978411592356,3.284100072452491,-1.564831755807717,12.269370280289433,-25.577502111459452,1.7151910658924319,-13.32387659102374,-11.540432221638167,1.3406589717101032,9.201574210054694,2.796280097750283,-3.2861541777243617
934,-133.5197869670511,-16.564164110707047,104.44629450740163,8.726111718511854,-26.58192470661422,27.864251482936183,19.489619038125387,47.777411258757084,14.335599106972909,-14.619303508454667,-39.802214602352194,-17.751847125977285,13.95293192161827,2.9922505888793767,38.66497559140019,14.136542663541107,-7.906883939757862
935,13.793962301217114,84.37476261026133,110.7489851428949,-28.959344897176155,-14.438172622086434,50.935193886409955,28.10304622182709,-15.305603342065048,-68.25535709037001,-26.492657721476203,13.77766561141952,-21.33232155319202,-81.28478832349224,10.675311100271015,28.818272240899184,-31.700111052341995,-22.87264502266728
936,-112.01225859159028,32.635268434300045,119.59251018474029,-18.34440932985517,-27.6687066684266,32.59321760072893,13.612803804939722,-57.72334924811676,-69.66825985464371,-62.757357138496744,-33.546043631298254,-65.52688906033481,-120.98845449206253,-9.70794914510027,11.124690223964315,-5.033938691781097,-35.83605223656688
937,15.598656725270914,85.5913172631135,109.76404657744855,-28.55446486638066,-14.30974774075653,50.52709807023491,27.917149225693283,-16.67231570002823,-69.02102737996836,-26.10620204689605,17.840481908337345,-20.061340542303636,-81.56142435608037,10.967438051653666,28.57187164679093,-32.15020490857707,-22.40308276847729
938,-47.75634389283611,52.53687506264589,-120.41803945295634,-4.628431528825903,-9.274304359965038,20.048470659119502,16.708438852776975,8.205640276000135,-52.83899905170865,-54.40456285936925,-19.20732979676782,-17.57377391080154,-30.863945207522928,-3.2906443903958986,13.25976329454162,-4.569261334297133,-26.046310629630003
939,-123.27809248295372,145.91931225910477,127.55819514357033,13.568490125437629,-30.870734391550908,31.76409310373697,4.90904696305947,47.63737401950418,-92.93491674763301,-40.460581472716726,-34.748123286406454,-31.16032420079134,-22.64048198748004,8.164625159955879,-3.8565532834870404,10.399768062047485,-14.158824617915714
940,15.384125973880634,84.93590774999879,109.16205417985658,-29.02669685596859,-14.575657187790215,53.839667356473264,27.8475063283901,-15.989585510603561,-68.69992385927742,-26.581875637177617,14.374331831365227,-20.925626757970235,-81.49197115736119,10.510938112020423,28.13457438652468,-31.87170074410699,-23.02996830537996
941,15.538652867527242,85.4379059767151,106.83977653729877,-29.024216461779318,-14.078180392609804,50.65448252150434,28.078405831557934,-15.937682754125863,-69.69864786397005,-27.322639853766333,14.132934387981601,-21.04077041065002,-82.00458737774272,10.448647585398149,28.35371788519834,-32.036844242912366,-23.392294796257097
942,-116.42868080994492,149.6596466889443,127.30715817211696,8.319957320269053,-30.406662651419317,31.709523270569782,3.915433146106721,25.8188986107485,-106.6831107150134,-48.729180689350315,-32.8405007125831,-38.93461921019225,-48.237199524786966,4.923702614104184,-8.501198952747412,6.4859149947928625,-19.53133867641498
943,-99.92866569513929,-5.649445841834144,84.5242847179761,42.881431937897716,-21.078588795844983,5.784538063137405,27.952158509998313,54.95523057557333,-44.880013686757565,-49.06618843299276,-34.12291410174968,49.18502351988335,21.835356975236362,-18.737560539813558,33.49783896342597,14.133292262153066,-20.764464094234874
944,-71.91757859816677,102.77066434210191,95.53630902428628,-197.8051573530629,-22.597458410191486,39.08096656445315,35.236784548798944,6.757746232610741,-42.38151717704866,-38.25576860915973,-4.953380581223287,-44.35402033830111,-37.017172511339396,14.194118607918833,30.49888242034819,-29.9448219961587,-1.957403165748388
945,-115.89891824303739,-0.19467149622005073,116.29580152230412,-20.843287314121746,-27.04492489160081,32.873776601432205,16.422967128387874,-57.97489519416714,-45.40284410179394,-56.82829446472641,-34.95226314155908,-65.78218733371432,-114.10086204374205,-9.62675982754325,20.017215889225884,-4.292400691437408,-34.04818574037858
946,46.48217461458694,90.38055858165286,95.13435824179949,-22.958397559569377,-16.263579226365987,46.76444658869903,25.14603661525435,8.169477246857985,-53.12962310834882,-17.539748582975975,18.49094460114416,-15.644700715106607,-55.18865700466769,9.133758453387603,24.99288223140553,-24.6380069209718,-21.232509314086865
947,-53.81521068259241,2.140364098126156,9.772839286315362,-0.6532158648780393,-27.670776195801366,18.511145305091173,-36.5799310518156,16.32118307311626,-5.890318883499037,149.99773516950094,33.0713692221322,-35.71585526339087,13.971609137065347,-20.498639258327543,4.4378285861005455,9.912273389559191,6.457740467887457
948,-47.72005452191002,53.15843155736412,-119.47447336313319,-4.562711656711976,-9.071082061575892,19.735707900554587,17.243277266611845,8.46465244224087,-53.35204599798146,-51.368601370253394,-19.322600903674513,-17.519337288260765,-31.08322056465335,-3.2820703815794743,13.249122070397942,-4.411856346314519,-26.063954490314508
949,-71.91757859816677,102.77066434210191,95.53630902428628,-197.8051573530629,-22.597458410191486,39.08096656445315,35.236784548798944,6.757746232610741,-42.38151717704866,-38.25576860915973,-4.953380581223287,-44.35402033830111,-37.017172511339396,14.194118607918833,30.49888242034819,-29.9448219961587,-1.957403165748388
950,98.1422863084631,31.080477850786387,0.766905210998542,11.425653885731743,-19.173911381736055,-8.69469483187374,0.024143327606302598,12.336447537635308,-16.08287881451771,-73.00247267580673,-97.04501461759818,-2.8866372508557476,6.71673662960397,-12.650519434474282,2.786258890754271,31.421673670953098,8.213904341844529
951,-118.03017712704437,203.7595244379629,89.58155987092744,-10.115104970496969,-19.553392489839233,27.209115906059484,36.29324315521282,11.500304294236038,26.534818655198915,-43.852886370617696,-11.230452953321477,-13.80553264449029,-41.510889235223836,-18.853336962803496,29.764025892549075,9.69317290059077,-18.18907905813316
952,-86.36345385282473,19.470447227183676,116.44974373497564,-26.662115140789442,-24.517115492590097,36.88592593266382,18.211498080741837,-66.28972833860493,-60.57967001081602,-57.50707720699501,-24.229460166417198,-63.558890686403444,-127.86311527383961,-8.039412893256044,18.59642854214177,-12.719765913334914,-36.175129352539884
953,-59.11988569532645,72.9955663491921,43.78726005228571,-6.076442814826559,151.19100907146722,0.8593810399777592,9.09455789074934,0.039260106921640774,21.006752486692456,-28.867613041760073,1.4337528837992564,-15.998454797765342,-17.883458800494807,-1.1481844183039405,14.714513026224402,4.007994982887041,-3.130794285944967
955,-25.318037898643382,56.339589940903124,-87.70553564523559,-8.147695672845943,-7.208882828913921,23.2347790261192,19.463057950446892,5.898593951959793,-59.956945536871295,-53.295576880293794,-12.866356916640054,-15.496891274679504,-38.580168055637834,-1.267915477984925,15.598397898224892,-11.317184541983215,-32.85267987616105
956,-98.87282558761999,123.45396026617469,92.29029175687293,-197.37330374478404,-23.76984741713253,35.46874064603681,36.70587616210537,5.447556883562056,-21.937138335600782,-42.236673082739344,-10.00287319072889,-48.208563220901574,-36.24411515398217,8.302556320818288,30.802851799184882,-22.68578654305327,-1.9095195574004102
957,-47.06946036034865,54.21890271296313,-118.62596659179496,-5.120197605502546,-9.464190834632811,20.948242303809007,17.21424736130126,8.150763626428173,-54.016501522818885,-54.71325129646321,-18.807213541539525,-17.74406774438284,-32.02757131009899,-3.0371344403062723,13.771929601425564,-5.180193007767503,-26.37037302958148
958,30.319140081469325,89.07047353228684,95.96653921238652,-24.63450183067083,-10.221470859344622,77.525741869364,24.9038872280274,-1.8944679520750871,-62.18620268925609,-19.083069147375667,21.30498214621073,-9.90149972189866,-60.1817459732881,11.786226758654843,27.925713187156,-29.54958482978108,-15.540199518209656
959,-94.5741964683299,82.90045137761811,-100.83783191033558,-8.155261533672489,-23.571497548827445,35.455664847835514,15.58961311525302,11.781718775662283,-37.353338433237944,-34.058749018301256,-16.899175238383155,-24.20651966780303,-27.588554398262584,2.2110290997249145,17.254201854753948,2.6327724052701154,13.530625126827509
960,-116.37663642562086,2.920219195011117,117.16037431105653,-21.454442399620806,-27.240609511062814,33.404175345321185,15.964974003508168,-58.13969709645094,-46.328288592530555,-56.650983073579475,-34.95601119908059,-67.42092878916324,-115.01678779668562,-9.086746508336667,19.26948688164524,-4.368861677576856,-33.91379836394599
961,-108.10146091348372,1.318258220167531,111.48168421972498,-13.093901358790294,-25.84516691558596,27.84768480579843,18.015758261201817,-56.265286722167524,-58.91271786272913,-63.760253391442134,-33.65293306463072,-50.80374578863251,-112.05636347073839,-14.559950086203816,18.743503858716277,-4.271636016491699,-36.866751974841264
962,30.243847200910484,83.5643310539197,92.09403804884333,-24.83922682689491,22.9743291396371,44.96787069936249,24.695304461161793,-0.07880217215524178,-65.56231306567602,-15.083619284907918,15.605204231130298,-10.84632231784428,-57.707446947510974,10.60884541829823,26.37039296607234,-29.035121493472275,-17.959587412490524
963,-107.71279494833901,4.60125221321954,111.81135508596861,-12.844013560363637,-25.90754509326854,27.819628905728102,17.734741928857,-56.24013212756248,-61.3392594380141,-64.35315965881917,-33.51231111360464,-50.77821596129456,-112.74512271557045,-14.56806901795952,17.85425129219012,-4.345789816526067,-37.04553862446009
964,-50.54344188126198,39.90459098361401,63.44446095561162,-4.679124092233054,-20.345724550339355,18.743526254360436,1.0295603042875494,-13.7907143834116,-36.284418283087945,-20.686931429390228,-23.444641122199457,-32.831790047864665,-29.60606938310738,-7.288191034084894,-241.67579943421777,-1.9644270574402092,-6.687399511561845
965,30.86774697872215,88.15521343163991,95.12130894568777,-25.04339427906388,-9.89389768192774,77.37943550957677,24.7805264901258,-1.2853666092948366,-61.910822227904546,-19.305736424941113,17.928766892433558,-10.613430106195972,-60.09499251032251,11.344511325515057,27.503716383777345,-29.331065103654893,-15.929711136269447
966,-107.65672429740059,101.98406695236937,-59.313609980690565,-4.39651281787524,-27.599517000957526,37.45182075229941,13.483846819376122,18.518860744604616,-46.26040195935052,-31.865301760317223,-19.041895436221626,-25.227991364394644,-26.362230551134715,3.8564616116899564,13.754948754081472,5.3350272967695895,16.804868990104804
968,-21.128203538825492,62.1903169796763,60.058501556181795,15.272886133570076,-18.479506779359205,15.935104132738163,10.747344025045997,-29.408188295086497,-25.864236164619857,6.421537726730734,175.87884889202837,32.26931650998713,-15.704800746047498,23.457759443327525,25.974700427794534,-15.909546505779058,15.096193029528646
969,-86.36345385282473,19.470447227183676,116.44974373497564,-26.662115140789442,-24.517115492590097,36.88592593266382,18.211498080741837,-66.28972833860493,-60.57967001081602,-57.50707720699501,-24.229460166417198,-63.558890686403444,-127.86311527383961,-8.039412893256044,18.59642854214177,-12.719765913334914,-36.175129352539884
970,-98.49153164343629,116.82826801678583,98.54413361983357,-190.98215180304817,-25.678756785739825,35.356696286438094,31.062561908295656,14.376732170372579,-47.26088692154691,-42.65317967621366,-13.972779688549332,-47.939273591341745,-30.77420116919216,12.632181548390031,23.884338536577687,-22.27436608143732,-1.325810054846688
971,27.87255848590923,93.08645952572896,98.04112952883985,-20.62444152650027,-13.32516110715875,46.6363131971404,25.68841987588273,-8.413660527507812,-61.699747911379184,-10.297572181376282,53.718113199797536,-2.2469101944734384,-58.760527095308305,16.590916028953338,29.804650709624692,-32.51275793882247,-12.280109328407482
972,-122.32964077029563,231.79354065904343,97.36271496969911,-15.615500739988509,-21.314554064997292,31.98270460106032,32.17130503129555,10.017087173681762,18.20581823856935,-42.25708385029527,-11.264185471015098,-28.55420574353056,-49.75422101171592,-13.993217089944253,23.03446482432328,9.005024025335741,-16.97959267023994
973,26.253405700230587,90.91981645456463,95.2337113223162,-25.13358022219002,20.815748764409253,47.361242295610104,25.77635564839163,-2.8841990285432035,-56.28138683748194,-20.12327276138274,20.516056403889028,-10.781118456254218,-60.0164928543887,12.996330724480954,27.39289248426472,-30.036724330497627,-16.51023545822042
974,-136.47778938192093,-0.7534845104267935,76.33765773648616,-0.5197979971445457,-27.596607450763894,34.07998643640318,18.42669289280502,40.75717839111271,18.314732371992452,-13.839462300401424,-37.512999659464974,-31.046110381705784,5.5430565827350184,7.643987584042179,37.014354918125214,12.5012795104354,-0.45704661232074034
975,-26.39486473541015,22.812561247021222,31.43895506661067,-1.916991723496972,-7.978386141579075,196.91173029771068,-1.1987417943114467,9.074521860213425,-15.674388337306878,-22.60480912413867,-11.663099752735077,-10.916035279471572,-9.274298468470546,-7.176546175043271,9.949445047306222,6.994802784892474,-1.3070023161672066
976,-139.89009085908341,28.3233009221392,108.53749551531651,-3.3747506670662606,-26.535299483033857,33.51656195004435,21.706191410309213,38.89202177464433,30.28253192083981,-15.740507327250098,-35.96120572394518,-33.35009471298188,-0.05126726232479212,4.6140651629219205,38.12252912459293,13.158817870009184,-7.079551567957106
977,25.95628195099994,87.33817601658285,92.547034282393,-25.298423068441906,-12.401119794752107,79.38484615200451,25.797173580801562,-2.051069272228665,-58.17606997595087,-18.456631845955798,19.129647882821708,-10.248755852917965,-58.547367218269,12.555640162562312,25.61312015457527,-29.920535752694448,-18.604739716465335
978,-98.25816209630904,149.06544903154136,107.96123991248304,12.663310647938799,-25.98806218711567,26.22412381211126,1.3302350961351543,39.1136963556031,-96.82700777379948,-37.88869144703094,-27.33988182040684,-26.6750385910764,-24.956356761439444,7.067284111589681,-11.067401096897477,7.850145444744792,-12.965093594432064
979,-123.77756790350954,-7.465762478573763,70.68729886579183,-0.4396707434501195,-23.82921159568828,30.363826926194196,18.227225151038365,39.111282656572385,14.970061536916784,-18.181083371227675,-37.68430203749672,-30.626524798464487,4.182440633883498,6.7024803682174845,35.43365764727093,10.506244841848263,-10.022765210690762
980,-111.54338394884769,69.15412702184926,-62.61031864312674,-6.895390802141812,-26.975735224131736,37.73237975300269,16.294010142824273,18.267314798554253,-21.994986206500798,-25.93623908654689,-20.448114946482463,-25.48328963777412,-19.47463810281424,3.937650929246977,22.64747441934304,6.0765652971132775,18.592735486293105
981,-122.32964077029563,231.79354065904343,97.36271496969911,-15.615500739988509,-21.314554064997292,31.98270460106032,32.17130503129555,10.017087173681762,18.20581823856935,-42.25708385029527,-11.264185471015098,-28.55420574353056,-49.75422101171592,-13.993217089944253,23.03446482432328,9.005024025335741,-16.97959267023994
982,-98.49153164343629,116.82826801678583,98.54413361983357,-190.98215180304817,-25.678756785739825,35.356696286438094,31.062561908295656,14.376732170372579,-47.26088692154691,-42.65317967621366,-13.972779688549332,-47.939273591341745,-30.77420116919216,12.632181548390031,23.884338536577687,-22.27436608143732,-1.325810054846688
983,-98.28518399986217,112.84510257229095,98.9887295241344,-191.0367299748455,-25.805839837808414,35.36890654643147,30.69139188376854,13.021923441936607,-49.01836848341117,-43.06318514197769,-14.418416851754994,-48.67872725767783,-32.198885838799086,12.71788690728691,23.64614304457051,-22.555145335779653,-1.7029392461732262
984,-115.89891824303739,-0.19467149622005073,116.29580152230412,-20.843287314121746,-27.04492489160081,32.873776601432205,16.422967128387874,-57.97489519416714,-45.40284410179394,-56.82829446472641,-34.95226314155908,-65.78218733371432,-114.10086204374205,-9.62675982754325,20.017215889225884,-4.292400691437408,-34.04818574037858
985,-122.32964077029563,231.79354065904343,97.36271496969911,-15.615500739988509,-21.314554064997292,31.98270460106032,32.17130503129555,10.017087173681762,18.20581823856935,-42.25708385029527,-11.264185471015098,-28.55420574353056,-49.75422101171592,-13.993217089944253,23.03446482432328,9.005024025335741,-16.97959267023994
986,-96.95693263667724,86.5445854963325,96.96149867230649,-197.2308499139662,-25.117194127817395,35.56864957601661,32.76389751352763,-5.9882850165242205,-40.462595407160165,-46.00937348053944,-14.455162025682467,-54.91066262160397,-48.66175424892624,9.515437609537068,27.943421495658832,-25.199735711406934,-5.283024248216536
987,10.04634292935636,48.36380856233436,65.78878717262099,-1.4816689313357048,7.567046919707373,-6.611277231053517,31.686321339806938,13.451510625910146,-36.814055046107185,148.49871578899257,-1.924716209757622,0.3487911328427652,-22.268478790984044,2.598358980435624,4.4749576314331225,2.325910759121717,-4.686281733307187
988,-115.89891824303739,-0.19467149622005073,116.29580152230412,-20.843287314121746,-27.04492489160081,32.873776601432205,16.422967128387874,-57.97489519416714,-45.40284410179394,-56.82829446472641,-34.95226314155908,-65.78218733371432,-114.10086204374205,-9.62675982754325,20.017215889225884,-4.292400691437408,-34.04818574037858
990,-99.02040907241832,126.37623994128118,92.51553962929825,-196.68506819599287,-23.846363607131536,35.4465469760829,36.4755977587988,7.559802267835482,-22.887779788517562,-41.909318822899145,-9.998790393625836,-47.516125958243116,-34.41490755285693,8.65838402056827,30.325376415730624,-22.39194316798357,-1.511732334951153
991,-117.38783568766706,149.51164570314023,127.32308698285343,8.226595296942238,-30.892517885373238,31.9873806178487,3.161655205153364,26.264668123436586,-106.73951003547424,-45.76504556423891,-32.84942559729372,-39.78714294015371,-47.93636386067215,4.428160195660284,-8.500188976171463,6.725809049731204,-19.48021488086615
992,-122.32964077029563,231.79354065904343,97.36271496969911,-15.615500739988509,-21.314554064997292,31.98270460106032,32.17130503129555,10.017087173681762,18.20581823856935,-42.25708385029527,-11.264185471015098,-28.55420574353056,-49.75422101171592,-13.993217089944253,23.03446482432328,9.005024025335741,-16.97959267023994
993,-115.15073334703115,151.77612173793273,122.40390493050867,20.934106502201896,-29.52975535115105,26.719928817993406,6.82227019136228,48.61470043027136,-106.16320906907214,-47.90279546088564,-32.8666168923494,-16.10933642469396,-21.689265590826736,2.7817829108927477,-5.303847005061369,10.333314816231464,-17.17683553311996
994,13.793962301217114,84.37476261026133,110.7489851428949,-28.959344897176155,-14.438172622086434,50.935193886409955,28.10304622182709,-15.305603342065048,-68.25535709037001,-26.492657721476203,13.77766561141952,-21.33232155319202,-81.28478832349224,10.675311100271015,28.818272240899184,-31.700111052341995,-22.87264502266728
995,-118.5200822469932,221.68907922358287,91.72618791881169,-57.38759731553947,-20.348669732453043,33.17965935086028,37.47735649956192,3.3342954239858162,30.911727158810997,-41.38447208450781,-7.48166997273357,-33.281451721411194,-50.65528237444544,-12.56315068165138,29.619830940231733,2.55994883194143,-13.943774951017861
996,-113.46628432707628,43.07602282636294,113.4289743399876,-25.542025983719434,-25.766020689530148,33.25150634429357,19.450311290741695,-65.4876723033802,-41.085932622284915,-61.16062742073442,-29.274869978819744,-66.72099630634546,-125.26085031535713,-13.575147480606606,18.422922537524208,-5.166887085159787,-35.72945852174265
998,-123.27809248295372,145.91931225910477,127.55819514357033,13.568490125437629,-30.870734391550908,31.76409310373697,4.90904696305947,47.63737401950418,-92.93491674763301,-40.460581472716726,-34.748123286406454,-31.16032420079134,-22.64048198748004,8.164625159955879,-3.8565532834870404,10.399768062047485,-14.158824617915714
1000,-107.36605946657647,113.48796471088602,-69.38635443103938,-11.659001036342664,-25.336838792584444,37.82939813095843,19.29671391490894,10.122458277280405,-19.121365500591835,-31.098554174845027,-14.415453007181043,-26.130547467863252,-31.354425428679793,-0.23740023868924504,20.588626711940524,4.865345712820528,16.39181293133921
1001,17.141653609062796,100.7389215525801,106.6047870213266,-63.67627864968071,-14.027627557753773,51.37395096266547,31.51356885286923,-2.7882301364113165,-65.60631833092772,-23.44407527565097,17.741296292176116,-18.163360884359655,-65.49581476798308,14.759694555351446,30.9648363467738,-35.49828868400395,-16.569916327453303
1002,-94.09647828574643,79.78556068638693,-101.70240469908799,-7.544106448173428,-23.375812929365438,34.92526610394654,16.04760624013272,11.946520677946092,-36.42789394250133,-34.23606040944819,-16.895427180861642,-22.56777821235411,-26.67262864531902,1.6710157805183314,18.001930862334593,2.7092333914095628,13.396237750394928
1003,-126.69401860432623,202.07849141975447,94.93057909601535,-18.725533809754136,-20.88645690763351,32.793662345652564,34.523475229864,9.600739325347584,41.545789500682474,-36.150709785378,-12.67415303879744,-30.448245472358956,-43.78255431633902,-13.372014453180649,31.179261482004197,9.670101039539983,-15.057338797619051
1004,45.85881447876011,88.63286829334594,98.6080576512898,-22.79900773944445,-16.279101032031793,46.673136755784036,25.199353684003867,8.731723836671947,-52.121880143886486,-17.23732916332234,18.0643224833196,-15.7837712337049,-54.563214637528965,9.226416869757484,25.352054243875088,-24.47738906563875,-21.70875386655221
1005,-120.84272359671719,231.9267319094278,96.0674480600628,-16.48055604151178,-20.99186244802993,31.986757069057354,31.685070504725285,9.069519661609984,19.2166254948709,-41.32307779475659,-10.721954436422038,-29.659426399726353,-50.171270089449976,-13.594673320739101,22.50759098578189,8.771142709121788,-16.586368008058322
1006,-115.89891824303739,-0.19467149622005073,116.29580152230412,-20.843287314121746,-27.04492489160081,32.873776601432205,16.422967128387874,-57.97489519416714,-45.40284410179394,-56.82829446472641,-34.95226314155908,-65.78218733371432,-114.10086204374205,-9.62675982754325,20.017215889225884,-4.292400691437408,-34.04818574037858
1007,-112.64889069134298,45.03708160674577,113.10853522226725,-29.408232334297967,-25.7122419720121,33.290106044814344,19.74569941771149,-66.11431669351636,-42.14933885647206,-61.6840036506474,-28.755621672213355,-67.00431693125068,-125.94812312116778,-13.494261103453681,18.26697948334696,-5.877902305919641,-35.61810213708253
1009,-118.5200822469932,221.68907922358287,91.72618791881169,-57.38759731553947,-20.348669732453043,33.17965935086028,37.47735649956192,3.3342954239858162,30.911727158810997,-41.38447208450781,-7.48166997273357,-33.281451721411194,-50.65528237444544,-12.56315068165138,29.619830940231733,2.55994883194143,-13.943774951017861
1010,27.886671250450892,92.10768304020671,69.33734140606282,-25.27093448635602,-10.556664750026748,50.880704688314516,28.011957480713168,-1.3647955808623924,-68.72168125598556,-25.807821009470416,16.447951015520403,-11.398659127846907,-63.68310941410216,11.766074505793647,27.814107485574326,-31.49540637422951,-22.19368958492591
1011,-49.7797434077738,56.57946027288106,-118.92804353129377,-5.008188689795545,-9.589081354326817,20.584800344971985,17.33812868230125,8.230969229950647,-52.06712778396578,-55.078606317837156,-19.31175452277978,-18.060278306377036,-31.767344814250748,-3.590707899041328,13.754579000963806,-4.42490512494999,-26.325805946501756
1012,-116.80784509638191,218.72771377034397,89.60929290238491,-57.26703083535667,-19.943167039418178,32.530933038732734,37.3026174494092,-1.7453928877598996,32.89808693601155,-41.08210577058014,-6.6985402170192865,-32.86507684378073,-49.18770569741022,-13.027836789621691,29.738968670750594,2.9483568057178027,-13.601463378556083
1013,-138.8247310887421,14.599552537024309,114.37136049382556,3.572978188371343,-28.375607284247728,32.88632910655004,16.14970025685206,46.6311902353027,4.126746263766025,-16.744330777635394,-40.37300132744977,-32.18151729430922,4.909887805801859,8.48938243018396,31.713549377559207,13.36592006342224,-7.007358633162504
1014,54.90611744758734,89.25073171591164,92.14017398362623,-22.23659855179217,-13.20040522236739,42.77225806927953,24.89398062419681,-0.4608147663031835,-61.04674408333191,-28.991070879176203,0.9473961177942214,-8.739722526324597,-56.23094775952247,10.20612792683919,25.880164887610515,-24.187977981005897,-14.05846094833619
1015,-112.07986629020697,73.32990348246881,-62.41558963110048,-8.140203264634728,-26.967820601526153,38.272761906852196,16.437465445778262,17.345076240432988,-20.21230768245638,-25.67627648947612,-20.010308637901364,-27.075014689545412,-20.795086787276112,4.036131189806698,22.61541628722383,5.98704019024647,18.70646483160297
1016,-115.15073334703115,151.77612173793273,122.40390493050867,20.934106502201896,-29.52975535115105,26.719928817993406,6.82227019136228,48.61470043027136,-106.16320906907214,-47.90279546088564,-32.8666168923494,-16.10933642469396,-21.689265590826736,2.7817829108927477,-5.303847005061369,10.333314816231464,-17.17683553311996
1017,-99.86990153636349,-6.710331611222514,85.19412849470226,43.515089314891576,-21.28218803791257,5.774554653176872,27.35071008216463,55.712667231410784,-47.58813670153861,-49.1488396389166,-34.564468467852286,49.13800711620573,22.23987990675467,-18.296027481166696,32.78216808796453,14.146356382880427,-20.74380606311216
1018,-129.10006100212956,-16.504840713359453,93.57157653363018,-1.1990348394291759,-28.169565688956272,30.95403223426269,8.101792108839469,40.98418197774662,22.950467491719383,20.31392424870281,-35.010290108034816,-37.7027253194999,10.161877844976294,2.3034483651872284,33.66194720958481,13.820352950851467,-4.17114766620054
1019,-46.3669105464454,53.02210539669465,-119.69754037615346,-4.446733145819707,-9.900257247389938,20.170804891902762,16.67658940399181,9.279893219388375,-52.21126165118169,-54.5630789277858,-19.328725998795434,-18.24487694076441,-30.519872115261357,-3.6498919631958016,13.169761709254217,-3.983412180622001,-26.586546022216787
1020,-86.36345385282473,19.470447227183676,116.44974373497564,-26.662115140789442,-24.517115492590097,36.88592593266382,18.211498080741837,-66.28972833860493,-60.57967001081602,-57.50707720699501,-24.229460166417198,-63.558890686403444,-127.86311527383961,-8.039412893256044,18.59642854214177,-12.719765913334914,-36.175129352539884
1021,26.86707800746946,96.21615995237981,100.1850404164921,-20.27717928714924,-13.357682109634197,46.88480212575343,26.47043921852668,-8.076664430407927,-63.5796003379565,-14.018401970879427,53.18105899239358,-1.9279072637651078,-59.56023943463263,17.22792799739867,29.58278556400949,-32.595231663686306,-12.590070409705348
1022,-107.71279494833901,4.60125221321954,111.81135508596861,-12.844013560363637,-25.90754509326854,27.819628905728102,17.734741928857,-56.24013212756248,-61.3392594380141,-64.35315965881917,-33.51231111360464,-50.77821596129456,-112.74512271557045,-14.56806901795952,17.85425129219012,-4.345789816526067,-37.04553862446009
1023,-37.80527785720327,25.17233028801495,33.60152353294507,-11.932436725166374,-15.685960980902403,12.085441302964512,-12.84995829485389,13.873438016726958,-10.919521715504448,-27.12476652877846,10.254764796939932,215.68304013626633,-8.176347143960466,-12.48442367573887,15.221398702723244,8.735216590625662,-1.857639682826181
1024,-128.7699263043444,-16.697451729484126,92.9322516173031,0.10035579486107143,-28.050397259493266,30.401439820419807,8.329506830412598,43.26122926430386,22.925270529539223,20.46396711739607,-35.00245925341025,-35.37154660139252,12.9070111990451,2.1192627457306283,33.93220083371119,14.190657312060612,-3.9077478201838645
1025,-107.77155910711481,5.662137982607913,111.14151130924246,-13.477670937357491,-25.703945851200952,27.82961231568864,18.33619035669069,-56.99756878339994,-58.63113642323306,-64.27050845289536,-33.07075674750203,-50.73119955761694,-113.14964564708876,-15.009602076606381,18.569922167651555,-4.358853937253428,-37.066196655582814
1026,55.16972466684009,88.89621829432073,94.77405484653445,-22.218078433982555,-13.137431751386407,45.746971583981626,24.566556885661132,-0.43804136911544245,-60.39587096302882,-28.379035984151265,1.0751165189425085,-8.682197022146612,-55.89114771295006,10.15072368090649,25.868326214275964,-23.95917995765999,-13.4290967217877
1027,14.611355936950414,86.33582139064417,110.42854602517454,-32.825551247754696,-14.384393904568388,50.97379358693073,28.398434348796883,-15.932247732201226,-69.31876332455715,-27.016033951389186,14.296913918025906,-21.615642178097247,-81.97206112930289,10.756197477423942,28.662329186721937,-32.411126273101864,-22.76128863800716
1029,-121.57284749544577,232.58454254562469,96.60920560027215,-16.525579710900896,-17.894581899240347,31.887454508816887,31.736475241722594,9.050578535330562,19.472868902929058,-41.76126643140904,-10.657843868387284,-29.870933631466336,-50.35180653548748,-13.560492209241598,22.6900430099709,8.818217305487533,-16.59101923154066
1030,-108.59136603343255,19.247813005787506,113.62631226760924,-60.3663937038328,-26.64044415819977,33.81822825059921,19.19987160555091,-64.43129559241778,-54.53580935911706,-61.29183910533225,-29.904150084042808,-70.27966486555343,-121.20075660996001,-8.269763805051694,18.59930890639893,-11.40486008514103,-32.62144786772597
1031,-115.15073334703115,151.77612173793273,122.40390493050867,20.934106502201896,-29.52975535115105,26.719928817993406,6.82227019136228,48.61470043027136,-106.16320906907214,-47.90279546088564,-32.8666168923494,-16.10933642469396,-21.689265590826736,2.7817829108927477,-5.303847005061369,10.333314816231464,-17.17683553311996
1032,-122.32964077029563,231.79354065904343,97.36271496969911,-15.615500739988509,-21.314554064997292,31.98270460106032,32.17130503129555,10.017087173681762,18.20581823856935,-42.25708385029527,-11.264185471015098,-28.55420574353056,-49.75422101171592,-13.993217089944253,23.03446482432328,9.005024025335741,-16.97959267023994
1033,-48.16669745694481,52.945801413644126,-120.69541218573222,-4.819458892212773,-9.448763972474296,20.127870112565795,16.702217577916745,7.827921870948728,-52.78489112208577,-53.74930748240535,-19.56974227092051,-17.43053965249985,-31.357493821781286,-3.439616289715644,13.237827819191956,-4.141413744342351,-23.42665556583578
1034,-110.46224437854588,211.66954330377547,82.0464661766579,-19.215894679620867,14.646329167730192,26.256614983625184,31.94494525948308,1.8352179107240554,39.205325298796,-38.8947121817554,-5.167036927043335,-26.97281152384806,-47.48674447293942,-14.526088155776963,26.31980774902526,7.825105702108677,-14.30334467114039
1035,-116.42868080994492,149.6596466889443,127.30715817211696,8.319957320269053,-30.406662651419317,31.709523270569782,3.915433146106721,25.8188986107485,-106.6831107150134,-48.729180689350315,-32.8405007125831,-38.93461921019225,-48.237199524786966,4.923702614104184,-8.501198952747412,6.4859149947928625,-19.53133867641498
1036,68.0782255551034,31.9039543749236,43.78633915407755,9.555040315649858,-29.775148006081846,3.5416060799050064,3.930017375982017,56.47354912339309,25.724527005513398,21.91364542621886,-7.523427310442117,-33.42976400914879,14.562818243294334,-17.8259018749256,-4.321908765724504,30.916592779378096,-26.81524362682949
1037,-85.97478788768002,22.753441220235686,116.77941460121927,-26.412227342362783,-24.579493670272676,36.85787003259349,17.93048174839702,-66.26457374399988,-63.00621158610099,-58.09998347437204,-24.088838215391114,-63.533360859065496,-128.5518745186716,-8.047531825011745,17.707175975615613,-12.793919713369284,-36.35391600215871
1039,-136.47778938192093,-0.7534845104267935,76.33765773648616,-0.5197979971445457,-27.596607450763894,34.07998643640318,18.42669289280502,40.75717839111271,18.314732371992452,-13.839462300401424,-37.512999659464974,-31.046110381705784,5.5430565827350184,7.643987584042179,37.014354918125214,12.5012795104354,-0.45704661232074034
1040,-115.94790875503227,1.5982839823419466,116.51026432709254,-25.570536548626,-27.12445261586219,33.47083094591228,16.541378462822784,-58.79149608119216,-44.96515325143273,-56.58145303611542,-34.57738484350028,-67.72977924140642,-115.01530135766421,-8.997741199428038,20.00279639399415,-5.005723098302342,-33.623655329667045
1041,-102.17184365130927,80.01516264177086,95.69202086169823,-193.53560795911207,-25.18205806098262,35.649465547134746,33.50155520721666,12.770377495886239,-24.752952730561447,-37.134122468207366,-15.824636362015825,-48.93402553105731,-25.311293390478617,12.799076224843931,32.538668709832066,-21.813607335435968,0.08492725001507667
1042,28.831713363631373,93.23446051153302,98.02520071810338,-20.531079503173455,-12.83930587320483,46.35845584986148,26.44219781683609,-8.859430040195894,-61.64334859091833,-13.261707306487683,53.72703808450815,-1.3943864645119817,-59.06136275942311,17.086458447397238,29.80364073304874,-32.752651993760814,-12.331233123956313
1043,-122.57266478219698,233.37312764552948,94.42391748271758,-16.635933444039154,-21.432338701110915,32.632469077934616,31.94101117001117,9.264884086978954,18.69917235865537,-41.78928561142494,-10.98193336173813,-30.079406507719135,-50.606829886966175,-13.537743255351847,22.816816370799238,8.842098983897609,-16.19017409172318
1044,44.09520794689247,21.288467935327724,56.23048898060572,8.659007840246543,-36.36873537079056,12.116083362145481,1.676789717698622,59.934693412960605,35.28973759280374,-10.70169454265034,-13.526809636683263,-40.37061445438607,16.76187303200535,-16.6870453606543,2.415872279978997,31.450904880869672,-28.492129805819904
1045,-122.32964077029563,231.79354065904343,97.36271496969911,-15.615500739988509,-21.314554064997292,31.98270460106032,32.17130503129555,10.017087173681762,18.20581823856935,-42.25708385029527,-11.264185471015098,-28.55420574353056,-49.75422101171592,-13.993217089944253,23.03446482432328,9.005024025335741,-16.97959267023994
1046,-47.06946036034865,54.21890271296313,-118.62596659179496,-5.120197605502546,-9.464190834632811,20.948242303809007,17.21424736130126,8.150763626428173,-54.016501522818885,-54.71325129646321,-18.807213541539525,-17.74406774438284,-32.02757131009899,-3.0371344403062723,13.771929601425564,-5.180193007767503,-26.37037302958148
1047,-108.72208406774187,115.70781533748428,-65.14747495919963,-11.344241673312844,-25.759209199743655,38.08205359579372,19.04033797283328,10.779692283946256,-20.104616302276753,-30.861478309931933,-14.63009983271704,-26.396568783067305,-31.323385619261362,-0.018855655572082495,20.16392850111521,5.127925103356531,16.7326760553102
1048,-78.9474431185421,3.0310976944680075,69.02965905828724,40.28012455204349,-18.665415890541073,1.5682487022796476,21.590194134967494,48.453989321068256,-52.742350433181606,-52.32808811797544,-23.716116974819574,98.80899466067439,17.8405914956198,-22.948559624509528,28.42090369540647,13.05884396752501,-20.09209360340527
1049,-134.52526744549087,-13.434463684056208,106.59020539505389,9.073373957862882,-26.61444570908967,28.112740411549208,20.271638380769332,48.11440735585697,12.455746680395588,-18.34013329795782,-40.33926880975615,-17.432844195268952,13.153219582293943,3.6292625573247106,38.443110445784995,14.05406893867727,-8.216845021055727
1050,-112.01225859159028,32.635268434300045,119.59251018474029,-18.34440932985517,-27.6687066684266,32.59321760072893,13.612803804939722,-57.72334924811676,-69.66825985464371,-62.757357138496744,-33.546043631298254,-65.52688906033481,-120.98845449206253,-9.70794914510027,11.124690223964315,-5.033938691781097,-35.83605223656688
1052,-84.5504522443637,19.39830023434402,114.5265795194139,-26.888502924431187,-24.19385023003328,36.046783435669184,17.505297379824004,-65.42710988034693,-61.37572780311218,-58.914272363138274,-20.43500825771152,-64.6251058004577,-127.77134141450563,-9.345919701089244,17.70587097961221,-11.8047124492294,-37.21061328337515
1053,-126.69401860432623,202.07849141975447,94.93057909601535,-18.725533809754136,-20.88645690763351,32.793662345652564,34.523475229864,9.600739325347584,41.545789500682474,-36.150709785378,-12.67415303879744,-30.448245472358956,-43.78255431633902,-13.372014453180649,31.179261482004197,9.670101039539983,-15.057338797619051
1054,-30.0078205276496,26.685260004402533,28.787406230365942,-4.183050769834918,-14.486203004887555,7.059349507330736,-11.257167162039956,15.583046488726565,-24.42939547643964,-34.05672545549418,11.554094873868303,230.6614816813481,-6.1318485709568025,-17.417613934399427,13.947686672213637,8.755981265571371,-4.676205917288875
1055,-27.12586557119445,23.14002744451032,14.184422913378278,-1.0911056396832481,-11.495345550504787,23.217873143711348,179.02732709694106,-3.295907650573778,-6.829119118575977,24.782392139770028,14.131465159121367,-1.1395603716434854,-17.36359249188703,-0.10766268868970383,11.424577164621756,1.0941536245394565,7.423323220133876
1056,-30.408287811464174,36.32869388536428,41.93870299758898,-0.589670980587521,-15.408747849606335,12.731780520009957,-1.5838791473746052,-1.278682248344975,-24.492063594835844,-9.089747522679117,-17.398043137908633,-20.03868862949569,-5.826349944550334,-5.28607908660083,-244.02114640932857,-0.7576169375627836,0.13768285617009585
1057,47.603505045070236,89.69601165979971,94.69884904569368,-22.86387930404761,-15.919108802555158,46.39242539087842,25.174713293734712,8.099644424611132,-53.56517091748654,-18.06731129561247,18.41959125988168,-15.492220091162899,-55.28301369177944,8.999753354884618,24.887499888174244,-24.81412225620912,-22.228403640142027
1058,-115.15073334703115,151.77612173793273,122.40390493050867,20.934106502201896,-29.52975535115105,26.719928817993406,6.82227019136228,48.61470043027136,-106.16320906907214,-47.90279546088564,-32.8666168923494,-16.10933642469396,-21.689265590826736,2.7817829108927477,-5.303847005061369,10.333314816231464,-17.17683553311996
1059,-108.52310844512877,101.81596365054853,-58.77870805818177,-5.257555701800958,-27.73282344273695,38.01027539625871,13.306870026841239,18.328904247715773,-44.75930487480216,-31.09508410179325,-19.18626544476922,-26.89226264718151,-26.58939705924623,4.4045938626522405,13.896472313026983,5.332720110664511,17.11804301615621
1060,-108.72208406774187,115.70781533748428,-65.14747495919963,-11.344241673312844,-25.759209199743655,38.08205359579372,19.04033797283328,10.779692283946256,-20.104616302276753,-30.861478309931933,-14.63009983271704,-26.396568783067305,-31.323385619261362,-0.018855655572082495,20.16392850111521,5.127925103356531,16.7326760553102
1061,-113.07761836193157,46.35901681941495,113.75864520623124,-25.292138185292774,-25.828398867212726,33.22345044422324,19.16929495839688,-65.46251770877514,-43.51247419756989,-61.75353368811145,-29.13424802779366,-66.69546647900751,-125.94960956018919,-13.58326641236231,17.53366997099805,-5.241040885194155,-35.90824517136148
1062,-122.32964077029563,231.79354065904343,97.36271496969911,-15.615500739988509,-21.314554064997292,31.98270460106032,32.17130503129555,10.017087173681762,18.20581823856935,-42.25708385029527,-11.264185471015098,-28.55420574353056,-49.75422101171592,-13.993217089944253,23.03446482432328,9.005024025335741,-16.97959267023994
1063,-42.95982568119863,32.05218579569657,31.40844083338746,-2.4980940449210944,186.87668225375813,-4.431437371173715,2.2843736188482757,2.4755850076546726,6.615270720990629,-21.722417659846798,-1.8816811716872521,-13.466042852369526,-8.363081550960361,-0.20800802955079148,10.553076228812671,4.0967661284422645,-2.0690792251638017
1064,-48.71549877055825,52.38887407684184,-120.40211064221987,-4.721793552152717,-9.760159593918958,20.326328006398427,15.954660911823614,8.651409788688218,-52.8953983721695,-51.440427734257845,-19.21625468147844,-18.426297640762993,-30.563109543408117,-3.786186808839799,13.26077327111757,-4.329367279358792,-25.99518683408117
1065,-102.82383795492075,1.170160865970776,98.6883032307266,-22.678074607291165,-27.476803085451564,30.666782958558013,5.615633585965384,-61.283266716004434,-49.36863850432213,-24.77884158494131,-28.31987156580633,-70.38118965020499,-113.2184976069308,-15.529936578591315,13.484865239061822,-4.211508629247806,-32.423267397536826
1066,-116.14194225493874,1.3849154902660075,113.35700403532259,-21.863720018172394,-27.16270952771443,33.5235410783065,16.192673267103473,-58.727098280869946,-44.909489981707914,-56.360496225856075,-34.67001103228211,-67.3073880979029,-114.9534709189923,-9.171285992950844,19.79956743570184,-4.45532573287554,-33.25876716186182
1067,-116.37663642562086,2.920219195011117,117.16037431105653,-21.454442399620806,-27.240609511062814,33.404175345321185,15.964974003508168,-58.13969709645094,-46.328288592530555,-56.650983073579475,-34.95601119908059,-67.42092878916324,-115.01678779668562,-9.086746508336667,19.26948688164524,-4.368861677576856,-33.91379836394599
1068,-137.34889624075885,-14.623244214040652,112.11888176957233,-3.309377299540532,-27.61044538425771,33.108265806089086,18.452484289917738,25.508736392568434,13.633160792933815,-20.017873376037333,-40.413829298480294,-39.105889920893816,-13.382188205450545,4.931105432684134,36.48830321210178,10.427486312725264,-10.985230857655072
1070,14.611355936950414,86.33582139064417,110.42854602517454,-32.825551247754696,-14.384393904568388,50.97379358693073,28.398434348796883,-15.932247732201226,-69.31876332455715,-27.016033951389186,14.296913918025906,-21.615642178097247,-81.97206112930289,10.756197477423942,28.662329186721937,-32.411126273101864,-22.76128863800716
1071,-94.89607300207783,-6.386182424819377,85.90868756664156,38.88172401281962,-21.07842973706576,5.743988252082978,27.124347124126974,34.81660474012186,-59.92059634993558,-57.75853864371184,-33.339698879648076,42.44340293566266,-2.2510293079861534,-21.92737486446784,29.553648823771717,10.540538431874129,-26.330758134174204
1072,-71.76999511336844,99.84838466699541,95.31106115186097,-198.49339290185407,-22.52094222019248,39.103160234407056,35.467062952105515,4.645500848337315,-41.43087572413187,-38.58312286899993,-4.9574633783263415,-45.04645760095957,-38.84638011246464,13.838290908168851,30.976357803802447,-30.2386653712284,-2.355190388197645
1073,-85.54606021709144,21.431506007566515,116.12930461725529,-30.528321491367976,-24.46333677507205,36.924525633184594,18.50688620771163,-66.9163727287411,-61.643076245003165,-58.03045343690798,-23.71021185981081,-63.84221131130867,-128.5503880796502,-7.958526516103119,18.440485487964523,-13.43078113409477,-36.063772967879764
1075,-136.82113394490256,-14.638053949460327,110.8395436706725,-4.2677946243906195,-27.77360900124427,33.390175621365046,17.212471822394097,25.00693839318474,14.587568728774515,-16.11973219538725,-39.88052314859786,-41.06363430705107,-13.498401619069787,4.834106783445384,35.962439350136336,10.433499051449653,-10.540882399924627
1076,-137.34889624075885,-14.623244214040652,112.11888176957233,-3.309377299540532,-27.61044538425771,33.108265806089086,18.452484289917738,25.508736392568434,13.633160792933815,-20.017873376037333,-40.413829298480294,-39.105889920893816,-13.382188205450545,4.931105432684134,36.48830321210178,10.427486312725264,-10.985230857655072
1077,-115.48063515340006,147.43224197549236,122.7440778409912,21.31787608076909,-29.670976415536057,26.738001308103197,6.501838095873411,49.34698249150378,-106.4447905085682,-47.39254039943245,-33.44879320947809,-16.181882655709533,-20.59598341447638,3.231434901295312,-5.1302653139966505,10.420532736993195,-16.977390852378416
1078,-132.81581115297587,-15.849403323478004,104.71107196284137,8.563355420850803,-26.310750240876697,27.719167375533758,19.916458275611063,47.439128635801424,14.096054581038159,-18.073416999079054,-39.43921104808922,-12.495976908527801,13.442502279164337,3.216281580610815,38.824669485509204,14.020777909248833,-7.970821322353936
1079,27.016543348873697,90.6599658670324,94.99047345320942,-25.070240680995138,21.409231388859823,43.90236664958452,25.722637807793216,-2.9578278751876175,-56.32710989682133,-19.870266448666616,20.605991227083976,-10.62876262488493,-59.99919259014227,13.011115230974411,27.40819294115232,-30.096708768841502,-16.272861539377537
1080,-116.37663642562086,2.920219195011117,117.16037431105653,-21.454442399620806,-27.240609511062814,33.404175345321185,15.964974003508168,-58.13969709645094,-46.328288592530555,-56.650983073579475,-34.95601119908059,-67.42092878916324,-115.01678779668562,-9.086746508336667,19.26948688164524,-4.368861677576856,-33.91379836394599
1081,-120.84908321120263,216.27240030977148,59.863914134868494,-20.56931980943011,-20.668860673292887,33.734816574872774,34.27132087471363,3.953118832602934,33.89490143134413,-38.58199771453734,-8.548553811577895,-29.083070113713983,-49.34821874289428,-14.290479685123747,28.476793923834805,8.138076286243821,-10.11610662334676
1082,-139.89009085908341,28.3233009221392,108.53749551531651,-3.3747506670662606,-26.535299483033857,33.51656195004435,21.706191410309213,38.89202177464433,30.28253192083981,-15.740507327250098,-35.96120572394518,-33.35009471298188,-0.05126726232479212,4.6140651629219205,38.12252912459293,13.158817870009184,-7.079551567957106
1083,-99.40907503756301,123.09324594822915,92.18586876305463,-196.9349559944195,-23.783985429448954,35.47460287615323,36.75661409114361,7.534647673230445,-20.461238213232587,-41.31641255552212,-10.13941234465192,-47.541655785581064,-33.72614830802488,8.666502952323974,31.214628982256784,-22.317789367949203,-1.3329456853323227
1084,-122.37863128229051,233.58649613760542,97.57717777448754,-20.342749974492754,-21.394081789258674,32.5797589455404,32.28971636573046,9.200486286656737,18.643509088930557,-42.01024242168428,-10.889307172956308,-30.501797651222653,-50.668660325638086,-13.364198461829039,23.020045329091545,8.291701618470807,-16.55506225952841
1085,-97.95504930207701,112.65249155616628,98.34940460780732,-189.73733934055525,-25.686671408345408,34.81631413258858,30.919106605341668,15.298970728493844,-49.043565445591334,-42.913142273284436,-14.410585997130427,-46.347548539570454,-29.453752484730288,12.53370128783031,23.916396668696898,-22.18484097457051,-1.4395394001565498
1086,-110.46224437854588,211.66954330377547,82.0464661766579,-19.215894679620867,14.646329167730192,26.256614983625184,31.94494525948308,1.8352179107240554,39.205325298796,-38.8947121817554,-5.167036927043335,-26.97281152384806,-47.48674447293942,-14.526088155776963,26.31980774902526,7.825105702108677,-14.30334467114039
1087,-93.56871598989014,79.77075095096725,-102.98174279798783,-8.502523773023515,-23.538976546351996,35.20717591922249,14.807593772609073,11.4447226785624,-35.47348600666063,-30.337919228798103,-16.362121030979203,-24.52552259851136,-26.78884205893826,1.5740171312795814,17.47606700036915,2.7152461301339526,13.84058620812537
1088,-102.49114117293274,89.65975489031058,-69.18901650341775,-46.48336875645602,-26.211262261254067,38.39612003726408,19.046274229718154,11.178834988242821,-32.57124223742397,-31.22976585944286,-15.044733112404108,-29.68921602707123,-27.294331723282664,5.067983436865668,20.765013080815244,-1.3726272871607197,19.499823585355887
1089,-94.6329606271057,83.96133714700647,-101.50767568706173,-8.788918910666345,-23.367898306759855,35.46564825779605,16.191061543086708,11.024282119824829,-34.64521541845691,-33.97609781237742,-16.457620872280547,-24.1595032641254,-27.993077329780892,1.7694960410780523,17.969872730215386,2.619708284542754,13.509967095704791
1090,-71.91757859816677,102.77066434210191,95.53630902428628,-197.8051573530629,-22.597458410191486,39.08096656445315,35.236784548798944,6.757746232610741,-42.38151717704866,-38.25576860915973,-4.953380581223287,-44.35402033830111,-37.017172511339396,14.194118607918833,30.49888242034819,-29.9448219961587,-1.957403165748388
1091,32.32737472411386,89.99612990004067,100.83872778149241,-23.958792848367136,-7.987349173891322,42.322166842302295,30.86623231020422,0.5793160651968984,-63.52972361188426,14.707446412001692,18.125573434528828,-8.528374708668423,-60.1966991314489,12.904632685920756,26.14565785531232,-28.761830722563918,-16.482838547529425
1092,-122.32964077029563,231.79354065904343,97.36271496969911,-15.615500739988509,-21.314554064997292,31.98270460106032,32.17130503129555,10.017087173681762,18.20581823856935,-42.25708385029527,-11.264185471015098,-28.55420574353056,-49.75422101171592,-13.993217089944253,23.03446482432328,9.005024025335741,-16.97959267023994
1093,-113.12733383209344,147.73353652769757,120.9139090088461,21.313863663171535,-29.21497835678927,26.183599132140923,6.192580361838007,48.58937147632085,-106.935080336815,-47.228752002417735,-32.762192166337435,-15.622832029118461,-20.785865984098916,3.081846419538177,-5.798662711483555,10.18895860688432,-16.89734021624821
1094,46.395063928703145,88.99358261129147,98.7124806451081,-23.237355489808976,-16.264963019715367,46.667274525667615,25.148615754965622,6.644633047003559,-53.59778026625468,-18.157589690539567,18.200861637242628,-16.45067866902541,-57.08118148348625,8.862470238251799,24.940277060803187,-24.845386240742815,-22.285327738620296
1095,45.85881447876011,88.63286829334594,98.6080576512898,-22.79900773944445,-16.279101032031793,46.673136755784036,25.199353684003867,8.731723836671947,-52.121880143886486,-17.23732916332234,18.0643224833196,-15.7837712337049,-54.563214637528965,9.226416869757484,25.352054243875088,-24.47738906563875,-21.70875386655221
1096,-25.405148584527176,54.95261397054174,-84.12741324192697,-8.426653603085542,-7.210266622263302,23.13760696308779,19.46563709015816,4.373749752105364,-60.42510269477716,-53.913417987857386,-13.156439880541587,-16.30286922859831,-40.47269253445639,-1.53920369312073,15.54579272762255,-11.52456386175423,-33.90549830069448
1097,-122.32964077029563,231.79354065904343,97.36271496969911,-15.615500739988509,-21.314554064997292,31.98270460106032,32.17130503129555,10.017087173681762,18.20581823856935,-42.25708385029527,-11.264185471015098,-28.55420574353056,-49.75422101171592,-13.993217089944253,23.03446482432328,9.005024025335741,-16.97959267023994
1098,-137.34889624075885,-14.623244214040652,112.11888176957233,-3.309377299540532,-27.61044538425771,33.108265806089086,18.452484289917738,25.508736392568434,13.633160792933815,-20.017873376037333,-40.413829298480294,-39.105889920893816,-13.382188205450545,4.931105432684134,36.48830321210178,10.427486312725264,-10.985230857655072
1099,-55.71988643658422,36.50636791567856,-87.32457593539834,-3.1899107301039633,-9.869998669704062,19.781084338846888,17.497550205558046,14.023470599508718,-43.27902254330086,-51.84657647950122,-23.73352990032954,-19.38445920477724,-25.04508133365181,-2.307130161309843,17.160708804254522,-2.8921265061907824,-30.412562237948322
1100,-96.04200604369217,27.180494088685972,87.82099338041228,45.38030992216429,-21.702370572670773,5.503979062434139,25.14199518655017,55.206776521623695,-69.14542943960734,-54.99525110676309,-32.71669459148886,49.44032179326283,14.947764526915893,-18.818749857370577,24.60531329816441,13.391754261809377,-22.55233059042318
1101,-26.724999433195297,23.005172263145894,32.078279982937765,-3.21638235778722,-8.09755457104208,197.46432271155356,-1.4264565158845754,6.79747457365619,-15.649191375126717,-22.754851992831924,-11.670930607359644,-13.247213997578951,-12.019431822539351,-6.992360555586671,9.679191423179835,6.624498423683328,-1.5704021621838833
1102,-119.97907441926444,189.35810988350858,124.15646603874504,9.730794339765659,-29.45852374770082,31.58336820263903,8.113367917948175,40.31455340717999,-90.11910235267233,-45.563132087248704,-28.92636011511952,-30.434861890635606,-33.5733037509836,3.668105255930236,-5.592370194134225,9.527588854430185,-16.153271425331205
1103,8.967717251729772,81.1283337487517,109.80917819853026,-25.01421514389538,-14.565414732934238,50.98795395745776,28.55968758317131,3.478213764950453,-54.972255989056244,-18.21031297652116,12.548813226112246,-15.330154635307414,-58.62308670987662,13.950830783822177,32.52426688854626,-28.388136476405393,-17.683480174054495
1104,-115.94790875503227,1.5982839823419466,116.51026432709254,-25.570536548626,-27.12445261586219,33.47083094591228,16.541378462822784,-58.79149608119216,-44.96515325143273,-56.58145303611542,-34.57738484350028,-67.72977924140642,-115.01530135766421,-8.997741199428038,20.00279639399415,-5.005723098302342,-33.623655329667045
1105,-99.40907503756301,123.09324594822915,92.18586876305463,-196.9349559944195,-23.783985429448954,35.47460287615323,36.75661409114361,7.534647673230445,-20.461238213232587,-41.31641255552212,-10.13941234465192,-47.541655785581064,-33.72614830802488,8.666502952323974,31.214628982256784,-22.317789367949203,-1.3329456853323227
1106,-102.08473296542549,81.40213861213223,92.1138984583896,-193.25665002887249,-25.18067426763324,35.74663761016616,33.49897606750539,14.295221695740667,-24.284795572655582,-36.516281360643774,-15.534553398114292,-48.1280475771385,-23.41876891166006,13.070364439979736,32.59127388043441,-21.606228015664954,1.13774567454851
1107,-50.05464137308332,66.14568829383217,63.53709998147613,1.949331179654608,-20.592510213900006,17.99524327892944,-1.3014651304687177,6.548973849534691,-43.854581065217566,-16.656694166596548,-22.85783405905436,-25.373896622026944,-10.81511669664546,-3.871383586586502,-246.2296980997211,0.8165863631822639,-2.450690001320244
1108,-115.94790875503227,1.5982839823419466,116.51026432709254,-25.570536548626,-27.12445261586219,33.47083094591228,16.541378462822784,-58.79149608119216,-44.96515325143273,-56.58145303611542,-34.57738484350028,-67.72977924140642,-115.01530135766421,-8.997741199428038,20.00279639399415,-5.005723098302342,-33.623655329667045
1109,-128.7699263043444,-16.697451729484126,92.9322516173031,0.10035579486107143,-28.050397259493266,30.401439820419807,8.329506830412598,43.26122926430386,22.925270529539223,20.46396711739607,-35.00245925341025,-35.37154660139252,12.9070111990451,2.1192627457306283,33.93220083371119,14.190657312060612,-3.9077478201838645
1110,-132.81581115297587,-15.849403323478004,104.71107196284137,8.563355420850803,-26.310750240876697,27.719167375533758,19.916458275611063,47.439128635801424,14.096054581038159,-18.073416999079054,-39.43921104808922,-12.495976908527801,13.442502279164337,3.216281580610815,38.824669485509204,14.020777909248833,-7.970821322353936
1111,114.21660371517316,39.321100809420365,41.84206121127065,7.453660374554953,-20.298194470056128,-2.957264271639283,1.948264861115649,11.41125352871381,-17.182703535345127,-65.84396000544622,-89.59194667624105,-2.1657036681481143,1.1592733399004906,-9.760847240607875,5.4702645714283324,26.878840419763694,10.033855130608055
1112,-118.5200822469932,221.68907922358287,91.72618791881169,-57.38759731553947,-20.348669732453043,33.17965935086028,37.47735649956192,3.3342954239858162,30.911727158810997,-41.38447208450781,-7.48166997273357,-33.281451721411194,-50.65528237444544,-12.56315068165138,29.619830940231733,2.55994883194143,-13.943774951017861
1113,-123.19602491802382,231.62543735722258,97.8976168922079,-16.47654362391422,-21.44786050677672,32.54115924501963,31.994328238760687,9.827130676792915,19.706915323117702,-41.4868661917713,-11.408555479562693,-30.218477026317426,-49.98138751982744,-13.445084838981966,23.17598838326879,9.002716839230661,-16.666418644188525
1114,-134.58403160426664,-12.373577914667836,105.92036161832773,8.439716580869028,-26.41084646702208,28.12272382150974,20.873086808603016,47.35697070001952,15.16386969517663,-18.257482092033985,-39.89771444365354,-17.385827791591325,12.748696650775637,3.1877294986778484,39.15878132124644,14.04100481794991,-8.237503052178445
1115,-116.37663642562086,2.920219195011117,117.16037431105653,-21.454442399620806,-27.240609511062814,33.404175345321185,15.964974003508168,-58.13969709645094,-46.328288592530555,-56.650983073579475,-34.95601119908059,-67.42092878916324,-115.01678779668562,-9.086746508336667,19.26948688164524,-4.368861677576856,-33.91379836394599
1116,-103.79712688963744,-10.231947280571653,98.68268736833093,1.9859045566679023,-29.128682177235703,28.850261143460198,15.062557225524223,48.59849605923365,30.77744499571888,-9.828538762344783,-35.58494139198716,-34.662560257602486,12.92233640277864,3.880754971375753,32.49521137653629,17.41632698321455,-9.42811503935839
1117,47.603505045070236,89.69601165979971,94.69884904569368,-22.86387930404761,-15.919108802555158,46.39242539087842,25.174713293734712,8.099644424611132,-53.56517091748654,-18.06731129561247,18.41959125988168,-15.492220091162899,-55.28301369177944,8.999753354884618,24.887499888174244,-24.81412225620912,-22.228403640142027
1119,27.87255848590923,93.08645952572896,98.04112952883985,-20.62444152650027,-13.32516110715875,46.6363131971404,25.68841987588273,-8.413660527507812,-61.699747911379184,-10.297572181376282,53.718113199797536,-2.2469101944734384,-58.760527095308305,16.590916028953338,29.804650709624692,-32.51275793882247,-12.280109328407482
1120,-136.82113394490256,-14.638053949460327,110.8395436706725,-4.2677946243906195,-27.77360900124427,33.390175621365046,17.212471822394097,25.00693839318474,14.587568728774515,-16.11973219538725,-39.88052314859786,-41.06363430705107,-13.498401619069787,4.834106783445384,35.962439350136336,10.433499051449653,-10.540882399924627
1121,-137.34889624075885,-14.623244214040652,112.11888176957233,-3.309377299540532,-27.61044538425771,33.108265806089086,18.452484289917738,25.508736392568434,13.633160792933815,-20.017873376037333,-40.413829298480294,-39.105889920893816,-13.382188205450545,4.931105432684134,36.48830321210178,10.427486312725264,-10.985230857655072
1122,13.793962301217114,84.37476261026133,110.7489851428949,-28.959344897176155,-14.438172622086434,50.935193886409955,28.10304622182709,-15.305603342065048,-68.25535709037001,-26.492657721476203,13.77766561141952,-21.33232155319202,-81.28478832349224,10.675311100271015,28.818272240899184,-31.700111052341995,-22.87264502266728
1123,73.9608070348903,40.760975642606766,55.745106276950175,4.139570647869093,-33.72175754231685,15.575640279534216,3.6930353916257155,53.89690755508007,20.087714721601504,-11.23043441622568,-2.7961758069168097,-35.81613908896782,5.7447531559766105,-15.283884045823697,1.2653385570212696,23.3938440201813,-30.355673571964537
1124,-109.11075003288659,112.42482134443225,-65.47714582544326,-11.594129471739501,-25.696831022061073,38.110109495864045,19.321354305178094,10.75453768934122,-17.67807472699178,-30.268572042554897,-14.770721783743124,-26.422098610405254,-30.634626374429313,-0.010736723816380498,21.053181067641365,5.202078903390899,16.911462704929026
1125,-72.30624456331147,99.48767034904988,95.20663815804267,-198.05504515148954,-22.535080232508903,39.10902246452348,35.51780088114376,6.7325916380057045,-39.95497560176368,-37.662862341782706,-5.094002532249371,-44.37955016563906,-36.328413266507354,14.202237539674536,31.38813498687435,-29.870668196124335,-1.7786165161295577
1126,-46.77516377149354,54.52255899760122,-88.86950772452029,-41.78995885668873,-9.377590475396536,19.799226682456258,19.441712869016722,8.007431785466064,-53.45203106941766,-53.64999583685129,-18.289992793660197,-22.65020907579816,-31.181413930127228,-2.0507388736117287,15.293062854040652,-9.83334093362681,-29.644068512133444
1127,-94.02496614323988,7.483577278794481,50.12746353355541,41.6713033152156,-21.064591803571947,6.715708882397077,27.098555727014254,50.06504673866613,-55.239024770876945,-51.58012756807593,-30.438869240632748,50.5031824748507,16.674215480199404,-19.21449271310979,30.079700529795147,12.614331629584266,-15.802573888839861
1128,-112.07986629020697,73.32990348246881,-62.41558963110048,-8.140203264634728,-26.967820601526153,38.272761906852196,16.437465445778262,17.345076240432988,-20.21230768245638,-25.67627648947612,-20.010308637901364,-27.075014689545412,-20.795086787276112,4.036131189806698,22.61541628722383,5.98704019024647,18.70646483160297
1129,-25.941398034470215,54.591899652596226,-84.23183623574526,-7.9883058527210125,-7.2244046345797255,23.14346919320421,19.51637501919641,6.460840541773754,-58.949202572408964,-52.993157460640155,-13.292979034464617,-15.635961793277795,-37.9547256884991,-1.1752570616150455,15.957569910694447,-11.156566686650162,-33.328924428626394
1130,-99.02040907241832,126.37623994128118,92.51553962929825,-196.68506819599287,-23.846363607131536,35.4465469760829,36.4755977587988,7.559802267835482,-22.887779788517562,-41.909318822899145,-9.998790393625836,-47.516125958243116,-34.41490755285693,8.65838402056827,30.325376415730624,-22.39194316798357,-1.511732334951153
1131,-102.3781912948834,83.99832808626572,95.2474249573974,-193.48102978731472,-25.054975008914035,35.63725528714137,33.87272523174378,14.12518622432221,-22.995471168697186,-36.724117002443336,-15.378999198810163,-48.194571864721226,-23.886608720871685,12.713370865947052,32.776864201839246,-21.532828081093633,0.46205644134161544
1132,-115.89891824303739,-0.19467149622005073,116.29580152230412,-20.843287314121746,-27.04492489160081,32.873776601432205,16.422967128387874,-57.97489519416714,-45.40284410179394,-56.82829446472641,-34.95226314155908,-65.78218733371432,-114.10086204374205,-9.62675982754325,20.017215889225884,-4.292400691437408,-34.04818574037858
1133,-109.11075003288659,112.42482134443225,-65.47714582544326,-11.594129471739501,-25.696831022061073,38.110109495864045,19.321354305178094,10.75453768934122,-17.67807472699178,-30.268572042554897,-14.770721783743124,-26.422098610405254,-30.634626374429313,-0.010736723816380498,21.053181067641365,5.202078903390899,16.911462704929026
1134,15.417139723795147,85.33386779866343,109.46057385095915,-29.008380984162827,-10.884894014550063,50.281489150207214,27.845193224788996,-16.082155483527398,-68.48940351055866,-26.76705796111394,14.52837722259493,-20.98477815834093,-81.65520733915227,10.559903730011383,28.33232686760129,-31.884610586085124,-22.797245610019413
1135,13.793962301217114,84.37476261026133,110.7489851428949,-28.959344897176155,-14.438172622086434,50.935193886409955,28.10304622182709,-15.305603342065048,-68.25535709037001,-26.492657721476203,13.77766561141952,-21.33232155319202,-81.28478832349224,10.675311100271015,28.818272240899184,-31.700111052341995,-22.87264502266728
1136,45.85881447876011,88.63286829334594,98.6080576512898,-22.79900773944445,-16.279101032031793,46.673136755784036,25.199353684003867,8.731723836671947,-52.121880143886486,-17.23732916332234,18.0643224833196,-15.7837712337049,-54.563214637528965,9.226416869757484,25.352054243875088,-24.47738906563875,-21.70875386655221
1137,54.97442848973825,88.11544135661822,94.1262183736606,-22.39811477083075,-13.237132189287202,42.21382693719051,24.212420313548137,1.0338831040156085,-60.399511102028015,-29.56828390302934,4.386579249937818,-10.097488782920848,-55.419374845938,9.126284633878857,25.4541616807818,-22.936191326330007,-14.574295105581642
1138,-122.32964077029563,231.79354065904343,97.36271496969911,-15.615500739988509,-21.314554064997292,31.98270460106032,32.17130503129555,10.017087173681762,18.20581823856935,-42.25708385029527,-11.264185471015098,-28.55420574353056,-49.75422101171592,-13.993217089944253,23.03446482432328,9.005024025335741,-16.97959267023994
1139,-25.405148584527176,54.95261397054174,-84.12741324192697,-8.426653603085542,-7.210266622263302,23.13760696308779,19.46563709015816,4.373749752105364,-60.42510269477716,-53.913417987857386,-13.156439880541587,-16.30286922859831,-40.47269253445639,-1.53920369312073,15.54579272762255,-11.52456386175423,-33.90549830069448
1140,9.054827937613565,82.51530971911309,106.23105579522164,-24.735257213655782,-14.564030939584857,51.08512602048918,28.55710844346004,5.003057964804881,-54.50409883115039,-17.592471868957567,12.838896190013779,-14.52417668138861,-56.73056223105806,14.222118998957981,32.5768720591486,-28.180757156634378,-16.63066174952106
1141,46.67620811449341,90.59392707372879,98.28761853356944,-26.665214090022978,-16.225322314513743,46.71173645630481,25.49474181097366,8.105079446535768,-53.185286378073634,-17.76070539323532,18.583570789925986,-16.067091858610123,-55.2504874433396,9.30730324691041,25.196111189697838,-25.1884042863986,-21.59739748189209
1142,-93.56871598989014,79.77075095096725,-102.98174279798783,-8.502523773023515,-23.538976546351996,35.20717591922249,14.807593772609073,11.4447226785624,-35.47348600666063,-30.337919228798103,-16.362121030979203,-24.52552259851136,-26.78884205893826,1.5740171312795814,17.47606700036915,2.7152461301339526,13.84058620812537
1143,-137.34889624075885,-14.623244214040652,112.11888176957233,-3.309377299540532,-27.61044538425771,33.108265806089086,18.452484289917738,25.508736392568434,13.633160792933815,-20.017873376037333,-40.413829298480294,-39.105889920893816,-13.382188205450545,4.931105432684134,36.48830321210178,10.427486312725264,-10.985230857655072
1144,-137.34889624075885,-14.623244214040652,112.11888176957233,-3.309377299540532,-27.61044538425771,33.108265806089086,18.452484289917738,25.508736392568434,13.633160792933815,-20.017873376037333,-40.413829298480294,-39.105889920893816,-13.382188205450545,4.931105432684134,36.48830321210178,10.427486312725264,-10.985230857655072
1145,-96.14458993661509,101.47523096933473,60.51043086249418,-195.07492798856407,-24.89975695225599,36.55035361629124,33.3395545442486,8.502720326182597,-33.07290081332049,-39.7483111989797,-11.112778020564534,-46.8038666787383,-30.141032392259,11.786786702248252,29.1851440771437,-23.13900663442416,5.2245019659950795
1146,-126.21630042174276,198.96360072852332,94.06600630726294,-18.114378724255076,-20.6907722881715,32.26326360176358,34.9814683547437,9.765541227631392,42.47123399141909,-36.328021176524935,-12.670404981275928,-28.809504016910036,-42.86662856339545,-13.912027772387232,31.926990489584842,9.74656202567943,-15.191726174051633
1147,34.31778233615962,84.08185950506363,89.57289805111589,-24.620003987103964,-9.563574099035998,44.89539225198916,25.20859043782012,-2.7684166123933847,-58.88954397740288,-15.488380082142118,19.964885546736426,-8.513690307485097,-58.19382812976721,12.669304115999378,25.583672699262213,-30.567454732498938,-16.226349304554166
1148,-91.22012776577728,80.40398227082007,-102.27717253192141,-8.227463366690506,-23.679074199822974,35.05165280472683,15.529522264777265,12.073206109262557,-34.78934928567282,-33.460570422326064,-16.474592348296202,-24.344101898512776,-26.7456046307915,1.7103119769235788,17.3850554385058,3.0612012288707424,13.249227019989757
1149,-86.36345385282473,19.470447227183676,116.44974373497564,-26.662115140789442,-24.517115492590097,36.88592593266382,18.211498080741837,-66.28972833860493,-60.57967001081602,-57.50707720699501,-24.229460166417198,-63.558890686403444,-127.86311527383961,-8.039412893256044,18.59642854214177,-12.719765913334914,-36.175129352539884
1150,24.117622803941693,83.36369846127161,87.65314638502954,-25.614483367377712,-14.518132267845361,47.947656535835065,17.9554283720528,1.8148101176095595,-60.40653812736465,13.159200639667079,19.54430443305165,-17.306427091148723,-55.71538797324703,7.636804898444645,25.797615506807755,-28.27367324357702,-16.31481175878588
1151,-115.89891824303739,-0.19467149622005073,116.29580152230412,-20.843287314121746,-27.04492489160081,32.873776601432205,16.422967128387874,-57.97489519416714,-45.40284410179394,-56.82829446472641,-34.95226314155908,-65.78218733371432,-114.10086204374205,-9.62675982754325,20.017215889225884,-4.292400691437408,-34.04818574037858
1152,14.611355936950414,86.33582139064417,110.42854602517454,-32.825551247754696,-14.384393904568388,50.97379358693073,28.398434348796883,-15.932247732201226,-69.31876332455715,-27.016033951389186,14.296913918025906,-21.615642178097247,-81.97206112930289,10.756197477423942,28.662329186721937,-32.411126273101864,-22.76128863800716
1153,-126.5464351195279,199.15621174464798,94.70533122359002,-19.413769358545323,-20.809940717634504,32.81585601560647,34.75375363317057,7.488493941074159,42.49643095359925,-36.4780640452182,-12.678235835900495,-31.140682735017414,-45.61176191746426,-13.72784215293063,31.656736865458456,9.376257664470284,-15.45512602006831
1154,-122.57266478219698,233.37312764552948,94.42391748271758,-16.635933444039154,-21.432338701110915,32.632469077934616,31.94101117001117,9.264884086978954,18.69917235865537,-41.78928561142494,-10.98193336173813,-30.079406507719135,-50.606829886966175,-13.537743255351847,22.816816370799238,8.842098983897609,-16.19017409172318
1155,-48.71549877055825,52.38887407684184,-120.40211064221987,-4.721793552152717,-9.760159593918958,20.326328006398427,15.954660911823614,8.651409788688218,-52.8953983721695,-51.440427734257845,-19.21625468147844,-18.426297640762993,-30.563109543408117,-3.786186808839799,13.26077327111757,-4.329367279358792,-25.99518683408117
1156,-97.77079296664793,-9.12724242783037,83.61575911051652,43.42949881081057,-20.878433968776047,5.309594797963182,27.107502990975412,54.950264652736074,-41.4564615163285,-48.79625812039257,-34.20260182528425,49.44739651579318,22.619406670674532,-18.49438820935498,33.19204219638914,13.91802608538459,-20.385368673022192
1157,-119.25529489432911,189.7511517214252,123.1044369982155,8.802399497047503,-29.729314755184028,35.046296316661646,7.680851231976301,39.440614741752626,-89.06257203703139,-44.88213234442614,-28.474063903721408,-31.692438378200688,-34.00765309296408,4.0518645186419295,-6.134544489563213,9.353691976560109,-15.99742068199247
1158,-99.02040907241832,126.37623994128118,92.51553962929825,-196.68506819599287,-23.846363607131536,35.4465469760829,36.4755977587988,7.559802267835482,-22.887779788517562,-41.909318822899145,-9.998790393625836,-47.516125958243116,-34.41490755285693,8.65838402056827,30.325376415730624,-22.39194316798357,-1.511732334951153
1159,-122.32964077029563,231.79354065904343,97.36271496969911,-15.615500739988509,-21.314554064997292,31.98270460106032,32.17130503129555,10.017087173681762,18.20581823856935,-42.25708385029527,-11.264185471015098,-28.55420574353056,-49.75422101171592,-13.993217089944253,23.03446482432328,9.005024025335741,-16.97959267023994
1160,17.141653609062796,100.7389215525801,106.6047870213266,-63.67627864968071,-14.027627557753773,51.37395096266547,31.51356885286923,-2.7882301364113165,-65.60631833092772,-23.44407527565097,17.741296292176116,-18.163360884359655,-65.49581476798308,14.759694555351446,30.9648363467738,-35.49828868400395,-16.569916327453303
1161,-137.01427172328016,3.4222919501927453,76.53238674851242,-1.76461045963746,-27.588692828158315,34.620368590252696,18.570148195759007,39.834939832991445,20.097410896036873,-13.579499703330653,-37.07519335088388,-32.63783543347707,4.222607898273145,7.7424678446019,36.98229678600601,12.411754403568592,-0.34331726701087695
1162,-123.27809248295372,145.91931225910477,127.55819514357033,13.568490125437629,-30.870734391550908,31.76409310373697,4.90904696305947,47.63737401950418,-92.93491674763301,-40.460581472716726,-34.748123286406454,-31.16032420079134,-22.64048198748004,8.164625159955879,-3.8565532834870404,10.399768062047485,-14.158824617915714
1163,-122.37863128229051,233.58649613760542,97.57717777448754,-20.342749974492754,-21.394081789258674,32.5797589455404,32.28971636573046,9.200486286656737,18.643509088930557,-42.01024242168428,-10.889307172956308,-30.501797651222653,-50.668660325638086,-13.364198461829039,23.020045329091545,8.291701618470807,-16.55506225952841
1164,-25.6380714605603,23.603563133602478,30.68544569718372,-2.8270706944093624,-4.558413975822133,196.81648020546723,-1.633571583884422,8.108013221862226,-14.40733767294717,-22.10899170525244,-11.056758150107264,-12.23276316740735,-9.871883992242104,-6.743821294340617,9.60502323295384,6.807996065044265,-0.9184288774679297
1165,46.395063928703145,88.99358261129147,98.7124806451081,-23.237355489808976,-16.264963019715367,46.667274525667615,25.148615754965622,6.644633047003559,-53.59778026625468,-18.157589690539567,18.200861637242628,-16.45067866902541,-57.08118148348625,8.862470238251799,24.940277060803187,-24.845386240742815,-22.285327738620296
1166,-123.19602491802382,231.62543735722258,97.8976168922079,-16.47654362391422,-21.44786050677672,32.54115924501963,31.994328238760687,9.827130676792915,19.706915323117702,-41.4868661917713,-11.408555479562693,-30.218477026317426,-49.98138751982744,-13.445084838981966,23.17598838326879,9.002716839230661,-16.666418644188525
1167,-115.89891824303739,-0.19467149622005073,116.29580152230412,-20.843287314121746,-27.04492489160081,32.873776601432205,16.422967128387874,-57.97489519416714,-45.40284410179394,-56.82829446472641,-34.95226314155908,-65.78218733371432,-114.10086204374205,-9.62675982754325,20.017215889225884,-4.292400691437408,-34.04818574037858
1168,-115.89891824303739,-0.19467149622005073,116.29580152230412,-20.843287314121746,-27.04492489160081,32.873776601432205,16.422967128387874,-57.97489519416714,-45.40284410179394,-56.82829446472641,-34.95226314155908,-65.78218733371432,-114.10086204374205,-9.62675982754325,20.017215889225884,-4.292400691437408,-34.04818574037858
1169,-117.69146035354454,-15.084250621059203,91.4776966003021,0.16892072660594054,-22.869153302986703,27.626918815627594,15.38105171337588,37.85596662535125,24.50007099044929,-8.243378078179278,-34.37097937171099,-27.951529957973765,9.481605480162926,7.473230699374783,33.395227229410324,11.557835446463242,-4.0257611134905495
1170,-36.443106031719914,-2.868563512718531,9.800855130044598,-2.8788050719530376,-31.077538996339147,15.577421885254966,-37.77996878987839,33.76403194967424,3.93327738858297,146.40384894694617,-2.387734513626062,-49.8952660527127,18.65987369701503,-28.226201556918863,-0.20576227152462434,18.06389735479683,-2.949444091536911
1171,-108.52310844512877,101.81596365054853,-58.77870805818177,-5.257555701800958,-27.73282344273695,38.01027539625871,13.306870026841239,18.328904247715773,-44.75930487480216,-31.09508410179325,-19.18626544476922,-26.89226264718151,-26.58939705924623,4.4045938626522405,13.896472313026983,5.332720110664511,17.11804301615621
1172,14.611355936950414,86.33582139064417,110.42854602517454,-32.825551247754696,-14.384393904568388,50.97379358693073,28.398434348796883,-15.932247732201226,-69.31876332455715,-27.016033951389186,14.296913918025906,-21.615642178097247,-81.97206112930289,10.756197477423942,28.662329186721937,-32.411126273101864,-22.76128863800716
1173,-107.36605946657647,113.48796471088602,-69.38635443103938,-11.659001036342664,-25.336838792584444,37.82939813095843,19.29671391490894,10.122458277280405,-19.121365500591835,-31.098554174845027,-14.415453007181043,-26.130547467863252,-31.354425428679793,-0.23740023868924504,20.588626711940524,4.865345712820528,16.39181293133921
1174,47.66350890281391,89.84942294619812,97.62311908584346,-22.39412770864895,-16.150676150701887,46.265040939608994,25.01345668787006,7.365011478708768,-52.88755043348483,-16.850873488742184,22.127138780237427,-14.512790222816514,-54.83985067011709,9.518543821140135,25.105653649766833,-24.927482921873807,-21.239191612362223
1175,-110.53170103249727,17.114128085028124,82.09370934990967,-23.298228399296782,-27.023013276722192,34.345329574541374,15.712819648357797,-63.78731758919559,-53.97917666186889,-59.08227100273881,-30.83041197186105,-66.05575343051822,-120.58245222324089,-10.005211740279764,16.567019323475847,-5.900886430873017,-28.9725661896737
1176,-134.52526744549087,-13.434463684056208,106.59020539505389,9.073373957862882,-26.61444570908967,28.112740411549208,20.271638380769332,48.11440735585697,12.455746680395588,-18.34013329795782,-40.33926880975615,-17.432844195268952,13.153219582293943,3.6292625573247106,38.443110445784995,14.05406893867727,-8.216845021055727
1177,-50.05464137308332,66.14568829383217,63.53709998147613,1.949331179654608,-20.592510213900006,17.99524327892944,-1.3014651304687177,6.548973849534691,-43.854581065217566,-16.656694166596548,-22.85783405905436,-25.373896622026944,-10.81511669664546,-3.871383586586502,-246.2296980997211,0.8165863631822639,-2.450690001320244
1178,-117.83364539158653,-9.569555629054246,98.58766665196835,2.717073147561262,-24.338066592882488,28.236730554413146,13.717629344959917,39.00716444855562,65.44349811586713,-13.2185155923951,-36.7543349017694,-29.087623298434654,8.705155445000475,6.505775148301089,35.812290461805226,11.082617088463865,-3.4229847322628397
1179,-30.408287811464174,36.32869388536428,41.93870299758898,-0.589670980587521,-15.408747849606335,12.731780520009957,-1.5838791473746052,-1.278682248344975,-24.492063594835844,-9.089747522679117,-17.398043137908633,-20.03868862949569,-5.826349944550334,-5.28607908660083,-244.02114640932857,-0.7576169375627836,0.13768285617009585
1180,-99.72231805156517,-9.632611286329011,84.96888062227693,42.826853766100385,-21.205671847913568,5.796748323130777,27.580988485471195,53.600421847137355,-46.637495248621825,-49.47619389875679,-34.56855126495534,48.44556985354727,20.41067230562943,-18.651855180916677,33.25964347141879,13.852513007810728,-21.141593285561417
1181,17.01837048136168,98.54581686608041,73.13759227766364,-26.17377801237772,-13.968336629845831,51.352512340761784,27.767997090678968,-0.8147723587037026,-64.06407533955817,-20.15045824882559,17.3650962935755,-12.71349138741291,-62.549426104929175,13.238604769871925,28.67592654943571,-29.85789198474073,-12.264410141202736
1182,22.372932237631563,82.30055509481784,91.56235499062566,-25.54961180277455,-14.878124497321991,48.22836790074068,17.980068762321956,2.446889529670376,-58.963247353764594,13.989182771957209,19.18903565648957,-17.597978233690725,-54.99558891899656,7.863468413317508,26.2621698625086,-27.936940053006648,-15.795161985196064
1183,48.212115800066734,88.93416284555117,96.7778888191447,-22.803020157042003,-15.823102973285,46.11873457982176,24.890095949968465,7.974112821489019,-52.61216997213329,-17.07354076630763,18.750923526460255,-15.224720607113827,-54.7530972071515,9.076828388000349,24.683656846388182,-24.70896319574762,-21.628703230422005
1184,30.25913622372565,88.91706224588845,93.04226917223674,-25.104253426069487,-9.989903511197898,77.65312632063342,25.065143833892048,-1.1598350061727227,-62.8638231732578,-20.299506954245953,17.597434625854984,-10.880929590245044,-60.62490899495045,11.267436292399326,27.707559425563407,-29.436224164116393,-16.529411545989465
1185,-70.36329680611357,100.19789125225336,93.09909659312169,-198.25008493247398,-22.253541786271377,38.634019742007496,35.20232187224813,5.597262217771367,-40.39115750038761,-36.84381856780409,-4.769813963261408,-43.6772652807463,-37.011844450388246,13.903677158597656,30.697802114037774,-29.674394736278423,0.9210891837948695
1186,-99.02040907241832,126.37623994128118,92.51553962929825,-196.68506819599287,-23.846363607131536,35.4465469760829,36.4755977587988,7.559802267835482,-22.887779788517562,-41.909318822899145,-9.998790393625836,-47.516125958243116,-34.41490755285693,8.65838402056827,30.325376415730624,-22.39194316798357,-1.511732334951153
1187,-97.60191951300287,70.68706268586094,-80.75271885721304,-7.869135211385512,-27.274306976203064,34.966931466169186,5.663653392936666,15.148899773605782,-27.461877693577343,5.342996134714243,-13.67135336218211,-28.418020671477944,-18.365107157891472,-2.513658072763374,15.973600210233467,6.159764545407959,19.904479803083444
1188,-107.65672429740059,101.98406695236937,-59.313609980690565,-4.39651281787524,-27.599517000957526,37.45182075229941,13.483846819376122,18.518860744604616,-46.26040195935052,-31.865301760317223,-19.041895436221626,-25.227991364394644,-26.362230551134715,3.8564616116899564,13.754948754081472,5.3350272967695895,16.804868990104804
1189,55.551017573509924,89.11043939638132,95.16277984690039,-22.110019532672634,-12.901177094708084,42.18580449965796,25.144201694265437,-0.3273342031845616,-60.60679008425147,-24.96133886075551,1.1634572774661018,-8.41778641973475,-55.92030663202495,10.291776968771346,25.665680621680774,-23.92541393256178,-13.476404399300675
1190,-129.10006100212956,-16.504840713359453,93.57157653363018,-1.1990348394291759,-28.169565688956272,30.95403223426269,8.101792108839469,40.98418197774662,22.950467491719383,20.31392424870281,-35.010290108034816,-37.7027253194999,10.161877844976294,2.3034483651872284,33.66194720958481,13.820352950851467,-4.17114766620054
1191,-134.58403160426664,-12.373577914667836,105.92036161832773,8.439716580869028,-26.41084646702208,28.12272382150974,20.873086808603016,47.35697070001952,15.16386969517663,-18.257482092033985,-39.89771444365354,-17.385827791591325,12.748696650775637,3.1877294986778484,39.15878132124644,14.04100481794991,-8.237503052178445
1192,-98.87282558761999,123.45396026617469,92.29029175687293,-197.37330374478404,-23.76984741713253,35.46874064603681,36.70587616210537,5.447556883562056,-21.937138335600782,-42.236673082739344,-10.00287319072889,-48.208563220901574,-36.24411515398217,8.302556320818288,30.802851799184882,-22.68578654305327,-1.9095195574004102
1193,-118.03017712704437,203.7595244379629,89.58155987092744,-10.115104970496969,-19.553392489839233,27.209115906059484,36.29324315521282,11.500304294236038,26.534818655198915,-43.852886370617696,-11.230452953321477,-13.80553264449029,-41.510889235223836,-18.853336962803496,29.764025892549075,9.69317290059077,-18.18907905813316
1194,120.53955204030245,28.549924963004056,32.19789715204423,13.514840511700498,-24.22279218487027,-9.954200978795495,-2.8906567546694317,21.573419865355643,-0.9355446906103276,-64.49240868734948,-94.28555879154425,-6.672986435582271,14.728566093439241,-15.27566494661364,0.05075354188622726,37.649867864073194,8.088298196890282
1195,-115.89891824303739,-0.19467149622005073,116.29580152230412,-20.843287314121746,-27.04492489160081,32.873776601432205,16.422967128387874,-57.97489519416714,-45.40284410179394,-56.82829446472641,-34.95226314155908,-65.78218733371432,-114.10086204374205,-9.62675982754325,20.017215889225884,-4.292400691437408,-34.04818574037858
1196,-137.8853785821181,-10.447467753421112,112.3136107815986,-4.554189762033447,-27.60253076165213,33.6486479599386,18.595939592871726,24.58649783444717,15.415839316978236,-19.757910778966565,-39.9760229898992,-40.69761497266511,-14.702636889912418,5.029585693243855,36.45624507998258,10.337961205858456,-10.87150151234521
1197,-132.51377998495087,-16.46794516607031,104.43807679217491,8.87526067303081,-26.117111307975758,27.080194900348204,23.714028167682464,47.604211325706125,14.22366571742936,-18.420613638144182,-40.311702015130145,-17.440325282711658,14.067761584166975,3.2574567340732665,38.66810265137224,14.115994932042263,-8.210818599048316
1198,-97.01569679545302,87.60547126572087,96.29165489558034,-197.86450729096003,-24.913594885749806,35.578632985977144,33.36534594136132,-6.745721672361677,-37.75447239237912,-45.9267222746156,-14.013607659579858,-54.863646217926345,-49.06627718044455,9.073904550890205,28.65909237112027,-25.212799832134298,-5.303682279339255
1199,119.50766497207125,27.275232705344447,30.960665380340036,13.964267559181149,-24.06593806849167,-7.605568297726238,-3.4392716579631513,21.77660151523746,-0.06017004455025376,-64.56545588453542,-94.88928691220282,-6.712666581872059,15.702075757959777,-15.6616541757517,-0.2694083965462012,38.38443850042797,8.442024413670229
1200,-97.78589761498498,124.05235113663126,90.89745747111888,-196.9839920814062,-20.230706821912584,34.820898139950486,36.498761094105525,6.758095531768093,-20.69528463342123,-41.590812795159856,-9.38870073347651,-47.19411239072998,-34.09656732368493,8.551095582064342,30.72868360895889,-22.50228890169233,-1.2575462726844564
1201,-56.01334476604212,39.10255738981205,-84.19104943639054,-3.4142904885462286,-9.744299410984858,19.671702015822106,17.871299369796436,13.853435128090261,-41.989698139342465,-52.054412121300786,-23.57797570102541,-19.450983492359956,-25.512921142863433,-2.6641237353425278,17.346299125659357,-2.81872657161946,-31.088251471155218
1202,-115.89891824303739,-0.19467149622005073,116.29580152230412,-20.843287314121746,-27.04492489160081,32.873776601432205,16.422967128387874,-57.97489519416714,-45.40284410179394,-56.82829446472641,-34.95226314155908,-65.78218733371432,-114.10086204374205,-9.62675982754325,20.017215889225884,-4.292400691437408,-34.04818574037858
1203,25.051907992711783,93.64166530787918,97.15031315159813,-24.816340464970924,20.890855152430454,44.428712925476475,25.750879209483806,-2.1750622653996508,-58.2633616438595,-20.626961113058364,20.060012134969405,-11.162283424138055,-60.49806926535178,13.152584780975845,27.187337772113068,-29.939288438766997,-16.531698825126572
1204,25.878373464888014,91.39905309534385,70.61266914875071,-25.22458303956247,-10.979630450484361,48.186702538518034,28.364021609518,-0.7554895659893172,-67.9292636026886,-25.589873772205227,15.964961837810037,-11.747735774566893,-63.3031104064241,12.048142266599214,28.29050051460972,-31.387471207005046,-22.303404037884587
1205,-120.70825038316354,232.49152053366672,96.64891837426579,-16.312246329568573,-21.106484615322774,32.048143489735615,31.47010481522666,9.089882692723243,23.41204893304284,-41.72719094062431,-10.906066885968574,-29.88355779939202,-50.29062000073963,-13.651564498925955,22.696609925167238,8.700232741700455,-16.48676790371739
1206,-84.63782730232423,92.0335722766699,53.02181240242837,-193.90536567490412,-21.580751972866942,32.93952396111001,33.252572164813856,7.974427575132511,-38.71770330865611,-44.816102683545076,-11.981865632493472,-45.212536151718496,-30.61675945416484,10.80372929125109,27.945730323425973,-24.97355992136867,-4.058752061349665
1207,-124.59491003461066,199.66158060314663,93.35220971182962,-18.811124313835144,-20.482702838496984,32.32870249043888,34.28026813867479,8.838336746672876,47.67746468589258,-35.79812826685398,-12.312286396229405,-30.138856072771496,-43.403027552419154,-13.570375181368934,31.589135590428796,9.441770742044145,-14.698901407529087
1209,-107.65672429740059,101.98406695236937,-59.313609980690565,-4.39651281787524,-27.599517000957526,37.45182075229941,13.483846819376122,18.518860744604616,-46.26040195935052,-31.865301760317223,-19.041895436221626,-25.227991364394644,-26.362230551134715,3.8564616116899564,13.754948754081472,5.3350272967695895,16.804868990104804
1210,-121.57284749544577,232.58454254562469,96.60920560027215,-16.525579710900896,-17.894581899240347,31.887454508816887,31.736475241722594,9.050578535330562,19.472868902929058,-41.76126643140904,-10.657843868387284,-29.870933631466336,-50.35180653548748,-13.560492209241598,22.6900430099709,8.818217305487533,-16.59101923154066
1211,-110.46224437854588,211.66954330377547,82.0464661766579,-19.215894679620867,14.646329167730192,26.256614983625184,31.94494525948308,1.8352179107240554,39.205325298796,-38.8947121817554,-5.167036927043335,-26.97281152384806,-47.48674447293942,-14.526088155776963,26.31980774902526,7.825105702108677,-14.30334467114039
1212,-86.36345385282473,19.470447227183676,116.44974373497564,-26.662115140789442,-24.517115492590097,36.88592593266382,18.211498080741837,-66.28972833860493,-60.57967001081602,-57.50707720699501,-24.229460166417198,-63.558890686403444,-127.86311527383961,-8.039412893256044,18.59642854214177,-12.719765913334914,-36.175129352539884
1213,-112.07986629020697,73.32990348246881,-62.41558963110048,-8.140203264634728,-26.967820601526153,38.272761906852196,16.437465445778262,17.345076240432988,-20.21230768245638,-25.67627648947612,-20.010308637901364,-27.075014689545412,-20.795086787276112,4.036131189806698,22.61541628722383,5.98704019024647,18.70646483160297
1214,30.86774697872215,88.15521343163991,95.12130894568777,-25.04339427906388,-9.89389768192774,77.37943550957677,24.7805264901258,-1.2853666092948366,-61.910822227904546,-19.305736424941113,17.928766892433558,-10.613430106195972,-60.09499251032251,11.344511325515057,27.503716383777345,-29.331065103654893,-15.929711136269447
1215,-97.34559860182193,83.26159150328047,96.63182780606286,-197.48073771239285,-25.054815950134813,35.59670547608694,33.04491384587245,-6.013439611129258,-38.03605383187519,-45.416467213162406,-14.59578397670855,-54.93619244894192,-47.9729950040942,9.52355654129277,28.832674062184992,-25.125581911372567,-5.104237598597706
1216,-94.56617119570892,-2.042302662378994,85.56851465615904,38.497954434252414,-20.937208672680754,5.725915761973185,27.444779219615846,34.08432267888944,-59.639014910439506,-58.26879370516503,-32.757522562519384,42.51594916667823,-3.3443114843365094,-22.377026854870405,29.380067132706994,10.453320511112398,-26.530202814915747
1217,-94.43330330448542,79.64021897050317,-78.86873824557154,-8.311666120537419,8.783736638929168,31.47307567002899,13.513862989639293,9.679757474981061,-24.277644097438966,-28.74000595669045,-12.730100066713874,-23.380575829508086,-24.12579382177665,3.105045962740085,17.46498988960877,3.892529583006528,19.140253865233362
1218,-98.28518399986217,112.84510257229095,98.9887295241344,-191.0367299748455,-25.805839837808414,35.36890654643147,30.69139188376854,13.021923441936607,-49.01836848341117,-43.06318514197769,-14.418416851754994,-48.67872725767783,-32.198885838799086,12.71788690728691,23.64614304457051,-22.555145335779653,-1.7029392461732262
1219,14.611355936950414,86.33582139064417,110.42854602517454,-32.825551247754696,-14.384393904568388,50.97379358693073,28.398434348796883,-15.932247732201226,-69.31876332455715,-27.016033951389186,14.296913918025906,-21.615642178097247,-81.97206112930289,10.756197477423942,28.662329186721937,-32.411126273101864,-22.76128863800716
1220,-42.40178213656622,36.29161329138333,-101.9932767399943,-4.00426531922273,-10.184092227441198,16.9243262190984,6.920510524419959,11.467302164374214,-47.738171065915076,-20.26492183858646,-17.38339043385375,-22.45826075707936,-23.31010802159031,-8.665780746950315,10.846006607614507,-2.6483094025630485,-29.577062473623332
1221,15.802260086779992,85.08339255512419,109.473657400207,-29.005696343969703,-14.01520692162882,53.62919603620644,27.750982093022255,-15.914909356938121,-69.04777474366699,-26.710604958741396,14.26065478912989,-20.983244906472034,-81.6647873311703,10.393243339465448,28.341879211863787,-31.80804621956646,-22.762930569708605
1222,30.460353465197233,88.10346058652551,95.37342294546052,-25.065316563042973,-6.640107358060432,77.3866833543141,24.72919789245997,-1.016405165271022,-62.57809913673186,-19.26526034521769,17.492798760872947,-10.84669330723189,-60.04635439209689,11.138465455744944,27.582388410458357,-29.177831779752225,-16.103034947063083
1223,-137.34889624075885,-14.623244214040652,112.11888176957233,-3.309377299540532,-27.61044538425771,33.108265806089086,18.452484289917738,25.508736392568434,13.633160792933815,-20.017873376037333,-40.413829298480294,-39.105889920893816,-13.382188205450545,4.931105432684134,36.48830321210178,10.427486312725264,-10.985230857655072
1224,8.967717251729772,81.1283337487517,109.80917819853026,-25.01421514389538,-14.565414732934238,50.98795395745776,28.55968758317131,3.478213764950453,-54.972255989056244,-18.21031297652116,12.548813226112246,-15.330154635307414,-58.62308670987662,13.950830783822177,32.52426688854626,-28.388136476405393,-17.683480174054495
1225,-115.64063846697998,169.70567652355268,124.54853297839293,-26.3383858428406,-30.32503259376486,32.69047226279418,8.006383535711379,40.448691560021146,-101.78630056546005,-45.43438117477576,-29.117833911761483,-35.585255501614874,-30.83365873004834,9.071969192044868,-5.448041957378711,3.200090747582124,-12.931531426004662
1226,46.395063928703145,88.99358261129147,98.7124806451081,-23.237355489808976,-16.264963019715367,46.667274525667615,25.148615754965622,6.644633047003559,-53.59778026625468,-18.157589690539567,18.200861637242628,-16.45067866902541,-57.08118148348625,8.862470238251799,24.940277060803187,-24.845386240742815,-22.285327738620296
1227,-12.224787621889641,37.22694289099588,47.56662990348372,-7.500647712604819,-4.061593073214128,171.87328269819278,3.0944501633741694,5.512419611492417,-27.88144667962299,-23.311673236610364,-6.770419823127242,-13.426594019699065,-23.48269020583575,-4.309415989755838,14.953859060895207,-0.08466269445911496,-2.4372869732698113
1228,-112.87864273931847,32.4671651324792,120.12741210724907,-19.20545221378089,-27.802013110206026,33.15167224468823,13.435827012404838,-57.91330574500561,-68.16716277009536,-61.987139479972775,-33.69041363984585,-67.19116034312167,-121.21562100017404,-9.159816894137984,11.266213782909826,-5.036245877886176,-35.522878210515465
1229,-28.629753127166936,53.618811196908716,53.17615894064088,17.207927054538988,-14.817905593828762,4.687502297709366,12.03923190603944,-27.75856298535367,-19.487029358136606,40.75185591505921,167.44977166857916,35.2995155603569,-7.040339956735675,22.39579321558163,21.48123962587062,-9.852248576114585,19.30721873769373
1230,-73.24709257286645,-8.9861220869514,17.423853273976423,-4.815054546164375,-29.362468903892218,19.989411149960098,-34.42221403042222,30.03536607780718,1.5510587013190746,146.04870624131095,-7.613160806931882,-48.63567150039641,16.492526103485936,-23.230499427718364,7.019055543748896,14.360529263801206,2.1286480254942397
1231,16.183552993449826,85.29761365718478,109.86238240057295,-28.897637442659782,-13.7789522649505,50.06802895188277,28.328626901626556,-15.804202191007242,-69.25869386488962,-23.29290783534564,14.34899554765348,-20.718834304060174,-81.6939462502452,10.534296627330304,28.139233619268598,-31.77428019446825,-22.81023824722158
1232,-94.89607300207783,-6.386182424819377,85.90868756664156,38.88172401281962,-21.07842973706576,5.743988252082978,27.124347124126974,34.81660474012186,-59.92059634993558,-57.75853864371184,-33.339698879648076,42.44340293566266,-2.2510293079861534,-21.92737486446784,29.553648823771717,10.540538431874129,-26.330758134174204
1233,-98.13840185436214,74.86283914648048,-80.55798984518678,-9.113947673878426,-27.26639235359748,35.50731362001869,5.807108695890654,14.22666121548452,-25.679199169532925,5.602958731785017,-13.233547053601015,-30.009745723249235,-19.685555842353345,-2.415177812203653,15.94154207811426,6.070239438541151,20.018209148393307
1234,-47.06946036034865,54.21890271296313,-118.62596659179496,-5.120197605502546,-9.464190834632811,20.948242303809007,17.21424736130126,8.150763626428173,-54.016501522818885,-54.71325129646321,-18.807213541539525,-17.74406774438284,-32.02757131009899,-3.0371344403062723,13.771929601425564,-5.180193007767503,-26.37037302958148
1235,8.967717251729772,81.1283337487517,109.80917819853026,-25.01421514389538,-14.565414732934238,50.98795395745776,28.55968758317131,3.478213764950453,-54.972255989056244,-18.21031297652116,12.548813226112246,-15.330154635307414,-58.62308670987662,13.950830783822177,32.52426688854626,-28.388136476405393,-17.683480174054495
1236,-107.36605946657647,113.48796471088602,-69.38635443103938,-11.659001036342664,-25.336838792584444,37.82939813095843,19.29671391490894,10.122458277280405,-19.121365500591835,-31.098554174845027,-14.415453007181043,-26.130547467863252,-31.354425428679793,-0.23740023868924504,20.588626711940524,4.865345712820528,16.39181293133921
1237,24.663242027567073,90.35867131482716,96.82064228535451,-25.066228263397583,20.953233330113033,44.456768825546796,26.031895541828618,-2.2002168600046876,-55.836820068574525,-20.034054845681325,19.91939018394332,-11.187813251476003,-59.80931002051974,13.160703712731546,28.076590338639225,-29.86513463873263,-16.352912175507743
1238,-17.27657107540062,20.34724662208325,27.711309465906595,-2.148651613071421,-1.7208682801060264,162.32702630545185,-2.2221547268658646,7.390665881697506,-15.120811674399187,-19.14073994143876,-10.221520486192544,-10.497697621974483,-9.518344903740315,-6.630157340903553,9.57557577764078,6.161077085239775,1.4599615344432382
1239,-123.27809248295372,145.91931225910477,127.55819514357033,13.568490125437629,-30.870734391550908,31.76409310373697,4.90904696305947,47.63737401950418,-92.93491674763301,-40.460581472716726,-34.748123286406454,-31.16032420079134,-22.64048198748004,8.164625159955879,-3.8565532834870404,10.399768062047485,-14.158824617915714
1240,-118.5200822469932,221.68907922358287,91.72618791881169,-57.38759731553947,-20.348669732453043,33.17965935086028,37.47735649956192,3.3342954239858162,30.911727158810997,-41.38447208450781,-7.48166997273357,-33.281451721411194,-50.65528237444544,-12.56315068165138,29.619830940231733,2.55994883194143,-13.943774951017861
1241,-134.52526744549087,-13.434463684056208,106.59020539505389,9.073373957862882,-26.61444570908967,28.112740411549208,20.271638380769332,48.11440735585697,12.455746680395588,-18.34013329795782,-40.33926880975615,-17.432844195268952,13.153219582293943,3.6292625573247106,38.443110445784995,14.05406893867727,-8.216845021055727
1242,-108.72208406774187,115.70781533748428,-65.14747495919963,-11.344241673312844,-25.759209199743655,38.08205359579372,19.04033797283328,10.779692283946256,-20.104616302276753,-30.861478309931933,-14.63009983271704,-26.396568783067305,-31.323385619261362,-0.018855655572082495,20.16392850111521,5.127925103356531,16.7326760553102
1243,-116.43540058439666,3.9811049643994894,116.49053053433038,-22.08809977661466,-27.03701026899523,33.41415875528172,16.566422431341863,-58.8971337522884,-43.62016557774951,-56.56833186765564,-34.514456832977984,-67.37391238548561,-115.42131072820393,-9.528279566983528,19.985157757106673,-4.381925798304216,-33.934456395068715
1244,-115.3711559471811,-0.20948123163972618,115.01646342340428,-21.801704638971835,-27.20808850858737,33.155686416708164,15.182954660864223,-58.47669319355082,-44.44843616595324,-52.930153284076326,-34.418956991676644,-67.73993171987158,-114.21707545736129,-9.723758476781999,19.49135202726044,-4.286387952713019,-33.603837282648136
1245,-122.57266478219698,233.37312764552948,94.42391748271758,-16.635933444039154,-21.432338701110915,32.632469077934616,31.94101117001117,9.264884086978954,18.69917235865537,-41.78928561142494,-10.98193336173813,-30.079406507719135,-50.606829886966175,-13.537743255351847,22.816816370799238,8.842098983897609,-16.19017409172318
1246,-122.32964077029563,231.79354065904343,97.36271496969911,-15.615500739988509,-21.314554064997292,31.98270460106032,32.17130503129555,10.017087173681762,18.20581823856935,-42.25708385029527,-11.264185471015098,-28.55420574353056,-49.75422101171592,-13.993217089944253,23.03446482432328,9.005024025335741,-16.97959267023994
1247,-100.35479177994569,79.95574287603056,93.75742903573483,-193.1012726263451,-24.740198014552256,35.10092560128889,33.243035402219505,14.099857270371698,-23.767342436440053,-36.05007354397543,-15.2745744727982,-47.708067469145725,-22.983209114143865,13.013434374592482,32.28204849541706,-21.677184290440774,0.7415517582133678
1249,-48.71549877055825,52.38887407684184,-120.40211064221987,-4.721793552152717,-9.760159593918958,20.326328006398427,15.954660911823614,8.651409788688218,-52.8953983721695,-51.440427734257845,-19.21625468147844,-18.426297640762993,-30.563109543408117,-3.786186808839799,13.26077327111757,-4.329367279358792,-25.99518683408117
1250,-86.36345385282473,19.470447227183676,116.44974373497564,-26.662115140789442,-24.517115492590097,36.88592593266382,18.211498080741837,-66.28972833860493,-60.57967001081602,-57.50707720699501,-24.229460166417198,-63.558890686403444,-127.86311527383961,-8.039412893256044,18.59642854214177,-12.719765913334914,-36.175129352539884
1251,28.267964157120726,92.3219041422673,69.72606640642876,-25.1628755850461,-10.320410093348425,47.31953760399085,28.589602289317472,-1.2540884149315112,-68.93260037720822,-22.390123886074665,16.536291774044,-11.134248525435044,-63.71226833317706,11.907127793658503,27.611461892979136,-31.4616403491313,-22.240997262438885
1252,-110.64243860769423,33.008095442267205,118.32179700374681,-18.834834798964625,-27.50996469651292,32.493337425635566,12.970107695482369,-57.72474332747765,-68.5488924516085,-61.93685518030504,-33.083091567333675,-66.58364589579175,-126.07051719216041,-9.464745232441015,10.776590434582836,-4.930726074176678,-35.12745256066867
1253,-99.02040907241832,126.37623994128118,92.51553962929825,-196.68506819599287,-23.846363607131536,35.4465469760829,36.4755977587988,7.559802267835482,-22.887779788517562,-41.909318822899145,-9.998790393625836,-47.516125958243116,-34.41490755285693,8.65838402056827,30.325376415730624,-22.39194316798357,-1.511732334951153
1254,-94.6329606271057,83.96133714700647,-101.50767568706173,-8.788918910666345,-23.367898306759855,35.46564825779605,16.191061543086708,11.024282119824829,-34.64521541845691,-33.97609781237742,-16.457620872280547,-24.1595032641254,-27.993077329780892,1.7694960410780523,17.969872730215386,2.619708284542754,13.509967095704791
1255,-137.34889624075885,-14.623244214040652,112.11888176957233,-3.309377299540532,-27.61044538425771,33.108265806089086,18.452484289917738,25.508736392568434,13.633160792933815,-20.017873376037333,-40.413829298480294,-39.105889920893816,-13.382188205450545,4.931105432684134,36.48830321210178,10.427486312725264,-10.985230857655072
1256,-110.66507753026576,70.04916708648219,-65.98462532621409,-7.821305250670691,-26.749049436434532,38.01012303205638,16.092392960020234,17.44527888960459,-21.9371798955525,-25.99600356031305,-20.23721617846798,-26.856009778018986,-20.421603665176235,4.259119665336398,22.324443622587708,5.737524920437828,18.386259738754696
1257,-98.49153164343629,116.82826801678583,98.54413361983357,-190.98215180304817,-25.678756785739825,35.356696286438094,31.062561908295656,14.376732170372579,-47.26088692154691,-42.65317967621366,-13.972779688549332,-47.939273591341745,-30.77420116919216,12.632181548390031,23.884338536577687,-22.27436608143732,-1.325810054846688
1258,30.86774697872215,88.15521343163991,95.12130894568777,-25.04339427906388,-9.89389768192774,77.37943550957677,24.7805264901258,-1.2853666092948366,-61.910822227904546,-19.305736424941113,17.928766892433558,-10.613430106195972,-60.09499251032251,11.344511325515057,27.503716383777345,-29.331065103654893,-15.929711136269447
1259,-23.60205972397411,19.50733735661844,21.128212077576258,-1.8734594596306464,-36.19279693709254,174.97370629131507,2.7913710621990147,14.344510982735917,7.371604079237828,-14.598122984509397,-5.351514139473466,-14.498114330094557,1.3995686067544066,-4.084384491064195,-1.177515035304748,8.225910721494232,-17.618341574943834
1260,27.014661492267784,93.2938802772733,99.95979254406677,-20.96541483594043,-13.281165919635196,46.90699579570733,26.700717621833245,-10.188909814681354,-62.62895888503972,-14.345756230719621,53.17697619529053,-2.6203445264235676,-61.38944703575787,16.872100297648686,30.06026094746375,-32.889075038756005,-12.987857632154604
1261,-116.43540058439666,3.9811049643994894,116.49053053433038,-22.08809977661466,-27.03701026899523,33.41415875528172,16.566422431341863,-58.8971337522884,-43.62016557774951,-56.56833186765564,-34.514456832977984,-67.37391238548561,-115.42131072820393,-9.528279566983528,19.985157757106673,-4.381925798304216,-33.934456395068715
1262,-30.983294442156836,27.161628525972198,19.984947807722897,-1.5364182156222586,-8.571878809529219,55.70916424603628,178.5479345515809,-1.5438962034514154,-10.517674277904963,21.005511876694456,11.659378373257889,-3.4725633713902786,-19.2161187542167,-1.6385013489441382,13.423292875817904,2.4837765772861666,7.546637577624962
1263,-107.89011545552808,210.4551899813686,54.51804230175624,-19.63930908835628,-17.07494832611702,29.716701830754396,34.21878904230227,2.4720976326604647,28.559580648261214,-43.874552229792265,-8.922628499526654,-27.400007047707337,-50.59794472250601,-15.885716865873105,21.87464301874713,6.130613886190111,-19.99178100450518
1264,25.199491477510108,90.71938563277268,96.92506527917281,-25.50457601376211,20.96737134242946,44.450906595430375,25.981157612790373,-4.287307649673077,-57.31272019094271,-20.95431537289856,20.055929337866353,-11.854720686796515,-62.32727686647702,12.796757081225863,27.664813155567327,-30.233131813836692,-16.92948604757583
1265,13.793962301217114,84.37476261026133,110.7489851428949,-28.959344897176155,-14.438172622086434,50.935193886409955,28.10304622182709,-15.305603342065048,-68.25535709037001,-26.492657721476203,13.77766561141952,-21.33232155319202,-81.28478832349224,10.675311100271015,28.818272240899184,-31.700111052341995,-22.87264502266728
1267,-121.2501171102421,231.8749790643134,96.31956205983555,-16.502478325490873,-17.73807212416262,31.994004913794683,31.633741907059452,9.338481105633798,18.549348586043585,-41.282601715033174,-11.157922567982652,-29.89268960076227,-50.12263197122435,-13.800719190509216,22.5862630124629,8.924376033024455,-16.75969181885196
1268,-137.34889624075885,-14.623244214040652,112.11888176957233,-3.309377299540532,-27.61044538425771,33.108265806089086,18.452484289917738,25.508736392568434,13.633160792933815,-20.017873376037333,-40.413829298480294,-39.105889920893816,-13.382188205450545,4.931105432684134,36.48830321210178,10.427486312725264,-10.985230857655072
1269,-97.78589761498498,124.05235113663126,90.89745747111888,-196.9839920814062,-20.230706821912584,34.820898139950486,36.498761094105525,6.758095531768093,-20.69528463342123,-41.590812795159856,-9.38870073347651,-47.19411239072998,-34.09656732368493,8.551095582064342,30.72868360895889,-22.50228890169233,-1.2575462726844564
1270,-113.07761836193157,46.35901681941495,113.75864520623124,-25.292138185292774,-25.828398867212726,33.22345044422324,19.16929495839688,-65.46251770877514,-43.51247419756989,-61.75353368811145,-29.13424802779366,-66.69546647900751,-125.94960956018919,-13.58326641236231,17.53366997099805,-5.241040885194155,-35.90824517136148
1271,28.405976695264407,91.14519620108115,95.7109725300123,-24.88854229798894,20.78327850143492,44.02470088236778,25.690788359008053,-1.8835749317993773,-55.699372496294366,-20.028782517083165,20.48459502505636,-11.299865654847803,-59.6551194978807,12.65186765817451,27.318191355864915,-29.510859615166368,-16.81309693196432
1272,-121.45036146718222,232.65369624735104,96.90683702015365,-16.491715458058092,-21.298652397709112,32.24325647910727,31.65502962154568,9.044437699318989,18.727072631412,-41.503793580661295,-11.069096754886646,-30.060220199747867,-50.28754662832171,-13.70027103470148,17.62766091049401,8.75640779155014,-16.583149764795312
1273,-120.4604172460579,219.5553943028235,60.19358500111212,-20.319432011003453,-20.731238850975465,33.706760674802446,33.99030454236881,3.97827342720797,31.46835985605916,-39.17490398191437,-8.407931860551813,-29.057540286376035,-50.03697798772633,-14.298598616879449,27.58754135730865,8.063922486209453,-10.29489327296559
1274,-115.89891824303739,-0.19467149622005073,116.29580152230412,-20.843287314121746,-27.04492489160081,32.873776601432205,16.422967128387874,-57.97489519416714,-45.40284410179394,-56.82829446472641,-34.95226314155908,-65.78218733371432,-114.10086204374205,-9.62675982754325,20.017215889225884,-4.292400691437408,-34.04818574037858
1275,57.500422932794265,22.46068928139388,37.98366577270114,8.123611181367375,-36.681445135178315,9.3564973054284,-8.902829103150731,58.90336917768053,31.29874622809539,21.497801205828015,-6.88658720630594,-42.63843805276938,20.389370822885404,-22.774407731158963,-3.8462247460586703,31.902101304268417,-26.60381161696148
1276,30.86774697872215,88.15521343163991,95.12130894568777,-25.04339427906388,-9.89389768192774,77.37943550957677,24.7805264901258,-1.2853666092948366,-61.910822227904546,-19.305736424941113,17.928766892433558,-10.613430106195972,-60.09499251032251,11.344511325515057,27.503716383777345,-29.331065103654893,-15.929711136269447
1277,-137.34889624075885,-14.623244214040652,112.11888176957233,-3.309377299540532,-27.61044538425771,33.108265806089086,18.452484289917738,25.508736392568434,13.633160792933815,-20.017873376037333,-40.413829298480294,-39.105889920893816,-13.382188205450545,4.931105432684134,36.48830321210178,10.427486312725264,-10.985230857655072
1278,-52.60691831700306,79.73624542856267,58.99850191260339,-4.133342374259723,-19.074894029653493,18.621423654426714,4.7412605495587155,-0.24262709905189642,-18.709602664445327,-16.586876771749935,-18.988269490142827,-25.437253384503816,-15.359222687038057,-8.14524462305369,-239.29384451414597,0.8433654859831576,-2.9161075982964615
1279,30.86774697872215,88.15521343163991,95.12130894568777,-25.04339427906388,-9.89389768192774,77.37943550957677,24.7805264901258,-1.2853666092948366,-61.910822227904546,-19.305736424941113,17.928766892433558,-10.613430106195972,-60.09499251032251,11.344511325515057,27.503716383777345,-29.331065103654893,-15.929711136269447
1280,-23.16755808201335,19.889137936679614,32.16704128959744,-2.802209785629345,30.375174912136714,162.94804469867105,-2.4769208985270375,8.75080054745019,-22.779191056793717,-19.820028068436496,-15.131263691016297,-14.05628769424525,-11.360047997818832,-8.904974188353249,10.618916258865914,7.556987279271242,-0.9299010816914108
1281,-112.87864273931847,32.4671651324792,120.12741210724907,-19.20545221378089,-27.802013110206026,33.15167224468823,13.435827012404838,-57.91330574500561,-68.16716277009536,-61.987139479972775,-33.69041363984585,-67.19116034312167,-121.21562100017404,-9.159816894137984,11.266213782909826,-5.036245877886176,-35.522878210515465
1282,-122.32964077029563,231.79354065904343,97.36271496969911,-15.615500739988509,-21.314554064997292,31.98270460106032,32.17130503129555,10.017087173681762,18.20581823856935,-42.25708385029527,-11.264185471015098,-28.55420574353056,-49.75422101171592,-13.993217089944253,23.03446482432328,9.005024025335741,-16.97959267023994
1283,16.99407012426447,103.66120122768659,106.83003489375193,-62.98804310088953,-14.104143747752776,51.35175729271156,31.283290449562664,-0.6759847521378906,-66.5569597838445,-23.116721015810775,17.74537908927917,-17.470923621701196,-63.6666071668578,15.115522255101428,30.487360963319542,-35.204445308934254,-16.172129105004046
1284,-115.89891824303739,-0.19467149622005073,116.29580152230412,-20.843287314121746,-27.04492489160081,32.873776601432205,16.422967128387874,-57.97489519416714,-45.40284410179394,-56.82829446472641,-34.95226314155908,-65.78218733371432,-114.10086204374205,-9.62675982754325,20.017215889225884,-4.292400691437408,-34.04818574037858
1285,-122.57266478219698,233.37312764552948,94.42391748271758,-16.635933444039154,-21.432338701110915,32.632469077934616,31.94101117001117,9.264884086978954,18.69917235865537,-41.78928561142494,-10.98193336173813,-30.079406507719135,-50.606829886966175,-13.537743255351847,22.816816370799238,8.842098983897609,-16.19017409172318
1286,30.86774697872215,88.15521343163991,95.12130894568777,-25.04339427906388,-9.89389768192774,77.37943550957677,24.7805264901258,-1.2853666092948366,-61.910822227904546,-19.305736424941113,17.928766892433558,-10.613430106195972,-60.09499251032251,11.344511325515057,27.503716383777345,-29.331065103654893,-15.929711136269447
1287,-122.0463543730222,146.61926331091416,126.54363450011023,12.447316502926489,-30.762723542799943,31.900918811610502,4.095873733021507,46.79729339716483,-92.22005333772707,-40.01655378269102,-33.85181358226104,-27.862198369499104,-23.26712504355321,8.291657502448567,-4.222723251343479,10.2900160464796,-13.778413542781344
1288,-120.4604172460579,219.5553943028235,60.19358500111212,-20.319432011003453,-20.731238850975465,33.706760674802446,33.99030454236881,3.97827342720797,31.46835985605916,-39.17490398191437,-8.407931860551813,-29.057540286376035,-50.03697798772633,-14.298598616879449,27.58754135730865,8.063922486209453,-10.29489327296559
1289,-109.11075003288659,112.42482134443225,-65.47714582544326,-11.594129471739501,-25.696831022061073,38.110109495864045,19.321354305178094,10.75453768934122,-17.67807472699178,-30.268572042554897,-14.770721783743124,-26.422098610405254,-30.634626374429313,-0.010736723816380498,21.053181067641365,5.202078903390899,16.911462704929026
1290,-107.36605946657647,113.48796471088602,-69.38635443103938,-11.659001036342664,-25.336838792584444,37.82939813095843,19.29671391490894,10.122458277280405,-19.121365500591835,-31.098554174845027,-14.415453007181043,-26.130547467863252,-31.354425428679793,-0.23740023868924504,20.588626711940524,4.865345712820528,16.39181293133921
1291,-117.69146035354454,-15.084250621059203,91.4776966003021,0.16892072660594054,-22.869153302986703,27.626918815627594,15.38105171337588,37.85596662535125,24.50007099044929,-8.243378078179278,-34.37097937171099,-27.951529957973765,9.481605480162926,7.473230699374783,33.395227229410324,11.557835446463242,-4.0257611134905495
1292,30.86774697872215,88.15521343163991,95.12130894568777,-25.04339427906388,-9.89389768192774,77.37943550957677,24.7805264901258,-1.2853666092948366,-61.910822227904546,-19.305736424941113,17.928766892433558,-10.613430106195972,-60.09499251032251,11.344511325515057,27.503716383777345,-29.331065103654893,-15.929711136269447
1294,28.89788807956338,88.71376959612532,92.41593163518209,-24.831885084386244,-11.84879313600749,49.557604877228655,61.03042285488719,-3.422681315749093,-60.25248371673991,-10.521110008699353,22.799364021496345,-8.741802656129773,-61.66404202795185,12.649010255957828,27.873516661173543,-30.344449795794954,-14.737038799131314
1295,-51.54155854666176,66.01249704344778,64.83236689111243,2.814386481177881,-20.915201830867368,17.99119081093241,-0.815230603898432,7.496541361606466,-44.86538832151911,-17.590700222135226,-23.400065093647417,-24.26867596583115,-10.398067618911407,-4.269927355791652,-245.7028242611797,1.0504676793962162,-2.8439146635018586
1296,-108.72208406774187,115.70781533748428,-65.14747495919963,-11.344241673312844,-25.759209199743655,38.08205359579372,19.04033797283328,10.779692283946256,-20.104616302276753,-30.861478309931933,-14.63009983271704,-26.396568783067305,-31.323385619261362,-0.018855655572082495,20.16392850111521,5.127925103356531,16.7326760553102
1297,-71.76999511336844,99.84838466699541,95.31106115186097,-198.49339290185407,-22.52094222019248,39.103160234407056,35.467062952105515,4.645500848337315,-41.43087572413187,-38.58312286899993,-4.9574633783263415,-45.04645760095957,-38.84638011246464,13.838290908168851,30.976357803802447,-30.2386653712284,-2.355190388197645
1298,45.85881447876011,88.63286829334594,98.6080576512898,-22.79900773944445,-16.279101032031793,46.673136755784036,25.199353684003867,8.731723836671947,-52.121880143886486,-17.23732916332234,18.0643224833196,-15.7837712337049,-54.563214637528965,9.226416869757484,25.352054243875088,-24.47738906563875,-21.70875386655221
1299,-120.4604172460579,219.5553943028235,60.19358500111212,-20.319432011003453,-20.731238850975465,33.706760674802446,33.99030454236881,3.97827342720797,31.46835985605916,-39.17490398191437,-8.407931860551813,-29.057540286376035,-50.03697798772633,-14.298598616879449,27.58754135730865,8.063922486209453,-10.29489327296559
1300,-119.97907441926444,189.35810988350858,124.15646603874504,9.730794339765659,-29.45852374770082,31.58336820263903,8.113367917948175,40.31455340717999,-90.11910235267233,-45.563132087248704,-28.92636011511952,-30.434861890635606,-33.5733037509836,3.668105255930236,-5.592370194134225,9.527588854430185,-16.153271425331205
1301,-108.57450058294356,112.78553566237777,-65.37272283162496,-12.032477222104033,-25.68269300974465,38.104247265747624,19.27061637613985,8.667446899672832,-19.153974849359972,-31.188832569772124,-14.634182629820094,-27.089006045725764,-33.1525932203866,-0.374683355322065,20.641403884569467,4.834081728286833,16.33488883286094
1302,-120.58825452575735,-9.009317214151645,94.83960035152141,-2.434601512468723,-25.048993343439843,32.20305554015134,12.068858283929663,39.079140522985334,21.23850470144311,-13.524897367588958,-31.03380454161773,15.871960937035416,7.195549258716191,4.62563715320173,35.19427030471138,12.922767415808327,-4.12423316713451
1303,73.9608070348903,40.760975642606766,55.745106276950175,4.139570647869093,-33.72175754231685,15.575640279534216,3.6930353916257155,53.89690755508007,20.087714721601504,-11.23043441622568,-2.7961758069168097,-35.81613908896782,5.7447531559766105,-15.283884045823697,1.2653385570212696,23.3938440201813,-30.355673571964537
1304,-94.96286243347461,79.61745738456608,-101.16750277657921,-8.405149332099146,-23.509119371144862,35.48372074790584,15.870629447597832,11.756564181057247,-34.92679685795297,-33.46584275092422,-17.03979718940924,-24.232049495140977,-26.899795153430535,2.2191480314806165,18.14345442128011,2.7069262053044842,13.709411776446334
1305,-50.10964521414273,52.23558051044067,-118.58787062081124,-4.624419111228348,-9.730302418711826,20.602872835081776,17.017696586812377,8.963251291183065,-52.348709223461846,-54.568351256383956,-19.893930839908474,-18.13282453739261,-30.67406263790039,-3.141055908638764,13.928160692028525,-4.33768720418826,-26.126361265760206
1306,-46.3669105464454,53.02210539669465,-119.69754037615346,-4.446733145819707,-9.900257247389938,20.170804891902762,16.67658940399181,9.279893219388375,-52.21126165118169,-54.5630789277858,-19.328725998795434,-18.24487694076441,-30.519872115261357,-3.6498919631958016,13.169761709254217,-3.983412180622001,-26.586546022216787
1308,-50.05464137308332,66.14568829383217,63.53709998147613,1.949331179654608,-20.592510213900006,17.99524327892944,-1.3014651304687177,6.548973849534691,-43.854581065217566,-16.656694166596548,-22.85783405905436,-25.373896622026944,-10.81511669664546,-3.871383586586502,-246.2296980997211,0.8165863631822639,-2.450690001320244
1310,27.87255848590923,93.08645952572896,98.04112952883985,-20.62444152650027,-13.32516110715875,46.6363131971404,25.68841987588273,-8.413660527507812,-61.699747911379184,-10.297572181376282,53.718113199797536,-2.2469101944734384,-58.760527095308305,16.590916028953338,29.804650709624692,-32.51275793882247,-12.280109328407482
1311,-108.72208406774187,115.70781533748428,-65.14747495919963,-11.344241673312844,-25.759209199743655,38.08205359579372,19.04033797283328,10.779692283946256,-20.104616302276753,-30.861478309931933,-14.63009983271704,-26.396568783067305,-31.323385619261362,-0.018855655572082495,20.16392850111521,5.127925103356531,16.7326760553102
1312,-118.5200822469932,221.68907922358287,91.72618791881169,-57.38759731553947,-20.348669732453043,33.17965935086028,37.47735649956192,3.3342954239858162,30.911727158810997,-41.38447208450781,-7.48166997273357,-33.281451721411194,-50.65528237444544,-12.56315068165138,29.619830940231733,2.55994883194143,-13.943774951017861
1313,12.854376903176885,113.95827367927181,113.10588686096644,-22.515337159628807,-15.18919650976003,50.70739495675449,25.749524259723167,3.7297597110008205,-79.23767174190598,-24.13937565029149,13.955032736373076,-15.074856361927937,-65.51067915819714,13.869641466265156,23.631741223284703,-29.12967447674908,-19.471346670242795
1314,-86.36345385282473,19.470447227183676,116.44974373497564,-26.662115140789442,-24.517115492590097,36.88592593266382,18.211498080741837,-66.28972833860493,-60.57967001081602,-57.50707720699501,-24.229460166417198,-63.558890686403444,-127.86311527383961,-8.039412893256044,18.59642854214177,-12.719765913334914,-36.175129352539884
1315,-97.6643844712529,124.15638931468293,88.27666015745851,-196.99982755902266,-23.423993199972326,35.193891511247614,36.73197370087446,6.9025682611696295,-21.90452898683264,-42.14639468781225,-9.784143568089839,-47.250104643039066,-34.44594736227536,8.439839437451107,30.75007462655594,-22.654522558519574,-1.85259545892214
1316,-102.3194271361076,82.93744231687735,95.91726873412354,-192.8473724103209,-25.258574250981624,35.627271877180846,33.2712768039101,14.882622880159666,-25.703594183478227,-36.80676820836717,-15.820553564912771,-48.24158826839885,-23.482085789353377,13.154903924593913,32.061193326377804,-21.51976396036627,0.4827144724643339
1317,-3.015984775886654,31.19858391016621,50.21045702214119,2.9900469432444567,45.727048341272706,-15.75815202359897,26.198204463688207,15.596697492200258,-32.0832934157467,151.71068838893055,-10.100053307584306,0.17869325651947043,-10.670446121266211,-1.603770533864382,0.4124684388802452,9.42878617554269,-2.6433116726243413
1318,-85.54606021709144,21.431506007566515,116.12930461725529,-30.528321491367976,-24.46333677507205,36.924525633184594,18.50688620771163,-66.9163727287411,-61.643076245003165,-58.03045343690798,-23.71021185981081,-63.84221131130867,-128.5503880796502,-7.958526516103119,18.440485487964523,-13.43078113409477,-36.063772967879764
1319,-99.02040907241832,126.37623994128118,92.51553962929825,-196.68506819599287,-23.846363607131536,35.4465469760829,36.4755977587988,7.559802267835482,-22.887779788517562,-41.909318822899145,-9.998790393625836,-47.516125958243116,-34.41490755285693,8.65838402056827,30.325376415730624,-22.39194316798357,-1.511732334951153
1320,-36.24489531171884,52.18839713313322,48.943610639714564,20.827740874012793,14.202204634436965,6.22504993647379,7.086483803228928,-29.72149502353023,-12.231816665188083,5.763513228765201,168.8687101199349,34.58766892524141,-5.738511531884353,22.02284561427721,23.426591604429266,-10.242230085418361,19.01261469900389
1321,-115.89891824303739,-0.19467149622005073,116.29580152230412,-20.843287314121746,-27.04492489160081,32.873776601432205,16.422967128387874,-57.97489519416714,-45.40284410179394,-56.82829446472641,-34.95226314155908,-65.78218733371432,-114.10086204374205,-9.62675982754325,20.017215889225884,-4.292400691437408,-34.04818574037858
1322,-137.39788675275375,-12.830288735478653,112.33334457436075,-8.036626534044784,-27.68997310851909,33.705320150569165,18.570895624352648,24.69213550554341,14.070851643295022,-19.771031947426344,-40.038951000421505,-41.05348182858591,-14.296627519372704,5.560124060799347,36.47388371687005,9.71416390586033,-10.560700446943542
1323,30.86774697872215,88.15521343163991,95.12130894568777,-25.04339427906388,-9.89389768192774,77.37943550957677,24.7805264901258,-1.2853666092948366,-61.910822227904546,-19.305736424941113,17.928766892433558,-10.613430106195972,-60.09499251032251,11.344511325515057,27.503716383777345,-29.331065103654893,-15.929711136269447
1324,-137.39788675275375,-12.830288735478653,112.33334457436075,-8.036626534044784,-27.68997310851909,33.705320150569165,18.570895624352648,24.69213550554341,14.070851643295022,-19.771031947426344,-40.038951000421505,-41.05348182858591,-14.296627519372704,5.560124060799347,36.47388371687005,9.71416390586033,-10.560700446943542
1325,-112.07986629020697,73.32990348246881,-62.41558963110048,-8.140203264634728,-26.967820601526153,38.272761906852196,16.437465445778262,17.345076240432988,-20.21230768245638,-25.67627648947612,-20.010308637901364,-27.075014689545412,-20.795086787276112,4.036131189806698,22.61541628722383,5.98704019024647,18.70646483160297
1326,-3.091448970129451,40.46410234362967,68.84566780502942,20.946428138394204,-22.274816642039724,23.508172899325785,-32.670081372117345,21.086601222013712,-73.7791984450113,-53.683595740567824,-12.984095687309889,-76.44873527835686,31.48270475352823,-26.092335185878525,74.70429023518298,0.396748277004441,167.39088346541905
1327,-137.01427172328016,3.4222919501927453,76.53238674851242,-1.76461045963746,-27.588692828158315,34.620368590252696,18.570148195759007,39.834939832991445,20.097410896036873,-13.579499703330653,-37.07519335088388,-32.63783543347707,4.222607898273145,7.7424678446019,36.98229678600601,12.411754403568592,-0.34331726701087695
1328,-115.15073334703115,151.77612173793273,122.40390493050867,20.934106502201896,-29.52975535115105,26.719928817993406,6.82227019136228,48.61470043027136,-106.16320906907214,-47.90279546088564,-32.8666168923494,-16.10933642469396,-21.689265590826736,2.7817829108927477,-5.303847005061369,10.333314816231464,-17.17683553311996
1329,-121.2501171102421,231.8749790643134,96.31956205983555,-16.502478325490873,-17.73807212416262,31.994004913794683,31.633741907059452,9.338481105633798,18.549348586043585,-41.282601715033174,-11.157922567982652,-29.89268960076227,-50.12263197122435,-13.800719190509216,22.5862630124629,8.924376033024455,-16.75969181885196
1330,-122.32964077029563,231.79354065904343,97.36271496969911,-15.615500739988509,-21.314554064997292,31.98270460106032,32.17130503129555,10.017087173681762,18.20581823856935,-42.25708385029527,-11.264185471015098,-28.55420574353056,-49.75422101171592,-13.993217089944253,23.03446482432328,9.005024025335741,-16.97959267023994
1331,-115.89891824303739,-0.19467149622005073,116.29580152230412,-20.843287314121746,-27.04492489160081,32.873776601432205,16.422967128387874,-57.97489519416714,-45.40284410179394,-56.82829446472641,-34.95226314155908,-65.78218733371432,-114.10086204374205,-9.62675982754325,20.017215889225884,-4.292400691437408,-34.04818574037858
1332,-119.1043926448925,217.33554367622523,55.954705529272374,-20.634191374033275,-20.30886844381626,33.45410520996716,34.246680484444475,3.321039420542118,32.45161065774408,-39.411979846827464,-8.193285035015812,-28.791518971171982,-50.068017797144755,-14.517143199996612,28.012239568133964,7.801343095673446,-10.635756396936575
1333,-115.89891824303739,-0.19467149622005073,116.29580152230412,-20.843287314121746,-27.04492489160081,32.873776601432205,16.422967128387874,-57.97489519416714,-45.40284410179394,-56.82829446472641,-34.95226314155908,-65.78218733371432,-114.10086204374205,-9.62675982754325,20.017215889225884,-4.292400691437408,-34.04818574037858
1334,-118.03017712704437,203.7595244379629,89.58155987092744,-10.115104970496969,-19.553392489839233,27.209115906059484,36.29324315521282,11.500304294236038,26.534818655198915,-43.852886370617696,-11.230452953321477,-13.80553264449029,-41.510889235223836,-18.853336962803496,29.764025892549075,9.69317290059077,-18.18907905813316
1335,-49.24326106641455,52.40368381226151,-119.12277254332002,-3.76337622730263,-9.596995976932398,20.044418191122467,17.19467337934726,9.15320778807191,-53.8498063080102,-55.33856891490793,-19.749560831360878,-16.468553254605748,-30.446896129788875,-3.6891881596010494,13.786637133083014,-4.335380018083181,-26.43953529181162
1336,-115.89891824303739,-0.19467149622005073,116.29580152230412,-20.843287314121746,-27.04492489160081,32.873776601432205,16.422967128387874,-57.97489519416714,-45.40284410179394,-56.82829446472641,-34.95226314155908,-65.78218733371432,-114.10086204374205,-9.62675982754325,20.017215889225884,-4.292400691437408,-34.04818574037858
1337,-137.82661442334233,-11.508353522809482,112.98345455832474,-3.920532385039593,-27.80613000371972,33.63866454997807,17.994491165038042,25.343934490284624,12.707716302197195,-19.840561984890396,-40.41757735600181,-40.74463137634273,-14.29811395839411,5.471118751890717,35.74057420452114,10.351025326585816,-10.850843481222492
1339,54.97442848973825,88.11544135661822,94.1262183736606,-22.39811477083075,-13.237132189287202,42.21382693719051,24.212420313548137,1.0338831040156085,-60.399511102028015,-29.56828390302934,4.386579249937818,-10.097488782920848,-55.419374845938,9.126284633878857,25.4541616807818,-22.936191326330007,-14.574295105581642
1340,-126.69401860432623,202.07849141975447,94.93057909601535,-18.725533809754136,-20.88645690763351,32.793662345652564,34.523475229864,9.600739325347584,41.545789500682474,-36.150709785378,-12.67415303879744,-30.448245472358956,-43.78255431633902,-13.372014453180649,31.179261482004197,9.670101039539983,-15.057338797619051
1341,-104.33454080095923,156.33509241077385,116.35512951339139,12.551716482475664,-29.055961683907473,28.789117912610475,1.0298262643390899,38.86287673269315,-101.72253640838848,-39.695849306078,-30.811305005052926,-30.68297659129152,-26.11912215015675,6.011306971965906,-59.86670184977623,7.702796269028323,-12.932911161801972
1342,9.825614245371218,80.92091299720735,107.89051518330334,-24.67324183445522,-14.609409920457795,50.717271358890834,27.5473898372208,5.253463052123996,-54.043045015395705,-14.162128927177811,13.08995023061925,-14.956720303357285,-55.99416676942705,13.669646515126825,32.2686566507072,-28.01181937647186,-16.975731870307374
1343,13.793962301217114,84.37476261026133,110.7489851428949,-28.959344897176155,-14.438172622086434,50.935193886409955,28.10304622182709,-15.305603342065048,-68.25535709037001,-26.492657721476203,13.77766561141952,-21.33232155319202,-81.28478832349224,10.675311100271015,28.818272240899184,-31.700111052341995,-22.87264502266728
1344,-117.91559798352336,149.5264554385599,128.60242508175327,9.185012621792326,-30.72935426838668,31.705470802572748,4.401667672677004,26.766466122820276,-107.69391797131495,-49.663186744888996,-33.38273174717616,-37.829398553996455,-47.82015044705291,4.525158844899034,-7.974325114206022,6.719796311006815,-19.92456333859659
1345,-96.95693263667724,86.5445854963325,96.96149867230649,-197.2308499139662,-25.117194127817395,35.56864957601661,32.76389751352763,-5.9882850165242205,-40.462595407160165,-46.00937348053944,-14.455162025682467,-54.91066262160397,-48.66175424892624,9.515437609537068,27.943421495658832,-25.199735711406934,-5.283024248216536
1346,-107.48757261030855,113.38392653283435,-66.765557117379,-11.643165558726174,-22.143552414524702,37.456404759661304,19.06350130814,9.977985547878868,-17.912121147180425,-30.542972282192636,-14.020010172567714,-26.074555215554163,-31.005045390089357,-0.1261440940760117,20.567235694343474,5.01757936964777,16.986862117576894
1347,-71.76999511336844,99.84838466699541,95.31106115186097,-198.49339290185407,-22.52094222019248,39.103160234407056,35.467062952105515,4.645500848337315,-41.43087572413187,-38.58312286899993,-4.9574633783263415,-45.04645760095957,-38.84638011246464,13.838290908168851,30.976357803802447,-30.2386653712284,-2.355190388197645
1348,-105.55118117963848,21.23113520830996,113.58821629662552,-60.862172198107,-26.37433257412076,34.16359771932645,19.396422380039798,-65.24378325717265,-56.203601658474106,-61.43673914541151,-28.817432785673862,-69.89090807254365,-122.55426528215862,-8.165842336719201,18.44307781579597,-12.247365888720275,-32.86545963154724
1349,-109.24711294122496,212.70992508429214,55.83849304005412,-19.374249455785755,-17.28653461286721,29.986548696596422,34.277071327172465,3.279945204739426,27.112881764681934,-44.45053110827931,-9.121465273176618,-27.53273404693895,-50.980544858843786,-15.638649601909295,26.533717924995756,6.302769133836263,-20.253836533517227
1350,-112.07986629020697,73.32990348246881,-62.41558963110048,-8.140203264634728,-26.967820601526153,38.272761906852196,16.437465445778262,17.345076240432988,-20.21230768245638,-25.67627648947612,-20.010308637901364,-27.075014689545412,-20.795086787276112,4.036131189806698,22.61541628722383,5.98704019024647,18.70646483160297
1351,-125.95185421855261,-8.654145244894492,96.9112008131321,-0.3746779906120451,7.617796950955199,26.911750560501883,15.141321142395618,38.1123248752451,27.006105750569997,-9.661129319592375,-33.73879857607405,-30.919126005335052,7.977076683902675,7.319499395905917,35.22075744787638,12.26847546505902,-4.021149552765094
1352,-117.69146035354454,-15.084250621059203,91.4776966003021,0.16892072660594054,-22.869153302986703,27.626918815627594,15.38105171337588,37.85596662535125,24.50007099044929,-8.243378078179278,-34.37097937171099,-27.951529957973765,9.481605480162926,7.473230699374783,33.395227229410324,11.557835446463242,-4.0257611134905495
1353,-119.98269906347443,216.4405036115923,59.32901221235971,-19.708276925504393,-20.53555423151346,33.176361930913465,34.44829766724851,4.143075329491779,32.393804346795775,-39.352215373061306,-8.404183803030298,-27.41879883092712,-49.121052234782766,-14.838611936086032,28.335270364889293,8.140383472348901,-10.429280649398171
1354,-108.80865642532157,211.03914510837,84.37267039150873,-22.993346300198017,-19.27821892175681,29.881290287120134,31.70689351702853,1.1220105658671267,33.11049792472327,-36.25045363681391,-8.900939436456666,-29.174527658906516,-46.842658962260266,-15.834871101467142,-23.570703733394687,6.570149142009287,-13.934506969407973
1355,-30.408287811464174,36.32869388536428,41.93870299758898,-0.589670980587521,-15.408747849606335,12.731780520009957,-1.5838791473746052,-1.278682248344975,-24.492063594835844,-9.089747522679117,-17.398043137908633,-20.03868862949569,-5.826349944550334,-5.28607908660083,-244.02114640932857,-0.7576169375627836,0.13768285617009585
1356,-112.07986629020697,73.32990348246881,-62.41558963110048,-8.140203264634728,-26.967820601526153,38.272761906852196,16.437465445778262,17.345076240432988,-20.21230768245638,-25.67627648947612,-20.010308637901364,-27.075014689545412,-20.795086787276112,4.036131189806698,22.61541628722383,5.98704019024647,18.70646483160297
1357,-108.10146091348372,1.318258220167531,111.48168421972498,-13.093901358790294,-25.84516691558596,27.84768480579843,18.015758261201817,-56.265286722167524,-58.91271786272913,-63.760253391442134,-33.65293306463072,-50.80374578863251,-112.05636347073839,-14.559950086203816,18.743503858716277,-4.271636016491699,-36.866751974841264
1358,-139.74250737428508,25.401021247032702,108.31224764289118,-4.062986215857448,-26.458783293034855,33.53875561999825,21.93646981361578,36.779776390370905,31.23317337375659,-16.0678615870903,-35.96528852104823,-34.04253197564034,-1.8804748634500317,4.2582374631719375,38.60000450804719,12.864974494939485,-7.477338790406363
1359,-134.52526744549087,-13.434463684056208,106.59020539505389,9.073373957862882,-26.61444570908967,28.112740411549208,20.271638380769332,48.11440735585697,12.455746680395588,-18.34013329795782,-40.33926880975615,-17.432844195268952,13.153219582293943,3.6292625573247106,38.443110445784995,14.05406893867727,-8.216845021055727
1360,-115.89891824303739,-0.19467149622005073,116.29580152230412,-20.843287314121746,-27.04492489160081,32.873776601432205,16.422967128387874,-57.97489519416714,-45.40284410179394,-56.82829446472641,-34.95226314155908,-65.78218733371432,-114.10086204374205,-9.62675982754325,20.017215889225884,-4.292400691437408,-34.04818574037858
1361,-99.02040907241832,126.37623994128118,92.51553962929825,-196.68506819599287,-23.846363607131536,35.4465469760829,36.4755977587988,7.559802267835482,-22.887779788517562,-41.909318822899145,-9.998790393625836,-47.516125958243116,-34.41490755285693,8.65838402056827,30.325376415730624,-22.39194316798357,-1.511732334951153
1362,30.460353465197233,88.10346058652551,95.37342294546052,-25.065316563042973,-6.640107358060432,77.3866833543141,24.72919789245997,-1.016405165271022,-62.57809913673186,-19.26526034521769,17.492798760872947,-10.84669330723189,-60.04635439209689,11.138465455744944,27.582388410458357,-29.177831779752225,-16.103034947063083
1363,-99.02040907241832,126.37623994128118,92.51553962929825,-196.68506819599287,-23.846363607131536,35.4465469760829,36.4755977587988,7.559802267835482,-22.887779788517562,-41.909318822899145,-9.998790393625836,-47.516125958243116,-34.41490755285693,8.65838402056827,30.325376415730624,-22.39194316798357,-1.511732334951153
1364,-97.01569679545302,87.60547126572087,96.29165489558034,-197.86450729096003,-24.913594885749806,35.578632985977144,33.36534594136132,-6.745721672361677,-37.75447239237912,-45.9267222746156,-14.013607659579858,-54.863646217926345,-49.06627718044455,9.073904550890205,28.65909237112027,-25.212799832134298,-5.303682279339255
1365,-113.46628432707628,43.07602282636294,113.4289743399876,-25.542025983719434,-25.766020689530148,33.25150634429357,19.450311290741695,-65.4876723033802,-41.085932622284915,-61.16062742073442,-29.274869978819744,-66.72099630634546,-125.26085031535713,-13.575147480606606,18.422922537524208,-5.166887085159787,-35.72945852174265
1366,-73.48178674354857,-7.4508183822062914,21.227223549710363,-4.405776927612786,-29.440368887240602,19.870045416974783,-34.649913294017516,30.62276726222618,0.1322600904964328,145.75821939358755,-7.899160973730362,-48.74921219165675,16.42920922579262,-23.145959943104184,6.488974989692295,14.44699331909989,1.4736168234100628
1367,-107.65672429740059,101.98406695236937,-59.313609980690565,-4.39651281787524,-27.599517000957526,37.45182075229941,13.483846819376122,18.518860744604616,-46.26040195935052,-31.865301760317223,-19.041895436221626,-25.227991364394644,-26.362230551134715,3.8564616116899564,13.754948754081472,5.3350272967695895,16.804868990104804
1368,-117.04449112468542,163.3962151421738,92.82120104866709,11.974591924188312,-30.715516334892865,32.67719143288684,4.375876275564284,42.01490812136456,-103.0123463922563,-43.48477566925309,-30.48190210816083,-29.76961901480842,-28.89490565886736,7.238040996257078,-7.4482734081825885,8.793589508716956,-9.396379093262253
1369,-18.322663997175653,25.073771428711975,48.639725934284215,9.288964921387228,-10.68303093472469,8.516100343052493,-7.251307596401212,9.51724508576881,213.64884251287262,-22.83150554651528,-16.654791158004592,-15.690854221418464,-3.664143791486934,-1.7534112494584773,16.637152137743108,-1.0167468127443984,3.763044886582604
1370,-122.32964077029563,231.79354065904343,97.36271496969911,-15.615500739988509,-21.314554064997292,31.98270460106032,32.17130503129555,10.017087173681762,18.20581823856935,-42.25708385029527,-11.264185471015098,-28.55420574353056,-49.75422101171592,-13.993217089944253,23.03446482432328,9.005024025335741,-16.97959267023994
1371,-115.48063515340006,147.43224197549236,122.7440778409912,21.31787608076909,-29.670976415536057,26.738001308103197,6.501838095873411,49.34698249150378,-106.4447905085682,-47.39254039943245,-33.44879320947809,-16.181882655709533,-20.59598341447638,3.231434901295312,-5.1302653139966505,10.420532736993195,-16.977390852378416
1372,-97.86122552926389,-8.965014018827079,84.26215699814247,43.697906177195215,-21.19247945442461,5.0595839708524935,26.674094635653518,55.34905392416674,-47.04704274407038,-49.366709619446716,-34.22562913431994,48.20904713967256,23.453246110191824,-18.928436848311403,34.45406863662754,13.975289107848642,-17.129486795116865
1373,30.86774697872215,88.15521343163991,95.12130894568777,-25.04339427906388,-9.89389768192774,77.37943550957677,24.7805264901258,-1.2853666092948366,-61.910822227904546,-19.305736424941113,17.928766892433558,-10.613430106195972,-60.09499251032251,11.344511325515057,27.503716383777345,-29.331065103654893,-15.929711136269447
1374,-71.76999511336844,99.84838466699541,95.31106115186097,-198.49339290185407,-22.52094222019248,39.103160234407056,35.467062952105515,4.645500848337315,-41.43087572413187,-38.58312286899993,-4.9574633783263415,-45.04645760095957,-38.84638011246464,13.838290908168851,30.976357803802447,-30.2386653712284,-2.355190388197645
1375,-71.76999511336844,99.84838466699541,95.31106115186097,-198.49339290185407,-22.52094222019248,39.103160234407056,35.467062952105515,4.645500848337315,-41.43087572413187,-38.58312286899993,-4.9574633783263415,-45.04645760095957,-38.84638011246464,13.838290908168851,30.976357803802447,-30.2386653712284,-2.355190388197645
1376,-137.8853785821181,-10.447467753421112,112.3136107815986,-4.554189762033447,-27.60253076165213,33.6486479599386,18.595939592871726,24.58649783444717,15.415839316978236,-19.757910778966565,-39.9760229898992,-40.69761497266511,-14.702636889912418,5.029585693243855,36.45624507998258,10.337961205858456,-10.87150151234521
1378,-112.01225859159028,32.635268434300045,119.59251018474029,-18.34440932985517,-27.6687066684266,32.59321760072893,13.612803804939722,-57.72334924811676,-69.66825985464371,-62.757357138496744,-33.546043631298254,-65.52688906033481,-120.98845449206253,-9.70794914510027,11.124690223964315,-5.033938691781097,-35.83605223656688
1379,-120.84272359671719,231.9267319094278,96.0674480600628,-16.48055604151178,-20.99186244802993,31.986757069057354,31.685070504725285,9.069519661609984,19.2166254948709,-41.32307779475659,-10.721954436422038,-29.659426399726353,-50.171270089449976,-13.594673320739101,22.50759098578189,8.771142709121788,-16.586368008058322
1380,-57.029239040641265,73.30637474332283,42.11085874161246,-6.031678611747827,151.49498119839333,0.26064226038895466,8.612178174102754,-0.3768697563283391,20.381267967973084,-29.089079927801432,2.1966753678062516,-15.823368696097333,-17.94495900401913,4.032681976526462,14.15793330198604,4.084673586832423,-3.2707504942577583
1381,-99.86990153636349,-6.710331611222514,85.19412849470226,43.515089314891576,-21.28218803791257,5.774554653176872,27.35071008216463,55.712667231410784,-47.58813670153861,-49.1488396389166,-34.564468467852286,49.13800711620573,22.23987990675467,-18.296027481166696,32.78216808796453,14.146356382880427,-20.74380606311216
1382,-96.14458993661509,101.47523096933473,60.51043086249418,-195.07492798856407,-24.89975695225599,36.55035361629124,33.3395545442486,8.502720326182597,-33.07290081332049,-39.7483111989797,-11.112778020564534,-46.8038666787383,-30.141032392259,11.786786702248252,29.1851440771437,-23.13900663442416,5.2245019659950795
1383,-109.23738409591016,212.3610803210392,85.02278037547272,-18.877252151192828,-19.394375816957435,29.814634686529036,31.130489057713923,1.7738095506083404,31.74736258362544,-36.319983674277964,-9.27956579203697,-28.865677206663346,-46.844145401281665,-15.923876410375772,-24.304013245743597,7.207010562734773,-14.224650003686923
1384,-122.37863128229051,233.58649613760542,97.57717777448754,-20.342749974492754,-21.394081789258674,32.5797589455404,32.28971636573046,9.200486286656737,18.643509088930557,-42.01024242168428,-10.889307172956308,-30.501797651222653,-50.668660325638086,-13.364198461829039,23.020045329091545,8.291701618470807,-16.55506225952841
1386,-115.89891824303739,-0.19467149622005073,116.29580152230412,-20.843287314121746,-27.04492489160081,32.873776601432205,16.422967128387874,-57.97489519416714,-45.40284410179394,-56.82829446472641,-34.95226314155908,-65.78218733371432,-114.10086204374205,-9.62675982754325,20.017215889225884,-4.292400691437408,-34.04818574037858
1387,-137.34889624075885,-14.623244214040652,112.11888176957233,-3.309377299540532,-27.61044538425771,33.108265806089086,18.452484289917738,25.508736392568434,13.633160792933815,-20.017873376037333,-40.413829298480294,-39.105889920893816,-13.382188205450545,4.931105432684134,36.48830321210178,10.427486312725264,-10.985230857655072
1388,-74.6525196132336,81.19515234500858,-73.51228718452263,-6.363343610548322,-28.667368888307276,33.95208247506205,13.026393617572564,20.511495522486094,-18.837831959654817,-25.623553203494527,-14.358260226770986,-28.195538723263407,-19.25318156088575,-1.052229355763679,15.031426459480748,9.52979042590905,14.104617267037167
1389,-136.82113394490256,-14.638053949460327,110.8395436706725,-4.2677946243906195,-27.77360900124427,33.390175621365046,17.212471822394097,25.00693839318474,14.587568728774515,-16.11973219538725,-39.88052314859786,-41.06363430705107,-13.498401619069787,4.834106783445384,35.962439350136336,10.433499051449653,-10.540882399924627
1390,-99.86990153636349,-6.710331611222514,85.19412849470226,43.515089314891576,-21.28218803791257,5.774554653176872,27.35071008216463,55.712667231410784,-47.58813670153861,-49.1488396389166,-34.564468467852286,49.13800711620573,22.23987990675467,-18.296027481166696,32.78216808796453,14.146356382880427,-20.74380606311216
1391,-42.6299238748297,36.39606555813696,31.06826792290493,-2.8818636234882917,187.01790331814314,-4.449509861283509,2.6048057143371457,1.7433029464222534,6.896852160486696,-22.232672721299995,-1.2995048545585586,-13.393496621353954,-9.456363727310716,-0.6576600199533563,10.379494537747952,4.009548207680535,-2.2685239059053504
1392,14.611355936950414,86.33582139064417,110.42854602517454,-32.825551247754696,-14.384393904568388,50.97379358693073,28.398434348796883,-15.932247732201226,-69.31876332455715,-27.016033951389186,14.296913918025906,-21.615642178097247,-81.97206112930289,10.756197477423942,28.662329186721937,-32.411126273101864,-22.76128863800716
1393,34.31778233615962,84.08185950506363,89.57289805111589,-24.620003987103964,-9.563574099035998,44.89539225198916,25.20859043782012,-2.7684166123933847,-58.88954397740288,-15.488380082142118,19.964885546736426,-8.513690307485097,-58.19382812976721,12.669304115999378,25.583672699262213,-30.567454732498938,-16.226349304554166
1395,-97.34559860182193,83.26159150328047,96.63182780606286,-197.48073771239285,-25.054815950134813,35.59670547608694,33.04491384587245,-6.013439611129258,-38.03605383187519,-45.416467213162406,-14.59578397670855,-54.93619244894192,-47.9729950040942,9.52355654129277,28.832674062184992,-25.125581911372567,-5.104237598597706
1396,-134.29057327480874,-14.969767388801317,102.78683511931995,8.664096339311293,-26.536545725741284,28.23210614453452,20.499337644364626,47.52700617143797,13.874545291218231,-18.049646450234423,-40.05326864295767,-17.31930350400861,13.21653645998726,3.5447230727105326,38.9731909998416,13.967604883378586,-7.56181381897155
1397,-98.49153164343629,116.82826801678583,98.54413361983357,-190.98215180304817,-25.678756785739825,35.356696286438094,31.062561908295656,14.376732170372579,-47.26088692154691,-42.65317967621366,-13.972779688549332,-47.939273591341745,-30.77420116919216,12.632181548390031,23.884338536577687,-22.27436608143732,-1.325810054846688
1398,-107.36605946657647,113.48796471088602,-69.38635443103938,-11.659001036342664,-25.336838792584444,37.82939813095843,19.29671391490894,10.122458277280405,-19.121365500591835,-31.098554174845027,-14.415453007181043,-26.130547467863252,-31.354425428679793,-0.23740023868924504,20.588626711940524,4.865345712820528,16.39181293133921
1400,-86.36345385282473,19.470447227183676,116.44974373497564,-26.662115140789442,-24.517115492590097,36.88592593266382,18.211498080741837,-66.28972833860493,-60.57967001081602,-57.50707720699501,-24.229460166417198,-63.558890686403444,-127.86311527383961,-8.039412893256044,18.59642854214177,-12.719765913334914,-36.175129352539884
1401,-72.30624456331147,99.48767034904988,95.20663815804267,-198.05504515148954,-22.535080232508903,39.10902246452348,35.51780088114376,6.7325916380057045,-39.95497560176368,-37.662862341782706,-5.094002532249371,-44.37955016563906,-36.328413266507354,14.202237539674536,31.38813498687435,-29.870668196124335,-1.7786165161295577
1402,26.414622914831053,91.75976741328937,70.71709214256902,-25.662930789927,-10.965492438167937,48.18084030840161,28.313283680479756,-2.8425803556577063,-69.40516372505678,-26.510134299422457,16.10150099173307,-12.414643209887405,-65.8210772523814,11.68419563509353,27.878723331537824,-31.755468382109107,-22.87997790995267
1403,-98.49153164343629,116.82826801678583,98.54413361983357,-190.98215180304817,-25.678756785739825,35.356696286438094,31.062561908295656,14.376732170372579,-47.26088692154691,-42.65317967621366,-13.972779688549332,-47.939273591341745,-30.77420116919216,12.632181548390031,23.884338536577687,-22.27436608143732,-1.325810054846688
1404,29.51372330218189,84.22214169011657,92.63579558905268,-24.88425049628403,26.071609688426683,44.868568139122026,24.746709198159103,-0.09774329843466507,-65.30606965761787,-15.521807921560368,15.669314799165052,-11.057829549584262,-57.88798339354848,10.643026529795733,26.552844990261352,-28.988046897106532,-17.964238635972862
1405,-99.86990153636349,-6.710331611222514,85.19412849470226,43.515089314891576,-21.28218803791257,5.774554653176872,27.35071008216463,55.712667231410784,-47.58813670153861,-49.1488396389166,-34.564468467852286,49.13800711620573,22.23987990675467,-18.296027481166696,32.78216808796453,14.146356382880427,-20.74380606311216
1406,17.141653609062796,100.7389215525801,106.6047870213266,-63.67627864968071,-14.027627557753773,51.37395096266547,31.51356885286923,-2.7882301364113165,-65.60631833092772,-23.44407527565097,17.741296292176116,-18.163360884359655,-65.49581476798308,14.759694555351446,30.9648363467738,-35.49828868400395,-16.569916327453303
1407,-51.54155854666176,66.01249704344778,64.83236689111243,2.814386481177881,-20.915201830867368,17.99119081093241,-0.815230603898432,7.496541361606466,-44.86538832151911,-17.590700222135226,-23.400065093647417,-24.26867596583115,-10.398067618911407,-4.269927355791652,-245.7028242611797,1.0504676793962162,-2.8439146635018586
1408,-117.19181845858803,149.91949727647653,127.55039604122373,8.25661777907417,-31.000145275869887,35.168398916595365,3.9691509867051344,25.892527457392916,-106.637387655674,-48.98218700206643,-32.930435535778045,-39.086975041561544,-48.254499789033396,4.908918107610727,-8.516499409635006,6.5458994331367375,-19.768712595257863
1409,-108.10146091348372,1.318258220167531,111.48168421972498,-13.093901358790294,-25.84516691558596,27.84768480579843,18.015758261201817,-56.265286722167524,-58.91271786272913,-63.760253391442134,-33.65293306463072,-50.80374578863251,-112.05636347073839,-14.559950086203816,18.743503858716277,-4.271636016491699,-36.866751974841264
1410,-122.32964077029563,231.79354065904343,97.36271496969911,-15.615500739988509,-21.314554064997292,31.98270460106032,32.17130503129555,10.017087173681762,18.20581823856935,-42.25708385029527,-11.264185471015098,-28.55420574353056,-49.75422101171592,-13.993217089944253,23.03446482432328,9.005024025335741,-16.97959267023994
1411,26.501733600714847,93.14674338365076,67.13896973926039,-25.3839728596874,-10.964108644818555,48.27801237143303,28.310704540768487,-1.3177361558032783,-68.93700656715093,-25.892293191858865,16.3915839556346,-11.608665255968601,-63.92855277356283,11.955483850229335,27.931328502140165,-31.548089062338093,-21.82715948541923
1412,-134.58403160426664,-12.373577914667836,105.92036161832773,8.439716580869028,-26.41084646702208,28.12272382150974,20.873086808603016,47.35697070001952,15.16386969517663,-18.257482092033985,-39.89771444365354,-17.385827791591325,12.748696650775637,3.1877294986778484,39.15878132124644,14.04100481794991,-8.237503052178445
1413,-134.52526744549087,-13.434463684056208,106.59020539505389,9.073373957862882,-26.61444570908967,28.112740411549208,20.271638380769332,48.11440735585697,12.455746680395588,-18.34013329795782,-40.33926880975615,-17.432844195268952,13.153219582293943,3.6292625573247106,38.443110445784995,14.05406893867727,-8.216845021055727
1414,-97.90526618020158,-9.692031052069304,83.03428879631353,43.26118909886736,-20.763811801483204,5.248208377284924,27.32246868047404,54.92990162162282,-45.65188495450044,-48.392144974524854,-34.018489375737715,49.67152791545885,22.738756581964182,-18.437497031168128,33.00302325700378,13.988936052805922,-20.484968777363125
1415,-122.32964077029563,231.79354065904343,97.36271496969911,-15.615500739988509,-21.314554064997292,31.98270460106032,32.17130503129555,10.017087173681762,18.20581823856935,-42.25708385029527,-11.264185471015098,-28.55420574353056,-49.75422101171592,-13.993217089944253,23.03446482432328,9.005024025335741,-16.97959267023994
1416,-115.15073334703115,151.77612173793273,122.40390493050867,20.934106502201896,-29.52975535115105,26.719928817993406,6.82227019136228,48.61470043027136,-106.16320906907214,-47.90279546088564,-32.8666168923494,-16.10933642469396,-21.689265590826736,2.7817829108927477,-5.303847005061369,10.333314816231464,-17.17683553311996
1417,-115.15073334703115,151.77612173793273,122.40390493050867,20.934106502201896,-29.52975535115105,26.719928817993406,6.82227019136228,48.61470043027136,-106.16320906907214,-47.90279546088564,-32.8666168923494,-16.10933642469396,-21.689265590826736,2.7817829108927477,-5.303847005061369,10.333314816231464,-17.17683553311996
1418,-119.97907441926444,189.35810988350858,124.15646603874504,9.730794339765659,-29.45852374770082,31.58336820263903,8.113367917948175,40.31455340717999,-90.11910235267233,-45.563132087248704,-28.92636011511952,-30.434861890635606,-33.5733037509836,3.668105255930236,-5.592370194134225,9.527588854430185,-16.153271425331205
1419,16.14726362252374,84.67605716246656,108.9188163107498,-28.96335731477371,-13.982174563339646,50.38079171044768,27.793788487791687,-16.063214357247976,-68.74564691861681,-26.328869324461493,14.464266654560175,-20.773270926600947,-81.47467089311478,10.52572261851388,28.149874843412277,-31.931685182450867,-22.792594386537075
1420,-110.46224437854588,211.66954330377547,82.0464661766579,-19.215894679620867,14.646329167730192,26.256614983625184,31.94494525948308,1.8352179107240554,39.205325298796,-38.8947121817554,-5.167036927043335,-26.97281152384806,-47.48674447293942,-14.526088155776963,26.31980774902526,7.825105702108677,-14.30334467114039
1421,-97.01569679545302,87.60547126572087,96.29165489558034,-197.86450729096003,-24.913594885749806,35.578632985977144,33.36534594136132,-6.745721672361677,-37.75447239237912,-45.9267222746156,-14.013607659579858,-54.863646217926345,-49.06627718044455,9.073904550890205,28.65909237112027,-25.212799832134298,-5.303682279339255
1422,16.183552993449826,85.29761365718478,109.86238240057295,-28.897637442659782,-13.7789522649505,50.06802895188277,28.328626901626556,-15.804202191007242,-69.25869386488962,-23.29290783534564,14.34899554765348,-20.718834304060174,-81.6939462502452,10.534296627330304,28.139233619268598,-31.77428019446825,-22.81023824722158
1423,44.42534264467761,21.09585691920305,55.59116406427863,9.958398474536791,-36.24956694132756,11.563490948302595,1.904504439271751,62.21174069951784,35.26454063062358,-10.551651673957082,-13.518978782058696,-38.03943573627869,19.507006386074153,-16.871230980110898,2.6861259041053827,31.821209242078815,-28.22872995980323
1424,-52.129200134419584,76.6213547373315,58.133929123850976,-3.522187288760662,-18.879209410191486,18.09102491053773,5.199253674438412,-0.07782519676808837,-17.784158173708708,-16.764188162896872,-18.984521432621314,-23.798511929054897,-14.44329693409449,-8.685257942260273,-238.54611550656531,0.9198264721226057,-3.050494974729042
1425,-122.38813455711883,-6.980532144525008,71.40779794259473,-0.2579723604439234,-24.45516448311318,30.486161158977456,18.195375702253198,40.18553559996063,15.597798937443745,-18.33959943964423,-37.80569823952434,-31.29762782842736,4.526513726145071,6.343232795417581,35.34365606198352,11.092093995523394,-10.563000603277546
1426,-108.10146091348372,1.318258220167531,111.48168421972498,-13.093901358790294,-25.84516691558596,27.84768480579843,18.015758261201817,-56.265286722167524,-58.91271786272913,-63.760253391442134,-33.65293306463072,-50.80374578863251,-112.05636347073839,-14.559950086203816,18.743503858716277,-4.271636016491699,-36.866751974841264
1427,-96.5708834726742,36.72846601318131,81.79239938987696,39.6773935292196,-19.86997739406248,5.593829752078928,30.555031037053332,48.3898466190866,-44.77232230657794,-54.25139025344858,-28.742705296565358,49.86346942636146,11.30705814325111,-22.792547385192343,31.046351177317348,13.274177175263127,-22.738252870527646
1428,-99.02040907241832,126.37623994128118,92.51553962929825,-196.68506819599287,-23.846363607131536,35.4465469760829,36.4755977587988,7.559802267835482,-22.887779788517562,-41.909318822899145,-9.998790393625836,-47.516125958243116,-34.41490755285693,8.65838402056827,30.325376415730624,-22.39194316798357,-1.511732334951153
1429,-113.89047148073655,147.9933871152298,121.15714687795288,21.250524121976653,-29.80846098123984,29.642474778166502,6.246298202436421,48.66300032296526,-106.88935727747561,-47.48175831513385,-32.85212698953238,-15.77518786048775,-20.803166248345345,3.06706191304472,-5.81396316837115,10.248943045228195,-17.134714135091095
1430,-105.55118117963848,21.23113520830996,113.58821629662552,-60.862172198107,-26.37433257412076,34.16359771932645,19.396422380039798,-65.24378325717265,-56.203601658474106,-61.43673914541151,-28.817432785673862,-69.89090807254365,-122.55426528215862,-8.165842336719201,18.44307781579597,-12.247365888720275,-32.86545963154724
1431,-116.37663642562086,2.920219195011117,117.16037431105653,-21.454442399620806,-27.240609511062814,33.404175345321185,15.964974003508168,-58.13969709645094,-46.328288592530555,-56.650983073579475,-34.95601119908059,-67.42092878916324,-115.01678779668562,-9.086746508336667,19.26948688164524,-4.368861677576856,-33.91379836394599
1432,-109.10621977738047,209.4496926771772,77.80758670481815,-19.53065404265069,15.068699574889402,26.003959518789898,32.201321201558734,1.1779839040582025,40.18857610048092,-39.1317880466685,-4.952390101507336,-26.706790208644005,-47.51778428235785,-14.744632738894126,26.74450595985057,7.562526311572674,-14.644207795111376
1433,-94.6329606271057,83.96133714700647,-101.50767568706173,-8.788918910666345,-23.367898306759855,35.46564825779605,16.191061543086708,11.024282119824829,-34.64521541845691,-33.97609781237742,-16.457620872280547,-24.1595032641254,-27.993077329780892,1.7694960410780523,17.969872730215386,2.619708284542754,13.509967095704791
1434,55.551017573509924,89.11043939638132,95.16277984690039,-22.110019532672634,-12.901177094708084,42.18580449965796,25.144201694265437,-0.3273342031845616,-60.60679008425147,-24.96133886075551,1.1634572774661018,-8.41778641973475,-55.92030663202495,10.291776968771346,25.665680621680774,-23.92541393256178,-13.476404399300675
1435,-52.078040888021015,70.18827350406733,65.0270959031387,1.5695740186849667,-20.907287208261785,18.531572964781923,-0.6717753009444442,6.574302803485201,-43.0827097974747,-17.330737625064454,-22.96225878506632,-25.860401017602445,-11.71851630337328,-4.171447095231931,-245.7348823932989,0.9609425725294075,-2.7301853181919964
1436,-96.72361309442094,71.58210275049386,-84.12702554030038,-8.795049659914392,-27.04762118850586,35.24467474522287,5.462036210132629,14.326863864656122,-27.404071382629045,5.2832316609480845,-13.460454594167626,-29.79074081172281,-19.312072720253468,-2.192189336673953,15.650569413478134,5.820724168732509,19.698004055545034
1437,-103.74592661929402,70.66705673823684,-67.42443594570588,0.8539951531896429,-25.775977248116885,32.70628795736891,17.886801275638216,19.976923270553858,-35.504859967435976,-32.868198013262614,-19.148784869554092,-10.504848092692315,-17.430139529810578,-0.99553932941359,21.373762388833434,6.097329972058987,15.774169251830415
1439,-108.10146091348372,1.318258220167531,111.48168421972498,-13.093901358790294,-25.84516691558596,27.84768480579843,18.015758261201817,-56.265286722167524,-58.91271786272913,-63.760253391442134,-33.65293306463072,-50.80374578863251,-112.05636347073839,-14.559950086203816,18.743503858716277,-4.271636016491699,-36.866751974841264
1440,-86.08765291032726,92.52849420089834,83.03315581476609,-193.33773328018765,10.274211824382077,29.090224515153462,30.692746833529178,7.1171014655361375,-28.044058385364693,-39.550770604744564,-8.313437453158667,-44.76615431988795,-27.186275945953792,12.0008302219976,27.201739593398873,-23.36475929779757,1.236708598942996
1441,75.58398445746833,41.720080831008865,54.45669498501443,4.09053456088242,-30.168478934780484,14.921935543331477,3.435182394587622,53.12035541361771,19.85366830141286,-11.504834655863421,-2.0454641957413995,-35.468595694116736,5.37433414031657,-15.39929141608333,0.7793931837233761,23.209344486438173,-30.28027415931667
1442,-110.66507753026576,70.04916708648219,-65.98462532621409,-7.821305250670691,-26.749049436434532,38.01012303205638,16.092392960020234,17.44527888960459,-21.9371798955525,-25.99600356031305,-20.23721617846798,-26.856009778018986,-20.421603665176235,4.259119665336398,22.324443622587708,5.737524920437828,18.386259738754696
1443,-113.7251175369715,1.6205474044815629,116.79260747382918,-22.20010869232166,-26.912119749301226,33.77760071411874,16.442541110341878,-58.97733935581086,-45.56953931660263,-56.2029768462817,-34.00991585173773,-67.05770182349141,-115.68153722405218,-8.974706108248471,20.00250835756843,-5.13721368112173,-33.979023478148434
1444,-97.81775558693207,156.33561936396362,120.23992193077243,17.030481431217392,-30.27473871652973,24.337879747786953,-5.153505352070028,43.30521938104228,-110.77858566949897,-47.63433789624957,-29.411279406229077,-41.299846348939255,-17.81146147916302,2.15788594015694,3.443052699340073,7.713675995171998,20.589726228030536
1445,-121.79117530937529,146.05250350948916,126.26292823393402,12.703434823914355,-30.548042774583546,31.768145571734003,4.422812436489185,46.6898065074324,-91.92410949133146,-39.526575417178044,-34.20589225181339,-32.26554485698713,-23.057531065214093,8.56316892916103,-4.383427122028434,10.165886745833532,-13.7655999557341
1446,-30.0078205276496,26.685260004402533,28.787406230365942,-4.183050769834918,-14.486203004887555,7.059349507330736,-11.257167162039956,15.583046488726565,-24.42939547643964,-34.05672545549418,11.554094873868303,230.6614816813481,-6.1318485709568025,-17.417613934399427,13.947686672213637,8.755981265571371,-4.676205917288875
1447,-116.37663642562086,2.920219195011117,117.16037431105653,-21.454442399620806,-27.240609511062814,33.404175345321185,15.964974003508168,-58.13969709645094,-46.328288592530555,-56.650983073579475,-34.95601119908059,-67.42092878916324,-115.01678779668562,-9.086746508336667,19.26948688164524,-4.368861677576856,-33.91379836394599
1448,-94.6329606271057,83.96133714700647,-101.50767568706173,-8.788918910666345,-23.367898306759855,35.46564825779605,16.191061543086708,11.024282119824829,-34.64521541845691,-33.97609781237742,-16.457620872280547,-24.1595032641254,-27.993077329780892,1.7694960410780523,17.969872730215386,2.619708284542754,13.509967095704791
1449,-120.70825038316354,232.49152053366672,96.64891837426579,-16.312246329568573,-21.106484615322774,32.048143489735615,31.47010481522666,9.089882692723243,23.41204893304284,-41.72719094062431,-10.906066885968574,-29.88355779939202,-50.29062000073963,-13.651564498925955,22.696609925167238,8.700232741700455,-16.48676790371739
1450,-94.6329606271057,83.96133714700647,-101.50767568706173,-8.788918910666345,-23.367898306759855,35.46564825779605,16.191061543086708,11.024282119824829,-34.64521541845691,-33.97609781237742,-16.457620872280547,-24.1595032641254,-27.993077329780892,1.7694960410780523,17.969872730215386,2.619708284542754,13.509967095704791
1451,-38.341760198562525,29.348106748634493,33.79625254497133,-13.177249187659289,-15.678046358296822,12.625823456814024,-12.706502991899903,12.951199458605695,-9.136843191460027,-26.864803931707687,10.692571105521031,214.09131508449502,-9.496795828422341,-12.385943415179149,15.189340570604035,8.645691483758853,-1.743910337516319
1452,-108.19320663875986,106.15984341298892,-59.1188809686643,-5.641325280368155,-27.591602378351944,37.99220290614892,13.627302122330109,17.59662218648335,-44.47772343530609,-31.60533916324645,-18.604089127640524,-26.819716416165935,-27.682679235596588,3.9549418722496767,13.722890621962264,5.245502189902782,16.918598335414668
1453,-73.0040685609651,-10.565709073437459,20.362650760957955,-3.794621842113725,-29.244684267778595,19.339646673085802,-34.191920169137816,30.787569164509986,1.0577045812330503,145.58090800244062,-7.895412916208849,-47.11047073620784,17.345134978736183,-23.685973262310767,7.236703997272939,14.523454305239339,1.3392294469774824
1454,-136.47778938192093,-0.7534845104267935,76.33765773648616,-0.5197979971445457,-27.596607450763894,34.07998643640318,18.42669289280502,40.75717839111271,18.314732371992452,-13.839462300401424,-37.512999659464974,-31.046110381705784,5.5430565827350184,7.643987584042179,37.014354918125214,12.5012795104354,-0.45704661232074034
1455,-19.287767174311117,66.20774282552128,84.89565389434469,23.90882059059625,-27.12825542344165,-3.7124075993423404,-31.959603407517132,27.43120731679483,-90.12043766489134,-57.43318604168626,-16.407767954152746,-79.68420347217726,28.3951023819884,-23.352846895379876,70.57569486027533,0.7345619489054447,164.505872439644
1456,-97.60191951300287,70.68706268586094,-80.75271885721304,-7.869135211385512,-27.274306976203064,34.966931466169186,5.663653392936666,15.148899773605782,-27.461877693577343,5.342996134714243,-13.67135336218211,-28.418020671477944,-18.365107157891472,-2.513658072763374,15.973600210233467,6.159764545407959,19.904479803083444
1457,13.793962301217114,84.37476261026133,110.7489851428949,-28.959344897176155,-14.438172622086434,50.935193886409955,28.10304622182709,-15.305603342065048,-68.25535709037001,-26.492657721476203,13.77766561141952,-21.33232155319202,-81.28478832349224,10.675311100271015,28.818272240899184,-31.700111052341995,-22.87264502266728
1458,-98.7857149017362,124.84093623653607,88.7121693535643,-197.09434581454445,-23.768463623783152,35.565912709068215,36.703297022394096,6.972401083416484,-21.468981177694918,-41.61883197517575,-9.712790226827357,-47.40258526698277,-34.351590675163614,8.573844535954093,30.855456969787227,-22.478407223282254,-0.8567011328669769
1459,-134.52526744549087,-13.434463684056208,106.59020539505389,9.073373957862882,-26.61444570908967,28.112740411549208,20.271638380769332,48.11440735585697,12.455746680395588,-18.34013329795782,-40.33926880975615,-17.432844195268952,13.153219582293943,3.6292625573247106,38.443110445784995,14.05406893867727,-8.216845021055727
1460,-96.37190785006108,22.836614326245588,88.1611662908948,45.76407950073149,-21.84359163705578,5.522051552543933,24.821563091061297,55.93905858285611,-69.4270108791034,-54.4849960453099,-33.29887090861755,49.36777556224726,16.041046703266247,-18.369097866968012,24.778894989229133,13.478972182571107,-22.352885909681635
1461,-98.46830366073105,70.51895938404009,-80.21781693470426,-8.73017809531123,-27.40761341798249,35.52538611012849,5.486676600401784,14.958943276716937,-25.96078060902899,6.113213793238215,-13.815723370729707,-30.08229195426481,-18.59227366600299,-1.965525821801088,16.115123769178986,6.15745735930288,20.21765382913485
1462,-48.71549877055825,52.38887407684184,-120.40211064221987,-4.721793552152717,-9.760159593918958,20.326328006398427,15.954660911823614,8.651409788688218,-52.8953983721695,-51.440427734257845,-19.21625468147844,-18.426297640762993,-30.563109543408117,-3.786186808839799,13.26077327111757,-4.329367279358792,-25.99518683408117
1463,-123.19602491802382,231.62543735722258,97.8976168922079,-16.47654362391422,-21.44786050677672,32.54115924501963,31.994328238760687,9.827130676792915,19.706915323117702,-41.4868661917713,-11.408555479562693,-30.218477026317426,-49.98138751982744,-13.445084838981966,23.17598838326879,9.002716839230661,-16.666418644188525
1464,24.762522929864275,83.22340614174131,90.67575224830372,-25.487904348258176,-14.218904140186057,47.36120296621349,18.205649442121423,1.9482906807281808,-59.96658412828422,17.188932658087754,19.760365592723527,-16.984490984558878,-55.404746845749514,7.722453940376798,25.58313124087801,-28.011109195132903,-15.732755209750367
1465,-123.814574824313,150.09508871972432,127.75292415559659,12.323677662944714,-30.862819768945325,32.30447525758648,5.052502266013458,46.715135461382914,-91.1522382235886,-40.20061887564595,-34.31031697782535,-32.75204925256263,-23.960930671941913,8.2631054205156,-3.8886114156062477,10.310242955180676,-14.045095272605852
1466,15.538652867527242,85.4379059767151,106.83977653729877,-29.024216461779318,-14.078180392609804,50.65448252150434,28.078405831557934,-15.937682754125863,-69.69864786397005,-27.322639853766333,14.132934387981601,-21.04077041065002,-82.00458737774272,10.448647585398149,28.35371788519834,-32.036844242912366,-23.392294796257097
1467,-113.46628432707628,43.07602282636294,113.4289743399876,-25.542025983719434,-25.766020689530148,33.25150634429357,19.450311290741695,-65.4876723033802,-41.085932622284915,-61.16062742073442,-29.274869978819744,-66.72099630634546,-125.26085031535713,-13.575147480606606,18.422922537524208,-5.166887085159787,-35.72945852174265
1468,-121.45036146718222,232.65369624735104,96.90683702015365,-16.491715458058092,-21.298652397709112,32.24325647910727,31.65502962154568,9.044437699318989,18.727072631412,-41.503793580661295,-11.069096754886646,-30.060220199747867,-50.28754662832171,-13.70027103470148,17.62766091049401,8.75640779155014,-16.583149764795312
1469,-119.09979511615103,190.2182654718162,123.70058808919957,8.854579621696072,-29.44262208041264,31.843920080685983,7.597092508198281,39.34190393281722,-89.59784795982968,-44.809841817614725,-28.73127139899107,-31.940876346852914,-34.10662936758938,3.9610513111730086,-10.999174107963492,9.278972620644586,-15.756828519886579
1470,-98.16044524384849,-9.12527125064431,83.31499506248974,43.005070777879496,-20.9784925696996,5.3809816171614235,26.99552997700636,55.03738851135524,-45.94782880089604,-48.88212334003783,-33.66441070618536,54.07487440294688,22.52916260362506,-18.70900845788059,33.16372712768874,14.11306535345199,-20.49778236441037
1471,44.18231863277626,22.67544390568911,52.6523665772971,8.93796577048614,-36.36735157744118,12.213255425176891,1.67421057798735,61.45953761281503,35.7578947507096,-10.083853435086748,-13.23672667278173,-39.564636500467266,18.654397510823905,-16.415757145518494,2.46847745058134,31.658284200640686,-27.43931138128647
1473,8.967717251729772,81.1283337487517,109.80917819853026,-25.01421514389538,-14.565414732934238,50.98795395745776,28.55968758317131,3.478213764950453,-54.972255989056244,-18.21031297652116,12.548813226112246,-15.330154635307414,-58.62308670987662,13.950830783822177,32.52426688854626,-28.388136476405393,-17.683480174054495
1474,-97.30817192180702,123.41487448804229,90.39864461287146,-196.56450171581005,-23.44086091409667,34.797820663955356,36.300858708646075,2.4801139560897663,-20.901420011317,-41.60695250897148,-9.215660637911553,-47.09975108061265,-32.94733087582171,8.193697912597958,30.44451414624949,-22.003535194207196,-1.1694207624893755
1475,47.867112264322984,89.3414982382088,97.3327299086019,-22.845359186237996,-15.856135331574174,49.36713890558052,24.847289555199033,8.122417821798873,-52.91429779718345,-17.455276400587532,18.547311661029966,-15.434694586984914,-54.943213645207024,8.944349108951917,24.875661214839692,-24.585324232863215,-21.599039413593534
1476,-112.01225859159028,32.635268434300045,119.59251018474029,-18.34440932985517,-27.6687066684266,32.59321760072893,13.612803804939722,-57.72334924811676,-69.66825985464371,-62.757357138496744,-33.546043631298254,-65.52688906033481,-120.98845449206253,-9.70794914510027,11.124690223964315,-5.033938691781097,-35.83605223656688
1477,-134.86758908064135,1.5728114264572668,108.50958557051281,-38.88735393597081,-27.333206761704478,34.1054775263039,21.686030128424996,37.83615310133332,17.78329663692445,-16.199073271688132,-36.5945686262713,-37.60120053484832,2.1796188419470988,9.563621138726852,38.77639087692191,6.6270014949582325,-4.369328136389686
1478,25.72725097200639,86.53236439458192,92.02120555292012,-25.3467614223796,-15.984255577495608,79.76200605952391,24.991990902850898,-1.5863586332611586,-58.48871270446987,-15.054308084191941,19.05661243007633,-10.889772351139438,-58.06599510811668,12.025916632620909,25.431678106962206,-29.727716294121848,-18.54896469743417
1479,-22.94120514728653,62.26246397251595,61.98166577174355,15.499273917211822,-18.802772041916022,16.774246629732797,11.45354472596383,-30.270806753344473,-25.068178372323693,7.828732882874003,172.08439698332265,33.33553162404138,-15.796574605381489,24.764266251160727,26.865257990324093,-16.82459996988458,16.13167696036391
1480,-52.126685114595,71.93249732033215,-80.89434077395437,-0.9154125042796569,-10.368081187810649,19.39114301511884,15.061136046348286,14.104981074140628,-66.25511389219221,-57.98347479507112,-22.17175619076458,-19.19568521898048,-32.4005135911839,-2.745313052899548,8.453773460397793,-3.5602645719631485,-32.876117967343525
1481,-98.25816209630904,149.06544903154136,107.96123991248304,12.663310647938799,-25.98806218711567,26.22412381211126,1.3302350961351543,39.1136963556031,-96.82700777379948,-37.88869144703094,-27.33988182040684,-26.6750385910764,-24.956356761439444,7.067284111589681,-11.067401096897477,7.850145444744792,-12.965093594432064
1482,-99.02040907241832,126.37623994128118,92.51553962929825,-196.68506819599287,-23.846363607131536,35.4465469760829,36.4755977587988,7.559802267835482,-22.887779788517562,-41.909318822899145,-9.998790393625836,-47.516125958243116,-34.41490755285693,8.65838402056827,30.325376415730624,-22.39194316798357,-1.511732334951153
1483,-122.37863128229051,233.58649613760542,97.57717777448754,-20.342749974492754,-21.394081789258674,32.5797589455404,32.28971636573046,9.200486286656737,18.643509088930557,-42.01024242168428,-10.889307172956308,-30.501797651222653,-50.668660325638086,-13.364198461829039,23.020045329091545,8.291701618470807,-16.55506225952841
1484,-91.92267757968054,81.60077958708855,-101.20559874756293,-8.900927826373346,-23.243007787065853,35.82909021663308,16.067180222086723,10.944076516302353,-36.59458915731002,-33.610742791003474,-15.95307989104029,-23.8432927021312,-28.25330382562914,2.3230694998131085,17.987223330677143,1.8644204017252406,13.465400012625064
1485,-12.224787621889641,37.22694289099588,47.56662990348372,-7.500647712604819,-4.061593073214128,171.87328269819278,3.0944501633741694,5.512419611492417,-27.88144667962299,-23.311673236610364,-6.770419823127242,-13.426594019699065,-23.48269020583575,-4.309415989755838,14.953859060895207,-0.08466269445911496,-2.4372869732698113
1486,-72.30624456331147,99.48767034904988,95.20663815804267,-198.05504515148954,-22.535080232508903,39.10902246452348,35.51780088114376,6.7325916380057045,-39.95497560176368,-37.662862341782706,-5.094002532249371,-44.37955016563906,-36.328413266507354,14.202237539674536,31.38813498687435,-29.870668196124335,-1.7786165161295577
1487,47.603505045070236,89.69601165979971,94.69884904569368,-22.86387930404761,-15.919108802555158,46.39242539087842,25.174713293734712,8.099644424611132,-53.56517091748654,-18.06731129561247,18.41959125988168,-15.492220091162899,-55.28301369177944,8.999753354884618,24.887499888174244,-24.81412225620912,-22.228403640142027
1488,-107.65672429740059,101.98406695236937,-59.313609980690565,-4.39651281787524,-27.599517000957526,37.45182075229941,13.483846819376122,18.518860744604616,-46.26040195935052,-31.865301760317223,-19.041895436221626,-25.227991364394644,-26.362230551134715,3.8564616116899564,13.754948754081472,5.3350272967695895,16.804868990104804
1489,-115.15073334703115,151.77612173793273,122.40390493050867,20.934106502201896,-29.52975535115105,26.719928817993406,6.82227019136228,48.61470043027136,-106.16320906907214,-47.90279546088564,-32.8666168923494,-16.10933642469396,-21.689265590826736,2.7817829108927477,-5.303847005061369,10.333314816231464,-17.17683553311996
1492,15.538652867527242,85.4379059767151,106.83977653729877,-29.024216461779318,-14.078180392609804,50.65448252150434,28.078405831557934,-15.937682754125863,-69.69864786397005,-27.322639853766333,14.132934387981601,-21.04077041065002,-82.00458737774272,10.448647585398149,28.35371788519834,-32.036844242912366,-23.392294796257097
1493,-38.80263922616863,34.74275091432655,-30.318758608462648,-11.230204371215926,-13.682848755873987,10.611760125880052,1.4127299804997582,-16.511090619987858,-2.539954623363151,31.01086757917918,-20.77026506018439,2.110389476775137,-28.744716024928987,-7.381030119040564,1.9718474143312992,22.320965241455195,134.97258684163108
1494,-108.72208406774187,115.70781533748428,-65.14747495919963,-11.344241673312844,-25.759209199743655,38.08205359579372,19.04033797283328,10.779692283946256,-20.104616302276753,-30.861478309931933,-14.63009983271704,-26.396568783067305,-31.323385619261362,-0.018855655572082495,20.16392850111521,5.127925103356531,16.7326760553102
1495,-123.27809248295372,145.91931225910477,127.55819514357033,13.568490125437629,-30.870734391550908,31.76409310373697,4.90904696305947,47.63737401950418,-92.93491674763301,-40.460581472716726,-34.748123286406454,-31.16032420079134,-22.64048198748004,8.164625159955879,-3.8565532834870404,10.399768062047485,-14.158824617915714
1496,-115.94790875503227,1.5982839823419466,116.51026432709254,-25.570536548626,-27.12445261586219,33.47083094591228,16.541378462822784,-58.79149608119216,-44.96515325143273,-56.58145303611542,-34.57738484350028,-67.72977924140642,-115.01530135766421,-8.997741199428038,20.00279639399415,-5.005723098302342,-33.623655329667045
1497,-47.06946036034865,54.21890271296313,-118.62596659179496,-5.120197605502546,-9.464190834632811,20.948242303809007,17.21424736130126,8.150763626428173,-54.016501522818885,-54.71325129646321,-18.807213541539525,-17.74406774438284,-32.02757131009899,-3.0371344403062723,13.771929601425564,-5.180193007767503,-26.37037302958148
1498,-102.29686990635652,154.5998557954069,112.06356948388145,10.967182739583402,-28.457561486247002,27.54780374287921,-1.4529174119713453,41.13613276499911,-100.79725349405705,-43.722481157699406,-24.341326159476353,18.463646939999673,-26.6352474670966,3.9536260752599093,-8.933488551506544,9.32531976741943,-13.48645412708611
1499,-96.72361309442094,71.58210275049386,-84.12702554030038,-8.795049659914392,-27.04762118850586,35.24467474522287,5.462036210132629,14.326863864656122,-27.404071382629045,5.2832316609480845,-13.460454594167626,-29.79074081172281,-19.312072720253468,-2.192189336673953,15.650569413478134,5.820724168732509,19.698004055545034
1500,-137.34889624075885,-14.623244214040652,112.11888176957233,-3.309377299540532,-27.61044538425771,33.108265806089086,18.452484289917738,25.508736392568434,13.633160792933815,-20.017873376037333,-40.413829298480294,-39.105889920893816,-13.382188205450545,4.931105432684134,36.48830321210178,10.427486312725264,-10.985230857655072
1501,-118.5200822469932,221.68907922358287,91.72618791881169,-57.38759731553947,-20.348669732453043,33.17965935086028,37.47735649956192,3.3342954239858162,30.911727158810997,-41.38447208450781,-7.48166997273357,-33.281451721411194,-50.65528237444544,-12.56315068165138,29.619830940231733,2.55994883194143,-13.943774951017861
1502,-98.28518399986217,112.84510257229095,98.9887295241344,-191.0367299748455,-25.805839837808414,35.36890654643147,30.69139188376854,13.021923441936607,-49.01836848341117,-43.06318514197769,-14.418416851754994,-48.67872725767783,-32.198885838799086,12.71788690728691,23.64614304457051,-22.555145335779653,-1.7029392461732262
1503,-121.57284749544577,232.58454254562469,96.60920560027215,-16.525579710900896,-17.894581899240347,31.887454508816887,31.736475241722594,9.050578535330562,19.472868902929058,-41.76126643140904,-10.657843868387284,-29.870933631466336,-50.35180653548748,-13.560492209241598,22.6900430099709,8.818217305487533,-16.59101923154066
1504,-122.32964077029563,231.79354065904343,97.36271496969911,-15.615500739988509,-21.314554064997292,31.98270460106032,32.17130503129555,10.017087173681762,18.20581823856935,-42.25708385029527,-11.264185471015098,-28.55420574353056,-49.75422101171592,-13.993217089944253,23.03446482432328,9.005024025335741,-16.97959267023994
1505,-123.27809248295372,145.91931225910477,127.55819514357033,13.568490125437629,-30.870734391550908,31.76409310373697,4.90904696305947,47.63737401950418,-92.93491674763301,-40.460581472716726,-34.748123286406454,-31.16032420079134,-22.64048198748004,8.164625159955879,-3.8565532834870404,10.399768062047485,-14.158824617915714
1506,-112.07986629020697,73.32990348246881,-62.41558963110048,-8.140203264634728,-26.967820601526153,38.272761906852196,16.437465445778262,17.345076240432988,-20.21230768245638,-25.67627648947612,-20.010308637901364,-27.075014689545412,-20.795086787276112,4.036131189806698,22.61541628722383,5.98704019024647,18.70646483160297
1507,-134.37768396069254,-16.3567433591627,106.36495752262856,8.385138409071695,-26.537929519090664,28.13493408150311,20.5019167840759,46.00216197158354,13.406388133312367,-18.66748755779801,-40.3433516068592,-18.12528145792741,11.324011981168704,3.2734348575747267,38.92058582923925,13.760225563607573,-8.614632243504984
1508,-110.05646677526926,69.28731827223365,-63.90558555276305,-7.760446103665085,-26.653043607164374,37.73643222099972,15.80777561625398,17.319747286482478,-20.984178950199247,-25.00223303100821,-19.905883911889404,-26.588510293969914,-19.891687180548292,4.336194698452127,22.120600580801646,5.842683980899325,18.985960148474717
1509,-107.37645575631855,151.53076365647934,111.68888551318712,12.894970537513249,-32.245580048588714,60.80882780437004,2.3536480286895736,40.797552334119025,-97.38058443670715,-41.352760629730845,-28.781461086949378,-27.093376248573488,-24.71231032616968,6.520895277449964,-10.693531827232036,8.683871144397495,-15.732057445042509
1510,-115.89891824303739,-0.19467149622005073,116.29580152230412,-20.843287314121746,-27.04492489160081,32.873776601432205,16.422967128387874,-57.97489519416714,-45.40284410179394,-56.82829446472641,-34.95226314155908,-65.78218733371432,-114.10086204374205,-9.62675982754325,20.017215889225884,-4.292400691437408,-34.04818574037858
1511,-112.07986629020697,73.32990348246881,-62.41558963110048,-8.140203264634728,-26.967820601526153,38.272761906852196,16.437465445778262,17.345076240432988,-20.21230768245638,-25.67627648947612,-20.010308637901364,-27.075014689545412,-20.795086787276112,4.036131189806698,22.61541628722383,5.98704019024647,18.70646483160297
1512,-103.35726065414931,73.95005073128887,-67.09476507946225,1.1038829516163011,-25.838355425799467,32.67823205729858,17.605784943293404,20.002077865158892,-37.93140154272095,-33.461104280639645,-19.008162918528008,-10.479318265354367,-18.118898774642627,-1.003658261169292,20.484509822307277,6.023176172024619,15.595382602211586
1513,-111.84310690449824,44.035128014765036,112.14056304805186,-25.591062070706105,-22.212742081993778,32.597801608090826,19.192458293703602,-66.26422444484253,-41.31997904247356,-61.43502766037216,-28.524158367644333,-66.37345291149437,-125.63126933101717,-13.690554850866238,17.936977164226317,-5.351386618902916,-35.65405910909478
1514,53.69767633122025,88.54830266740339,96.15380558304065,-22.610074737553536,-13.546259439527596,43.04710720406872,24.86788308542772,-1.9158261439107565,-61.07935343210004,-29.0813492741033,0.7286664951551712,-9.69818110418711,-58.02911555122928,10.068844810206373,25.932942060239462,-24.219241965539588,-14.115385046814461
1515,-122.32964077029563,231.79354065904343,97.36271496969911,-15.615500739988509,-21.314554064997292,31.98270460106032,32.17130503129555,10.017087173681762,18.20581823856935,-42.25708385029527,-11.264185471015098,-28.55420574353056,-49.75422101171592,-13.993217089944253,23.03446482432328,9.005024025335741,-16.97959267023994
1516,-99.02040907241832,126.37623994128118,92.51553962929825,-196.68506819599287,-23.846363607131536,35.4465469760829,36.4755977587988,7.559802267835482,-22.887779788517562,-41.909318822899145,-9.998790393625836,-47.516125958243116,-34.41490755285693,8.65838402056827,30.325376415730624,-22.39194316798357,-1.511732334951153
1517,26.414622914831053,91.75976741328937,70.71709214256902,-25.662930789927,-10.965492438167937,48.18084030840161,28.313283680479756,-2.8425803556577063,-69.40516372505678,-26.510134299422457,16.10150099173307,-12.414643209887405,-65.8210772523814,11.68419563509353,27.878723331537824,-31.755468382109107,-22.87997790995267
1518,-85.54606021709144,21.431506007566515,116.12930461725529,-30.528321491367976,-24.46333677507205,36.924525633184594,18.50688620771163,-66.9163727287411,-61.643076245003165,-58.03045343690798,-23.71021185981081,-63.84221131130867,-128.5503880796502,-7.958526516103119,18.440485487964523,-13.43078113409477,-36.063772967879764
1519,75.7054976012004,41.82411900906053,51.835897671354054,4.074699083265932,-33.36176531284022,15.294928914628601,3.66839500135656,53.26482814301925,18.64442394800145,-12.06041654851581,-2.4409070303547273,-35.524587946425825,5.0249541017261325,-15.510547560696564,0.8007842013204257,23.05711082961093,-30.875323345554353
1520,-60.065602437709124,29.858063276993512,45.358820324965905,-2.242759446752144,150.23479648636393,0.48570376511342866,5.580979201825232,6.604469704062897,17.700648263484986,-23.601274030213386,-3.7014092443470243,-16.16486648133,-7.140519606613779,3.198747003964568,15.781932539384682,4.648600060395467,-1.056296842399277
1521,-123.60822718073888,146.11192327522946,128.19752005989744,12.269099491147381,-30.98990282101391,32.316685517579856,4.681332241486341,45.36032673294694,-92.90971978545286,-40.61062434140998,-34.75595414103102,-33.49150291889871,-25.385615341548846,8.34881077941248,-4.126806907613427,10.02946370083834,-14.422224463932391
1522,-99.86990153636349,-6.710331611222514,85.19412849470226,43.515089314891576,-21.28218803791257,5.774554653176872,27.35071008216463,55.712667231410784,-47.58813670153861,-49.1488396389166,-34.564468467852286,49.13800711620573,22.23987990675467,-18.296027481166696,32.78216808796453,14.146356382880427,-20.74380606311216
1523,-102.17184365130927,80.01516264177086,95.69202086169823,-193.53560795911207,-25.18205806098262,35.649465547134746,33.50155520721666,12.770377495886239,-24.752952730561447,-37.134122468207366,-15.824636362015825,-48.93402553105731,-25.311293390478617,12.799076224843931,32.538668709832066,-21.813607335435968,0.08492725001507667
1524,-107.65672429740059,101.98406695236937,-59.313609980690565,-4.39651281787524,-27.599517000957526,37.45182075229941,13.483846819376122,18.518860744604616,-46.26040195935052,-31.865301760317223,-19.041895436221626,-25.227991364394644,-26.362230551134715,3.8564616116899564,13.754948754081472,5.3350272967695895,16.804868990104804
1525,-122.37863128229051,233.58649613760542,97.57717777448754,-20.342749974492754,-21.394081789258674,32.5797589455404,32.28971636573046,9.200486286656737,18.643509088930557,-42.01024242168428,-10.889307172956308,-30.501797651222653,-50.668660325638086,-13.364198461829039,23.020045329091545,8.291701618470807,-16.55506225952841
1526,-108.19320663875986,106.15984341298892,-59.1188809686643,-5.641325280368155,-27.591602378351944,37.99220290614892,13.627302122330109,17.59662218648335,-44.47772343530609,-31.60533916324645,-18.604089127640524,-26.819716416165935,-27.682679235596588,3.9549418722496767,13.722890621962264,5.245502189902782,16.918598335414668
1527,-99.02040907241832,126.37623994128118,92.51553962929825,-196.68506819599287,-23.846363607131536,35.4465469760829,36.4755977587988,7.559802267835482,-22.887779788517562,-41.909318822899145,-9.998790393625836,-47.516125958243116,-34.41490755285693,8.65838402056827,30.325376415730624,-22.39194316798357,-1.511732334951153
1528,-96.04200604369217,27.180494088685972,87.82099338041228,45.38030992216429,-21.702370572670773,5.503979062434139,25.14199518655017,55.206776521623695,-69.14542943960734,-54.99525110676309,-32.71669459148886,49.44032179326283,14.947764526915893,-18.818749857370577,24.60531329816441,13.391754261809377,-22.55233059042318
1529,8.967717251729772,81.1283337487517,109.80917819853026,-25.01421514389538,-14.565414732934238,50.98795395745776,28.55968758317131,3.478213764950453,-54.972255989056244,-18.21031297652116,12.548813226112246,-15.330154635307414,-58.62308670987662,13.950830783822177,32.52426688854626,-28.388136476405393,-17.683480174054495
1530,20.3481388268171,101.16473212088856,105.39069427216609,-63.06024493390754,-14.211720398748309,50.947745249602875,31.22319959908691,-0.38449741853761676,-63.99297063627937,-22.518542419835583,18.169961979366125,-17.608505852410943,-62.82365739938672,14.614805132300093,30.61821454707139,-34.77601648533363,-16.453527211841795
1531,-98.16044524384849,-9.12527125064431,83.31499506248974,43.005070777879496,-20.9784925696996,5.3809816171614235,26.99552997700636,55.03738851135524,-45.94782880089604,-48.88212334003783,-33.66441070618536,54.07487440294688,22.52916260362506,-18.70900845788059,33.16372712768874,14.11306535345199,-20.49778236441037
1532,-111.0156216529914,69.13931728642959,-63.88965674202658,-7.8538081269919,-27.138898841118294,38.01428956827864,15.053997675300623,17.765516799170562,-21.0405782706601,-22.038097905896805,-19.914808796600024,-27.44103402393137,-19.59085151643348,3.8406522800082272,22.121610557377597,6.082578035837667,19.037083944023546
1533,-134.52526744549087,-13.434463684056208,106.59020539505389,9.073373957862882,-26.61444570908967,28.112740411549208,20.271638380769332,48.11440735585697,12.455746680395588,-18.34013329795782,-40.33926880975615,-17.432844195268952,13.153219582293943,3.6292625573247106,38.443110445784995,14.05406893867727,-8.216845021055727
1534,-27.456739150854474,45.74348202154883,42.23076832798472,20.412922266380694,-16.447909236491498,7.22212800687546,6.086201906685546,-30.479651272807775,-13.783443489468088,11.07940565082838,168.76983547418038,35.59752058644545,-4.350196149243343,22.079578268507326,21.075197523997765,-10.94685736528975,19.452351596008874
1535,-116.43540058439666,3.9811049643994894,116.49053053433038,-22.08809977661466,-27.03701026899523,33.41415875528172,16.566422431341863,-58.8971337522884,-43.62016557774951,-56.56833186765564,-34.514456832977984,-67.37391238548561,-115.42131072820393,-9.528279566983528,19.985157757106673,-4.381925798304216,-33.934456395068715
1536,-115.89891824303739,-0.19467149622005073,116.29580152230412,-20.843287314121746,-27.04492489160081,32.873776601432205,16.422967128387874,-57.97489519416714,-45.40284410179394,-56.82829446472641,-34.95226314155908,-65.78218733371432,-114.10086204374205,-9.62675982754325,20.017215889225884,-4.292400691437408,-34.04818574037858
1537,-99.02040907241832,126.37623994128118,92.51553962929825,-196.68506819599287,-23.846363607131536,35.4465469760829,36.4755977587988,7.559802267835482,-22.887779788517562,-41.909318822899145,-9.998790393625836,-47.516125958243116,-34.41490755285693,8.65838402056827,30.325376415730624,-22.39194316798357,-1.511732334951153
1538,-98.28518399986217,112.84510257229095,98.9887295241344,-191.0367299748455,-25.805839837808414,35.36890654643147,30.69139188376854,13.021923441936607,-49.01836848341117,-43.06318514197769,-14.418416851754994,-48.67872725767783,-32.198885838799086,12.71788690728691,23.64614304457051,-22.555145335779653,-1.7029392461732262
1540,-122.57266478219698,233.37312764552948,94.42391748271758,-16.635933444039154,-21.432338701110915,32.632469077934616,31.94101117001117,9.264884086978954,18.69917235865537,-41.78928561142494,-10.98193336173813,-30.079406507719135,-50.606829886966175,-13.537743255351847,22.816816370799238,8.842098983897609,-16.19017409172318
1541,-136.47778938192093,-0.7534845104267935,76.33765773648616,-0.5197979971445457,-27.596607450763894,34.07998643640318,18.42669289280502,40.75717839111271,18.314732371992452,-13.839462300401424,-37.512999659464974,-31.046110381705784,5.5430565827350184,7.643987584042179,37.014354918125214,12.5012795104354,-0.45704661232074034
1542,-51.87169324444692,66.20510805957245,65.47169180743951,1.514995846887633,-21.034370260330373,18.543783224775293,-1.0429453254715613,5.219494075049231,-44.84019135933895,-17.740743090828484,-23.407895948271985,-26.59985468393853,-13.143200972980212,-4.085741736335052,-245.97307788530608,0.680163318187071,-3.107314509518535
1543,-108.20270006828784,22.530806998839516,113.95598313385287,-60.11650590540614,-26.70282233588235,33.790172350528884,18.918855273206095,-64.40614099781273,-56.96235093440203,-61.88474537270928,-29.763528133016724,-70.25413503821548,-121.88951585479207,-8.277882736807397,17.71005633987277,-11.4790138851754,-32.8002345173448
1544,33.95055214669189,90.95523508844278,99.55031648955666,-24.007828935353807,-4.4340705663549524,41.668462106099554,30.60837931316613,-0.19723607626545467,-63.763770032072905,14.433046172363952,18.87628504570424,-8.180831313817333,-60.56711814710894,12.789225315661124,25.659712482014424,-28.946330256307046,-16.407439134881557
1545,-96.14458993661509,101.47523096933473,60.51043086249418,-195.07492798856407,-24.89975695225599,36.55035361629124,33.3395545442486,8.502720326182597,-33.07290081332049,-39.7483111989797,-11.112778020564534,-46.8038666787383,-30.141032392259,11.786786702248252,29.1851440771437,-23.13900663442416,5.2245019659950795
1546,-80.26322899232493,89.88238911170674,-66.36558503605134,-12.779090193412673,-24.087933595644394,41.46381771932869,18.05790070490908,9.320402242055662,-38.61510288912293,-27.445003961105616,-9.370043194778495,-22.968441847921248,-33.956690387162254,5.298334348661317,20.76213271655808,-2.6875331153546047,15.946142100541975
1547,-119.25529489432911,189.7511517214252,123.1044369982155,8.802399497047503,-29.729314755184028,35.046296316661646,7.680851231976301,39.440614741752626,-89.06257203703139,-44.88213234442614,-28.474063903721408,-31.692438378200688,-34.00765309296408,4.0518645186419295,-6.134544489563213,9.353691976560109,-15.99742068199247
1548,-98.25816209630904,149.06544903154136,107.96123991248304,12.663310647938799,-25.98806218711567,26.22412381211126,1.3302350961351543,39.1136963556031,-96.82700777379948,-37.88869144703094,-27.33988182040684,-26.6750385910764,-24.956356761439444,7.067284111589681,-11.067401096897477,7.850145444744792,-12.965093594432064
1549,25.878373464888014,91.39905309534385,70.61266914875071,-25.22458303956247,-10.979630450484361,48.186702538518034,28.364021609518,-0.7554895659893172,-67.9292636026886,-25.589873772205227,15.964961837810037,-11.747735774566893,-63.3031104064241,12.048142266599214,28.29050051460972,-31.387471207005046,-22.303404037884587
1550,34.31778233615962,84.08185950506363,89.57289805111589,-24.620003987103964,-9.563574099035998,44.89539225198916,25.20859043782012,-2.7684166123933847,-58.88954397740288,-15.488380082142118,19.964885546736426,-8.513690307485097,-58.19382812976721,12.669304115999378,25.583672699262213,-30.567454732498938,-16.226349304554166
1551,-109.23738409591016,212.3610803210392,85.02278037547272,-18.877252151192828,-19.394375816957435,29.814634686529036,31.130489057713923,1.7738095506083404,31.74736258362544,-36.319983674277964,-9.27956579203697,-28.865677206663346,-46.844145401281665,-15.923876410375772,-24.304013245743597,7.207010562734773,-14.224650003686923
1552,8.967717251729772,81.1283337487517,109.80917819853026,-25.01421514389538,-14.565414732934238,50.98795395745776,28.55968758317131,3.478213764950453,-54.972255989056244,-18.21031297652116,12.548813226112246,-15.330154635307414,-58.62308670987662,13.950830783822177,32.52426688854626,-28.388136476405393,-17.683480174054495
1553,27.683067888941817,92.61560774819601,69.62773058330437,-24.819703008766975,-10.851205569154455,47.77860672234299,28.1781246133842,-2.1222019239524976,-68.69493389228694,-25.20341809762507,20.027778134727864,-10.476754763678505,-63.579746439012226,12.340269217981865,28.04409992050147,-31.837565063240103,-21.833841783694588
1554,-115.89891824303739,-0.19467149622005073,116.29580152230412,-20.843287314121746,-27.04492489160081,32.873776601432205,16.422967128387874,-57.97489519416714,-45.40284410179394,-56.82829446472641,-34.95226314155908,-65.78218733371432,-114.10086204374205,-9.62675982754325,20.017215889225884,-4.292400691437408,-34.04818574037858
1555,-134.29057327480874,-14.969767388801317,102.78683511931995,8.664096339311293,-26.536545725741284,28.23210614453452,20.499337644364626,47.52700617143797,13.874545291218231,-18.049646450234423,-40.05326864295767,-17.31930350400861,13.21653645998726,3.5447230727105326,38.9731909998416,13.967604883378586,-7.56181381897155
1556,13.793962301217114,84.37476261026133,110.7489851428949,-28.959344897176155,-14.438172622086434,50.935193886409955,28.10304622182709,-15.305603342065048,-68.25535709037001,-26.492657721476203,13.77766561141952,-21.33232155319202,-81.28478832349224,10.675311100271015,28.818272240899184,-31.700111052341995,-22.87264502266728
1557,-137.34889624075885,-14.623244214040652,112.11888176957233,-3.309377299540532,-27.61044538425771,33.108265806089086,18.452484289917738,25.508736392568434,13.633160792933815,-20.017873376037333,-40.413829298480294,-39.105889920893816,-13.382188205450545,4.931105432684134,36.48830321210178,10.427486312725264,-10.985230857655072
1558,-117.9108752724136,163.22811184035297,93.35610297117587,11.113549040262594,-30.84882277667229,33.235646076846145,4.198899483029402,41.824951624475716,-101.51124930770796,-42.71455801072912,-30.626272116708424,-31.433890297595287,-29.122072166978874,7.786173247219363,-7.306749849237076,8.791282322611877,-9.08320506721084
1559,-72.30624456331147,99.48767034904988,95.20663815804267,-198.05504515148954,-22.535080232508903,39.10902246452348,35.51780088114376,6.7325916380057045,-39.95497560176368,-37.662862341782706,-5.094002532249371,-44.37955016563906,-36.328413266507354,14.202237539674536,31.38813498687435,-29.870668196124335,-1.7786165161295577
1560,-116.37663642562086,2.920219195011117,117.16037431105653,-21.454442399620806,-27.240609511062814,33.404175345321185,15.964974003508168,-58.13969709645094,-46.328288592530555,-56.650983073579475,-34.95601119908059,-67.42092878916324,-115.01678779668562,-9.086746508336667,19.26948688164524,-4.368861677576856,-33.91379836394599
1562,34.31778233615962,84.08185950506363,89.57289805111589,-24.620003987103964,-9.563574099035998,44.89539225198916,25.20859043782012,-2.7684166123933847,-58.88954397740288,-15.488380082142118,19.964885546736426,-8.513690307485097,-58.19382812976721,12.669304115999378,25.583672699262213,-30.567454732498938,-16.226349304554166
1563,-49.7797434077738,56.57946027288106,-118.92804353129377,-5.008188689795545,-9.589081354326817,20.584800344971985,17.33812868230125,8.230969229950647,-52.06712778396578,-55.078606317837156,-19.31175452277978,-18.060278306377036,-31.767344814250748,-3.590707899041328,13.754579000963806,-4.42490512494999,-26.325805946501756
1564,-136.47778938192093,-0.7534845104267935,76.33765773648616,-0.5197979971445457,-27.596607450763894,34.07998643640318,18.42669289280502,40.75717839111271,18.314732371992452,-13.839462300401424,-37.512999659464974,-31.046110381705784,5.5430565827350184,7.643987584042179,37.014354918125214,12.5012795104354,-0.45704661232074034
1565,-110.66507753026576,70.04916708648219,-65.98462532621409,-7.821305250670691,-26.749049436434532,38.01012303205638,16.092392960020234,17.44527888960459,-21.9371798955525,-25.99600356031305,-20.23721617846798,-26.856009778018986,-20.421603665176235,4.259119665336398,22.324443622587708,5.737524920437828,18.386259738754696
1566,-116.37663642562086,2.920219195011117,117.16037431105653,-21.454442399620806,-27.240609511062814,33.404175345321185,15.964974003508168,-58.13969709645094,-46.328288592530555,-56.650983073579475,-34.95601119908059,-67.42092878916324,-115.01678779668562,-9.086746508336667,19.26948688164524,-4.368861677576856,-33.91379836394599
1567,-99.02040907241832,126.37623994128118,92.51553962929825,-196.68506819599287,-23.846363607131536,35.4465469760829,36.4755977587988,7.559802267835482,-22.887779788517562,-41.909318822899145,-9.998790393625836,-47.516125958243116,-34.41490755285693,8.65838402056827,30.325376415730624,-22.39194316798357,-1.511732334951153
1568,-110.77773962356247,32.78879367229232,118.34018795706591,-18.83499793517143,-27.458888594853743,32.47489003249036,12.980071629907302,-62.967839462146294,-68.60734456817977,-62.277679433422136,-32.76666193310549,-66.74925563815324,-120.43680356797086,-9.632621933864,10.496098946902535,-4.7219917041441715,-35.35935328767252
1569,-122.37863128229051,233.58649613760542,97.57717777448754,-20.342749974492754,-21.394081789258674,32.5797589455404,32.28971636573046,9.200486286656737,18.643509088930557,-42.01024242168428,-10.889307172956308,-30.501797651222653,-50.668660325638086,-13.364198461829039,23.020045329091545,8.291701618470807,-16.55506225952841
1570,-102.17184365130927,80.01516264177086,95.69202086169823,-193.53560795911207,-25.18205806098262,35.649465547134746,33.50155520721666,12.770377495886239,-24.752952730561447,-37.134122468207366,-15.824636362015825,-48.93402553105731,-25.311293390478617,12.799076224843931,32.538668709832066,-21.813607335435968,0.08492725001507667
1571,-137.34889624075885,-14.623244214040652,112.11888176957233,-3.309377299540532,-27.61044538425771,33.108265806089086,18.452484289917738,25.508736392568434,13.633160792933815,-20.017873376037333,-40.413829298480294,-39.105889920893816,-13.382188205450545,4.931105432684134,36.48830321210178,10.427486312725264,-10.985230857655072
1572,-113.89047148073655,147.9933871152298,121.15714687795288,21.250524121976653,-29.80846098123984,29.642474778166502,6.246298202436421,48.66300032296526,-106.88935727747561,-47.48175831513385,-32.85212698953238,-15.77518786048775,-20.803166248345345,3.06706191304472,-5.81396316837115,10.248943045228195,-17.134714135091095
1573,-115.89891824303739,-0.19467149622005073,116.29580152230412,-20.843287314121746,-27.04492489160081,32.873776601432205,16.422967128387874,-57.97489519416714,-45.40284410179394,-56.82829446472641,-34.95226314155908,-65.78218733371432,-114.10086204374205,-9.62675982754325,20.017215889225884,-4.292400691437408,-34.04818574037858
1574,-120.7986829457795,232.65374894267,97.29531626189174,-16.04383896318392,-21.420530100971337,31.798132662624926,31.036696459904764,9.488671964153902,17.82146770530095,-42.297642439678455,-10.929094195004263,-31.12190717551264,-49.45678056122233,-14.085613137882374,23.958636365405642,8.757495764164508,-13.23088602581206
1575,-34.34450077438444,-9.479579490832243,5.706380315165482,-7.495879304317894,-10.423481995745005,-12.318602490386013,-18.436856148502642,73.56639633596207,-19.04223353199573,-77.46051203392017,188.563706712127,-75.36893987962473,10.874679540871783,-53.649313510635885,-6.656062648865983,54.9888883454819,-52.561465982854486
1576,-19.198470479589194,63.04898885876993,60.87199601640133,15.676959882620462,-18.972726870594133,16.342178686553783,11.112437543143262,-29.954164825139163,-24.930730800043538,7.834005211472163,172.6496018244357,33.22347922066958,-15.642384082742453,24.255430196603687,26.106859007549783,-16.47032494631832,15.671492203907338
1577,-71.76999511336844,99.84838466699541,95.31106115186097,-198.49339290185407,-22.52094222019248,39.103160234407056,35.467062952105515,4.645500848337315,-41.43087572413187,-38.58312286899993,-4.9574633783263415,-45.04645760095957,-38.84638011246464,13.838290908168851,30.976357803802447,-30.2386653712284,-2.355190388197645
1578,-99.86990153636349,-6.710331611222514,85.19412849470226,43.515089314891576,-21.28218803791257,5.774554653176872,27.35071008216463,55.712667231410784,-47.58813670153861,-49.1488396389166,-34.564468467852286,49.13800711620573,22.23987990675467,-18.296027481166696,32.78216808796453,14.146356382880427,-20.74380606311216
1579,-49.72097924899802,55.51857450349268,-118.25819975456761,-4.3745313128016905,-9.792680596394405,20.57481693501145,16.736680254467565,8.9884058857881,-54.77525079874682,-55.161257523760995,-19.75330888888239,-18.107294710054664,-31.36282188273244,-3.149174840394466,13.038908125502369,-4.411841004222628,-26.305147915379038
1580,-106.75744871157997,112.72611589663748,-67.30731465758835,-11.598141889337057,-25.240832963314286,37.55570731990177,19.012096571142692,9.99692667415829,-18.168364555238583,-30.104783645540188,-14.084120740602469,-25.86304798381418,-30.82450894405185,-0.1603252055735152,20.384783670154462,4.970504773282026,16.991513341059232
1581,-120.31283376125958,216.633114627717,59.96833712868679,-21.00766755979464,-20.654722660976464,33.728954344756346,34.22058294567538,1.866028042934545,32.419001308975936,-39.50225824175456,-8.412014657654865,-29.749977549034494,-51.86618558885157,-14.654426316629431,28.065016740762907,7.770079111139751,-10.692680495414848
1582,-137.39788675275375,-12.830288735478653,112.33334457436075,-8.036626534044784,-27.68997310851909,33.705320150569165,18.570895624352648,24.69213550554341,14.070851643295022,-19.771031947426344,-40.038951000421505,-41.05348182858591,-14.296627519372704,5.560124060799347,36.47388371687005,9.71416390586033,-10.560700446943542
1583,-113.07761836193157,46.35901681941495,113.75864520623124,-25.292138185292774,-25.828398867212726,33.22345044422324,19.16929495839688,-65.46251770877514,-43.51247419756989,-61.75353368811145,-29.13424802779366,-66.69546647900751,-125.94960956018919,-13.58326641236231,17.53366997099805,-5.241040885194155,-35.90824517136148
1584,-97.34559860182193,83.26159150328047,96.63182780606286,-197.48073771239285,-25.054815950134813,35.59670547608694,33.04491384587245,-6.013439611129258,-38.03605383187519,-45.416467213162406,-14.59578397670855,-54.93619244894192,-47.9729950040942,9.52355654129277,28.832674062184992,-25.125581911372567,-5.104237598597706
1585,34.31778233615962,84.08185950506363,89.57289805111589,-24.620003987103964,-9.563574099035998,44.89539225198916,25.20859043782012,-2.7684166123933847,-58.88954397740288,-15.488380082142118,19.964885546736426,-8.513690307485097,-58.19382812976721,12.669304115999378,25.583672699262213,-30.567454732498938,-16.226349304554166
1586,-109.01241877054284,211.17462137954703,52.03512276432018,-19.783527074337343,-17.208634629518826,30.105914429581738,34.504770590767755,2.692544020320428,28.531680375504582,-44.16004426055591,-8.835465106378138,-27.4191933556786,-50.917227981150475,-15.723189086523472,27.06379847905236,6.216305078537578,-19.59880533143305
1587,-81.89045794487569,20.212444119048843,115.08420647342669,-26.421701100155257,-24.415199963249435,36.091841257324916,17.84231763096748,-66.82913232949105,-61.1903797551204,-58.59418083675322,-25.411474839512906,-62.99569333329141,-127.80371815797487,-8.427611490617624,17.937296059311088,-12.302876462248335,-35.818319839815885
1588,-134.37768396069254,-16.3567433591627,106.36495752262856,8.385138409071695,-26.537929519090664,28.13493408150311,20.5019167840759,46.00216197158354,13.406388133312367,-18.66748755779801,-40.3433516068592,-18.12528145792741,11.324011981168704,3.2734348575747267,38.92058582923925,13.760225563607573,-8.614632243504984
1589,-112.02110213143116,72.26901771308044,-61.74574585437433,-7.506545887640872,-27.171419843593743,38.26277849689166,15.83601701794457,18.102512896270444,-22.920430697237418,-25.758927695399954,-20.451863004003975,-27.12203109322304,-20.390563855757804,4.47766424845356,21.899745411762396,6.00010431097383,18.727122862725686
1590,28.23167478619464,91.70034764754908,68.78250031660562,-25.228595457160026,-10.523632391737573,47.63230036255576,28.0547638754826,-1.5131005811722469,-68.4195534309354,-25.426085375190517,16.651562880950692,-11.18868514797582,-63.49299297604664,11.898553784842079,27.622103117122816,-31.619045337113917,-22.22335340175438
1591,-133.5197869670511,-16.564164110707047,104.44629450740163,8.726111718511854,-26.58192470661422,27.864251482936183,19.489619038125387,47.777411258757084,14.335599106972909,-14.619303508454667,-39.802214602352194,-17.751847125977285,13.95293192161827,2.9922505888793767,38.66497559140019,14.136542663541107,-7.906883939757862
1592,-94.89607300207783,-6.386182424819377,85.90868756664156,38.88172401281962,-21.07842973706576,5.743988252082978,27.124347124126974,34.81660474012186,-59.92059634993558,-57.75853864371184,-33.339698879648076,42.44340293566266,-2.2510293079861534,-21.92737486446784,29.553648823771717,10.540538431874129,-26.330758134174204
1593,-31.628389255930205,52.67298474306486,47.13770031351737,-6.946644173469911,152.3775360907247,4.465744728277689,7.574728348404666,-0.7376413336980636,-0.913526477123618,-25.806969095397694,6.6197846472278865,-12.810819350485396,-21.17448300380932,4.379431237290918,13.998766464315805,-3.619037645322462,-3.7552517663610323
1594,-115.01963893992398,0.6654840920875765,115.83992357275865,-21.719502032191333,-27.02902322431263,33.13432847947916,15.906691718637973,-58.94754466852991,-44.88158970895128,-56.07500419509243,-34.757174425430634,-67.28820178993162,-114.63418766034783,-9.333813772300477,14.610411975396609,-4.5410169252230075,-33.65174283493395
1595,-47.06946036034865,54.21890271296313,-118.62596659179496,-5.120197605502546,-9.464190834632811,20.948242303809007,17.21424736130126,8.150763626428173,-54.016501522818885,-54.71325129646321,-18.807213541539525,-17.74406774438284,-32.02757131009899,-3.0371344403062723,13.771929601425564,-5.180193007767503,-26.37037302958148
1596,45.85881447876011,88.63286829334594,98.6080576512898,-22.79900773944445,-16.279101032031793,46.673136755784036,25.199353684003867,8.731723836671947,-52.121880143886486,-17.23732916332234,18.0643224833196,-15.7837712337049,-54.563214637528965,9.226416869757484,25.352054243875088,-24.47738906563875,-21.70875386655221
1597,-122.32964077029563,231.79354065904343,97.36271496969911,-15.615500739988509,-21.314554064997292,31.98270460106032,32.17130503129555,10.017087173681762,18.20581823856935,-42.25708385029527,-11.264185471015098,-28.55420574353056,-49.75422101171592,-13.993217089944253,23.03446482432328,9.005024025335741,-16.97959267023994
1598,75.7054976012004,41.82411900906053,51.835897671354054,4.074699083265932,-33.36176531284022,15.294928914628601,3.66839500135656,53.26482814301925,18.64442394800145,-12.06041654851581,-2.4409070303547273,-35.524587946425825,5.0249541017261325,-15.510547560696564,0.8007842013204257,23.05711082961093,-30.875323345554353
1599,14.611355936950414,86.33582139064417,110.42854602517454,-32.825551247754696,-14.384393904568388,50.97379358693073,28.398434348796883,-15.932247732201226,-69.31876332455715,-27.016033951389186,14.296913918025906,-21.615642178097247,-81.97206112930289,10.756197477423942,28.662329186721937,-32.411126273101864,-22.76128863800716
1600,-112.07986629020697,73.32990348246881,-62.41558963110048,-8.140203264634728,-26.967820601526153,38.272761906852196,16.437465445778262,17.345076240432988,-20.21230768245638,-25.67627648947612,-20.010308637901364,-27.075014689545412,-20.795086787276112,4.036131189806698,22.61541628722383,5.98704019024647,18.70646483160297
1601,54.90611744758734,89.25073171591164,92.14017398362623,-22.23659855179217,-13.20040522236739,42.77225806927953,24.89398062419681,-0.4608147663031835,-61.04674408333191,-28.991070879176203,0.9473961177942214,-8.739722526324597,-56.23094775952247,10.20612792683919,25.880164887610515,-24.187977981005897,-14.05846094833619
1602,-19.49411481788522,70.19090827001615,84.45105799004388,23.96339876239358,-27.001172371373062,-3.7246178593357118,-31.588433382990015,28.7860160452308,-88.36295610302709,-57.02318057592223,-15.962130790947086,-78.94474980584117,29.819787051595334,-23.438552254276757,70.81389035228251,1.015341203247781,164.88300163097054
1603,-121.57284749544577,232.58454254562469,96.60920560027215,-16.525579710900896,-17.894581899240347,31.887454508816887,31.736475241722594,9.050578535330562,19.472868902929058,-41.76126643140904,-10.657843868387284,-29.870933631466336,-50.35180653548748,-13.560492209241598,22.6900430099709,8.818217305487533,-16.59101923154066
1604,-112.07986629020697,73.32990348246881,-62.41558963110048,-8.140203264634728,-26.967820601526153,38.272761906852196,16.437465445778262,17.345076240432988,-20.21230768245638,-25.67627648947612,-20.010308637901364,-27.075014689545412,-20.795086787276112,4.036131189806698,22.61541628722383,5.98704019024647,18.70646483160297
1605,26.414622914831053,91.75976741328937,70.71709214256902,-25.662930789927,-10.965492438167937,48.18084030840161,28.313283680479756,-2.8425803556577063,-69.40516372505678,-26.510134299422457,16.10150099173307,-12.414643209887405,-65.8210772523814,11.68419563509353,27.878723331537824,-31.755468382109107,-22.87997790995267
1606,-112.07986629020697,73.32990348246881,-62.41558963110048,-8.140203264634728,-26.967820601526153,38.272761906852196,16.437465445778262,17.345076240432988,-20.21230768245638,-25.67627648947612,-20.010308637901364,-27.075014689545412,-20.795086787276112,4.036131189806698,22.61541628722383,5.98704019024647,18.70646483160297
1607,-19.287767174311117,66.20774282552128,84.89565389434469,23.90882059059625,-27.12825542344165,-3.7124075993423404,-31.959603407517132,27.43120731679483,-90.12043766489134,-57.43318604168626,-16.407767954152746,-79.68420347217726,28.3951023819884,-23.352846895379876,70.57569486027533,0.7345619489054447,164.505872439644
1608,-108.10146091348372,1.318258220167531,111.48168421972498,-13.093901358790294,-25.84516691558596,27.84768480579843,18.015758261201817,-56.265286722167524,-58.91271786272913,-63.760253391442134,-33.65293306463072,-50.80374578863251,-112.05636347073839,-14.559950086203816,18.743503858716277,-4.271636016491699,-36.866751974841264
1609,-137.34889624075885,-14.623244214040652,112.11888176957233,-3.309377299540532,-27.61044538425771,33.108265806089086,18.452484289917738,25.508736392568434,13.633160792933815,-20.017873376037333,-40.413829298480294,-39.105889920893816,-13.382188205450545,4.931105432684134,36.48830321210178,10.427486312725264,-10.985230857655072
1610,-100.35479177994569,79.95574287603056,93.75742903573483,-193.1012726263451,-24.740198014552256,35.10092560128889,33.243035402219505,14.099857270371698,-23.767342436440053,-36.05007354397543,-15.2745744727982,-47.708067469145725,-22.983209114143865,13.013434374592482,32.28204849541706,-21.677184290440774,0.7415517582133678
1611,24.117622803941693,83.36369846127161,87.65314638502954,-25.614483367377712,-14.518132267845361,47.947656535835065,17.9554283720528,1.8148101176095595,-60.40653812736465,13.159200639667079,19.54430443305165,-17.306427091148723,-55.71538797324703,7.636804898444645,25.797615506807755,-28.27367324357702,-16.31481175878588
1612,-98.18022684367861,9.529571638185311,102.11642169331036,-22.19870348551175,8.810552800730251,26.340781707401856,13.358202631436644,-66.68798412086245,-46.732501047378854,-58.63829080556513,-26.90291599521192,-63.41197404139921,-118.22210127807652,-10.382289760934412,14.630888317705544,-6.371277345082661,-32.900966951718296
1613,-94.6329606271057,83.96133714700647,-101.50767568706173,-8.788918910666345,-23.367898306759855,35.46564825779605,16.191061543086708,11.024282119824829,-34.64521541845691,-33.97609781237742,-16.457620872280547,-24.1595032641254,-27.993077329780892,1.7694960410780523,17.969872730215386,2.619708284542754,13.509967095704791
1614,-120.7986829457795,232.65374894267,97.29531626189174,-16.04383896318392,-21.420530100971337,31.798132662624926,31.036696459904764,9.488671964153902,17.82146770530095,-42.297642439678455,-10.929094195004263,-31.12190717551264,-49.45678056122233,-14.085613137882374,23.958636365405642,8.757495764164508,-13.23088602581206
1615,14.611355936950414,86.33582139064417,110.42854602517454,-32.825551247754696,-14.384393904568388,50.97379358693073,28.398434348796883,-15.932247732201226,-69.31876332455715,-27.016033951389186,14.296913918025906,-21.615642178097247,-81.97206112930289,10.756197477423942,28.662329186721937,-32.411126273101864,-22.76128863800716
1616,-112.01225859159028,32.635268434300045,119.59251018474029,-18.34440932985517,-27.6687066684266,32.59321760072893,13.612803804939722,-57.72334924811676,-69.66825985464371,-62.757357138496744,-33.546043631298254,-65.52688906033481,-120.98845449206253,-9.70794914510027,11.124690223964315,-5.033938691781097,-35.83605223656688
1618,-113.07761836193157,46.35901681941495,113.75864520623124,-25.292138185292774,-25.828398867212726,33.22345044422324,19.16929495839688,-65.46251770877514,-43.51247419756989,-61.75353368811145,-29.13424802779366,-66.69546647900751,-125.94960956018919,-13.58326641236231,17.53366997099805,-5.241040885194155,-35.90824517136148
1619,-137.39788675275375,-12.830288735478653,112.33334457436075,-8.036626534044784,-27.68997310851909,33.705320150569165,18.570895624352648,24.69213550554341,14.070851643295022,-19.771031947426344,-40.038951000421505,-41.05348182858591,-14.296627519372704,5.560124060799347,36.47388371687005,9.71416390586033,-10.560700446943542
1620,-108.10146091348372,1.318258220167531,111.48168421972498,-13.093901358790294,-25.84516691558596,27.84768480579843,18.015758261201817,-56.265286722167524,-58.91271786272913,-63.760253391442134,-33.65293306463072,-50.80374578863251,-112.05636347073839,-14.559950086203816,18.743503858716277,-4.271636016491699,-36.866751974841264
1621,-99.72231805156517,-9.632611286329011,84.96888062227693,42.826853766100385,-21.205671847913568,5.796748323130777,27.580988485471195,53.600421847137355,-46.637495248621825,-49.47619389875679,-34.56855126495534,48.44556985354727,20.41067230562943,-18.651855180916677,33.25964347141879,13.852513007810728,-21.141593285561417
1622,-109.23738409591016,212.3610803210392,85.02278037547272,-18.877252151192828,-19.394375816957435,29.814634686529036,31.130489057713923,1.7738095506083404,31.74736258362544,-36.319983674277964,-9.27956579203697,-28.865677206663346,-46.844145401281665,-15.923876410375772,-24.304013245743597,7.207010562734773,-14.224650003686923
1623,-42.57115971605392,35.33517978874858,31.73811169963108,-2.2482062464944375,186.81430407607556,-4.459493271244042,2.003357286503461,2.5007396022597095,4.1887291457056515,-22.31532392722383,-1.741059220661169,-13.44051302503158,-9.051840795792408,-0.2161269613064937,9.663823662286514,4.022612328407896,-2.247865874782632
1624,-137.8853785821181,-10.447467753421112,112.3136107815986,-4.554189762033447,-27.60253076165213,33.6486479599386,18.595939592871726,24.58649783444717,15.415839316978236,-19.757910778966565,-39.9760229898992,-40.69761497266511,-14.702636889912418,5.029585693243855,36.45624507998258,10.337961205858456,-10.87150151234521
1625,-98.13840185436214,74.86283914648048,-80.55798984518678,-9.113947673878426,-27.26639235359748,35.50731362001869,5.807108695890654,14.22666121548452,-25.679199169532925,5.602958731785017,-13.233547053601015,-30.009745723249235,-19.685555842353345,-2.415177812203653,15.94154207811426,6.070239438541151,20.018209148393307
1626,-51.87169324444692,66.20510805957245,65.47169180743951,1.514995846887633,-21.034370260330373,18.543783224775293,-1.0429453254715613,5.219494075049231,-44.84019135933895,-17.740743090828484,-23.407895948271985,-26.59985468393853,-13.143200972980212,-4.085741736335052,-245.97307788530608,0.680163318187071,-3.107314509518535
1627,-48.71549877055825,52.38887407684184,-120.40211064221987,-4.721793552152717,-9.760159593918958,20.326328006398427,15.954660911823614,8.651409788688218,-52.8953983721695,-51.440427734257845,-19.21625468147844,-18.426297640762993,-30.563109543408117,-3.786186808839799,13.26077327111757,-4.329367279358792,-25.99518683408117
1628,-118.03017712704437,203.7595244379629,89.58155987092744,-10.115104970496969,-19.553392489839233,27.209115906059484,36.29324315521282,11.500304294236038,26.534818655198915,-43.852886370617696,-11.230452953321477,-13.80553264449029,-41.510889235223836,-18.853336962803496,29.764025892549075,9.69317290059077,-18.18907905813316
1629,16.99407012426447,103.66120122768659,106.83003489375193,-62.98804310088953,-14.104143747752776,51.35175729271156,31.283290449562664,-0.6759847521378906,-66.5569597838445,-23.116721015810775,17.74537908927917,-17.470923621701196,-63.6666071668578,15.115522255101428,30.487360963319542,-35.204445308934254,-16.172129105004046
1630,46.395063928703145,88.99358261129147,98.7124806451081,-23.237355489808976,-16.264963019715367,46.667274525667615,25.148615754965622,6.644633047003559,-53.59778026625468,-18.157589690539567,18.200861637242628,-16.45067866902541,-57.08118148348625,8.862470238251799,24.940277060803187,-24.845386240742815,-22.285327738620296
1631,-103.74592661929402,70.66705673823684,-67.42443594570588,0.8539951531896429,-25.775977248116885,32.70628795736891,17.886801275638216,19.976923270553858,-35.504859967435976,-32.868198013262614,-19.148784869554092,-10.504848092692315,-17.430139529810578,-0.99553932941359,21.373762388833434,6.097329972058987,15.774169251830415
1632,48.212115800066734,88.93416284555117,96.7778888191447,-22.803020157042003,-15.823102973285,46.11873457982176,24.890095949968465,7.974112821489019,-52.61216997213329,-17.07354076630763,18.750923526460255,-15.224720607113827,-54.7530972071515,9.076828388000349,24.683656846388182,-24.70896319574762,-21.628703230422005
1633,-134.86758908064135,1.5728114264572668,108.50958557051281,-38.88735393597081,-27.333206761704478,34.1054775263039,21.686030128424996,37.83615310133332,17.78329663692445,-16.199073271688132,-36.5945686262713,-37.60120053484832,2.1796188419470988,9.563621138726852,38.77639087692191,6.6270014949582325,-4.369328136389686
1634,-122.37863128229051,233.58649613760542,97.57717777448754,-20.342749974492754,-21.394081789258674,32.5797589455404,32.28971636573046,9.200486286656737,18.643509088930557,-42.01024242168428,-10.889307172956308,-30.501797651222653,-50.668660325638086,-13.364198461829039,23.020045329091545,8.291701618470807,-16.55506225952841
1635,48.212115800066734,88.93416284555117,96.7778888191447,-22.803020157042003,-15.823102973285,46.11873457982176,24.890095949968465,7.974112821489019,-52.61216997213329,-17.07354076630763,18.750923526460255,-15.224720607113827,-54.7530972071515,9.076828388000349,24.683656846388182,-24.70896319574762,-21.628703230422005
1636,-108.72208406774187,115.70781533748428,-65.14747495919963,-11.344241673312844,-25.759209199743655,38.08205359579372,19.04033797283328,10.779692283946256,-20.104616302276753,-30.861478309931933,-14.63009983271704,-26.396568783067305,-31.323385619261362,-0.018855655572082495,20.16392850111521,5.127925103356531,16.7326760553102
1637,-97.01569679545302,87.60547126572087,96.29165489558034,-197.86450729096003,-24.913594885749806,35.578632985977144,33.36534594136132,-6.745721672361677,-37.75447239237912,-45.9267222746156,-14.013607659579858,-54.863646217926345,-49.06627718044455,9.073904550890205,28.65909237112027,-25.212799832134298,-5.303682279339255
1638,-30.0078205276496,26.685260004402533,28.787406230365942,-4.183050769834918,-14.486203004887555,7.059349507330736,-11.257167162039956,15.583046488726565,-24.42939547643964,-34.05672545549418,11.554094873868303,230.6614816813481,-6.1318485709568025,-17.417613934399427,13.947686672213637,8.755981265571371,-4.676205917288875
1639,-139.89009085908341,28.3233009221392,108.53749551531651,-3.3747506670662606,-26.535299483033857,33.51656195004435,21.706191410309213,38.89202177464433,30.28253192083981,-15.740507327250098,-35.96120572394518,-33.35009471298188,-0.05126726232479212,4.6140651629219205,38.12252912459293,13.158817870009184,-7.079551567957106
1641,-137.34889624075885,-14.623244214040652,112.11888176957233,-3.309377299540532,-27.61044538425771,33.108265806089086,18.452484289917738,25.508736392568434,13.633160792933815,-20.017873376037333,-40.413829298480294,-39.105889920893816,-13.382188205450545,4.931105432684134,36.48830321210178,10.427486312725264,-10.985230857655072
1642,-85.54606021709144,21.431506007566515,116.12930461725529,-30.528321491367976,-24.46333677507205,36.924525633184594,18.50688620771163,-66.9163727287411,-61.643076245003165,-58.03045343690798,-23.71021185981081,-63.84221131130867,-128.5503880796502,-7.958526516103119,18.440485487964523,-13.43078113409477,-36.063772967879764
1643,-122.32964077029563,231.79354065904343,97.36271496969911,-15.615500739988509,-21.314554064997292,31.98270460106032,32.17130503129555,10.017087173681762,18.20581823856935,-42.25708385029527,-11.264185471015098,-28.55420574353056,-49.75422101171592,-13.993217089944253,23.03446482432328,9.005024025335741,-16.97959267023994
1644,-96.47921445409376,83.42969480510133,96.09692588355408,-196.61969482846715,-24.92150950835539,35.03825083212763,33.22189063840733,-5.823483114240413,-39.53715091642355,-46.186684871686374,-14.451413968160955,-53.27192116615505,-47.74582849598268,8.975424290330485,28.691150503239477,-25.123274725267486,-5.417411624649117
1646,-71.76999511336844,99.84838466699541,95.31106115186097,-198.49339290185407,-22.52094222019248,39.103160234407056,35.467062952105515,4.645500848337315,-41.43087572413187,-38.58312286899993,-4.9574633783263415,-45.04645760095957,-38.84638011246464,13.838290908168851,30.976357803802447,-30.2386653712284,-2.355190388197645
1647,-107.36605946657647,113.48796471088602,-69.38635443103938,-11.659001036342664,-25.336838792584444,37.82939813095843,19.29671391490894,10.122458277280405,-19.121365500591835,-31.098554174845027,-14.415453007181043,-26.130547467863252,-31.354425428679793,-0.23740023868924504,20.588626711940524,4.865345712820528,16.39181293133921
1648,15.894865416973126,84.69639115007446,108.96176099271173,-28.588890618566694,-14.095048106734152,50.258411674212084,27.64729083932955,-20.360137059205723,-68.69553888845442,-26.783197674925567,14.701417318159887,-20.8904168482236,-80.50597089128905,10.202506060545,28.04815740489189,-31.385856878599988,-22.709120099824332
1649,-99.92866569513929,-5.649445841834144,84.5242847179761,42.881431937897716,-21.078588795844983,5.784538063137405,27.952158509998313,54.95523057557333,-44.880013686757565,-49.06618843299276,-34.12291410174968,49.18502351988335,21.835356975236362,-18.737560539813558,33.49783896342597,14.133292262153066,-20.764464094234874
1650,-90.8789878563927,2.9514652762165468,96.69884629121682,-21.748466791620576,-22.162252687165573,27.33380730980649,12.844155261463548,-66.49857285806823,-49.29493512796041,-54.25640443904063,-27.54402167555947,-61.296901723999376,-116.41673681770146,-10.724100875909446,12.806368075815438,-6.842023308740097,-32.85445471689492
1651,-117.91559798352336,149.5264554385599,128.60242508175327,9.185012621792326,-30.72935426838668,31.705470802572748,4.401667672677004,26.766466122820276,-107.69391797131495,-49.663186744888996,-33.38273174717616,-37.829398553996455,-47.82015044705291,4.525158844899034,-7.974325114206022,6.719796311006815,-19.92456333859659
1652,-98.28518399986217,112.84510257229095,98.9887295241344,-191.0367299748455,-25.805839837808414,35.36890654643147,30.69139188376854,13.021923441936607,-49.01836848341117,-43.06318514197769,-14.418416851754994,-48.67872725767783,-32.198885838799086,12.71788690728691,23.64614304457051,-22.555145335779653,-1.7029392461732262
1653,-47.62187067928246,53.10166368688483,-119.83656913875335,-4.460121816882698,-9.38892652725788,20.10985707979776,16.49347316327835,8.226003307113395,-48.643575613536704,-54.80867600523696,-19.39144224631435,-17.797905310467208,-30.983295118812578,-3.347535568582753,13.448782233926972,-4.640171301718466,-25.94671052528907
1654,25.199491477510108,90.71938563277268,96.92506527917281,-25.50457601376211,20.96737134242946,44.450906595430375,25.981157612790373,-4.287307649673077,-57.31272019094271,-20.95431537289856,20.055929337866353,-11.854720686796515,-62.32727686647702,12.796757081225863,27.664813155567327,-30.233131813836692,-16.92948604757583
1655,73.9608070348903,40.760975642606766,55.745106276950175,4.139570647869093,-33.72175754231685,15.575640279534216,3.6930353916257155,53.89690755508007,20.087714721601504,-11.23043441622568,-2.7961758069168097,-35.81613908896782,5.7447531559766105,-15.283884045823697,1.2653385570212696,23.3938440201813,-30.355673571964537
1656,-108.10146091348372,1.318258220167531,111.48168421972498,-13.093901358790294,-25.84516691558596,27.84768480579843,18.015758261201817,-56.265286722167524,-58.91271786272913,-63.760253391442134,-33.65293306463072,-50.80374578863251,-112.05636347073839,-14.559950086203816,18.743503858716277,-4.271636016491699,-36.866751974841264
1657,13.793962301217114,84.37476261026133,110.7489851428949,-28.959344897176155,-14.438172622086434,50.935193886409955,28.10304622182709,-15.305603342065048,-68.25535709037001,-26.492657721476203,13.77766561141952,-21.33232155319202,-81.28478832349224,10.675311100271015,28.818272240899184,-31.700111052341995,-22.87264502266728
1658,-51.54155854666176,66.01249704344778,64.83236689111243,2.814386481177881,-20.915201830867368,17.99119081093241,-0.815230603898432,7.496541361606466,-44.86538832151911,-17.590700222135226,-23.400065093647417,-24.26867596583115,-10.398067618911407,-4.269927355791652,-245.7028242611797,1.0504676793962162,-2.8439146635018586
1659,-98.49153164343629,116.82826801678583,98.54413361983357,-190.98215180304817,-25.678756785739825,35.356696286438094,31.062561908295656,14.376732170372579,-47.26088692154691,-42.65317967621366,-13.972779688549332,-47.939273591341745,-30.77420116919216,12.632181548390031,23.884338536577687,-22.27436608143732,-1.325810054846688
1661,-136.80792407970608,-0.5608734943021227,76.97698265281325,-1.8191886314347931,-27.7157758802269,34.63257885024607,18.19897817123189,38.480131104555475,18.339929334172613,-13.989505169094683,-37.52083051408954,-33.377289099813154,2.7979232286662117,7.82817320349878,36.74410129399883,12.130975149226256,-0.7204464583374168
1662,-120.7986829457795,232.65374894267,97.29531626189174,-16.04383896318392,-21.420530100971337,31.798132662624926,31.036696459904764,9.488671964153902,17.82146770530095,-42.297642439678455,-10.929094195004263,-31.12190717551264,-49.45678056122233,-14.085613137882374,23.958636365405642,8.757495764164508,-13.23088602581206
1663,13.793962301217114,84.37476261026133,110.7489851428949,-28.959344897176155,-14.438172622086434,50.935193886409955,28.10304622182709,-15.305603342065048,-68.25535709037001,-26.492657721476203,13.77766561141952,-21.33232155319202,-81.28478832349224,10.675311100271015,28.818272240899184,-31.700111052341995,-22.87264502266728
1664,-136.82113394490256,-14.638053949460327,110.8395436706725,-4.2677946243906195,-27.77360900124427,33.390175621365046,17.212471822394097,25.00693839318474,14.587568728774515,-16.11973219538725,-39.88052314859786,-41.06363430705107,-13.498401619069787,4.834106783445384,35.962439350136336,10.433499051449653,-10.540882399924627
1665,-98.54269088983484,123.26134925005002,91.65096684054585,-196.0739131104938,-23.65067898766953,34.91614823219392,36.9335908836785,7.7246041701192905,-21.962335297780943,-42.08663021404608,-9.995042336104323,-45.87738450279419,-33.498981799913366,8.118370701361687,31.07310542331127,-22.31548218184412,-1.6461197113837334
1666,-103.35726065414931,73.95005073128887,-67.09476507946225,1.1038829516163011,-25.838355425799467,32.67823205729858,17.605784943293404,20.002077865158892,-37.93140154272095,-33.461104280639645,-19.008162918528008,-10.479318265354367,-18.118898774642627,-1.003658261169292,20.484509822307277,6.023176172024619,15.595382602211586
1667,-122.32964077029563,231.79354065904343,97.36271496969911,-15.615500739988509,-21.314554064997292,31.98270460106032,32.17130503129555,10.017087173681762,18.20581823856935,-42.25708385029527,-11.264185471015098,-28.55420574353056,-49.75422101171592,-13.993217089944253,23.03446482432328,9.005024025335741,-16.97959267023994
1668,-37.80527785720327,25.17233028801495,33.60152353294507,-11.932436725166374,-15.685960980902403,12.085441302964512,-12.84995829485389,13.873438016726958,-10.919521715504448,-27.12476652877846,10.254764796939932,215.68304013626633,-8.176347143960466,-12.48442367573887,15.221398702723244,8.735216590625662,-1.857639682826181
1669,-71.91757859816677,102.77066434210191,95.53630902428628,-197.8051573530629,-22.597458410191486,39.08096656445315,35.236784548798944,6.757746232610741,-42.38151717704866,-38.25576860915973,-4.953380581223287,-44.35402033830111,-37.017172511339396,14.194118607918833,30.49888242034819,-29.9448219961587,-1.957403165748388
1670,-122.37863128229051,233.58649613760542,97.57717777448754,-20.342749974492754,-21.394081789258674,32.5797589455404,32.28971636573046,9.200486286656737,18.643509088930557,-42.01024242168428,-10.889307172956308,-30.501797651222653,-50.668660325638086,-13.364198461829039,23.020045329091545,8.291701618470807,-16.55506225952841
1671,-97.34559860182193,83.26159150328047,96.63182780606286,-197.48073771239285,-25.054815950134813,35.59670547608694,33.04491384587245,-6.013439611129258,-38.03605383187519,-45.416467213162406,-14.59578397670855,-54.93619244894192,-47.9729950040942,9.52355654129277,28.832674062184992,-25.125581911372567,-5.104237598597706
1672,-98.7857149017362,124.84093623653607,88.7121693535643,-197.09434581454445,-23.768463623783152,35.565912709068215,36.703297022394096,6.972401083416484,-21.468981177694918,-41.61883197517575,-9.712790226827357,-47.40258526698277,-34.351590675163614,8.573844535954093,30.855456969787227,-22.478407223282254,-0.8567011328669769
1673,-108.10146091348372,1.318258220167531,111.48168421972498,-13.093901358790294,-25.84516691558596,27.84768480579843,18.015758261201817,-56.265286722167524,-58.91271786272913,-63.760253391442134,-33.65293306463072,-50.80374578863251,-112.05636347073839,-14.559950086203816,18.743503858716277,-4.271636016491699,-36.866751974841264
1674,-98.66840382884469,-9.432180464537067,83.27752666542031,43.197849557672484,-21.357294425933773,8.707084023310506,27.37618652107245,55.00353046826723,-45.60616189516105,-48.64515128724097,-34.10842419893266,49.51917208408956,22.721456317717752,-18.452281537661584,32.98772280011619,14.048920491149797,-20.72234269620601
1676,-71.91757859816677,102.77066434210191,95.53630902428628,-197.8051573530629,-22.597458410191486,39.08096656445315,35.236784548798944,6.757746232610741,-42.38151717704866,-38.25576860915973,-4.953380581223287,-44.35402033830111,-37.017172511339396,14.194118607918833,30.49888242034819,-29.9448219961587,-1.957403165748388
1677,-115.48063515340006,147.43224197549236,122.7440778409912,21.31787608076909,-29.670976415536057,26.738001308103197,6.501838095873411,49.34698249150378,-106.4447905085682,-47.39254039943245,-33.44879320947809,-16.181882655709533,-20.59598341447638,3.231434901295312,-5.1302653139966505,10.420532736993195,-16.977390852378416
1678,-107.77155910711481,5.662137982607913,111.14151130924246,-13.477670937357491,-25.703945851200952,27.82961231568864,18.33619035669069,-56.99756878339994,-58.63113642323306,-64.27050845289536,-33.07075674750203,-50.73119955761694,-113.14964564708876,-15.009602076606381,18.569922167651555,-4.358853937253428,-37.066196655582814
1679,-70.68306714073343,100.44677553745198,93.91822686610692,-198.10408123847623,-18.981801624972533,38.455317728320736,35.25994788410567,5.956039496543352,-40.189022021952326,-37.93726258142044,-4.343290921073962,-44.03200677078797,-36.698832282167395,14.086830169414904,30.902189613576454,-30.055167729867463,-1.7032171034816914
1680,-108.10146091348372,1.318258220167531,111.48168421972498,-13.093901358790294,-25.84516691558596,27.84768480579843,18.015758261201817,-56.265286722167524,-58.91271786272913,-63.760253391442134,-33.65293306463072,-50.80374578863251,-112.05636347073839,-14.559950086203816,18.743503858716277,-4.271636016491699,-36.866751974841264
1681,-98.87282558761999,123.45396026617469,92.29029175687293,-197.37330374478404,-23.76984741713253,35.46874064603681,36.70587616210537,5.447556883562056,-21.937138335600782,-42.236673082739344,-10.00287319072889,-48.208563220901574,-36.24411515398217,8.302556320818288,30.802851799184882,-22.68578654305327,-1.9095195574004102
1682,-98.49153164343629,116.82826801678583,98.54413361983357,-190.98215180304817,-25.678756785739825,35.356696286438094,31.062561908295656,14.376732170372579,-47.26088692154691,-42.65317967621366,-13.972779688549332,-47.939273591341745,-30.77420116919216,12.632181548390031,23.884338536577687,-22.27436608143732,-1.325810054846688
1683,-122.32964077029563,231.79354065904343,97.36271496969911,-15.615500739988509,-21.314554064997292,31.98270460106032,32.17130503129555,10.017087173681762,18.20581823856935,-42.25708385029527,-11.264185471015098,-28.55420574353056,-49.75422101171592,-13.993217089944253,23.03446482432328,9.005024025335741,-16.97959267023994
1686,-115.89891824303739,-0.19467149622005073,116.29580152230412,-20.843287314121746,-27.04492489160081,32.873776601432205,16.422967128387874,-57.97489519416714,-45.40284410179394,-56.82829446472641,-34.95226314155908,-65.78218733371432,-114.10086204374205,-9.62675982754325,20.017215889225884,-4.292400691437408,-34.04818574037858
1687,-15.890030081214537,68.34446575129496,45.772898751967716,4.59022625178954,-9.40412673265403,8.893830085913857,-4.223963434047392,2.004467976555782,217.96575399238165,-27.163838502523287,-10.977397995265251,-16.629663194049602,-14.824132063102011,-5.701798902521835,15.042858786041434,-1.8912332064667767,2.081772105218528
1688,-86.36345385282473,19.470447227183676,116.44974373497564,-26.662115140789442,-24.517115492590097,36.88592593266382,18.211498080741837,-66.28972833860493,-60.57967001081602,-57.50707720699501,-24.229460166417198,-63.558890686403444,-127.86311527383961,-8.039412893256044,18.59642854214177,-12.719765913334914,-36.175129352539884
1689,-116.37663642562086,2.920219195011117,117.16037431105653,-21.454442399620806,-27.240609511062814,33.404175345321185,15.964974003508168,-58.13969709645094,-46.328288592530555,-56.650983073579475,-34.95601119908059,-67.42092878916324,-115.01678779668562,-9.086746508336667,19.26948688164524,-4.368861677576856,-33.91379836394599
1690,30.86774697872215,88.15521343163991,95.12130894568777,-25.04339427906388,-9.89389768192774,77.37943550957677,24.7805264901258,-1.2853666092948366,-61.910822227904546,-19.305736424941113,17.928766892433558,-10.613430106195972,-60.09499251032251,11.344511325515057,27.503716383777345,-29.331065103654893,-15.929711136269447
1691,101.7451620378273,26.348798486307775,28.992482286532677,11.702892925160382,-18.6971830432958,23.86560395229558,-3.452316882437966,12.442445930788166,-9.01097141593196,-66.66892222160511,-95.59776650399417,-2.043757932452406,10.532996628597868,-13.276276465682015,2.3433463155038567,33.698682067980165,13.873978772151437
1692,-119.25529489432911,189.7511517214252,123.1044369982155,8.802399497047503,-29.729314755184028,35.046296316661646,7.680851231976301,39.440614741752626,-89.06257203703139,-44.88213234442614,-28.474063903721408,-31.692438378200688,-34.00765309296408,4.0518645186419295,-6.134544489563213,9.353691976560109,-15.99742068199247
1693,-34.622533052268004,30.33258325968558,31.190619876490267,4.511797708017733,-13.29616936740616,3.5019825409527083,-8.19700029705038,23.547649786246463,-27.12228271002237,-27.967717948396597,-2.2347079817245574,-25.75839092901612,-0.9102557244830383,267.7168877911606,3.6143095415147135,16.829545899482174,-14.268568894818735
1694,-68.5079582092629,-7.126669195803152,21.94178262164969,-9.039142229684746,-29.236610586393795,19.83947901588089,-34.87627625205516,9.726704770937252,-12.200199557900541,137.14852038879232,-6.674391385526141,-55.44381637219982,-8.061699988948206,-26.777307326405328,3.260455725499473,10.841175368093593,-4.1133352476519764
1695,9.825614245371218,80.92091299720735,107.89051518330334,-24.67324183445522,-14.609409920457795,50.717271358890834,27.5473898372208,5.253463052123996,-54.043045015395705,-14.162128927177811,13.08995023061925,-14.956720303357285,-55.99416676942705,13.669646515126825,32.2686566507072,-28.01181937647186,-16.975731870307374
1696,-120.4604172460579,219.5553943028235,60.19358500111212,-20.319432011003453,-20.731238850975465,33.706760674802446,33.99030454236881,3.97827342720797,31.46835985605916,-39.17490398191437,-8.407931860551813,-29.057540286376035,-50.03697798772633,-14.298598616879449,27.58754135730865,8.063922486209453,-10.29489327296559
1697,-134.52526744549087,-13.434463684056208,106.59020539505389,9.073373957862882,-26.61444570908967,28.112740411549208,20.271638380769332,48.11440735585697,12.455746680395588,-18.34013329795782,-40.33926880975615,-17.432844195268952,13.153219582293943,3.6292625573247106,38.443110445784995,14.05406893867727,-8.216845021055727
1698,-94.6329606271057,83.96133714700647,-101.50767568706173,-8.788918910666345,-23.367898306759855,35.46564825779605,16.191061543086708,11.024282119824829,-34.64521541845691,-33.97609781237742,-16.457620872280547,-24.1595032641254,-27.993077329780892,1.7694960410780523,17.969872730215386,2.619708284542754,13.509967095704791
1699,-98.7857149017362,124.84093623653607,88.7121693535643,-197.09434581454445,-23.768463623783152,35.565912709068215,36.703297022394096,6.972401083416484,-21.468981177694918,-41.61883197517575,-9.712790226827357,-47.40258526698277,-34.351590675163614,8.573844535954093,30.855456969787227,-22.478407223282254,-0.8567011328669769
1700,-137.34889624075885,-14.623244214040652,112.11888176957233,-3.309377299540532,-27.61044538425771,33.108265806089086,18.452484289917738,25.508736392568434,13.633160792933815,-20.017873376037333,-40.413829298480294,-39.105889920893816,-13.382188205450545,4.931105432684134,36.48830321210178,10.427486312725264,-10.985230857655072
1701,14.611355936950414,86.33582139064417,110.42854602517454,-32.825551247754696,-14.384393904568388,50.97379358693073,28.398434348796883,-15.932247732201226,-69.31876332455715,-27.016033951389186,14.296913918025906,-21.615642178097247,-81.97206112930289,10.756197477423942,28.662329186721937,-32.411126273101864,-22.76128863800716
1702,-97.34559860182193,83.26159150328047,96.63182780606286,-197.48073771239285,-25.054815950134813,35.59670547608694,33.04491384587245,-6.013439611129258,-38.03605383187519,-45.416467213162406,-14.59578397670855,-54.93619244894192,-47.9729950040942,9.52355654129277,28.832674062184992,-25.125581911372567,-5.104237598597706
1703,-134.52526744549087,-13.434463684056208,106.59020539505389,9.073373957862882,-26.61444570908967,28.112740411549208,20.271638380769332,48.11440735585697,12.455746680395588,-18.34013329795782,-40.33926880975615,-17.432844195268952,13.153219582293943,3.6292625573247106,38.443110445784995,14.05406893867727,-8.216845021055727
1704,-111.54338394884769,69.15412702184926,-62.61031864312674,-6.895390802141812,-26.975735224131736,37.73237975300269,16.294010142824273,18.267314798554253,-21.994986206500798,-25.93623908654689,-20.448114946482463,-25.48328963777412,-19.47463810281424,3.937650929246977,22.64747441934304,6.0765652971132775,18.592735486293105
1705,50.33181038670915,89.3748651852111,97.24252038974085,-22.558593698810263,-16.177185502691128,45.879052080445135,24.83017323422951,8.192319845785825,-52.732589888190866,-18.324432793080554,16.882307810223892,-15.22057388059287,-54.50381752166423,8.838218272395904,24.692921761044406,-24.060499614552167,-21.351944353828205
1706,13.793962301217114,84.37476261026133,110.7489851428949,-28.959344897176155,-14.438172622086434,50.935193886409955,28.10304622182709,-15.305603342065048,-68.25535709037001,-26.492657721476203,13.77766561141952,-21.33232155319202,-81.28478832349224,10.675311100271015,28.818272240899184,-31.700111052341995,-22.87264502266728
1707,-41.584388500832915,38.25267207176617,-102.31371585771466,-7.870471669801263,-10.13031350992315,16.96292591961917,7.215898651389751,10.840657774238037,-48.801577300102224,-20.78829806849944,-16.864142127247362,-22.741581381984584,-23.997380827400953,-8.584894369797388,10.69006355343726,-3.359324623322903,-29.465706088963213
1708,-112.01225859159028,32.635268434300045,119.59251018474029,-18.34440932985517,-27.6687066684266,32.59321760072893,13.612803804939722,-57.72334924811676,-69.66825985464371,-62.757357138496744,-33.546043631298254,-65.52688906033481,-120.98845449206253,-9.70794914510027,11.124690223964315,-5.033938691781097,-35.83605223656688
1709,-3.5849678941270784,35.63842977500762,49.99830416378035,3.098199286334384,7.7856036815230585,-11.5753145208014,65.95254930902003,12.54432905452295,-27.198040184873165,155.87421129721344,-3.4884163827415873,1.9537182632781298,-14.030839429006063,0.17187691904770067,1.737277146340429,8.291729600293761,0.3310773004755791
1710,-99.02040907241832,126.37623994128118,92.51553962929825,-196.68506819599287,-23.846363607131536,35.4465469760829,36.4755977587988,7.559802267835482,-22.887779788517562,-41.909318822899145,-9.998790393625836,-47.516125958243116,-34.41490755285693,8.65838402056827,30.325376415730624,-22.39194316798357,-1.511732334951153
1711,-34.506259793513976,68.61112791241875,30.199794428119773,-15.770132510838344,-14.273750337052315,11.904716401866567,-9.645637339965187,6.550617404402774,-8.103707320543784,-32.22731714331043,16.07652796822687,216.40850244642203,-19.10916890746402,-16.98094357976451,13.485581792076061,7.863037383008357,-3.8520864902416676
1712,-51.098320700940036,78.44701695886631,-88.83066046310566,-6.894151397227653,-4.76352144890568,18.961895273609013,20.39460189749503,6.7742470058393796,-40.61303192095198,-56.44244319764144,-18.087755935287124,-18.472279987664642,-35.493705181413546,-7.066626000492856,15.194338535270996,-3.682028664681237,-32.97652677249259
1713,-126.5464351195279,199.15621174464798,94.70533122359002,-19.413769358545323,-20.809940717634504,32.81585601560647,34.75375363317057,7.488493941074159,42.49643095359925,-36.4780640452182,-12.678235835900495,-31.140682735017414,-45.61176191746426,-13.72784215293063,31.656736865458456,9.376257664470284,-15.45512602006831
1714,-85.54606021709144,21.431506007566515,116.12930461725529,-30.528321491367976,-24.46333677507205,36.924525633184594,18.50688620771163,-66.9163727287411,-61.643076245003165,-58.03045343690798,-23.71021185981081,-63.84221131130867,-128.5503880796502,-7.958526516103119,18.440485487964523,-13.43078113409477,-36.063772967879764
1715,-108.10146091348372,1.318258220167531,111.48168421972498,-13.093901358790294,-25.84516691558596,27.84768480579843,18.015758261201817,-56.265286722167524,-58.91271786272913,-63.760253391442134,-33.65293306463072,-50.80374578863251,-112.05636347073839,-14.559950086203816,18.743503858716277,-4.271636016491699,-36.866751974841264
1716,-96.04200604369217,27.180494088685972,87.82099338041228,45.38030992216429,-21.702370572670773,5.503979062434139,25.14199518655017,55.206776521623695,-69.14542943960734,-54.99525110676309,-32.71669459148886,49.44032179326283,14.947764526915893,-18.818749857370577,24.60531329816441,13.391754261809377,-22.55233059042318
1717,-98.28518399986217,112.84510257229095,98.9887295241344,-191.0367299748455,-25.805839837808414,35.36890654643147,30.69139188376854,13.021923441936607,-49.01836848341117,-43.06318514197769,-14.418416851754994,-48.67872725767783,-32.198885838799086,12.71788690728691,23.64614304457051,-22.555145335779653,-1.7029392461732262
1718,-99.02040907241832,126.37623994128118,92.51553962929825,-196.68506819599287,-23.846363607131536,35.4465469760829,36.4755977587988,7.559802267835482,-22.887779788517562,-41.909318822899145,-9.998790393625836,-47.516125958243116,-34.41490755285693,8.65838402056827,30.325376415730624,-22.39194316798357,-1.511732334951153
1719,-39.40158924938254,43.96217761130306,44.22022526749451,19.483314450710104,-21.76245963477749,10.55510365562698,-1.1423197688126165,-25.264345130744015,-13.857146865829803,40.5569685049277,167.9939855839335,26.513232660239815,-1.1519569384726893,17.273742565825458,21.75369468724415,-8.316342685797457,19.88353891536697
1720,-72.30624456331147,99.48767034904988,95.20663815804267,-198.05504515148954,-22.535080232508903,39.10902246452348,35.51780088114376,6.7325916380057045,-39.95497560176368,-37.662862341782706,-5.094002532249371,-44.37955016563906,-36.328413266507354,14.202237539674536,31.38813498687435,-29.870668196124335,-1.7786165161295577
1721,-108.29335639715329,114.38588012481509,-65.79758494316361,-15.460335822318033,-25.643052304543026,38.148709196384814,19.616742432147888,10.127893299205041,-18.741480961178926,-30.791948272467877,-14.251473477136738,-26.70541923531048,-31.321899180239956,0.07014965333654617,20.89723801346412,4.491063682631045,17.022819089589145
1722,13.793962301217114,84.37476261026133,110.7489851428949,-28.959344897176155,-14.438172622086434,50.935193886409955,28.10304622182709,-15.305603342065048,-68.25535709037001,-26.492657721476203,13.77766561141952,-21.33232155319202,-81.28478832349224,10.675311100271015,28.818272240899184,-31.700111052341995,-22.87264502266728
1723,-108.72208406774187,115.70781533748428,-65.14747495919963,-11.344241673312844,-25.759209199743655,38.08205359579372,19.04033797283328,10.779692283946256,-20.104616302276753,-30.861478309931933,-14.63009983271704,-26.396568783067305,-31.323385619261362,-0.018855655572082495,20.16392850111521,5.127925103356531,16.7326760553102
1724,-61.71628993343494,9.960060843761438,30.432836769837035,-3.1585530370404085,-34.30336217564364,178.39461407841569,5.696634381880416,11.232968350254776,7.174630827546505,-14.342157833397025,-11.403678805832142,-13.20729646279526,1.0212894829401107,0.7504661044165564,5.894308485554386,5.2940921593020205,-12.692431610426555
1725,22.372932237631563,82.30055509481784,91.56235499062566,-25.54961180277455,-14.878124497321991,48.22836790074068,17.980068762321956,2.446889529670376,-58.963247353764594,13.989182771957209,19.18903565648957,-17.597978233690725,-54.99558891899656,7.863468413317508,26.2621698625086,-27.936940053006648,-15.795161985196064
1726,24.663242027567073,90.35867131482716,96.82064228535451,-25.066228263397583,20.953233330113033,44.456768825546796,26.031895541828618,-2.2002168600046876,-55.836820068574525,-20.034054845681325,19.91939018394332,-11.187813251476003,-59.80931002051974,13.160703712731546,28.076590338639225,-29.86513463873263,-16.352912175507743
1727,-48.519481541479216,52.796725650178125,-120.17480158384956,-4.691771070020786,-9.867786984415607,23.50734630514508,16.76215669337539,8.27926912264455,-52.79327599236926,-54.65756917208537,-19.297264619962768,-17.726129742170826,-30.881245471769358,-3.3054288968893557,13.244462837654027,-4.509276895953258,-26.283684548472888
1729,-99.02040907241832,126.37623994128118,92.51553962929825,-196.68506819599287,-23.846363607131536,35.4465469760829,36.4755977587988,7.559802267835482,-22.887779788517562,-41.909318822899145,-9.998790393625836,-47.516125958243116,-34.41490755285693,8.65838402056827,30.325376415730624,-22.39194316798357,-1.511732334951153
1730,-122.5543129580184,146.3123540970214,126.5061661030408,12.640095282719473,-31.141525399034116,35.227021217759585,4.4765302770875985,46.76343535407681,-91.87838643199207,-39.77958172989416,-34.29582707500833,-32.41790068835642,-23.074831329460523,8.548384422667572,-4.398727578916029,10.225871184177407,-14.002973874576982
1731,-118.5200822469932,221.68907922358287,91.72618791881169,-57.38759731553947,-20.348669732453043,33.17965935086028,37.47735649956192,3.3342954239858162,30.911727158810997,-41.38447208450781,-7.48166997273357,-33.281451721411194,-50.65528237444544,-12.56315068165138,29.619830940231733,2.55994883194143,-13.943774951017861
1732,-81.89045794487569,20.212444119048843,115.08420647342669,-26.421701100155257,-24.415199963249435,36.091841257324916,17.84231763096748,-66.82913232949105,-61.1903797551204,-58.59418083675322,-25.411474839512906,-62.99569333329141,-127.80371815797487,-8.427611490617624,17.937296059311088,-12.302876462248335,-35.818319839815885
1733,-109.23738409591016,212.3610803210392,85.02278037547272,-18.877252151192828,-19.394375816957435,29.814634686529036,31.130489057713923,1.7738095506083404,31.74736258362544,-36.319983674277964,-9.27956579203697,-28.865677206663346,-46.844145401281665,-15.923876410375772,-24.304013245743597,7.207010562734773,-14.224650003686923
1734,-115.3711559471811,-0.20948123163972618,115.01646342340428,-21.801704638971835,-27.20808850858737,33.155686416708164,15.182954660864223,-58.47669319355082,-44.44843616595324,-52.930153284076326,-34.418956991676644,-67.73993171987158,-114.21707545736129,-9.723758476781999,19.49135202726044,-4.286387952713019,-33.603837282648136
1735,-34.98397797609745,71.72601860364992,31.064367216872178,-16.3812875963374,-14.469434956514322,12.435115145755548,-10.103630464844887,6.385815502118966,-9.029151811280395,-32.05000575216349,16.07277991070536,214.7697609909731,-20.02509466040759,-16.440930260557927,12.737852784495415,7.7865763968689095,-3.717699113809087
1736,-122.32964077029563,231.79354065904343,97.36271496969911,-15.615500739988509,-21.314554064997292,31.98270460106032,32.17130503129555,10.017087173681762,18.20581823856935,-42.25708385029527,-11.264185471015098,-28.55420574353056,-49.75422101171592,-13.993217089944253,23.03446482432328,9.005024025335741,-16.97959267023994
1737,-93.50800217402744,81.69619565997928,90.3430016366103,-184.9251791198549,-23.848993643188344,30.064919107541666,35.27132313256549,14.669942464774692,-39.763923576044995,-44.83629905344706,-14.380936276539858,-32.29131270318864,-23.039628309363437,7.3177537152210785,31.123433120376948,-21.790535474385177,-3.04681301049903
1738,-117.96458849551824,151.3194109171219,128.8168878865417,4.457763387288077,-30.808881992648057,32.30252514705282,4.520079007111914,25.949865235795254,-107.25622712095374,-49.416345316278004,-33.00785344911737,-39.77699046168855,-48.73458976097507,5.154177473014246,-7.988744609437753,6.006473904141881,-19.500032927885066
1739,28.068575714988263,93.49431109906524,98.26843858721016,-20.594419044368337,-13.4327884976554,49.81733149588706,26.4959156574345,-8.78580119355148,-61.59762553157894,-13.514713619203805,53.63710326131321,-1.5467422958812702,-59.07866302366954,17.071673940903782,29.788340276161144,-32.69266755541694,-12.568607042799195
1740,-15.501364116069826,71.62745974434696,46.102569618211334,4.840114050216196,-9.466504910336608,8.86577418584353,-4.504979766392207,2.029622571160819,215.53921241709668,-27.756744769900322,-10.836776044239167,-16.604133366711654,-15.51289130793406,-5.709917834277538,14.153606219515277,-1.9653870065011458,1.9029854555996975
1741,-93.14986082501358,79.54531039172643,-103.09066699214095,-8.631537115740894,-23.185854108588046,34.64457825091121,15.16442874668,12.619182639315223,-35.72285465024914,-34.873037907067484,-13.24534528070356,-25.298264609195225,-26.808021294096548,0.9126412236474173,17.252896858750546,3.62197966941,12.673927845611065
1742,-71.91757859816677,102.77066434210191,95.53630902428628,-197.8051573530629,-22.597458410191486,39.08096656445315,35.236784548798944,6.757746232610741,-42.38151717704866,-38.25576860915973,-4.953380581223287,-44.35402033830111,-37.017172511339396,14.194118607918833,30.49888242034819,-29.9448219961587,-1.957403165748388
1743,-137.8853785821181,-10.447467753421112,112.3136107815986,-4.554189762033447,-27.60253076165213,33.6486479599386,18.595939592871726,24.58649783444717,15.415839316978236,-19.757910778966565,-39.9760229898992,-40.69761497266511,-14.702636889912418,5.029585693243855,36.45624507998258,10.337961205858456,-10.87150151234521
1744,-86.523453562203,72.30026379428587,-82.20727387421404,-7.800570279640642,-22.093063019696498,32.192410461376966,12.715198275899949,9.743637134653179,-25.88707723266727,-23.364349060861112,-13.039873480482848,-20.99800402805918,-21.790512876773644,2.84030988088078,15.436626605932595,3.526942679810589,19.786466509776755
1745,-121.57284749544577,232.58454254562469,96.60920560027215,-16.525579710900896,-17.894581899240347,31.887454508816887,31.736475241722594,9.050578535330562,19.472868902929058,-41.76126643140904,-10.657843868387284,-29.870933631466336,-50.35180653548748,-13.560492209241598,22.6900430099709,8.818217305487533,-16.59101923154066
1746,-98.16044524384849,-9.12527125064431,83.31499506248974,43.005070777879496,-20.9784925696996,5.3809816171614235,26.99552997700636,55.03738851135524,-45.94782880089604,-48.88212334003783,-33.66441070618536,54.07487440294688,22.52916260362506,-18.70900845788059,33.16372712768874,14.11306535345199,-20.49778236441037
1747,-134.37768396069254,-16.3567433591627,106.36495752262856,8.385138409071695,-26.537929519090664,28.13493408150311,20.5019167840759,46.00216197158354,13.406388133312367,-18.66748755779801,-40.3433516068592,-18.12528145792741,11.324011981168704,3.2734348575747267,38.92058582923925,13.760225563607573,-8.614632243504984
1748,-118.492157245686,189.49130113389296,122.86119912910873,8.865739038242385,-29.13583213073346,31.587420670636064,7.627133391377887,39.366985895108215,-89.10829509637078,-44.62912603171002,-28.38412908052646,-31.5400825468314,-33.99035282871765,4.066649025135386,-6.119244032675618,9.293707538216234,-15.760046763149587
1749,-122.37863128229051,233.58649613760542,97.57717777448754,-20.342749974492754,-21.394081789258674,32.5797589455404,32.28971636573046,9.200486286656737,18.643509088930557,-42.01024242168428,-10.889307172956308,-30.501797651222653,-50.668660325638086,-13.364198461829039,23.020045329091545,8.291701618470807,-16.55506225952841
1750,-121.57284749544577,232.58454254562469,96.60920560027215,-16.525579710900896,-17.894581899240347,31.887454508816887,31.736475241722594,9.050578535330562,19.472868902929058,-41.76126643140904,-10.657843868387284,-29.870933631466336,-50.35180653548748,-13.560492209241598,22.6900430099709,8.818217305487533,-16.59101923154066
1751,-134.37768396069254,-16.3567433591627,106.36495752262856,8.385138409071695,-26.537929519090664,28.13493408150311,20.5019167840759,46.00216197158354,13.406388133312367,-18.66748755779801,-40.3433516068592,-18.12528145792741,11.324011981168704,3.2734348575747267,38.92058582923925,13.760225563607573,-8.614632243504984
1752,15.739870108998826,84.62430431735217,109.17093031052255,-28.985279598752804,-10.728384239472335,50.38803955518502,27.742459890125854,-15.794252913224163,-69.41292382744412,-26.288393244738074,14.028298522999561,-21.006534127636865,-81.42603277488915,10.319676748743765,28.228546870093293,-31.7784518585482,-22.96591819733071
1753,-111.54338394884769,69.15412702184926,-62.61031864312674,-6.895390802141812,-26.975735224131736,37.73237975300269,16.294010142824273,18.267314798554253,-21.994986206500798,-25.93623908654689,-20.448114946482463,-25.48328963777412,-19.47463810281424,3.937650929246977,22.64747441934304,6.0765652971132775,18.592735486293105
1754,-118.5200822469932,221.68907922358287,91.72618791881169,-57.38759731553947,-20.348669732453043,33.17965935086028,37.47735649956192,3.3342954239858162,30.911727158810997,-41.38447208450781,-7.48166997273357,-33.281451721411194,-50.65528237444544,-12.56315068165138,29.619830940231733,2.55994883194143,-13.943774951017861
1755,15.538652867527242,85.4379059767151,106.83977653729877,-29.024216461779318,-14.078180392609804,50.65448252150434,28.078405831557934,-15.937682754125863,-69.69864786397005,-27.322639853766333,14.132934387981601,-21.04077041065002,-82.00458737774272,10.448647585398149,28.35371788519834,-32.036844242912366,-23.392294796257097
1756,-99.30866788234951,9.919814103243803,106.92290472427027,-21.856048539486157,-25.686150242704162,30.453203586267982,12.853004163702886,-65.99178146579526,-53.70017393430261,-56.2273506951024,-31.70204590334621,-65.86389035080558,-117.38961963679623,-11.630489533776087,-35.32453527957641,-6.757798354347692,-32.90232292039503
1757,75.7054976012004,41.82411900906053,51.835897671354054,4.074699083265932,-33.36176531284022,15.294928914628601,3.66839500135656,53.26482814301925,18.64442394800145,-12.06041654851581,-2.4409070303547273,-35.524587946425825,5.0249541017261325,-15.510547560696564,0.8007842013204257,23.05711082961093,-30.875323345554353
1758,-94.6329606271057,83.96133714700647,-101.50767568706173,-8.788918910666345,-23.367898306759855,35.46564825779605,16.191061543086708,11.024282119824829,-34.64521541845691,-33.97609781237742,-16.457620872280547,-24.1595032641254,-27.993077329780892,1.7694960410780523,17.969872730215386,2.619708284542754,13.509967095704791
1759,13.793962301217114,84.37476261026133,110.7489851428949,-28.959344897176155,-14.438172622086434,50.935193886409955,28.10304622182709,-15.305603342065048,-68.25535709037001,-26.492657721476203,13.77766561141952,-21.33232155319202,-81.28478832349224,10.675311100271015,28.818272240899184,-31.700111052341995,-22.87264502266728
1760,-99.72231805156517,-9.632611286329011,84.96888062227693,42.826853766100385,-21.205671847913568,5.796748323130777,27.580988485471195,53.600421847137355,-46.637495248621825,-49.47619389875679,-34.56855126495534,48.44556985354727,20.41067230562943,-18.651855180916677,33.25964347141879,13.852513007810728,-21.141593285561417
1761,-119.97907441926444,189.35810988350858,124.15646603874504,9.730794339765659,-29.45852374770082,31.58336820263903,8.113367917948175,40.31455340717999,-90.11910235267233,-45.563132087248704,-28.92636011511952,-30.434861890635606,-33.5733037509836,3.668105255930236,-5.592370194134225,9.527588854430185,-16.153271425331205
1762,-111.87351864663285,69.34673803797394,-61.970993726799655,-8.194781436432063,-27.094903653594738,38.28497216684557,16.066295421251144,15.990267511997017,-21.969789244320637,-26.086281955240146,-20.455945801107028,-27.8144683558815,-22.219771456883045,4.121836548703578,22.377220795216655,5.706260935904132,18.329335640276426
1763,-108.72208406774187,115.70781533748428,-65.14747495919963,-11.344241673312844,-25.759209199743655,38.08205359579372,19.04033797283328,10.779692283946256,-20.104616302276753,-30.861478309931933,-14.63009983271704,-26.396568783067305,-31.323385619261362,-0.018855655572082495,20.16392850111521,5.127925103356531,16.7326760553102
1764,-71.76999511336844,99.84838466699541,95.31106115186097,-198.49339290185407,-22.52094222019248,39.103160234407056,35.467062952105515,4.645500848337315,-41.43087572413187,-38.58312286899993,-4.9574633783263415,-45.04645760095957,-38.84638011246464,13.838290908168851,30.976357803802447,-30.2386653712284,-2.355190388197645
1765,73.9608070348903,40.760975642606766,55.745106276950175,4.139570647869093,-33.72175754231685,15.575640279534216,3.6930353916257155,53.89690755508007,20.087714721601504,-11.23043441622568,-2.7961758069168097,-35.81613908896782,5.7447531559766105,-15.283884045823697,1.2653385570212696,23.3938440201813,-30.355673571964537
1766,-137.34889624075885,-14.623244214040652,112.11888176957233,-3.309377299540532,-27.61044538425771,33.108265806089086,18.452484289917738,25.508736392568434,13.633160792933815,-20.017873376037333,-40.413829298480294,-39.105889920893816,-13.382188205450545,4.931105432684134,36.48830321210178,10.427486312725264,-10.985230857655072
1767,17.141653609062796,100.7389215525801,106.6047870213266,-63.67627864968071,-14.027627557753773,51.37395096266547,31.51356885286923,-2.7882301364113165,-65.60631833092772,-23.44407527565097,17.741296292176116,-18.163360884359655,-65.49581476798308,14.759694555351446,30.9648363467738,-35.49828868400395,-16.569916327453303
1768,29.67225726941294,88.63431402415218,87.08347408176368,-26.55146573070089,-11.536692127825729,46.155608048976035,28.72856093092454,-6.611027133243033,-58.48475865510782,-8.439099305158836,16.624208652685493,-7.104158959332659,-63.47633566216928,11.177555736797773,25.593302341956694,-26.26667833928072,10.119132383930356
1769,-116.59817595310814,149.17975416857135,127.47060528246679,5.278724882011864,-30.46526447973826,31.64478806971108,3.5001479974112475,26.46196137358044,-106.87965700723116,-48.701849747297956,-33.362880558889856,-38.376210821277915,-47.81692663978109,4.493149611631878,-8.602170545261561,7.329090578396285,-19.684325985918353
1770,-38.165564538849,44.59927121848347,-98.3130442776378,-3.54681648142241,29.357053982607933,12.605572812679576,14.611750972225389,6.331546203540035,-45.76931051779912,-54.083894979486864,-16.402402994819955,-15.722308349309476,-28.265073574510403,-3.7241797990635255,12.070701712939243,-4.654844794495239,-30.22808583859844
1771,-129.10006100212956,-16.504840713359453,93.57157653363018,-1.1990348394291759,-28.169565688956272,30.95403223426269,8.101792108839469,40.98418197774662,22.950467491719383,20.31392424870281,-35.010290108034816,-37.7027253194999,10.161877844976294,2.3034483651872284,33.66194720958481,13.820352950851467,-4.17114766620054
1772,-122.32964077029563,231.79354065904343,97.36271496969911,-15.615500739988509,-21.314554064997292,31.98270460106032,32.17130503129555,10.017087173681762,18.20581823856935,-42.25708385029527,-11.264185471015098,-28.55420574353056,-49.75422101171592,-13.993217089944253,23.03446482432328,9.005024025335741,-16.97959267023994
1773,-122.32964077029563,231.79354065904343,97.36271496969911,-15.615500739988509,-21.314554064997292,31.98270460106032,32.17130503129555,10.017087173681762,18.20581823856935,-42.25708385029527,-11.264185471015098,-28.55420574353056,-49.75422101171592,-13.993217089944253,23.03446482432328,9.005024025335741,-16.97959267023994
1774,10.176158368096862,81.83076279725995,105.79554659911584,-24.640738958134015,-14.219560515774033,50.71310482266857,28.5857851219404,4.933225142558026,-54.93964664028811,-18.120034581594062,12.767542848751296,-14.3716960574449,-56.82491891816981,14.088113900454994,32.47148971591731,-28.3568724918717,-17.626556075576225
1775,-123.814574824313,150.09508871972432,127.75292415559659,12.323677662944714,-30.862819768945325,32.30447525758648,5.052502266013458,46.715135461382914,-91.1522382235886,-40.20061887564595,-34.31031697782535,-32.75204925256263,-23.960930671941913,8.2631054205156,-3.8886114156062477,10.310242955180676,-14.045095272605852
1776,-29.66194430790677,6.952640536297789,20.152370082166705,-1.3241508300935485,193.0746950791846,-0.19747707213217933,-2.1059761000222434,14.016842414389213,-32.752083529713126,-3.1687352721890334,-21.744207204475874,-14.310751796868976,0.11514177473278021,-9.825206212011222,5.512623761966598,8.268961429884797,-8.994769367234563
1777,-98.28518399986217,112.84510257229095,98.9887295241344,-191.0367299748455,-25.805839837808414,35.36890654643147,30.69139188376854,13.021923441936607,-49.01836848341117,-43.06318514197769,-14.418416851754994,-48.67872725767783,-32.198885838799086,12.71788690728691,23.64614304457051,-22.555145335779653,-1.7029392461732262
1778,-137.34889624075885,-14.623244214040652,112.11888176957233,-3.309377299540532,-27.61044538425771,33.108265806089086,18.452484289917738,25.508736392568434,13.633160792933815,-20.017873376037333,-40.413829298480294,-39.105889920893816,-13.382188205450545,4.931105432684134,36.48830321210178,10.427486312725264,-10.985230857655072
1779,-71.76999511336844,99.84838466699541,95.31106115186097,-198.49339290185407,-22.52094222019248,39.103160234407056,35.467062952105515,4.645500848337315,-41.43087572413187,-38.58312286899993,-4.9574633783263415,-45.04645760095957,-38.84638011246464,13.838290908168851,30.976357803802447,-30.2386653712284,-2.355190388197645
1780,-71.76999511336844,99.84838466699541,95.31106115186097,-198.49339290185407,-22.52094222019248,39.103160234407056,35.467062952105515,4.645500848337315,-41.43087572413187,-38.58312286899993,-4.9574633783263415,-45.04645760095957,-38.84638011246464,13.838290908168851,30.976357803802447,-30.2386653712284,-2.355190388197645
1781,-50.16335843724737,40.32687958720965,-83.12708570544544,-11.280204764202868,-9.690361634687592,19.66975190528845,17.33887611089489,-6.911835097497386,-58.09368703670763,-61.27013856193284,-22.275512172317413,-26.47592470148588,-50.28658023189659,-5.773051682843882,13.246165931827848,-7.122495622658252,-36.54318912643443
1782,-76.82177856687943,82.96868839808278,75.45574071428385,-193.14139680232066,-20.18021742708438,29.55690384166615,30.150458061865493,6.5237471185424045,-28.670240718908076,-34.41218957382833,-8.408564041391644,-42.11756120323499,-24.882034810369216,11.517549557021134,25.59807452054802,-23.99292559152951,1.5420581195154046
1783,-51.45406483605824,78.75862039151293,-88.83953659377163,-6.935568654443441,-8.61079439722356,22.41352307489726,20.499648335759275,6.57891440845998,-39.900031952785284,-56.735925590080974,-17.741722626921458,-18.391372617998012,-35.5596435638856,-6.875364637216198,15.10036605170239,-3.775277550240028,-33.040576880541835
1784,-139.89009085908341,28.3233009221392,108.53749551531651,-3.3747506670662606,-26.535299483033857,33.51656195004435,21.706191410309213,38.89202177464433,30.28253192083981,-15.740507327250098,-35.96120572394518,-33.35009471298188,-0.05126726232479212,4.6140651629219205,38.12252912459293,13.158817870009184,-7.079551567957106
1785,-108.72208406774187,115.70781533748428,-65.14747495919963,-11.344241673312844,-25.759209199743655,38.08205359579372,19.04033797283328,10.779692283946256,-20.104616302276753,-30.861478309931933,-14.63009983271704,-26.396568783067305,-31.323385619261362,-0.018855655572082495,20.16392850111521,5.127925103356531,16.7326760553102
1786,101.7451620378273,26.348798486307775,28.992482286532677,11.702892925160382,-18.6971830432958,23.86560395229558,-3.452316882437966,12.442445930788166,-9.01097141593196,-66.66892222160511,-95.59776650399417,-2.043757932452406,10.532996628597868,-13.276276465682015,2.3433463155038567,33.698682067980165,13.873978772151437
1787,-48.16669745694481,52.945801413644126,-120.69541218573222,-4.819458892212773,-9.448763972474296,20.127870112565795,16.702217577916745,7.827921870948728,-52.78489112208577,-53.74930748240535,-19.56974227092051,-17.43053965249985,-31.357493821781286,-3.439616289715644,13.237827819191956,-4.141413744342351,-23.42665556583578
1788,-91.92267757968054,81.60077958708855,-101.20559874756293,-8.900927826373346,-23.243007787065853,35.82909021663308,16.067180222086723,10.944076516302353,-36.59458915731002,-33.610742791003474,-15.95307989104029,-23.8432927021312,-28.25330382562914,2.3230694998131085,17.987223330677143,1.8644204017252406,13.465400012625064
1789,-115.48063515340006,147.43224197549236,122.7440778409912,21.31787608076909,-29.670976415536057,26.738001308103197,6.501838095873411,49.34698249150378,-106.4447905085682,-47.39254039943245,-33.44879320947809,-16.181882655709533,-20.59598341447638,3.231434901295312,-5.1302653139966505,10.420532736993195,-16.977390852378416
1790,-50.10964521414273,52.23558051044067,-118.58787062081124,-4.624419111228348,-9.730302418711826,20.602872835081776,17.017696586812377,8.963251291183065,-52.348709223461846,-54.568351256383956,-19.893930839908474,-18.13282453739261,-30.67406263790039,-3.141055908638764,13.928160692028525,-4.33768720418826,-26.126361265760206
1791,-139.15486578652727,14.792163553148981,115.01068541015265,2.273587554081095,-28.494775713710734,33.438921520392924,15.921985535278925,44.354142948745455,4.1519432259461855,-16.894373646328653,-40.380832182074336,-34.5126960124166,2.1647544517330526,8.673568049640561,31.44329575343282,12.995615702213096,-7.27075847917918
1792,-134.37768396069254,-16.3567433591627,106.36495752262856,8.385138409071695,-26.537929519090664,28.13493408150311,20.5019167840759,46.00216197158354,13.406388133312367,-18.66748755779801,-40.3433516068592,-18.12528145792741,11.324011981168704,3.2734348575747267,38.92058582923925,13.760225563607573,-8.614632243504984
1793,-50.98075207298067,38.36582080682681,-82.80664658772507,-7.413998413624334,-9.74414035220564,19.631152204767677,17.043487983925097,-6.285190707361208,-57.03028080252048,-60.74676233201986,-22.7947604789238,-26.192604076580654,-49.59930742608595,-5.853938059996809,13.402108986005095,-6.411480401898397,-36.65454551109455
1794,-136.402278780026,-14.863494508701148,110.73061947651938,-4.396807967107997,-27.42048656348032,32.82757795305376,17.569306796465025,26.181398353937563,14.338200085186005,-20.65485087365663,-36.76374739832222,-41.83637631773493,-13.517580854228074,4.17273087581322,35.73926920851774,11.3402325907257,-11.707540762438931
1795,30.86774697872215,88.15521343163991,95.12130894568777,-25.04339427906388,-9.89389768192774,77.37943550957677,24.7805264901258,-1.2853666092948366,-61.910822227904546,-19.305736424941113,17.928766892433558,-10.613430106195972,-60.09499251032251,11.344511325515057,27.503716383777345,-29.331065103654893,-15.929711136269447
1796,-115.89891824303739,-0.19467149622005073,116.29580152230412,-20.843287314121746,-27.04492489160081,32.873776601432205,16.422967128387874,-57.97489519416714,-45.40284410179394,-56.82829446472641,-34.95226314155908,-65.78218733371432,-114.10086204374205,-9.62675982754325,20.017215889225884,-4.292400691437408,-34.04818574037858
1797,-122.0463543730222,146.61926331091416,126.54363450011023,12.447316502926489,-30.762723542799943,31.900918811610502,4.095873733021507,46.79729339716483,-92.22005333772707,-40.01655378269102,-33.85181358226104,-27.862198369499104,-23.26712504355321,8.291657502448567,-4.222723251343479,10.2900160464796,-13.778413542781344
1798,-134.37768396069254,-16.3567433591627,106.36495752262856,8.385138409071695,-26.537929519090664,28.13493408150311,20.5019167840759,46.00216197158354,13.406388133312367,-18.66748755779801,-40.3433516068592,-18.12528145792741,11.324011981168704,3.2734348575747267,38.92058582923925,13.760225563607573,-8.614632243504984
1799,-97.01569679545302,87.60547126572087,96.29165489558034,-197.86450729096003,-24.913594885749806,35.578632985977144,33.36534594136132,-6.745721672361677,-37.75447239237912,-45.9267222746156,-14.013607659579858,-54.863646217926345,-49.06627718044455,9.073904550890205,28.65909237112027,-25.212799832134298,-5.303682279339255
1800,-49.24326106641455,52.40368381226151,-119.12277254332002,-3.76337622730263,-9.596995976932398,20.044418191122467,17.19467337934726,9.15320778807191,-53.8498063080102,-55.33856891490793,-19.749560831360878,-16.468553254605748,-30.446896129788875,-3.6891881596010494,13.786637133083014,-4.335380018083181,-26.43953529181162
1801,-47.06946036034865,54.21890271296313,-118.62596659179496,-5.120197605502546,-9.464190834632811,20.948242303809007,17.21424736130126,8.150763626428173,-54.016501522818885,-54.71325129646321,-18.807213541539525,-17.74406774438284,-32.02757131009899,-3.0371344403062723,13.771929601425564,-5.180193007767503,-26.37037302958148
1802,-111.54338394884769,69.15412702184926,-62.61031864312674,-6.895390802141812,-26.975735224131736,37.73237975300269,16.294010142824273,18.267314798554253,-21.994986206500798,-25.93623908654689,-20.448114946482463,-25.48328963777412,-19.47463810281424,3.937650929246977,22.64747441934304,6.0765652971132775,18.592735486293105
1803,-113.89047148073655,147.9933871152298,121.15714687795288,21.250524121976653,-29.80846098123984,29.642474778166502,6.246298202436421,48.66300032296526,-106.88935727747561,-47.48175831513385,-32.85212698953238,-15.77518786048775,-20.803166248345345,3.06706191304472,-5.81396316837115,10.248943045228195,-17.134714135091095
1804,-108.72208406774187,115.70781533748428,-65.14747495919963,-11.344241673312844,-25.759209199743655,38.08205359579372,19.04033797283328,10.779692283946256,-20.104616302276753,-30.861478309931933,-14.63009983271704,-26.396568783067305,-31.323385619261362,-0.018855655572082495,20.16392850111521,5.127925103356531,16.7326760553102
1805,-118.37249876219488,218.76679954847637,91.50094004638636,-58.07583286433066,-20.272153542454042,33.201853020814184,37.70763490286849,1.2220500397123895,31.862368611727778,-41.711826344348005,-7.485752769836623,-33.97388898406965,-52.48448997557068,-12.918978381401361,30.09730632368599,2.266105456871732,-14.341562173467118
1806,-97.77079296664793,-9.12724242783037,83.61575911051652,43.42949881081057,-20.878433968776047,5.309594797963182,27.107502990975412,54.950264652736074,-41.4564615163285,-48.79625812039257,-34.20260182528425,49.44739651579318,22.619406670674532,-18.49438820935498,33.19204219638914,13.91802608538459,-20.385368673022192
1807,-48.57880652510006,36.92289154276722,61.2846212572229,-4.9330243082572665,-19.827348313909987,18.217179978468486,1.0013189025969604,-14.573479993199568,-34.348166536049774,-19.930236764998487,-22.898662030084886,-32.29826924861154,-29.107192707897866,-7.429660584086327,-241.4549442651785,-2.121847387514714,-6.4285622258128114
1808,-123.27809248295372,145.91931225910477,127.55819514357033,13.568490125437629,-30.870734391550908,31.76409310373697,4.90904696305947,47.63737401950418,-92.93491674763301,-40.460581472716726,-34.748123286406454,-31.16032420079134,-22.64048198748004,8.164625159955879,-3.8565532834870404,10.399768062047485,-14.158824617915714
1809,-98.87282558761999,123.45396026617469,92.29029175687293,-197.37330374478404,-23.76984741713253,35.46874064603681,36.70587616210537,5.447556883562056,-21.937138335600782,-42.236673082739344,-10.00287319072889,-48.208563220901574,-36.24411515398217,8.302556320818288,30.802851799184882,-22.68578654305327,-1.9095195574004102
1810,-119.97907441926444,189.35810988350858,124.15646603874504,9.730794339765659,-29.45852374770082,31.58336820263903,8.113367917948175,40.31455340717999,-90.11910235267233,-45.563132087248704,-28.92636011511952,-30.434861890635606,-33.5733037509836,3.668105255930236,-5.592370194134225,9.527588854430185,-16.153271425331205
1811,-93.56871598989014,79.77075095096725,-102.98174279798783,-8.502523773023515,-23.538976546351996,35.20717591922249,14.807593772609073,11.4447226785624,-35.47348600666063,-30.337919228798103,-16.362121030979203,-24.52552259851136,-26.78884205893826,1.5740171312795814,17.47606700036915,2.7152461301339526,13.84058620812537
1812,10.176158368096862,81.83076279725995,105.79554659911584,-24.640738958134015,-14.219560515774033,50.71310482266857,28.5857851219404,4.933225142558026,-54.93964664028811,-18.120034581594062,12.767542848751296,-14.3716960574449,-56.82491891816981,14.088113900454994,32.47148971591731,-28.3568724918717,-17.626556075576225
1813,61.62922429587754,33.306877570226774,13.560280521335857,8.289250124454524,-32.76742928267489,9.406141776120746,1.427806675295799,55.13874349220687,21.324987014709073,-18.38367475798805,-9.684038907160907,-36.64912507504726,11.456406968319127,-18.68239229424714,-2.1770661064271,28.29095229493697,-32.63580911718465
1814,-124.98456231181122,199.66355178033268,93.05144566380284,-19.235552346766216,-20.582761439420537,32.40008930963712,34.16829512470573,8.92546060529204,43.18609740132504,-35.883993486499236,-11.774095277130513,-25.5113781856178,-43.49327161946862,-13.784995429894543,31.560820521728402,9.636810010111546,-14.81131509891726
1815,-117.03631868040995,150.38661102686754,128.1465471322078,8.30879790372274,-30.7134526010985,31.9660226806197,3.8853922629271143,25.793816648457508,-107.1726635784723,-48.90989647525502,-33.18764303104771,-39.33541301021376,-48.3534760636587,4.818104900141806,-13.381129028035286,6.471180077221216,-19.52812043315197
1816,-122.32964077029563,231.79354065904343,97.36271496969911,-15.615500739988509,-21.314554064997292,31.98270460106032,32.17130503129555,10.017087173681762,18.20581823856935,-42.25708385029527,-11.264185471015098,-28.55420574353056,-49.75422101171592,-13.993217089944253,23.03446482432328,9.005024025335741,-16.97959267023994
1817,-126.69401860432623,202.07849141975447,94.93057909601535,-18.725533809754136,-20.88645690763351,32.793662345652564,34.523475229864,9.600739325347584,41.545789500682474,-36.150709785378,-12.67415303879744,-30.448245472358956,-43.78255431633902,-13.372014453180649,31.179261482004197,9.670101039539983,-15.057338797619051
1818,-108.72208406774187,115.70781533748428,-65.14747495919963,-11.344241673312844,-25.759209199743655,38.08205359579372,19.04033797283328,10.779692283946256,-20.104616302276753,-30.861478309931933,-14.63009983271704,-26.396568783067305,-31.323385619261362,-0.018855655572082495,20.16392850111521,5.127925103356531,16.7326760553102
1819,-72.30624456331147,99.48767034904988,95.20663815804267,-198.05504515148954,-22.535080232508903,39.10902246452348,35.51780088114376,6.7325916380057045,-39.95497560176368,-37.662862341782706,-5.094002532249371,-44.37955016563906,-36.328413266507354,14.202237539674536,31.38813498687435,-29.870668196124335,-1.7786165161295577
1820,-115.15073334703115,151.77612173793273,122.40390493050867,20.934106502201896,-29.52975535115105,26.719928817993406,6.82227019136228,48.61470043027136,-106.16320906907214,-47.90279546088564,-32.8666168923494,-16.10933642469396,-21.689265590826736,2.7817829108927477,-5.303847005061369,10.333314816231464,-17.17683553311996
1821,7.697754705243505,47.73057724248155,65.08421690655457,-1.756729337668715,7.707144573178354,-6.455754116557854,30.96439284763875,12.823027195209988,-37.498191767094994,151.62136698252053,-1.812244892440626,0.16737043284418238,-22.311716219130805,2.4620641347916266,4.565969193296473,1.9799556603849273,-4.094922545171572
1822,55.551017573509924,89.11043939638132,95.16277984690039,-22.110019532672634,-12.901177094708084,42.18580449965796,25.144201694265437,-0.3273342031845616,-60.60679008425147,-24.96133886075551,1.1634572774661018,-8.41778641973475,-55.92030663202495,10.291776968771346,25.665680621680774,-23.92541393256178,-13.476404399300675
1823,-115.94790875503227,1.5982839823419466,116.51026432709254,-25.570536548626,-27.12445261586219,33.47083094591228,16.541378462822784,-58.79149608119216,-44.96515325143273,-56.58145303611542,-34.57738484350028,-67.72977924140642,-115.01530135766421,-8.997741199428038,20.00279639399415,-5.005723098302342,-33.623655329667045
1824,-117.1640576458278,219.4692285969846,87.48730844697195,-57.70235667856929,-19.926299325293833,32.92700388602499,37.733732441637585,2.677061417319963,31.89497796049591,-41.62154794942091,-7.267023147197571,-33.015430406207145,-50.68632218386387,-12.781695264768542,30.044529151057045,2.2973694414054275,-14.284638074988846
1825,-96.04200604369217,27.180494088685972,87.82099338041228,45.38030992216429,-21.702370572670773,5.503979062434139,25.14199518655017,55.206776521623695,-69.14542943960734,-54.99525110676309,-32.71669459148886,49.44032179326283,14.947764526915893,-18.818749857370577,24.60531329816441,13.391754261809377,-22.55233059042318
1826,-121.72019007004056,202.40264060615763,95.64513816795467,-23.358899111826098,-20.6826986067867,32.76309594455867,34.29711227182635,-11.29532316594134,29.213329852285497,-44.76040879017324,-11.44938345059322,-37.142849652902015,-68.27346353107987,-17.003361836481787,27.950742217811374,6.06428308853368,-20.644290868681093
1827,-97.01569679545302,87.60547126572087,96.29165489558034,-197.86450729096003,-24.913594885749806,35.578632985977144,33.36534594136132,-6.745721672361677,-37.75447239237912,-45.9267222746156,-14.013607659579858,-54.863646217926345,-49.06627718044455,9.073904550890205,28.65909237112027,-25.212799832134298,-5.303682279339255
1828,-137.34889624075885,-14.623244214040652,112.11888176957233,-3.309377299540532,-27.61044538425771,33.108265806089086,18.452484289917738,25.508736392568434,13.633160792933815,-20.017873376037333,-40.413829298480294,-39.105889920893816,-13.382188205450545,4.931105432684134,36.48830321210178,10.427486312725264,-10.985230857655072
1829,-30.408287811464174,36.32869388536428,41.93870299758898,-0.589670980587521,-15.408747849606335,12.731780520009957,-1.5838791473746052,-1.278682248344975,-24.492063594835844,-9.089747522679117,-17.398043137908633,-20.03868862949569,-5.826349944550334,-5.28607908660083,-244.02114640932857,-0.7576169375627836,0.13768285617009585
1830,48.212115800066734,88.93416284555117,96.7778888191447,-22.803020157042003,-15.823102973285,46.11873457982176,24.890095949968465,7.974112821489019,-52.61216997213329,-17.07354076630763,18.750923526460255,-15.224720607113827,-54.7530972071515,9.076828388000349,24.683656846388182,-24.70896319574762,-21.628703230422005
1831,-96.14458993661509,101.47523096933473,60.51043086249418,-195.07492798856407,-24.89975695225599,36.55035361629124,33.3395545442486,8.502720326182597,-33.07290081332049,-39.7483111989797,-11.112778020564534,-46.8038666787383,-30.141032392259,11.786786702248252,29.1851440771437,-23.13900663442416,5.2245019659950795
1832,28.068575714988263,93.49431109906524,98.26843858721016,-20.594419044368337,-13.4327884976554,49.81733149588706,26.4959156574345,-8.78580119355148,-61.59762553157894,-13.514713619203805,53.63710326131321,-1.5467422958812702,-59.07866302366954,17.071673940903782,29.788340276161144,-32.69266755541694,-12.568607042799195
1833,-116.43540058439666,3.9811049643994894,116.49053053433038,-22.08809977661466,-27.03701026899523,33.41415875528172,16.566422431341863,-58.8971337522884,-43.62016557774951,-56.56833186765564,-34.514456832977984,-67.37391238548561,-115.42131072820393,-9.528279566983528,19.985157757106673,-4.381925798304216,-33.934456395068715
1834,-137.34889624075885,-14.623244214040652,112.11888176957233,-3.309377299540532,-27.61044538425771,33.108265806089086,18.452484289917738,25.508736392568434,13.633160792933815,-20.017873376037333,-40.413829298480294,-39.105889920893816,-13.382188205450545,4.931105432684134,36.48830321210178,10.427486312725264,-10.985230857655072
1835,-108.10146091348372,1.318258220167531,111.48168421972498,-13.093901358790294,-25.84516691558596,27.84768480579843,18.015758261201817,-56.265286722167524,-58.91271786272913,-63.760253391442134,-33.65293306463072,-50.80374578863251,-112.05636347073839,-14.559950086203816,18.743503858716277,-4.271636016491699,-36.866751974841264
1836,-107.77155910711481,5.662137982607913,111.14151130924246,-13.477670937357491,-25.703945851200952,27.82961231568864,18.33619035669069,-56.99756878339994,-58.63113642323306,-64.27050845289536,-33.07075674750203,-50.73119955761694,-113.14964564708876,-15.009602076606381,18.569922167651555,-4.358853937253428,-37.066196655582814
1837,34.31778233615962,84.08185950506363,89.57289805111589,-24.620003987103964,-9.563574099035998,44.89539225198916,25.20859043782012,-2.7684166123933847,-58.88954397740288,-15.488380082142118,19.964885546736426,-8.513690307485097,-58.19382812976721,12.669304115999378,25.583672699262213,-30.567454732498938,-16.226349304554166
1838,-97.01569679545302,87.60547126572087,96.29165489558034,-197.86450729096003,-24.913594885749806,35.578632985977144,33.36534594136132,-6.745721672361677,-37.75447239237912,-45.9267222746156,-14.013607659579858,-54.863646217926345,-49.06627718044455,9.073904550890205,28.65909237112027,-25.212799832134298,-5.303682279339255
1839,-110.46224437854588,211.66954330377547,82.0464661766579,-19.215894679620867,14.646329167730192,26.256614983625184,31.94494525948308,1.8352179107240554,39.205325298796,-38.8947121817554,-5.167036927043335,-26.97281152384806,-47.48674447293942,-14.526088155776963,26.31980774902526,7.825105702108677,-14.30334467114039
1840,-98.87282558761999,123.45396026617469,92.29029175687293,-197.37330374478404,-23.76984741713253,35.46874064603681,36.70587616210537,5.447556883562056,-21.937138335600782,-42.236673082739344,-10.00287319072889,-48.208563220901574,-36.24411515398217,8.302556320818288,30.802851799184882,-22.68578654305327,-1.9095195574004102
1841,-123.27809248295372,145.91931225910477,127.55819514357033,13.568490125437629,-30.870734391550908,31.76409310373697,4.90904696305947,47.63737401950418,-92.93491674763301,-40.460581472716726,-34.748123286406454,-31.16032420079134,-22.64048198748004,8.164625159955879,-3.8565532834870404,10.399768062047485,-14.158824617915714
1842,-121.4513343517137,232.68858072367632,93.98840828661177,-16.541415188517387,-21.08786827730009,32.260447880114015,31.96968784849153,9.195051264732099,18.263624549517647,-42.31684832406143,-11.053286703000612,-29.926925883775425,-50.701186574077916,-13.671748353854833,22.71143402756795,8.665983648660289,-17.186068417778344
1843,24.72623355893819,82.60184964702307,89.73218615848057,-25.553624220372104,-14.422126438575203,47.673965724778405,17.670811028286554,1.6892785144874456,-59.453537182011395,14.152971168971918,19.875636699630224,-17.03892760709965,-55.18547148861909,7.713879931560374,25.593772465021694,-28.16851418311552,-15.715111349065861
1844,28.366178310450923,81.2627041552618,89.48817448364811,-26.434865199152828,-11.218475238352578,42.194295401452784,21.36252150689742,12.824776779235425,-62.222604079248036,-30.975548336156457,54.419609456163826,-24.05441732964102,-55.46401730316755,1.5418362883785155,23.784067852214342,-19.31969851648124,-26.992183356149113
1845,-122.32964077029563,231.79354065904343,97.36271496969911,-15.615500739988509,-21.314554064997292,31.98270460106032,32.17130503129555,10.017087173681762,18.20581823856935,-42.25708385029527,-11.264185471015098,-28.55420574353056,-49.75422101171592,-13.993217089944253,23.03446482432328,9.005024025335741,-16.97959267023994
1846,-115.89891824303739,-0.19467149622005073,116.29580152230412,-20.843287314121746,-27.04492489160081,32.873776601432205,16.422967128387874,-57.97489519416714,-45.40284410179394,-56.82829446472641,-34.95226314155908,-65.78218733371432,-114.10086204374205,-9.62675982754325,20.017215889225884,-4.292400691437408,-34.04818574037858
1847,17.141653609062796,100.7389215525801,106.6047870213266,-63.67627864968071,-14.027627557753773,51.37395096266547,31.51356885286923,-2.7882301364113165,-65.60631833092772,-23.44407527565097,17.741296292176116,-18.163360884359655,-65.49581476798308,14.759694555351446,30.9648363467738,-35.49828868400395,-16.569916327453303
1848,-37.80527785720327,25.17233028801495,33.60152353294507,-11.932436725166374,-15.685960980902403,12.085441302964512,-12.84995829485389,13.873438016726958,-10.919521715504448,-27.12476652877846,10.254764796939932,215.68304013626633,-8.176347143960466,-12.48442367573887,15.221398702723244,8.735216590625662,-1.857639682826181
1850,-119.25529489432911,189.7511517214252,123.1044369982155,8.802399497047503,-29.729314755184028,35.046296316661646,7.680851231976301,39.440614741752626,-89.06257203703139,-44.88213234442614,-28.474063903721408,-31.692438378200688,-34.00765309296408,4.0518645186419295,-6.134544489563213,9.353691976560109,-15.99742068199247
1851,-115.15073334703115,151.77612173793273,122.40390493050867,20.934106502201896,-29.52975535115105,26.719928817993406,6.82227019136228,48.61470043027136,-106.16320906907214,-47.90279546088564,-32.8666168923494,-16.10933642469396,-21.689265590826736,2.7817829108927477,-5.303847005061369,10.333314816231464,-17.17683553311996
1852,-124.59491003461066,199.66158060314663,93.35220971182962,-18.811124313835144,-20.482702838496984,32.32870249043888,34.28026813867479,8.838336746672876,47.67746468589258,-35.79812826685398,-12.312286396229405,-30.138856072771496,-43.403027552419154,-13.570375181368934,31.589135590428796,9.441770742044145,-14.698901407529087
1854,-123.27809248295372,145.91931225910477,127.55819514357033,13.568490125437629,-30.870734391550908,31.76409310373697,4.90904696305947,47.63737401950418,-92.93491674763301,-40.460581472716726,-34.748123286406454,-31.16032420079134,-22.64048198748004,8.164625159955879,-3.8565532834870404,10.399768062047485,-14.158824617915714
1855,-98.25816209630904,149.06544903154136,107.96123991248304,12.663310647938799,-25.98806218711567,26.22412381211126,1.3302350961351543,39.1136963556031,-96.82700777379948,-37.88869144703094,-27.33988182040684,-26.6750385910764,-24.956356761439444,7.067284111589681,-11.067401096897477,7.850145444744792,-12.965093594432064
1856,-109.11075003288659,112.42482134443225,-65.47714582544326,-11.594129471739501,-25.696831022061073,38.110109495864045,19.321354305178094,10.75453768934122,-17.67807472699178,-30.268572042554897,-14.770721783743124,-26.422098610405254,-30.634626374429313,-0.010736723816380498,21.053181067641365,5.202078903390899,16.911462704929026
1857,-54.949100128826565,34.91197119377283,-85.66511654731664,-3.1278953509034015,-9.915377650577,19.413229677248548,16.487831599318806,14.273875686827834,-42.81796872754619,-48.416233537721475,-23.48247585972407,-19.817002826745913,-24.308685872020803,-2.859602645140998,16.85249339581312,-2.7231887260282615,-30.757632358734636
1858,-42.42357623125559,32.41290011364209,31.512863827205756,-2.936441795285625,186.89082026607454,-4.437299601290136,2.2336356898100287,0.3884942179862831,5.139370598622435,-22.642678187064025,-1.7451420177642214,-14.13295028769004,-10.881048396917647,-0.5719546610564766,10.141299045740773,3.728768953338198,-2.645653097231889
1859,-121.57284749544577,232.58454254562469,96.60920560027215,-16.525579710900896,-17.894581899240347,31.887454508816887,31.736475241722594,9.050578535330562,19.472868902929058,-41.76126643140904,-10.657843868387284,-29.870933631466336,-50.35180653548748,-13.560492209241598,22.6900430099709,8.818217305487533,-16.59101923154066
1860,-115.3711559471811,-0.20948123163972618,115.01646342340428,-21.801704638971835,-27.20808850858737,33.155686416708164,15.182954660864223,-58.47669319355082,-44.44843616595324,-52.930153284076326,-34.418956991676644,-67.73993171987158,-114.21707545736129,-9.723758476781999,19.49135202726044,-4.286387952713019,-33.603837282648136
1861,-122.32964077029563,231.79354065904343,97.36271496969911,-15.615500739988509,-21.314554064997292,31.98270460106032,32.17130503129555,10.017087173681762,18.20581823856935,-42.25708385029527,-11.264185471015098,-28.55420574353056,-49.75422101171592,-13.993217089944253,23.03446482432328,9.005024025335741,-16.97959267023994
1862,-128.7699263043444,-16.697451729484126,92.9322516173031,0.10035579486107143,-28.050397259493266,30.401439820419807,8.329506830412598,43.26122926430386,22.925270529539223,20.46396711739607,-35.00245925341025,-35.37154660139252,12.9070111990451,2.1192627457306283,33.93220083371119,14.190657312060612,-3.9077478201838645
1863,-110.66507753026576,70.04916708648219,-65.98462532621409,-7.821305250670691,-26.749049436434532,38.01012303205638,16.092392960020234,17.44527888960459,-21.9371798955525,-25.99600356031305,-20.23721617846798,-26.856009778018986,-20.421603665176235,4.259119665336398,22.324443622587708,5.737524920437828,18.386259738754696
1864,-115.89891824303739,-0.19467149622005073,116.29580152230412,-20.843287314121746,-27.04492489160081,32.873776601432205,16.422967128387874,-57.97489519416714,-45.40284410179394,-56.82829446472641,-34.95226314155908,-65.78218733371432,-114.10086204374205,-9.62675982754325,20.017215889225884,-4.292400691437408,-34.04818574037858
1865,-96.14458993661509,101.47523096933473,60.51043086249418,-195.07492798856407,-24.89975695225599,36.55035361629124,33.3395545442486,8.502720326182597,-33.07290081332049,-39.7483111989797,-11.112778020564534,-46.8038666787383,-30.141032392259,11.786786702248252,29.1851440771437,-23.13900663442416,5.2245019659950795
1866,-61.88265430907271,29.917483042733807,47.29341215092929,-2.677094779519119,149.79293643993358,1.0342437109592812,5.839499006822389,5.274989929577437,16.715037969363596,-24.685322954445322,-4.25147113356465,-17.39082454324159,-9.468603882948534,2.984388854216018,16.038552753799696,4.512177015400274,-1.712921350597568
1867,-137.34889624075885,-14.623244214040652,112.11888176957233,-3.309377299540532,-27.61044538425771,33.108265806089086,18.452484289917738,25.508736392568434,13.633160792933815,-20.017873376037333,-40.413829298480294,-39.105889920893816,-13.382188205450545,4.931105432684134,36.48830321210178,10.427486312725264,-10.985230857655072
1868,54.90611744758734,89.25073171591164,92.14017398362623,-22.23659855179217,-13.20040522236739,42.77225806927953,24.89398062419681,-0.4608147663031835,-61.04674408333191,-28.991070879176203,0.9473961177942214,-8.739722526324597,-56.23094775952247,10.20612792683919,25.880164887610515,-24.187977981005897,-14.05846094833619
1869,-107.91293809767782,155.70654011709888,111.88361452521337,11.650158075020334,-32.23766542598313,61.34920995821956,2.4971033316435616,39.87531377599776,-95.59790591266274,-41.09279803266007,-28.343654778368276,-28.68510130034478,-26.03275901063155,6.619375538009685,-10.725589959351243,8.594346037530686,-15.618328099732647
1870,15.538652867527242,85.4379059767151,106.83977653729877,-29.024216461779318,-14.078180392609804,50.65448252150434,28.078405831557934,-15.937682754125863,-69.69864786397005,-27.322639853766333,14.132934387981601,-21.04077041065002,-82.00458737774272,10.448647585398149,28.35371788519834,-32.036844242912366,-23.392294796257097
1871,-49.24326106641455,52.40368381226151,-119.12277254332002,-3.76337622730263,-9.596995976932398,20.044418191122467,17.19467337934726,9.15320778807191,-53.8498063080102,-55.33856891490793,-19.749560831360878,-16.468553254605748,-30.446896129788875,-3.6891881596010494,13.786637133083014,-4.335380018083181,-26.43953529181162
1872,-115.89891824303739,-0.19467149622005073,116.29580152230412,-20.843287314121746,-27.04492489160081,32.873776601432205,16.422967128387874,-57.97489519416714,-45.40284410179394,-56.82829446472641,-34.95226314155908,-65.78218733371432,-114.10086204374205,-9.62675982754325,20.017215889225884,-4.292400691437408,-34.04818574037858
1873,28.23167478619464,91.70034764754908,68.78250031660562,-25.228595457160026,-10.523632391737573,47.63230036255576,28.0547638754826,-1.5131005811722469,-68.4195534309354,-25.426085375190517,16.651562880950692,-11.18868514797582,-63.49299297604664,11.898553784842079,27.622103117122816,-31.619045337113917,-22.22335340175438
1874,-94.6329606271057,83.96133714700647,-101.50767568706173,-8.788918910666345,-23.367898306759855,35.46564825779605,16.191061543086708,11.024282119824829,-34.64521541845691,-33.97609781237742,-16.457620872280547,-24.1595032641254,-27.993077329780892,1.7694960410780523,17.969872730215386,2.619708284542754,13.509967095704791
1876,-123.27809248295372,145.91931225910477,127.55819514357033,13.568490125437629,-30.870734391550908,31.76409310373697,4.90904696305947,47.63737401950418,-92.93491674763301,-40.460581472716726,-34.748123286406454,-31.16032420079134,-22.64048198748004,8.164625159955879,-3.8565532834870404,10.399768062047485,-14.158824617915714
1877,-30.0078205276496,26.685260004402533,28.787406230365942,-4.183050769834918,-14.486203004887555,7.059349507330736,-11.257167162039956,15.583046488726565,-24.42939547643964,-34.05672545549418,11.554094873868303,230.6614816813481,-6.1318485709568025,-17.417613934399427,13.947686672213637,8.755981265571371,-4.676205917288875
1878,25.2866021633939,92.10636160313408,93.34694287586419,-25.225618083522512,20.96875513577884,44.54807865846179,25.978578473079104,-2.762463449818649,-56.844563033036856,-20.336474265334967,20.346012301767885,-11.048742732877711,-60.43475238765846,13.068045296361667,27.717418326169668,-30.025752494065678,-15.876667623042394
1879,-71.76999511336844,99.84838466699541,95.31106115186097,-198.49339290185407,-22.52094222019248,39.103160234407056,35.467062952105515,4.645500848337315,-41.43087572413187,-38.58312286899993,-4.9574633783263415,-45.04645760095957,-38.84638011246464,13.838290908168851,30.976357803802447,-30.2386653712284,-2.355190388197645
1880,-108.72208406774187,115.70781533748428,-65.14747495919963,-11.344241673312844,-25.759209199743655,38.08205359579372,19.04033797283328,10.779692283946256,-20.104616302276753,-30.861478309931933,-14.63009983271704,-26.396568783067305,-31.323385619261362,-0.018855655572082495,20.16392850111521,5.127925103356531,16.7326760553102
1881,-128.7699263043444,-16.697451729484126,92.9322516173031,0.10035579486107143,-28.050397259493266,30.401439820419807,8.329506830412598,43.26122926430386,22.925270529539223,20.46396711739607,-35.00245925341025,-35.37154660139252,12.9070111990451,2.1192627457306283,33.93220083371119,14.190657312060612,-3.9077478201838645
1882,-93.63630017809518,10.766571271846493,50.45713439979903,41.92119111364226,-21.12696998125453,6.6876529823267505,26.817539394669442,50.09020133327117,-57.66556634616192,-52.17303383545296,-30.298247289606664,50.52871230218865,15.98545623536736,-19.222611644865495,29.19044796326899,12.540177829549895,-15.981360538458693
1883,15.739870108998826,84.62430431735217,109.17093031052255,-28.985279598752804,-10.728384239472335,50.38803955518502,27.742459890125854,-15.794252913224163,-69.41292382744412,-26.288393244738074,14.028298522999561,-21.006534127636865,-81.42603277488915,10.319676748743765,28.228546870093293,-31.7784518585482,-22.96591819733071
1884,-72.30624456331147,99.48767034904988,95.20663815804267,-198.05504515148954,-22.535080232508903,39.10902246452348,35.51780088114376,6.7325916380057045,-39.95497560176368,-37.662862341782706,-5.094002532249371,-44.37955016563906,-36.328413266507354,14.202237539674536,31.38813498687435,-29.870668196124335,-1.7786165161295577
1885,47.671816087221146,88.5607213005063,96.68489343572806,-23.025395523086193,-15.95583576947497,45.8339942587894,24.493152983086034,9.594342294929922,-52.91793793618265,-18.644524319465607,21.858774392025275,-16.84998634775915,-54.47144077819497,7.919910061924281,24.46149668134553,-23.56233560153323,-22.74423779738748
1886,-113.07761836193157,46.35901681941495,113.75864520623124,-25.292138185292774,-25.828398867212726,33.22345044422324,19.16929495839688,-65.46251770877514,-43.51247419756989,-61.75353368811145,-29.13424802779366,-66.69546647900751,-125.94960956018919,-13.58326641236231,17.53366997099805,-5.241040885194155,-35.90824517136148
1887,-86.36345385282473,19.470447227183676,116.44974373497564,-26.662115140789442,-24.517115492590097,36.88592593266382,18.211498080741837,-66.28972833860493,-60.57967001081602,-57.50707720699501,-24.229460166417198,-63.558890686403444,-127.86311527383961,-8.039412893256044,18.59642854214177,-12.719765913334914,-36.175129352539884
1888,14.611355936950414,86.33582139064417,110.42854602517454,-32.825551247754696,-14.384393904568388,50.97379358693073,28.398434348796883,-15.932247732201226,-69.31876332455715,-27.016033951389186,14.296913918025906,-21.615642178097247,-81.97206112930289,10.756197477423942,28.662329186721937,-32.411126273101864,-22.76128863800716
1889,-137.34889624075885,-14.623244214040652,112.11888176957233,-3.309377299540532,-27.61044538425771,33.108265806089086,18.452484289917738,25.508736392568434,13.633160792933815,-20.017873376037333,-40.413829298480294,-39.105889920893816,-13.382188205450545,4.931105432684134,36.48830321210178,10.427486312725264,-10.985230857655072
1890,-133.5197869670511,-16.564164110707047,104.44629450740163,8.726111718511854,-26.58192470661422,27.864251482936183,19.489619038125387,47.777411258757084,14.335599106972909,-14.619303508454667,-39.802214602352194,-17.751847125977285,13.95293192161827,2.9922505888793767,38.66497559140019,14.136542663541107,-7.906883939757862
1891,-94.96286243347461,79.61745738456608,-101.16750277657921,-8.405149332099146,-23.509119371144862,35.48372074790584,15.870629447597832,11.756564181057247,-34.92679685795297,-33.46584275092422,-17.03979718940924,-24.232049495140977,-26.899795153430535,2.2191480314806165,18.14345442128011,2.7069262053044842,13.709411776446334
1892,-90.8789878563927,2.9514652762165468,96.69884629121682,-21.748466791620576,-22.162252687165573,27.33380730980649,12.844155261463548,-66.49857285806823,-49.29493512796041,-54.25640443904063,-27.54402167555947,-61.296901723999376,-116.41673681770146,-10.724100875909446,12.806368075815438,-6.842023308740097,-32.85445471689492
1893,-97.90526618020158,-9.692031052069304,83.03428879631353,43.26118909886736,-20.763811801483204,5.248208377284924,27.32246868047404,54.92990162162282,-45.65188495450044,-48.392144974524854,-34.018489375737715,49.67152791545885,22.738756581964182,-18.437497031168128,33.00302325700378,13.988936052805922,-20.484968777363125
1895,-114.58149621262217,-0.5413727662086052,115.16398172301764,-24.74957505390221,-26.78083510295239,32.81309386857053,15.521447453122105,-58.27939994340697,-44.58858313771015,-55.86695746713537,-34.932411953272776,-66.32899960099577,-114.09763823647022,-9.658769060810403,19.38937045817034,-3.6831064240479368,-33.807948387700336
1896,-94.96286243347461,79.61745738456608,-101.16750277657921,-8.405149332099146,-23.509119371144862,35.48372074790584,15.870629447597832,11.756564181057247,-34.92679685795297,-33.46584275092422,-17.03979718940924,-24.232049495140977,-26.899795153430535,2.2191480314806165,18.14345442128011,2.7069262053044842,13.709411776446334
1897,-101.84170895352413,79.82255162564618,95.05269594537114,-192.23621732482184,-25.062889631519617,35.09687313329186,33.72926992878979,15.047424782443473,-24.778149692741607,-36.984079599514104,-15.816805507391258,-46.60284681294993,-22.566160036409812,12.61489060538733,32.80892233395845,-21.44330297422682,0.3483270960317534
1898,-50.98075207298067,38.36582080682681,-82.80664658772507,-7.413998413624334,-9.74414035220564,19.631152204767677,17.043487983925097,-6.285190707361208,-57.03028080252048,-60.74676233201986,-22.7947604789238,-26.192604076580654,-49.59930742608595,-5.853938059996809,13.402108986005095,-6.411480401898397,-36.65454551109455
1899,-47.94056721918658,40.34914300934927,-82.84474255870879,-7.909776907898531,-9.478028768126626,19.976521673494908,17.24003875841398,-7.097678372116102,-58.698073101877526,-60.89166237209912,-21.70804318055485,-25.80384728357088,-50.95281609828455,-5.750016591664317,13.245877895402131,-7.2539862054776405,-36.89855727491582
1900,-122.32964077029563,231.79354065904343,97.36271496969911,-15.615500739988509,-21.314554064997292,31.98270460106032,32.17130503129555,10.017087173681762,18.20581823856935,-42.25708385029527,-11.264185471015098,-28.55420574353056,-49.75422101171592,-13.993217089944253,23.03446482432328,9.005024025335741,-16.97959267023994
1901,47.671816087221146,88.5607213005063,96.68489343572806,-23.025395523086193,-15.95583576947497,45.8339942587894,24.493152983086034,9.594342294929922,-52.91793793618265,-18.644524319465607,21.858774392025275,-16.84998634775915,-54.47144077819497,7.919910061924281,24.46149668134553,-23.56233560153323,-22.74423779738748
1902,-97.90526618020158,-9.692031052069304,83.03428879631353,43.26118909886736,-20.763811801483204,5.248208377284924,27.32246868047404,54.92990162162282,-45.65188495450044,-48.392144974524854,-34.018489375737715,49.67152791545885,22.738756581964182,-18.437497031168128,33.00302325700378,13.988936052805922,-20.484968777363125
1904,-123.27809248295372,145.91931225910477,127.55819514357033,13.568490125437629,-30.870734391550908,31.76409310373697,4.90904696305947,47.63737401950418,-92.93491674763301,-40.460581472716726,-34.748123286406454,-31.16032420079134,-22.64048198748004,8.164625159955879,-3.8565532834870404,10.399768062047485,-14.158824617915714
1905,-49.7797434077738,56.57946027288106,-118.92804353129377,-5.008188689795545,-9.589081354326817,20.584800344971985,17.33812868230125,8.230969229950647,-52.06712778396578,-55.078606317837156,-19.31175452277978,-18.060278306377036,-31.767344814250748,-3.590707899041328,13.754579000963806,-4.42490512494999,-26.325805946501756
1906,27.2725199084725,91.55234666174502,68.79842912734209,-25.321957480486837,-11.009487625691493,47.910157709834685,27.300985934529244,-1.067331068484164,-68.47595275139625,-22.461950250079113,16.642637996240072,-12.041208877937276,-63.19215731193182,11.403011366398179,27.623113093698763,-31.379151282175574,-22.17222960620555
1907,44.09520794689247,21.288467935327724,56.23048898060572,8.659007840246543,-36.36873537079056,12.116083362145481,1.676789717698622,59.934693412960605,35.28973759280374,-10.70169454265034,-13.526809636683263,-40.37061445438607,16.76187303200535,-16.6870453606543,2.415872279978997,31.450904880869672,-28.492129805819904
1908,-38.57360824717508,35.54856253632748,-29.792929878989764,-11.181866017278228,-10.099712973130485,10.234600218360663,2.2179126584504254,-16.975801258955364,-2.2273118948441435,27.608543817415327,-20.69722960743901,2.75140597499661,-29.226088135081305,-6.85130658909916,2.1532894619443614,22.128145782882594,134.91681182259993
1909,-30.408287811464174,36.32869388536428,41.93870299758898,-0.589670980587521,-15.408747849606335,12.731780520009957,-1.5838791473746052,-1.278682248344975,-24.492063594835844,-9.089747522679117,-17.398043137908633,-20.03868862949569,-5.826349944550334,-5.28607908660083,-244.02114640932857,-0.7576169375627836,0.13768285617009585
1910,15.802260086779992,85.08339255512419,109.473657400207,-29.005696343969703,-14.01520692162882,53.62919603620644,27.750982093022255,-15.914909356938121,-69.04777474366699,-26.710604958741396,14.26065478912989,-20.983244906472034,-81.6647873311703,10.393243339465448,28.341879211863787,-31.80804621956646,-22.762930569708605
1911,-121.45036146718222,232.65369624735104,96.90683702015365,-16.491715458058092,-21.298652397709112,32.24325647910727,31.65502962154568,9.044437699318989,18.727072631412,-41.503793580661295,-11.069096754886646,-30.060220199747867,-50.28754662832171,-13.70027103470148,17.62766091049401,8.75640779155014,-16.583149764795312
1912,-134.52526744549087,-13.434463684056208,106.59020539505389,9.073373957862882,-26.61444570908967,28.112740411549208,20.271638380769332,48.11440735585697,12.455746680395588,-18.34013329795782,-40.33926880975615,-17.432844195268952,13.153219582293943,3.6292625573247106,38.443110445784995,14.05406893867727,-8.216845021055727
1914,-71.91757859816677,102.77066434210191,95.53630902428628,-197.8051573530629,-22.597458410191486,39.08096656445315,35.236784548798944,6.757746232610741,-42.38151717704866,-38.25576860915973,-4.953380581223287,-44.35402033830111,-37.017172511339396,14.194118607918833,30.49888242034819,-29.9448219961587,-1.957403165748388
1915,-113.7251175369715,1.6205474044815629,116.79260747382918,-22.20010869232166,-26.912119749301226,33.77760071411874,16.442541110341878,-58.97733935581086,-45.56953931660263,-56.2029768462817,-34.00991585173773,-67.05770182349141,-115.68153722405218,-8.974706108248471,20.00250835756843,-5.13721368112173,-33.979023478148434
1916,-55.476862424682864,34.9267809291925,-84.3857784484168,-2.169478026053314,-9.75221403359044,19.131319861972592,17.727844066842447,14.775673686211524,-43.772376663386886,-52.31437471837156,-24.015782009606507,-17.859258440588665,-24.19247245840156,-2.7626039959022486,17.378357257778564,-2.729201464752651,-31.20198081646508
1918,-109.09952945642664,209.78764540918564,55.61324516762879,-20.062485004576942,-17.21001842286821,30.00874236655033,34.50734973047903,1.1676998204659996,28.063523217598718,-44.7778853681195,-9.12554807027967,-28.225171309597407,-52.809752459969026,-15.994477301659277,27.011193308450014,6.008925758766565,-20.651623755966483
1919,-112.87864273931847,32.4671651324792,120.12741210724907,-19.20545221378089,-27.802013110206026,33.15167224468823,13.435827012404838,-57.91330574500561,-68.16716277009536,-61.987139479972775,-33.69041363984585,-67.19116034312167,-121.21562100017404,-9.159816894137984,11.266213782909826,-5.036245877886176,-35.522878210515465
1920,-137.34889624075885,-14.623244214040652,112.11888176957233,-3.309377299540532,-27.61044538425771,33.108265806089086,18.452484289917738,25.508736392568434,13.633160792933815,-20.017873376037333,-40.413829298480294,-39.105889920893816,-13.382188205450545,4.931105432684134,36.48830321210178,10.427486312725264,-10.985230857655072
1921,-96.27821187387023,12.251981069019223,77.70052141786793,-22.84882433835328,-23.312197454534928,30.9704870650626,16.196137207650324,-65.29813347641904,-60.00244705260316,-64.50279816918301,-30.457228086116913,-64.1421903980714,-122.87952776655696,-11.241341256977117,15.356964800559982,-8.504545586825444,-39.175521214046604
1922,114.21660371517316,39.321100809420365,41.84206121127065,7.453660374554953,-20.298194470056128,-2.957264271639283,1.948264861115649,11.41125352871381,-17.182703535345127,-65.84396000544622,-89.59194667624105,-2.1657036681481143,1.1592733399004906,-9.760847240607875,5.4702645714283324,26.878840419763694,10.033855130608055
1923,-128.7699263043444,-16.697451729484126,92.9322516173031,0.10035579486107143,-28.050397259493266,30.401439820419807,8.329506830412598,43.26122926430386,22.925270529539223,20.46396711739607,-35.00245925341025,-35.37154660139252,12.9070111990451,2.1192627457306283,33.93220083371119,14.190657312060612,-3.9077478201838645
1924,-124.72938324816431,199.0967919789077,92.77073939762663,-18.97943402577835,-20.36808067120414,32.26731606976062,34.49523382817341,8.817973715559617,43.482041247720645,-35.39401512098626,-12.12817394668287,-29.91472467310583,-43.2836776411295,-13.51348400318208,31.400116651043447,9.512680709465478,-14.798501511870018
1926,32.32737472411386,89.99612990004067,100.83872778149241,-23.958792848367136,-7.987349173891322,42.322166842302295,30.86623231020422,0.5793160651968984,-63.52972361188426,14.707446412001692,18.125573434528828,-8.528374708668423,-60.1966991314489,12.904632685920756,26.14565785531232,-28.761830722563918,-16.482838547529425
1928,-51.87169324444692,66.20510805957245,65.47169180743951,1.514995846887633,-21.034370260330373,18.543783224775293,-1.0429453254715613,5.219494075049231,-44.84019135933895,-17.740743090828484,-23.407895948271985,-26.59985468393853,-13.143200972980212,-4.085741736335052,-245.97307788530608,0.680163318187071,-3.107314509518535
1929,-139.74250737428508,25.401021247032702,108.31224764289118,-4.062986215857448,-26.458783293034855,33.53875561999825,21.93646981361578,36.779776390370905,31.23317337375659,-16.0678615870903,-35.96528852104823,-34.04253197564034,-1.8804748634500317,4.2582374631719375,38.60000450804719,12.864974494939485,-7.477338790406363
1930,-94.6329606271057,83.96133714700647,-101.50767568706173,-8.788918910666345,-23.367898306759855,35.46564825779605,16.191061543086708,11.024282119824829,-34.64521541845691,-33.97609781237742,-16.457620872280547,-24.1595032641254,-27.993077329780892,1.7694960410780523,17.969872730215386,2.619708284542754,13.509967095704791
1931,25.199491477510108,90.71938563277268,96.92506527917281,-25.50457601376211,20.96737134242946,44.450906595430375,25.981157612790373,-4.287307649673077,-57.31272019094271,-20.95431537289856,20.055929337866353,-11.854720686796515,-62.32727686647702,12.796757081225863,27.664813155567327,-30.233131813836692,-16.92948604757583
1932,-132.42615887577531,-15.851374500664061,105.01183601086815,8.987783453781873,-26.210691639953144,27.64778055633552,20.028431289580116,47.35200477718226,18.587421865605698,-17.987551779433787,-39.97740216718811,-17.123454795681493,13.532746346213806,3.4309018291364235,38.852984554209606,13.825738641181433,-7.858407630965759
1933,-23.518514215440998,23.430982831454358,30.864187233777248,-2.600348642014049,-8.281647412036616,197.03811699849095,-1.7168257696668974,9.20120729152989,-14.035843680478367,-21.829319137016537,-11.242264920169635,-12.69235896563024,-9.347274453943026,-7.137249978638024,9.332569623477426,7.346770622353653,-1.4540130465723764
1935,-117.5809734660447,167.57199160279333,93.01593006069335,10.729779461695397,-30.707601712287282,33.21757358673635,4.519331578518272,41.0926695632433,-101.22966786821189,-43.224813072182314,-30.04409579957973,-31.36134406657971,-30.21535434332923,7.336521256816799,-7.480331540301795,8.704064401850147,-9.28264974795239
1936,-126.21630042174276,198.96360072852332,94.06600630726294,-18.114378724255076,-20.6907722881715,32.26326360176358,34.9814683547437,9.765541227631392,42.47123399141909,-36.328021176524935,-12.670404981275928,-28.809504016910036,-42.86662856339545,-13.912027772387232,31.926990489584842,9.74656202567943,-15.191726174051633
1937,-98.28518399986217,112.84510257229095,98.9887295241344,-191.0367299748455,-25.805839837808414,35.36890654643147,30.69139188376854,13.021923441936607,-49.01836848341117,-43.06318514197769,-14.418416851754994,-48.67872725767783,-32.198885838799086,12.71788690728691,23.64614304457051,-22.555145335779653,-1.7029392461732262
1938,-46.18736522601165,39.51209988460324,30.979506616245253,-3.296036195646167,148.54517383496434,30.066768151598982,3.655270096979608,-0.2100230273717463,14.026851842153693,-25.167496645695422,2.160828229098095,-12.584422924687656,-10.115747552031234,1.2549536128132235,9.439769702061874,3.0770593520926197,-2.909024986397823
1939,-123.814574824313,150.09508871972432,127.75292415559659,12.323677662944714,-30.862819768945325,32.30447525758648,5.052502266013458,46.715135461382914,-91.1522382235886,-40.20061887564595,-34.31031697782535,-32.75204925256263,-23.960930671941913,8.2631054205156,-3.8886114156062477,10.310242955180676,-14.045095272605852
1940,74.58416717071711,42.508665930913665,52.27140686745985,3.980180827744161,-33.706235736651045,15.666950112449202,3.6397183228761967,53.3346609652661,19.079971757139173,-11.532853835879317,-2.3695536890922466,-35.67706857036953,5.119310788837881,-15.37654246219358,0.9061665445517155,23.233226164848254,-29.879429019499188
1941,8.967717251729772,81.1283337487517,109.80917819853026,-25.01421514389538,-14.565414732934238,50.98795395745776,28.55968758317131,3.478213764950453,-54.972255989056244,-18.21031297652116,12.548813226112246,-15.330154635307414,-58.62308670987662,13.950830783822177,32.52426688854626,-28.388136476405393,-17.683480174054495
1942,-99.6542708883274,208.9481863038207,80.21176071218507,-17.02929931787571,-17.558029075820414,27.1966388710681,28.43073143931186,0.8296240461200722,79.49682792200011,-37.0208488153561,-8.188742225512017,-27.215759694280173,-46.12600337360526,-15.95091846556267,28.09030428643803,6.807764587147026,-16.14400541132193
1943,-25.405148584527176,54.95261397054174,-84.12741324192697,-8.426653603085542,-7.210266622263302,23.13760696308779,19.46563709015816,4.373749752105364,-60.42510269477716,-53.913417987857386,-13.156439880541587,-16.30286922859831,-40.47269253445639,-1.53920369312073,15.54579272762255,-11.52456386175423,-33.90549830069448
1944,-107.36605946657647,113.48796471088602,-69.38635443103938,-11.659001036342664,-25.336838792584444,37.82939813095843,19.29671391490894,10.122458277280405,-19.121365500591835,-31.098554174845027,-14.415453007181043,-26.130547467863252,-31.354425428679793,-0.23740023868924504,20.588626711940524,4.865345712820528,16.39181293133921
1945,-55.80699712246801,35.119391945317176,-83.74645353208972,-3.4688686603435617,-9.871382463053443,19.683912275815477,17.50012934526932,12.49862639965429,-43.747179701206726,-52.464417587064816,-24.023612864231072,-20.190437158696042,-26.937605812470366,-2.5784183764456476,17.108103633652178,-3.0995058259617965,-31.465380662481756
1946,-137.39788675275375,-12.830288735478653,112.33334457436075,-8.036626534044784,-27.68997310851909,33.705320150569165,18.570895624352648,24.69213550554341,14.070851643295022,-19.771031947426344,-40.038951000421505,-41.05348182858591,-14.296627519372704,5.560124060799347,36.47388371687005,9.71416390586033,-10.560700446943542
1947,-128.81891681633928,-14.904496250922135,93.14671442209152,-4.626893439643179,-28.12992498375465,30.998494164899885,8.447918164847508,42.44462837727884,23.36296137990043,20.710808546007062,-34.627580955351455,-37.31913850908461,11.992571885122938,2.748281373845841,33.917781338479465,13.477334905195677,-3.4832174094723345
1948,-102.3781912948834,83.99832808626572,95.2474249573974,-193.48102978731472,-25.054975008914035,35.63725528714137,33.87272523174378,14.12518622432221,-22.995471168697186,-36.724117002443336,-15.378999198810163,-48.194571864721226,-23.886608720871685,12.713370865947052,32.776864201839246,-21.532828081093633,0.46205644134161544
1949,-102.17184365130927,80.01516264177086,95.69202086169823,-193.53560795911207,-25.18205806098262,35.649465547134746,33.50155520721666,12.770377495886239,-24.752952730561447,-37.134122468207366,-15.824636362015825,-48.93402553105731,-25.311293390478617,12.799076224843931,32.538668709832066,-21.813607335435968,0.08492725001507667
1950,-135.9500270860646,-0.7682942458464703,75.05831963758632,-1.4782153219946328,-27.759771067750457,34.36189625167914,17.186680425281377,40.25538039172902,19.269140307833155,-9.941321119751342,-36.97969350958253,-33.003854767863025,5.426843169115777,7.546988934803429,36.488491056159766,12.507292249159791,-0.012698154590294589
1952,-117.69146035354454,-15.084250621059203,91.4776966003021,0.16892072660594054,-22.869153302986703,27.626918815627594,15.38105171337588,37.85596662535125,24.50007099044929,-8.243378078179278,-34.37097937171099,-27.951529957973765,9.481605480162926,7.473230699374783,33.395227229410324,11.557835446463242,-4.0257611134905495
1953,-121.57284749544577,232.58454254562469,96.60920560027215,-16.525579710900896,-17.894581899240347,31.887454508816887,31.736475241722594,9.050578535330562,19.472868902929058,-41.76126643140904,-10.657843868387284,-29.870933631466336,-50.35180653548748,-13.560492209241598,22.6900430099709,8.818217305487533,-16.59101923154066
1954,-91.92267757968054,81.60077958708855,-101.20559874756293,-8.900927826373346,-23.243007787065853,35.82909021663308,16.067180222086723,10.944076516302353,-36.59458915731002,-33.610742791003474,-15.95307989104029,-23.8432927021312,-28.25330382562914,2.3230694998131085,17.987223330677143,1.8644204017252406,13.465400012625064
1955,-93.33968501089657,80.57656257296819,-102.45591406851496,-8.45418541908582,-19.955840763608492,34.8300160117031,15.612776450559739,10.980012039594895,-35.16084327814162,-33.74024299056196,-16.28908557823383,-23.884506100289887,-27.27021416909058,2.1037406612209852,17.65750904798221,2.522426671561354,13.784811189094203
1956,-112.63967690003356,1.7954456478534333,111.33301703787923,-5.183075372927458,-25.2098780960948,37.173175208368505,20.697656603615922,35.97772035514616,11.73943598522549,-12.41431137335088,-30.91987870864569,-30.880426355698347,-4.4827398219324985,9.7939720505225,38.77351051266475,5.312095666764348,-7.923009621203598
1957,-113.46628432707628,43.07602282636294,113.4289743399876,-25.542025983719434,-25.766020689530148,33.25150634429357,19.450311290741695,-65.4876723033802,-41.085932622284915,-61.16062742073442,-29.274869978819744,-66.72099630634546,-125.26085031535713,-13.575147480606606,18.422922537524208,-5.166887085159787,-35.72945852174265
1958,-115.89891824303739,-0.19467149622005073,116.29580152230412,-20.843287314121746,-27.04492489160081,32.873776601432205,16.422967128387874,-57.97489519416714,-45.40284410179394,-56.82829446472641,-34.95226314155908,-65.78218733371432,-114.10086204374205,-9.62675982754325,20.017215889225884,-4.292400691437408,-34.04818574037858
1959,-41.63331207780616,17.046360292389927,17.679559342957933,-3.622067504975881,-30.07370517106751,205.33463557638055,2.175993093832067,5.139908201524029,-0.7495457054231917,-16.521630206048922,-6.573787028728451,-9.716529995595403,-2.778700593840538,-2.0702115036391113,1.1303781952004768,4.214740487057329,-11.595287080839798
1960,-95.5951014523611,0.8990774760850189,97.56096531821167,-24.46398652873913,-23.679467123733048,25.386175744172387,9.380534101163539,-50.35115477323111,-53.53011723956426,-70.27492840771438,3.9346032353190457,-77.71985296403389,-114.76379863071229,-22.039774186580463,11.096932732272853,4.013320959933417,-44.33386278650113
1961,-132.56063208932895,-16.41616312490299,104.43036569666516,8.819473741838669,-26.0960694726603,27.586394135657258,20.243396979078742,47.331641746069,14.39199842743376,-17.583438633566075,-39.79328971764158,-16.899323396015827,13.652096257503457,3.487793007323278,38.66396561482425,13.896648608602765,-7.958007735306692
1962,-108.10146091348372,1.318258220167531,111.48168421972498,-13.093901358790294,-25.84516691558596,27.84768480579843,18.015758261201817,-56.265286722167524,-58.91271786272913,-63.760253391442134,-33.65293306463072,-50.80374578863251,-112.05636347073839,-14.559950086203816,18.743503858716277,-4.271636016491699,-36.866751974841264
1963,-94.6329606271057,83.96133714700647,-101.50767568706173,-8.788918910666345,-23.367898306759855,35.46564825779605,16.191061543086708,11.024282119824829,-34.64521541845691,-33.97609781237742,-16.457620872280547,-24.1595032641254,-27.993077329780892,1.7694960410780523,17.969872730215386,2.619708284542754,13.509967095704791
1964,15.384125973880634,84.93590774999879,109.16205417985658,-29.02669685596859,-14.575657187790215,53.839667356473264,27.8475063283901,-15.989585510603561,-68.69992385927742,-26.581875637177617,14.374331831365227,-20.925626757970235,-81.49197115736119,10.510938112020423,28.13457438652468,-31.87170074410699,-23.02996830537996
1965,-106.32253873223806,155.90340598104237,113.62205318368335,12.149734412852746,4.391260676329584,28.6899738557322,1.8980003067066644,38.99791393945328,-94.21885063387852,-42.52358412627156,-26.78871096325424,-28.94246673984552,-26.779021486060937,7.3943107200712594,-9.258181311894965,8.380875846746104,-13.248979748098321
1966,-122.57266478219698,233.37312764552948,94.42391748271758,-16.635933444039154,-21.432338701110915,32.632469077934616,31.94101117001117,9.264884086978954,18.69917235865537,-41.78928561142494,-10.98193336173813,-30.079406507719135,-50.606829886966175,-13.537743255351847,22.816816370799238,8.842098983897609,-16.19017409172318
1967,-137.34889624075885,-14.623244214040652,112.11888176957233,-3.309377299540532,-27.61044538425771,33.108265806089086,18.452484289917738,25.508736392568434,13.633160792933815,-20.017873376037333,-40.413829298480294,-39.105889920893816,-13.382188205450545,4.931105432684134,36.48830321210178,10.427486312725264,-10.985230857655072
1968,-126.69401860432623,202.07849141975447,94.93057909601535,-18.725533809754136,-20.88645690763351,32.793662345652564,34.523475229864,9.600739325347584,41.545789500682474,-36.150709785378,-12.67415303879744,-30.448245472358956,-43.78255431633902,-13.372014453180649,31.179261482004197,9.670101039539983,-15.057338797619051
1969,-108.26146422706364,23.59169276822789,113.28613935712671,-60.7501632824,-26.499223093814763,33.80015576048942,19.520303701039783,-65.16357765365018,-54.25422791962099,-61.802094166785444,-29.321973766914113,-70.20711863453785,-122.29403878631038,-8.719415795454259,18.42572721533421,-11.49207800590276,-32.82089254846752
1970,-115.89891824303739,-0.19467149622005073,116.29580152230412,-20.843287314121746,-27.04492489160081,32.873776601432205,16.422967128387874,-57.97489519416714,-45.40284410179394,-56.82829446472641,-34.95226314155908,-65.78218733371432,-114.10086204374205,-9.62675982754325,20.017215889225884,-4.292400691437408,-34.04818574037858
1971,-86.36345385282473,19.470447227183676,116.44974373497564,-26.662115140789442,-24.517115492590097,36.88592593266382,18.211498080741837,-66.28972833860493,-60.57967001081602,-57.50707720699501,-24.229460166417198,-63.558890686403444,-127.86311527383961,-8.039412893256044,18.59642854214177,-12.719765913334914,-36.175129352539884
1972,-121.45036146718222,232.65369624735104,96.90683702015365,-16.491715458058092,-21.298652397709112,32.24325647910727,31.65502962154568,9.044437699318989,18.727072631412,-41.503793580661295,-11.069096754886646,-30.060220199747867,-50.28754662832171,-13.70027103470148,17.62766091049401,8.75640779155014,-16.583149764795312
1975,-50.05464137308332,66.14568829383217,63.53709998147613,1.949331179654608,-20.592510213900006,17.99524327892944,-1.3014651304687177,6.548973849534691,-43.854581065217566,-16.656694166596548,-22.85783405905436,-25.373896622026944,-10.81511669664546,-3.871383586586502,-246.2296980997211,0.8165863631822639,-2.450690001320244
1976,-108.59136603343255,19.247813005787506,113.62631226760924,-60.3663937038328,-26.64044415819977,33.81822825059921,19.19987160555091,-64.43129559241778,-54.53580935911706,-61.29183910533225,-29.904150084042808,-70.27966486555343,-121.20075660996001,-8.269763805051694,18.59930890639893,-11.40486008514103,-32.62144786772597
1978,-97.81775558693207,156.33561936396362,120.23992193077243,17.030481431217392,-30.27473871652973,24.337879747786953,-5.153505352070028,43.30521938104228,-110.77858566949897,-47.63433789624957,-29.411279406229077,-41.299846348939255,-17.81146147916302,2.15788594015694,3.443052699340073,7.713675995171998,20.589726228030536
1979,16.40975972636518,99.30766568032895,71.05855250421261,-26.23463715938333,-14.06434245911599,51.626203151818444,28.052614434445214,-0.6892407555815888,-65.01707628491141,-21.14422877813043,17.033764026996927,-12.980990871461982,-63.079342589557115,13.161529736756194,28.879769591221773,-29.963051045202228,-12.864110550922756
1980,-105.55118117963848,21.23113520830996,113.58821629662552,-60.862172198107,-26.37433257412076,34.16359771932645,19.396422380039798,-65.24378325717265,-56.203601658474106,-61.43673914541151,-28.817432785673862,-69.89090807254365,-122.55426528215862,-8.165842336719201,18.44307781579597,-12.247365888720275,-32.86545963154724
1981,-136.80792407970608,-0.5608734943021227,76.97698265281325,-1.8191886314347931,-27.7157758802269,34.63257885024607,18.19897817123189,38.480131104555475,18.339929334172613,-13.989505169094683,-37.52083051408954,-33.377289099813154,2.7979232286662117,7.82817320349878,36.74410129399883,12.130975149226256,-0.7204464583374168
1982,15.60696390967815,84.30261561742168,108.82582092733315,-29.1857326808179,-14.114907359529616,50.09605138941532,27.39684552090926,-14.442984883807071,-69.05141488266617,-27.899852877619473,17.572117520125197,-22.398536667246272,-81.19301446415825,9.368804292437815,27.927714678369625,-30.785057588236477,-23.908128953502548
1985,-22.94120514728653,62.26246397251595,61.98166577174355,15.499273917211822,-18.802772041916022,16.774246629732797,11.45354472596383,-30.270806753344473,-25.068178372323693,7.828732882874003,172.08439698332265,33.33553162404138,-15.796574605381489,24.764266251160727,26.865257990324093,-16.82459996988458,16.13167696036391
1986,-108.10146091348372,1.318258220167531,111.48168421972498,-13.093901358790294,-25.84516691558596,27.84768480579843,18.015758261201817,-56.265286722167524,-58.91271786272913,-63.760253391442134,-33.65293306463072,-50.80374578863251,-112.05636347073839,-14.559950086203816,18.743503858716277,-4.271636016491699,-36.866751974841264
1987,44.09520794689247,21.288467935327724,56.23048898060572,8.659007840246543,-36.36873537079056,12.116083362145481,1.676789717698622,59.934693412960605,35.28973759280374,-10.70169454265034,-13.526809636683263,-40.37061445438607,16.76187303200535,-16.6870453606543,2.415872279978997,31.450904880869672,-28.492129805819904
1988,-94.89607300207783,-6.386182424819377,85.90868756664156,38.88172401281962,-21.07842973706576,5.743988252082978,27.124347124126974,34.81660474012186,-59.92059634993558,-57.75853864371184,-33.339698879648076,42.44340293566266,-2.2510293079861534,-21.92737486446784,29.553648823771717,10.540538431874129,-26.330758134174204
1989,-102.29686990635652,154.5998557954069,112.06356948388145,10.967182739583402,-28.457561486247002,27.54780374287921,-1.4529174119713453,41.13613276499911,-100.79725349405705,-43.722481157699406,-24.341326159476353,18.463646939999673,-26.6352474670966,3.9536260752599093,-8.933488551506544,9.32531976741943,-13.48645412708611
1990,30.86774697872215,88.15521343163991,95.12130894568777,-25.04339427906388,-9.89389768192774,77.37943550957677,24.7805264901258,-1.2853666092948366,-61.910822227904546,-19.305736424941113,17.928766892433558,-10.613430106195972,-60.09499251032251,11.344511325515057,27.503716383777345,-29.331065103654893,-15.929711136269447
1991,55.551017573509924,89.11043939638132,95.16277984690039,-22.110019532672634,-12.901177094708084,42.18580449965796,25.144201694265437,-0.3273342031845616,-60.60679008425147,-24.96133886075551,1.1634572774661018,-8.41778641973475,-55.92030663202495,10.291776968771346,25.665680621680774,-23.92541393256178,-13.476404399300675
1992,-101.84170895352413,79.82255162564618,95.05269594537114,-192.23621732482184,-25.062889631519617,35.09687313329186,33.72926992878979,15.047424782443473,-24.778149692741607,-36.984079599514104,-15.816805507391258,-46.60284681294993,-22.566160036409812,12.61489060538733,32.80892233395845,-21.44330297422682,0.3483270960317534
1993,-101.8162732557235,210.73932318419602,82.44359391659431,-17.082560866297644,-17.47269799309406,27.863504792812403,29.281240994523735,2.228259484650884,78.59712559993382,-38.55395727390805,-7.6492671028562365,-27.09905320310491,-46.874879125460865,-15.436811052620541,26.385476900988664,6.645260064237912,-13.260831392907692
1994,-117.69146035354454,-15.084250621059203,91.4776966003021,0.16892072660594054,-22.869153302986703,27.626918815627594,15.38105171337588,37.85596662535125,24.50007099044929,-8.243378078179278,-34.37097937171099,-27.951529957973765,9.481605480162926,7.473230699374783,33.395227229410324,11.557835446463242,-4.0257611134905495
1995,-106.75744871157997,112.72611589663748,-67.30731465758835,-11.598141889337057,-25.240832963314286,37.55570731990177,19.012096571142692,9.99692667415829,-18.168364555238583,-30.104783645540188,-14.084120740602469,-25.86304798381418,-30.82450894405185,-0.1603252055735152,20.384783670154462,4.970504773282026,16.991513341059232
1996,-120.30920911704959,189.55072089963326,124.79579095507212,8.431403705475411,-29.577692177163822,32.13596061648192,7.885653196375044,38.03750612062275,-90.09390539049218,-45.71317495594196,-28.934190969744087,-32.766040608742976,-36.3184371050524,3.852290875386837,-5.862623818260611,9.157284493221042,-16.41667127134788
1997,-134.37768396069254,-16.3567433591627,106.36495752262856,8.385138409071695,-26.537929519090664,28.13493408150311,20.5019167840759,46.00216197158354,13.406388133312367,-18.66748755779801,-40.3433516068592,-18.12528145792741,11.324011981168704,3.2734348575747267,38.92058582923925,13.760225563607573,-8.614632243504984
1998,-53.941301024530446,33.31574836331207,60.24039131903996,-0.549546804611964,-19.968728437074216,18.275802279632707,1.5086981929794274,6.297427903484323,-19.58916531236782,-10.727631492826216,-24.264053569315188,-25.62919489540642,-3.927524248324986,-3.7901942690294814,-237.33717243445952,1.5581243635259525,-0.6628235051319409
1999,16.14726362252374,84.67605716246656,108.9188163107498,-28.96335731477371,-13.982174563339646,50.38079171044768,27.793788487791687,-16.063214357247976,-68.74564691861681,-26.328869324461493,14.464266654560175,-20.773270926600947,-81.47467089311478,10.52572261851388,28.149874843412277,-31.931685182450867,-22.792594386537075
2000,-122.37863128229051,233.58649613760542,97.57717777448754,-20.342749974492754,-21.394081789258674,32.5797589455404,32.28971636573046,9.200486286656737,18.643509088930557,-42.01024242168428,-10.889307172956308,-30.501797651222653,-50.668660325638086,-13.364198461829039,23.020045329091545,8.291701618470807,-16.55506225952841
2001,34.31778233615962,84.08185950506363,89.57289805111589,-24.620003987103964,-9.563574099035998,44.89539225198916,25.20859043782012,-2.7684166123933847,-58.88954397740288,-15.488380082142118,19.964885546736426,-8.513690307485097,-58.19382812976721,12.669304115999378,25.583672699262213,-30.567454732498938,-16.226349304554166
2002,-58.73121973018174,76.2785603422441,44.11693091852933,-5.826555016399902,151.12863089378465,0.8313251399074332,8.813541558404525,0.06441470152667765,18.58021091140748,-29.460519309137105,1.5743748348253397,-15.972924970427394,-18.572218045326856,-1.1563033500596425,13.825260459698246,3.933841182852672,-3.3095809355637975
2003,13.793962301217114,84.37476261026133,110.7489851428949,-28.959344897176155,-14.438172622086434,50.935193886409955,28.10304622182709,-15.305603342065048,-68.25535709037001,-26.492657721476203,13.77766561141952,-21.33232155319202,-81.28478832349224,10.675311100271015,28.818272240899184,-31.700111052341995,-22.87264502266728
2004,-31.865562456349757,20.39318041717496,-15.383624115727395,-10.67206595841087,-14.091259583730421,7.301068171495008,-7.674737475653416,-14.257444834115827,1.609529718428941,61.88395405519694,-18.510778694735137,-1.782503120942929,-22.11715687024991,-12.35328247352096,-0.8020912616413174,23.841405262917885,131.86695575455428
2005,-132.42615887577531,-15.851374500664061,105.01183601086815,8.987783453781873,-26.210691639953144,27.64778055633552,20.028431289580116,47.35200477718226,18.587421865605698,-17.987551779433787,-39.97740216718811,-17.123454795681493,13.532746346213806,3.4309018291364235,38.852984554209606,13.825738641181433,-7.858407630965759
2006,55.51472820258384,88.4888829016631,94.21921375707726,-22.17573940478656,-13.104399393097232,42.49856725822287,24.609363280430564,-0.5863463694252973,-60.093743137978656,-27.997300349871363,1.278728384372795,-8.472223042275525,-55.70103127489453,10.283202959954922,25.676321845824454,-24.082818920544398,-13.45876053861617
2007,-121.45036146718222,232.65369624735104,96.90683702015365,-16.491715458058092,-21.298652397709112,32.24325647910727,31.65502962154568,9.044437699318989,18.727072631412,-41.503793580661295,-11.069096754886646,-30.060220199747867,-50.28754662832171,-13.70027103470148,17.62766091049401,8.75640779155014,-16.583149764795312
2008,13.793962301217114,84.37476261026133,110.7489851428949,-28.959344897176155,-14.438172622086434,50.935193886409955,28.10304622182709,-15.305603342065048,-68.25535709037001,-26.492657721476203,13.77766561141952,-21.33232155319202,-81.28478832349224,10.675311100271015,28.818272240899184,-31.700111052341995,-22.87264502266728
2009,-42.42357623125559,32.41290011364209,31.512863827205756,-2.936441795285625,186.89082026607454,-4.437299601290136,2.2336356898100287,0.3884942179862831,5.139370598622435,-22.642678187064025,-1.7451420177642214,-14.13295028769004,-10.881048396917647,-0.5719546610564766,10.141299045740773,3.728768953338198,-2.645653097231889
2010,-105.61417876100103,-10.17252751483136,100.61727919429433,1.5515692239009276,-29.57054222366607,29.39880108930605,15.32107703052138,47.2690162847482,29.791834701597487,-10.91258768657672,-36.13500328120478,-35.88851831951407,10.59425212644389,3.6663968216272034,32.7518315909513,17.279903938219356,-10.084739547556682
2011,-10.956342647778877,38.08278322590253,46.477268344219084,-6.657419931444794,-3.9473062042006446,171.47104911213415,2.9592910962786094,6.232798043197626,-27.17121684685314,-22.004957034812982,-2.8441426801324448,-11.488705573490169,-21.241359392466585,-3.6533424068675022,15.119235649858853,-0.1667593755901083,-1.3911508470117357
2012,112.41977685525754,38.78411763025722,41.37367613424051,7.250039707569662,-16.418451258763916,-3.0723506596852106,1.9287857122349816,10.605962029349385,-18.4777178446994,-65.64496785730626,-89.90651860577405,-1.7278638392211585,0.8638383658645431,-9.607645537578087,5.638938183396748,26.44622458999123,10.400766712401204
2013,-122.37863128229051,233.58649613760542,97.57717777448754,-20.342749974492754,-21.394081789258674,32.5797589455404,32.28971636573046,9.200486286656737,18.643509088930557,-42.01024242168428,-10.889307172956308,-30.501797651222653,-50.668660325638086,-13.364198461829039,23.020045329091545,8.291701618470807,-16.55506225952841
2014,-91.22012776577728,80.40398227082007,-102.27717253192141,-8.227463366690506,-23.679074199822974,35.05165280472683,15.529522264777265,12.073206109262557,-34.78934928567282,-33.460570422326064,-16.474592348296202,-24.344101898512776,-26.7456046307915,1.7103119769235788,17.3850554385058,3.0612012288707424,13.249227019989757
2017,-65.89216078411485,7.806233874264471,-17.748650017032602,-6.31443449189192,-28.862780423423352,20.530488281289376,-34.92670803943704,24.34306735742071,-8.961918752441957,142.4969493321381,-3.418292969948734,-47.092485690469786,10.143745744986875,-24.291088689920148,3.3219530758220603,12.578235375233357,5.89519922409254
2018,68.43670384555217,29.58858538182376,43.63908080736638,10.740328534067565,-32.96911446856755,7.1917880394217395,-3.5147065886034117,54.649304361932295,73.81697381442329,-12.184681503963157,-8.638462854665088,-36.354514749811514,16.18751506884078,-18.387895328588503,-1.966135117964637,28.79406108067167,-26.119048529040455
2019,13.793962301217114,84.37476261026133,110.7489851428949,-28.959344897176155,-14.438172622086434,50.935193886409955,28.10304622182709,-15.305603342065048,-68.25535709037001,-26.492657721476203,13.77766561141952,-21.33232155319202,-81.28478832349224,10.675311100271015,28.818272240899184,-31.700111052341995,-22.87264502266728
2020,64.17818580252127,28.37476738395621,43.47721155372661,8.195493372311072,-32.139078366214434,39.05610486011034,-1.843851570349727,53.841633264229856,27.365561059834043,-12.881166915302236,-8.696917859579571,-36.87984798718621,12.961882955224702,-19.507722968709967,-2.3480580103749116,30.37155320862498,-27.394985276233147
2021,-97.01569679545302,87.60547126572087,96.29165489558034,-197.86450729096003,-24.913594885749806,35.578632985977144,33.36534594136132,-6.745721672361677,-37.75447239237912,-45.9267222746156,-14.013607659579858,-54.863646217926345,-49.06627718044455,9.073904550890205,28.65909237112027,-25.212799832134298,-5.303682279339255
2022,-85.54606021709144,21.431506007566515,116.12930461725529,-30.528321491367976,-24.46333677507205,36.924525633184594,18.50688620771163,-66.9163727287411,-61.643076245003165,-58.03045343690798,-23.71021185981081,-63.84221131130867,-128.5503880796502,-7.958526516103119,18.440485487964523,-13.43078113409477,-36.063772967879764
2023,-132.81581115297587,-15.849403323478004,104.71107196284137,8.563355420850803,-26.310750240876697,27.719167375533758,19.916458275611063,47.439128635801424,14.096054581038159,-18.073416999079054,-39.43921104808922,-12.495976908527801,13.442502279164337,3.216281580610815,38.824669485509204,14.020777909248833,-7.970821322353936
2024,44.95310494053392,21.081047183783376,54.311825965378794,8.999981149686702,-36.41273055831412,11.845400763578553,0.664491971748109,61.70994270013415,36.21894856646428,-6.653510493307001,-12.985672632176257,-39.99718012243594,19.390792972454914,-16.968229629349647,2.1602620421399377,31.827221980803206,-27.784381502072783
2025,-115.89891824303739,-0.19467149622005073,116.29580152230412,-20.843287314121746,-27.04492489160081,32.873776601432205,16.422967128387874,-57.97489519416714,-45.40284410179394,-56.82829446472641,-34.95226314155908,-65.78218733371432,-114.10086204374205,-9.62675982754325,20.017215889225884,-4.292400691437408,-34.04818574037858
2026,-139.36121343010137,18.775328997643854,114.56608950585182,2.3281657258784283,-28.36769266164215,33.42671126039955,16.29315555980605,45.70895167718143,5.909424787810445,-16.484368180564623,-39.935195018868676,-33.773242346080515,3.5894391213399848,8.587862690743682,31.68149124544,13.276394956555434,-6.893629287852642
2027,-116.37663642562086,2.920219195011117,117.16037431105653,-21.454442399620806,-27.240609511062814,33.404175345321185,15.964974003508168,-58.13969709645094,-46.328288592530555,-56.650983073579475,-34.95601119908059,-67.42092878916324,-115.01678779668562,-9.086746508336667,19.26948688164524,-4.368861677576856,-33.91379836394599
2028,-137.34889624075885,-14.623244214040652,112.11888176957233,-3.309377299540532,-27.61044538425771,33.108265806089086,18.452484289917738,25.508736392568434,13.633160792933815,-20.017873376037333,-40.413829298480294,-39.105889920893816,-13.382188205450545,4.931105432684134,36.48830321210178,10.427486312725264,-10.985230857655072
2029,-99.02040907241832,126.37623994128118,92.51553962929825,-196.68506819599287,-23.846363607131536,35.4465469760829,36.4755977587988,7.559802267835482,-22.887779788517562,-41.909318822899145,-9.998790393625836,-47.516125958243116,-34.41490755285693,8.65838402056827,30.325376415730624,-22.39194316798357,-1.511732334951153
2030,-51.87169324444692,66.20510805957245,65.47169180743951,1.514995846887633,-21.034370260330373,18.543783224775293,-1.0429453254715613,5.219494075049231,-44.84019135933895,-17.740743090828484,-23.407895948271985,-26.59985468393853,-13.143200972980212,-4.085741736335052,-245.97307788530608,0.680163318187071,-3.107314509518535
2031,-119.98269906347443,216.4405036115923,59.32901221235971,-19.708276925504393,-20.53555423151346,33.176361930913465,34.44829766724851,4.143075329491779,32.393804346795775,-39.352215373061306,-8.404183803030298,-27.41879883092712,-49.121052234782766,-14.838611936086032,28.335270364889293,8.140383472348901,-10.429280649398171
2032,-25.318037898643382,56.339589940903124,-87.70553564523559,-8.147695672845943,-7.208882828913921,23.2347790261192,19.463057950446892,5.898593951959793,-59.956945536871295,-53.295576880293794,-12.866356916640054,-15.496891274679504,-38.580168055637834,-1.267915477984925,15.598397898224892,-11.317184541983215,-32.85267987616105
2033,-97.01569679545302,87.60547126572087,96.29165489558034,-197.86450729096003,-24.913594885749806,35.578632985977144,33.36534594136132,-6.745721672361677,-37.75447239237912,-45.9267222746156,-14.013607659579858,-54.863646217926345,-49.06627718044455,9.073904550890205,28.65909237112027,-25.212799832134298,-5.303682279339255
2034,-110.46224437854588,211.66954330377547,82.0464661766579,-19.215894679620867,14.646329167730192,26.256614983625184,31.94494525948308,1.8352179107240554,39.205325298796,-38.8947121817554,-5.167036927043335,-26.97281152384806,-47.48674447293942,-14.526088155776963,26.31980774902526,7.825105702108677,-14.30334467114039
2035,-103.09523488020129,148.80777116792967,110.72561777931726,12.380748266952969,5.95635842710686,29.755477905510165,0.8706669600752388,41.87693964248566,-103.45405380273323,-37.736936962512864,-31.789497959207917,-29.16002643280487,-24.48727584342964,4.9920409073950776,-10.295981286974943,9.44246312211533,-14.935705621211303
2036,-38.42208201783133,-1.1103807004731476,24.315788810745474,2.2918776539907597,-12.671003797230986,3.8797136046873857,-5.3894161133135094,24.820948040050524,-2.3887097992667687,-21.420814167062677,-3.350844528083855,-25.207711248476794,7.869861202655992,268.06936532385345,12.559440377378618,17.77846321959688,-11.427883974096998
2037,-120.2432509900136,-9.416652606809272,94.28475926206421,-2.3922624832727313,-25.01596098515067,28.95465121439258,12.111664678699094,38.93083552267548,21.540632526493276,-13.143161733309059,-30.83019267618744,16.0819349169065,7.385665696771721,4.758116432250161,35.00226593625987,12.799128452923924,-4.153896983962982
2038,-91.92267757968054,81.60077958708855,-101.20559874756293,-8.900927826373346,-23.243007787065853,35.82909021663308,16.067180222086723,10.944076516302353,-36.59458915731002,-33.610742791003474,-15.95307989104029,-23.8432927021312,-28.25330382562914,2.3230694998131085,17.987223330677143,1.8644204017252406,13.465400012625064
2039,-94.5741964683299,82.90045137761811,-100.83783191033558,-8.155261533672489,-23.571497548827445,35.455664847835514,15.58961311525302,11.781718775662283,-37.353338433237944,-34.058749018301256,-16.899175238383155,-24.20651966780303,-27.588554398262584,2.2110290997249145,17.254201854753948,2.6327724052701154,13.530625126827509
2040,-115.94790875503227,1.5982839823419466,116.51026432709254,-25.570536548626,-27.12445261586219,33.47083094591228,16.541378462822784,-58.79149608119216,-44.96515325143273,-56.58145303611542,-34.57738484350028,-67.72977924140642,-115.01530135766421,-8.997741199428038,20.00279639399415,-5.005723098302342,-33.623655329667045
2041,-115.3711559471811,-0.20948123163972618,115.01646342340428,-21.801704638971835,-27.20808850858737,33.155686416708164,15.182954660864223,-58.47669319355082,-44.44843616595324,-52.930153284076326,-34.418956991676644,-67.73993171987158,-114.21707545736129,-9.723758476781999,19.49135202726044,-4.286387952713019,-33.603837282648136
2042,-132.42615887577531,-15.851374500664061,105.01183601086815,8.987783453781873,-26.210691639953144,27.64778055633552,20.028431289580116,47.35200477718226,18.587421865605698,-17.987551779433787,-39.97740216718811,-17.123454795681493,13.532746346213806,3.4309018291364235,38.852984554209606,13.825738641181433,-7.858407630965759
2043,-115.1041561256207,165.52990006293314,124.35380396636667,-25.09357338034769,-30.332947216370442,32.15009010894467,7.862928232757391,41.37093011814241,-103.56897908950447,-45.69434377184653,-29.555640220342585,-33.99353044984358,-29.51321004558647,8.973488931485148,-5.415983825259504,3.289615854448934,-13.045260771314524
2044,-49.573395764199695,52.596294828386185,-118.48344762699294,-5.062766861592879,-9.716164406395404,20.597010604965355,16.966958657774132,6.876160501514677,-53.82460934583004,-55.488611783601186,-19.757391685985443,-18.799731972713122,-33.192029483857674,-3.5050025401444485,13.516383508956627,-4.705684379292326,-26.702935137828295
2045,-134.37768396069254,-16.3567433591627,106.36495752262856,8.385138409071695,-26.537929519090664,28.13493408150311,20.5019167840759,46.00216197158354,13.406388133312367,-18.66748755779801,-40.3433516068592,-18.12528145792741,11.324011981168704,3.2734348575747267,38.92058582923925,13.760225563607573,-8.614632243504984
2046,-71.76999511336844,99.84838466699541,95.31106115186097,-198.49339290185407,-22.52094222019248,39.103160234407056,35.467062952105515,4.645500848337315,-41.43087572413187,-38.58312286899993,-4.9574633783263415,-45.04645760095957,-38.84638011246464,13.838290908168851,30.976357803802447,-30.2386653712284,-2.355190388197645
2047,32.25718032511285,88.64044376568866,95.84180802249065,-24.861695896057682,-10.51985056935264,77.50176974236003,24.74867704134064,-0.2111136659065961,-61.283084827377586,-19.464252493357662,17.807370690405943,-11.284533136158846,-59.75091941806094,10.985263752715156,27.41371479848994,-28.74521594997976,-16.46994652885623
2048,-123.27809248295372,145.91931225910477,127.55819514357033,13.568490125437629,-30.870734391550908,31.76409310373697,4.90904696305947,47.63737401950418,-92.93491674763301,-40.460581472716726,-34.748123286406454,-31.16032420079134,-22.64048198748004,8.164625159955879,-3.8565532834870404,10.399768062047485,-14.158824617915714
2049,28.223102608634875,93.99630932578155,95.94616094465235,-20.591938650179063,-12.935311702474989,46.63214666091814,26.726815160602335,-8.73389843707378,-62.59634953627158,-14.255477835792522,53.39570581792958,-1.661885948561054,-59.59127924405105,17.00938341428151,30.007483774834803,-32.85781105422231,-12.930933533676333
2050,-111.54338394884769,69.15412702184926,-62.61031864312674,-6.895390802141812,-26.975735224131736,37.73237975300269,16.294010142824273,18.267314798554253,-21.994986206500798,-25.93623908654689,-20.448114946482463,-25.48328963777412,-19.47463810281424,3.937650929246977,22.64747441934304,6.0765652971132775,18.592735486293105
2051,-98.28518399986217,112.84510257229095,98.9887295241344,-191.0367299748455,-25.805839837808414,35.36890654643147,30.69139188376854,13.021923441936607,-49.01836848341117,-43.06318514197769,-14.418416851754994,-48.67872725767783,-32.198885838799086,12.71788690728691,23.64614304457051,-22.555145335779653,-1.7029392461732262
2052,-105.55118117963848,21.23113520830996,113.58821629662552,-60.862172198107,-26.37433257412076,34.16359771932645,19.396422380039798,-65.24378325717265,-56.203601658474106,-61.43673914541151,-28.817432785673862,-69.89090807254365,-122.55426528215862,-8.165842336719201,18.44307781579597,-12.247365888720275,-32.86545963154724
2054,26.69576710062132,93.36011187572669,70.29223003103036,-29.090789390141,-10.925851732966313,48.22530223903881,28.659409736487795,-1.382133956125494,-68.99266983687573,-26.11325000211821,16.484210144416426,-12.031056399472117,-63.99038321223474,12.129028643752141,28.134557460432475,-32.098486427764904,-22.192047653224463
2056,-122.32964077029563,231.79354065904343,97.36271496969911,-15.615500739988509,-21.314554064997292,31.98270460106032,32.17130503129555,10.017087173681762,18.20581823856935,-42.25708385029527,-11.264185471015098,-28.55420574353056,-49.75422101171592,-13.993217089944253,23.03446482432328,9.005024025335741,-16.97959267023994
2057,-42.57115971605392,35.33517978874858,31.73811169963108,-2.2482062464944375,186.81430407607556,-4.459493271244042,2.003357286503461,2.5007396022597095,4.1887291457056515,-22.31532392722383,-1.741059220661169,-13.44051302503158,-9.051840795792408,-0.2161269613064937,9.663823662286514,4.022612328407896,-2.247865874782632
2058,15.538652867527242,85.4379059767151,106.83977653729877,-29.024216461779318,-14.078180392609804,50.65448252150434,28.078405831557934,-15.937682754125863,-69.69864786397005,-27.322639853766333,14.132934387981601,-21.04077041065002,-82.00458737774272,10.448647585398149,28.35371788519834,-32.036844242912366,-23.392294796257097
2059,-137.8853785821181,-10.447467753421112,112.3136107815986,-4.554189762033447,-27.60253076165213,33.6486479599386,18.595939592871726,24.58649783444717,15.415839316978236,-19.757910778966565,-39.9760229898992,-40.69761497266511,-14.702636889912418,5.029585693243855,36.45624507998258,10.337961205858456,-10.87150151234521
2060,-136.47778938192093,-0.7534845104267935,76.33765773648616,-0.5197979971445457,-27.596607450763894,34.07998643640318,18.42669289280502,40.75717839111271,18.314732371992452,-13.839462300401424,-37.512999659464974,-31.046110381705784,5.5430565827350184,7.643987584042179,37.014354918125214,12.5012795104354,-0.45704661232074034
2061,-103.74592661929402,70.66705673823684,-67.42443594570588,0.8539951531896429,-25.775977248116885,32.70628795736891,17.886801275638216,19.976923270553858,-35.504859967435976,-32.868198013262614,-19.148784869554092,-10.504848092692315,-17.430139529810578,-0.99553932941359,21.373762388833434,6.097329972058987,15.774169251830415
2062,27.014661492267784,93.2938802772733,99.95979254406677,-20.96541483594043,-13.281165919635196,46.90699579570733,26.700717621833245,-10.188909814681354,-62.62895888503972,-14.345756230719621,53.17697619529053,-2.6203445264235676,-61.38944703575787,16.872100297648686,30.06026094746375,-32.889075038756005,-12.987857632154604
2063,-78.51672999851158,78.16976319435344,77.0902118177822,-223.55372118489254,-20.766235710273794,28.909551833079128,25.99760657491076,12.954374746861793,-30.635703641085755,-34.13888015330469,-13.632362504459158,-36.533477314091634,-20.67930596031042,7.212019532298077,24.588358595406532,-15.561169755495273,0.012185024481657782
2064,-40.19678566975311,34.58945734792538,-28.50451858705402,-11.132829930291555,-13.652991580666855,10.888304954563402,2.475765655488519,-16.19924911749301,-1.9932654746554974,27.882944057053066,-21.44794121861442,2.4038625801455202,-28.85566911942126,-6.7358992188395295,2.6392348352422554,22.312645316625723,134.84141240995206
2065,-115.94790875503227,1.5982839823419466,116.51026432709254,-25.570536548626,-27.12445261586219,33.47083094591228,16.541378462822784,-58.79149608119216,-44.96515325143273,-56.58145303611542,-34.57738484350028,-67.72977924140642,-115.01530135766421,-8.997741199428038,20.00279639399415,-5.005723098302342,-33.623655329667045
2066,-14.906262126399914,-4.24183212521316,15.137647697042315,11.412211839165526,-4.804256359840605,-24.88927425194697,178.62132744153033,23.837180983961627,-18.048838656879497,-51.4165574087506,-32.070453478177996,-16.555937027844774,25.131116679175197,-15.358856261276857,6.119344965365513,13.516832405242795,-16.676069752007905
2067,30.319140081469325,89.07047353228684,95.96653921238652,-24.63450183067083,-10.221470859344622,77.525741869364,24.9038872280274,-1.8944679520750871,-62.18620268925609,-19.083069147375667,21.30498214621073,-9.90149972189866,-60.1817459732881,11.786226758654843,27.925713187156,-29.54958482978108,-15.540199518209656
2068,-72.30624456331147,99.48767034904988,95.20663815804267,-198.05504515148954,-22.535080232508903,39.10902246452348,35.51780088114376,6.7325916380057045,-39.95497560176368,-37.662862341782706,-5.094002532249371,-44.37955016563906,-36.328413266507354,14.202237539674536,31.38813498687435,-29.870668196124335,-1.7786165161295577
2069,-31.480805771131877,49.75070506795836,46.91245244109204,-7.6348797222611,152.45405228072372,4.487938398231594,7.805006751711234,-2.84988671797149,0.03711497579316078,-26.13432335523789,6.615701850124833,-13.503256613143854,-23.00369060493456,4.023603537540936,14.476241847770064,-3.912881020392159,-4.153038988810288
2070,-115.89891824303739,-0.19467149622005073,116.29580152230412,-20.843287314121746,-27.04492489160081,32.873776601432205,16.422967128387874,-57.97489519416714,-45.40284410179394,-56.82829446472641,-34.95226314155908,-65.78218733371432,-114.10086204374205,-9.62675982754325,20.017215889225884,-4.292400691437408,-34.04818574037858
2071,-122.32964077029563,231.79354065904343,97.36271496969911,-15.615500739988509,-21.314554064997292,31.98270460106032,32.17130503129555,10.017087173681762,18.20581823856935,-42.25708385029527,-11.264185471015098,-28.55420574353056,-49.75422101171592,-13.993217089944253,23.03446482432328,9.005024025335741,-16.97959267023994
2072,-47.06946036034865,54.21890271296313,-118.62596659179496,-5.120197605502546,-9.464190834632811,20.948242303809007,17.21424736130126,8.150763626428173,-54.016501522818885,-54.71325129646321,-18.807213541539525,-17.74406774438284,-32.02757131009899,-3.0371344403062723,13.771929601425564,-5.180193007767503,-26.37037302958148
2073,-106.59559405257559,211.41025329376257,55.47072620282677,-20.119915748486612,-16.958044851105615,30.35997406539398,34.75463843400616,2.4423029453794967,27.871631040609866,-44.002524880981525,-8.175369925833753,-27.16950708126712,-51.645294286210344,-15.5266092018211,27.26673940091895,5.534417130291388,-20.319061647719668
2075,-102.82383795492075,1.170160865970776,98.6883032307266,-22.678074607291165,-27.476803085451564,30.666782958558013,5.615633585965384,-61.283266716004434,-49.36863850432213,-24.77884158494131,-28.31987156580633,-70.38118965020499,-113.2184976069308,-15.529936578591315,13.484865239061822,-4.211508629247806,-32.423267397536826
2076,-117.79548295636225,202.2242207332178,85.7781895951935,-10.524382589048559,-19.47549250649085,27.3284816390448,36.52094241880812,10.912903109817039,27.953617266021556,-43.562399522894296,-10.944452786522996,-13.691991953229945,-41.44757235753052,-18.937876447417676,30.294106446605678,9.606708845292086,-17.534047856048986
2077,-115.15073334703115,151.77612173793273,122.40390493050867,20.934106502201896,-29.52975535115105,26.719928817993406,6.82227019136228,48.61470043027136,-106.16320906907214,-47.90279546088564,-32.8666168923494,-16.10933642469396,-21.689265590826736,2.7817829108927477,-5.303847005061369,10.333314816231464,-17.17683553311996
2078,-97.95504930207701,112.65249155616628,98.34940460780732,-189.73733934055525,-25.686671408345408,34.81631413258858,30.919106605341668,15.298970728493844,-49.043565445591334,-42.913142273284436,-14.410585997130427,-46.347548539570454,-29.453752484730288,12.53370128783031,23.916396668696898,-22.18484097457051,-1.4395394001565498
2079,-115.89891824303739,-0.19467149622005073,116.29580152230412,-20.843287314121746,-27.04492489160081,32.873776601432205,16.422967128387874,-57.97489519416714,-45.40284410179394,-56.82829446472641,-34.95226314155908,-65.78218733371432,-114.10086204374205,-9.62675982754325,20.017215889225884,-4.292400691437408,-34.04818574037858
2080,-38.452095103442986,35.65260071437915,-32.413727192650136,-11.197701494894718,-13.292999351190225,10.607593589657787,2.4511252652193636,-16.83132852955383,-3.43655624825555,27.052961924762936,-21.09267244205234,2.6954137226875208,-29.57546817367174,-6.962562733712393,2.1746804795414114,21.975912126055352,134.32176263636225
2082,-108.10146091348372,1.318258220167531,111.48168421972498,-13.093901358790294,-25.84516691558596,27.84768480579843,18.015758261201817,-56.265286722167524,-58.91271786272913,-63.760253391442134,-33.65293306463072,-50.80374578863251,-112.05636347073839,-14.559950086203816,18.743503858716277,-4.271636016491699,-36.866751974841264
2083,-135.9500270860646,-0.7682942458464703,75.05831963758632,-1.4782153219946328,-27.759771067750457,34.36189625167914,17.186680425281377,40.25538039172902,19.269140307833155,-9.941321119751342,-36.97969350958253,-33.003854767863025,5.426843169115777,7.546988934803429,36.488491056159766,12.507292249159791,-0.012698154590294589
2084,-99.02040907241832,126.37623994128118,92.51553962929825,-196.68506819599287,-23.846363607131536,35.4465469760829,36.4755977587988,7.559802267835482,-22.887779788517562,-41.909318822899145,-9.998790393625836,-47.516125958243116,-34.41490755285693,8.65838402056827,30.325376415730624,-22.39194316798357,-1.511732334951153
2085,-111.54338394884769,69.15412702184926,-62.61031864312674,-6.895390802141812,-26.975735224131736,37.73237975300269,16.294010142824273,18.267314798554253,-21.994986206500798,-25.93623908654689,-20.448114946482463,-25.48328963777412,-19.47463810281424,3.937650929246977,22.64747441934304,6.0765652971132775,18.592735486293105
2086,-18.915899895437672,42.62392648991143,-94.94757407933017,-1.253661255892627,-11.585068762150993,15.369095074141757,14.139795446101871,17.75213647137579,-40.89680385603697,-51.491433773866,-18.50810360702372,-20.644053757093527,-22.877733740122714,-7.302832290510341,9.935890988980997,0.8112415848048485,-35.490654354979476
2087,-97.95504930207701,112.65249155616628,98.34940460780732,-189.73733934055525,-25.686671408345408,34.81631413258858,30.919106605341668,15.298970728493844,-49.043565445591334,-42.913142273284436,-14.410585997130427,-46.347548539570454,-29.453752484730288,12.53370128783031,23.916396668696898,-22.18484097457051,-1.4395394001565498
2088,-123.27809248295372,145.91931225910477,127.55819514357033,13.568490125437629,-30.870734391550908,31.76409310373697,4.90904696305947,47.63737401950418,-92.93491674763301,-40.460581472716726,-34.748123286406454,-31.16032420079134,-22.64048198748004,8.164625159955879,-3.8565532834870404,10.399768062047485,-14.158824617915714
2090,-128.7699263043444,-16.697451729484126,92.9322516173031,0.10035579486107143,-28.050397259493266,30.401439820419807,8.329506830412598,43.26122926430386,22.925270529539223,20.46396711739607,-35.00245925341025,-35.37154660139252,12.9070111990451,2.1192627457306283,33.93220083371119,14.190657312060612,-3.9077478201838645
2091,14.611355936950414,86.33582139064417,110.42854602517454,-32.825551247754696,-14.384393904568388,50.97379358693073,28.398434348796883,-15.932247732201226,-69.31876332455715,-27.016033951389186,14.296913918025906,-21.615642178097247,-81.97206112930289,10.756197477423942,28.662329186721937,-32.411126273101864,-22.76128863800716
2092,-98.49153164343629,116.82826801678583,98.54413361983357,-190.98215180304817,-25.678756785739825,35.356696286438094,31.062561908295656,14.376732170372579,-47.26088692154691,-42.65317967621366,-13.972779688549332,-47.939273591341745,-30.77420116919216,12.632181548390031,23.884338536577687,-22.27436608143732,-1.325810054846688
2093,-71.51715138738666,-10.432517823053079,19.067383851321647,-4.659677143636999,-28.921992650811237,19.343699141082837,-34.6781546957081,29.84000165243821,2.068511837534604,146.5149140579793,-7.3531818816157895,-48.21569139240363,16.92808590100213,-23.28742949310562,6.709830158731546,14.289572989025386,1.7324541091590968
2094,-98.87282558761999,123.45396026617469,92.29029175687293,-197.37330374478404,-23.76984741713253,35.46874064603681,36.70587616210537,5.447556883562056,-21.937138335600782,-42.236673082739344,-10.00287319072889,-48.208563220901574,-36.24411515398217,8.302556320818288,30.802851799184882,-22.68578654305327,-1.9095195574004102
2095,-116.43540058439666,3.9811049643994894,116.49053053433038,-22.08809977661466,-27.03701026899523,33.41415875528172,16.566422431341863,-58.8971337522884,-43.62016557774951,-56.56833186765564,-34.514456832977984,-67.37391238548561,-115.42131072820393,-9.528279566983528,19.985157757106673,-4.381925798304216,-33.934456395068715
2096,-119.97907441926444,189.35810988350858,124.15646603874504,9.730794339765659,-29.45852374770082,31.58336820263903,8.113367917948175,40.31455340717999,-90.11910235267233,-45.563132087248704,-28.92636011511952,-30.434861890635606,-33.5733037509836,3.668105255930236,-5.592370194134225,9.527588854430185,-16.153271425331205
2097,-98.87282558761999,123.45396026617469,92.29029175687293,-197.37330374478404,-23.76984741713253,35.46874064603681,36.70587616210537,5.447556883562056,-21.937138335600782,-42.236673082739344,-10.00287319072889,-48.208563220901574,-36.24411515398217,8.302556320818288,30.802851799184882,-22.68578654305327,-1.9095195574004102
2098,-30.408287811464174,36.32869388536428,41.93870299758898,-0.589670980587521,-15.408747849606335,12.731780520009957,-1.5838791473746052,-1.278682248344975,-24.492063594835844,-9.089747522679117,-17.398043137908633,-20.03868862949569,-5.826349944550334,-5.28607908660083,-244.02114640932857,-0.7576169375627836,0.13768285617009585
2099,-115.89891824303739,-0.19467149622005073,116.29580152230412,-20.843287314121746,-27.04492489160081,32.873776601432205,16.422967128387874,-57.97489519416714,-45.40284410179394,-56.82829446472641,-34.95226314155908,-65.78218733371432,-114.10086204374205,-9.62675982754325,20.017215889225884,-4.292400691437408,-34.04818574037858
2100,-99.40907503756301,123.09324594822915,92.18586876305463,-196.9349559944195,-23.783985429448954,35.47460287615323,36.75661409114361,7.534647673230445,-20.461238213232587,-41.31641255552212,-10.13941234465192,-47.541655785581064,-33.72614830802488,8.666502952323974,31.214628982256784,-22.317789367949203,-1.3329456853323227
2101,-98.8214334498052,112.48438825434543,98.8843065303161,-190.59838222448099,-25.819977850124832,35.37476877654789,30.742129812806784,15.109014231604997,-47.542468361042985,-42.14292461476047,-14.554956005678024,-48.01181982235732,-29.680918992841804,13.081833538792596,24.05792022764241,-22.18714816067559,-1.1263653741051394
2102,-115.15073334703115,151.77612173793273,122.40390493050867,20.934106502201896,-29.52975535115105,26.719928817993406,6.82227019136228,48.61470043027136,-106.16320906907214,-47.90279546088564,-32.8666168923494,-16.10933642469396,-21.689265590826736,2.7817829108927477,-5.303847005061369,10.333314816231464,-17.17683553311996
2103,-115.89891824303739,-0.19467149622005073,116.29580152230412,-20.843287314121746,-27.04492489160081,32.873776601432205,16.422967128387874,-57.97489519416714,-45.40284410179394,-56.82829446472641,-34.95226314155908,-65.78218733371432,-114.10086204374205,-9.62675982754325,20.017215889225884,-4.292400691437408,-34.04818574037858
2104,-134.58403160426664,-12.373577914667836,105.92036161832773,8.439716580869028,-26.41084646702208,28.12272382150974,20.873086808603016,47.35697070001952,15.16386969517663,-18.257482092033985,-39.89771444365354,-17.385827791591325,12.748696650775637,3.1877294986778484,39.15878132124644,14.04100481794991,-8.237503052178445
2105,-115.89891824303739,-0.19467149622005073,116.29580152230412,-20.843287314121746,-27.04492489160081,32.873776601432205,16.422967128387874,-57.97489519416714,-45.40284410179394,-56.82829446472641,-34.95226314155908,-65.78218733371432,-114.10086204374205,-9.62675982754325,20.017215889225884,-4.292400691437408,-34.04818574037858
2106,-137.34889624075885,-14.623244214040652,112.11888176957233,-3.309377299540532,-27.61044538425771,33.108265806089086,18.452484289917738,25.508736392568434,13.633160792933815,-20.017873376037333,-40.413829298480294,-39.105889920893816,-13.382188205450545,4.931105432684134,36.48830321210178,10.427486312725264,-10.985230857655072
2107,-124.72938324816431,199.0967919789077,92.77073939762663,-18.97943402577835,-20.36808067120414,32.26731606976062,34.49523382817341,8.817973715559617,43.482041247720645,-35.39401512098626,-12.12817394668287,-29.91472467310583,-43.2836776411295,-13.51348400318208,31.400116651043447,9.512680709465478,-14.798501511870018
2108,-108.10146091348372,1.318258220167531,111.48168421972498,-13.093901358790294,-25.84516691558596,27.84768480579843,18.015758261201817,-56.265286722167524,-58.91271786272913,-63.760253391442134,-33.65293306463072,-50.80374578863251,-112.05636347073839,-14.559950086203816,18.743503858716277,-4.271636016491699,-36.866751974841264
2109,48.212115800066734,88.93416284555117,96.7778888191447,-22.803020157042003,-15.823102973285,46.11873457982176,24.890095949968465,7.974112821489019,-52.61216997213329,-17.07354076630763,18.750923526460255,-15.224720607113827,-54.7530972071515,9.076828388000349,24.683656846388182,-24.70896319574762,-21.628703230422005
2110,-52.60691831700306,79.73624542856267,58.99850191260339,-4.133342374259723,-19.074894029653493,18.621423654426714,4.7412605495587155,-0.24262709905189642,-18.709602664445327,-16.586876771749935,-18.988269490142827,-25.437253384503816,-15.359222687038057,-8.14524462305369,-239.29384451414597,0.8433654859831576,-2.9161075982964615
2111,-94.6329606271057,83.96133714700647,-101.50767568706173,-8.788918910666345,-23.367898306759855,35.46564825779605,16.191061543086708,11.024282119824829,-34.64521541845691,-33.97609781237742,-16.457620872280547,-24.1595032641254,-27.993077329780892,1.7694960410780523,17.969872730215386,2.619708284542754,13.509967095704791
2112,-122.57266478219698,233.37312764552948,94.42391748271758,-16.635933444039154,-21.432338701110915,32.632469077934616,31.94101117001117,9.264884086978954,18.69917235865537,-41.78928561142494,-10.98193336173813,-30.079406507719135,-50.606829886966175,-13.537743255351847,22.816816370799238,8.842098983897609,-16.19017409172318
2113,-109.11075003288659,112.42482134443225,-65.47714582544326,-11.594129471739501,-25.696831022061073,38.110109495864045,19.321354305178094,10.75453768934122,-17.67807472699178,-30.268572042554897,-14.770721783743124,-26.422098610405254,-30.634626374429313,-0.010736723816380498,21.053181067641365,5.202078903390899,16.911462704929026
2114,-119.25529489432911,189.7511517214252,123.1044369982155,8.802399497047503,-29.729314755184028,35.046296316661646,7.680851231976301,39.440614741752626,-89.06257203703139,-44.88213234442614,-28.474063903721408,-31.692438378200688,-34.00765309296408,4.0518645186419295,-6.134544489563213,9.353691976560109,-15.99742068199247
2115,48.212115800066734,88.93416284555117,96.7778888191447,-22.803020157042003,-15.823102973285,46.11873457982176,24.890095949968465,7.974112821489019,-52.61216997213329,-17.07354076630763,18.750923526460255,-15.224720607113827,-54.7530972071515,9.076828388000349,24.683656846388182,-24.70896319574762,-21.628703230422005
2116,-21.35050621064976,19.82971817093932,30.232449463634044,-2.3678744528623703,30.817034958567078,162.39950475282518,-2.735440703524194,10.08028032193565,-21.793580762672324,-18.73597914420456,-14.581201801798672,-12.830329632333665,-9.03196372148408,-8.690616038604698,10.362296044450908,7.693410324266435,-0.27327657349311957
2117,-122.32964077029563,231.79354065904343,97.36271496969911,-15.615500739988509,-21.314554064997292,31.98270460106032,32.17130503129555,10.017087173681762,18.20581823856935,-42.25708385029527,-11.264185471015098,-28.55420574353056,-49.75422101171592,-13.993217089944253,23.03446482432328,9.005024025335741,-16.97959267023994
2118,-118.492157245686,189.49130113389296,122.86119912910873,8.865739038242385,-29.13583213073346,31.587420670636064,7.627133391377887,39.366985895108215,-89.10829509637078,-44.62912603171002,-28.38412908052646,-31.5400825468314,-33.99035282871765,4.066649025135386,-6.119244032675618,9.293707538216234,-15.760046763149587
2119,-113.89047148073655,147.9933871152298,121.15714687795288,21.250524121976653,-29.80846098123984,29.642474778166502,6.246298202436421,48.66300032296526,-106.88935727747561,-47.48175831513385,-32.85212698953238,-15.77518786048775,-20.803166248345345,3.06706191304472,-5.81396316837115,10.248943045228195,-17.134714135091095
2120,-134.37768396069254,-16.3567433591627,106.36495752262856,8.385138409071695,-26.537929519090664,28.13493408150311,20.5019167840759,46.00216197158354,13.406388133312367,-18.66748755779801,-40.3433516068592,-18.12528145792741,11.324011981168704,3.2734348575747267,38.92058582923925,13.760225563607573,-8.614632243504984
2121,17.141653609062796,100.7389215525801,106.6047870213266,-63.67627864968071,-14.027627557753773,51.37395096266547,31.51356885286923,-2.7882301364113165,-65.60631833092772,-23.44407527565097,17.741296292176116,-18.163360884359655,-65.49581476798308,14.759694555351446,30.9648363467738,-35.49828868400395,-16.569916327453303
2122,-115.89891824303739,-0.19467149622005073,116.29580152230412,-20.843287314121746,-27.04492489160081,32.873776601432205,16.422967128387874,-57.97489519416714,-45.40284410179394,-56.82829446472641,-34.95226314155908,-65.78218733371432,-114.10086204374205,-9.62675982754325,20.017215889225884,-4.292400691437408,-34.04818574037858
2123,-13.562405686947367,50.59578536203638,49.43575909601354,22.229906096442654,-22.707438110740497,8.445470334708062,5.76770741883389,-19.737121838925372,-7.5060694841984965,9.494244966662876,167.5558734539042,28.886490286816713,-0.9094652266276304,18.487102540508296,20.17518167112373,-5.088365828538437,14.049997670141039
2124,26.414622914831053,91.75976741328937,70.71709214256902,-25.662930789927,-10.965492438167937,48.18084030840161,28.313283680479756,-2.8425803556577063,-69.40516372505678,-26.510134299422457,16.10150099173307,-12.414643209887405,-65.8210772523814,11.68419563509353,27.878723331537824,-31.755468382109107,-22.87997790995267
2125,-137.8853785821181,-10.447467753421112,112.3136107815986,-4.554189762033447,-27.60253076165213,33.6486479599386,18.595939592871726,24.58649783444717,15.415839316978236,-19.757910778966565,-39.9760229898992,-40.69761497266511,-14.702636889912418,5.029585693243855,36.45624507998258,10.337961205858456,-10.87150151234521
2126,-86.36345385282473,19.470447227183676,116.44974373497564,-26.662115140789442,-24.517115492590097,36.88592593266382,18.211498080741837,-66.28972833860493,-60.57967001081602,-57.50707720699501,-24.229460166417198,-63.558890686403444,-127.86311527383961,-8.039412893256044,18.59642854214177,-12.719765913334914,-36.175129352539884
2127,-137.01427172328016,3.4222919501927453,76.53238674851242,-1.76461045963746,-27.588692828158315,34.620368590252696,18.570148195759007,39.834939832991445,20.097410896036873,-13.579499703330653,-37.07519335088388,-32.63783543347707,4.222607898273145,7.7424678446019,36.98229678600601,12.411754403568592,-0.34331726701087695
2128,-137.34889624075885,-14.623244214040652,112.11888176957233,-3.309377299540532,-27.61044538425771,33.108265806089086,18.452484289917738,25.508736392568434,13.633160792933815,-20.017873376037333,-40.413829298480294,-39.105889920893816,-13.382188205450545,4.931105432684134,36.48830321210178,10.427486312725264,-10.985230857655072
2129,-121.45036146718222,232.65369624735104,96.90683702015365,-16.491715458058092,-21.298652397709112,32.24325647910727,31.65502962154568,9.044437699318989,18.727072631412,-41.503793580661295,-11.069096754886646,-30.060220199747867,-50.28754662832171,-13.70027103470148,17.62766091049401,8.75640779155014,-16.583149764795312
2130,-99.02040907241832,126.37623994128118,92.51553962929825,-196.68506819599287,-23.846363607131536,35.4465469760829,36.4755977587988,7.559802267835482,-22.887779788517562,-41.909318822899145,-9.998790393625836,-47.516125958243116,-34.41490755285693,8.65838402056827,30.325376415730624,-22.39194316798357,-1.511732334951153
2131,-122.57266478219698,233.37312764552948,94.42391748271758,-16.635933444039154,-21.432338701110915,32.632469077934616,31.94101117001117,9.264884086978954,18.69917235865537,-41.78928561142494,-10.98193336173813,-30.079406507719135,-50.606829886966175,-13.537743255351847,22.816816370799238,8.842098983897609,-16.19017409172318
2132,-137.34889624075885,-14.623244214040652,112.11888176957233,-3.309377299540532,-27.61044538425771,33.108265806089086,18.452484289917738,25.508736392568434,13.633160792933815,-20.017873376037333,-40.413829298480294,-39.105889920893816,-13.382188205450545,4.931105432684134,36.48830321210178,10.427486312725264,-10.985230857655072
2134,-47.06946036034865,54.21890271296313,-118.62596659179496,-5.120197605502546,-9.464190834632811,20.948242303809007,17.21424736130126,8.150763626428173,-54.016501522818885,-54.71325129646321,-18.807213541539525,-17.74406774438284,-32.02757131009899,-3.0371344403062723,13.771929601425564,-5.180193007767503,-26.37037302958148
2135,14.611355936950414,86.33582139064417,110.42854602517454,-32.825551247754696,-14.384393904568388,50.97379358693073,28.398434348796883,-15.932247732201226,-69.31876332455715,-27.016033951389186,14.296913918025906,-21.615642178097247,-81.97206112930289,10.756197477423942,28.662329186721937,-32.411126273101864,-22.76128863800716
2136,-24.609242970539512,1.7260392475907407,18.366603745363104,-1.6145441853813873,161.69645962037583,36.21212115799369,-3.022610978781832,14.980166917138444,-36.35382105441878,-2.100516896787908,-23.96538727020667,-13.914254310296181,0.5009182655156266,-11.648064173965466,5.813701916743282,8.937169203340774,-8.630155597220316
2137,-49.573395764199695,52.596294828386185,-118.48344762699294,-5.062766861592879,-9.716164406395404,20.597010604965355,16.966958657774132,6.876160501514677,-53.82460934583004,-55.488611783601186,-19.757391685985443,-18.799731972713122,-33.192029483857674,-3.5050025401444485,13.516383508956627,-4.705684379292326,-26.702935137828295
2138,-52.65556254357704,81.48046924482749,-86.92293476448968,-6.6183288972243455,-8.535688009202357,19.48099370476363,20.474171896851452,7.288051171603532,-41.88200675916284,-57.2396139417566,-18.19776689584108,-18.77253758588185,-36.04121997484868,-6.719110580721309,14.894811339550731,-3.6778416585093985,-33.06204024744799
2139,45.85881447876011,88.63286829334594,98.6080576512898,-22.79900773944445,-16.279101032031793,46.673136755784036,25.199353684003867,8.731723836671947,-52.121880143886486,-17.23732916332234,18.0643224833196,-15.7837712337049,-54.563214637528965,9.226416869757484,25.352054243875088,-24.47738906563875,-21.70875386655221
2140,-135.07393672421546,5.555976870952132,108.064989666212,-38.83277576417348,-27.206123709635893,34.09326726631053,22.057200152952113,39.19096182976929,19.54077819878871,-15.789067805924095,-36.14893146306564,-36.861746868512235,3.60430351155403,9.47791577982997,39.014586368929095,6.90778074930057,-3.992198945063148
2141,-111.54338394884769,69.15412702184926,-62.61031864312674,-6.895390802141812,-26.975735224131736,37.73237975300269,16.294010142824273,18.267314798554253,-21.994986206500798,-25.93623908654689,-20.448114946482463,-25.48328963777412,-19.47463810281424,3.937650929246977,22.64747441934304,6.0765652971132775,18.592735486293105
2142,30.221146710022087,93.71969084558177,98.74569979490627,-20.34938112016726,-13.46525876062973,46.48079008264474,26.410348368050922,-7.785177096807652,-61.01561119039137,-13.420223374904234,53.60564188248053,-2.0654894944748565,-58.717289667161545,16.727210874597333,29.713639147761338,-32.16680284008568,-12.871468516543098
2143,-100.1068169632085,208.3243835447742,80.5644604843818,-17.592579403309724,-17.169002524881083,27.469931756796957,28.926060889365466,1.5529807645953395,80.2374335005764,-38.28724097502928,-6.749209341189309,-22.16218591636375,-46.58559642859048,-15.849792029334436,26.76703594071287,6.6119690348094755,-13.014807694205901
2144,16.183552993449826,85.29761365718478,109.86238240057295,-28.897637442659782,-13.7789522649505,50.06802895188277,28.328626901626556,-15.804202191007242,-69.25869386488962,-23.29290783534564,14.34899554765348,-20.718834304060174,-81.6939462502452,10.534296627330304,28.139233619268598,-31.77428019446825,-22.81023824722158
2145,-123.32708299494861,147.71226773766676,127.77265794835876,8.84124089093338,-30.950262115812286,32.361147448217054,5.02745829749438,46.820773132479154,-92.4972258972718,-40.213740044105734,-34.37324498834766,-33.10791610848342,-23.5549213014022,8.793643788071092,-3.8709727787187753,9.68644565518255,-13.734294207204185
2146,-103.35726065414931,73.95005073128887,-67.09476507946225,1.1038829516163011,-25.838355425799467,32.67823205729858,17.605784943293404,20.002077865158892,-37.93140154272095,-33.461104280639645,-19.008162918528008,-10.479318265354367,-18.118898774642627,-1.003658261169292,20.484509822307277,6.023176172024619,15.595382602211586
2147,-137.8853785821181,-10.447467753421112,112.3136107815986,-4.554189762033447,-27.60253076165213,33.6486479599386,18.595939592871726,24.58649783444717,15.415839316978236,-19.757910778966565,-39.9760229898992,-40.69761497266511,-14.702636889912418,5.029585693243855,36.45624507998258,10.337961205858456,-10.87150151234521
2148,-29.720708466682545,8.01352630568616,19.482526305440558,-1.9578082070874028,193.2782943212522,-0.18749366217164717,-1.5045276721885592,13.25940575855176,-30.043960514932074,-3.0860840662651983,-21.302652838373263,-14.26373539319135,-0.2893811567855287,-10.266739270658084,6.228294637428036,8.255897309157437,-9.015427398357282
2149,-99.47787898640308,214.58212290709974,74.02982228214664,-16.204058878280296,-22.059854043509905,25.45087109149079,22.853036249138857,-4.809347833965701,27.917704869138166,-26.48197157475015,-15.762626993427498,-26.423144823990988,-42.892106549232984,-19.007258876872854,39.71656871096051,10.520317238858986,-45.43092177924796
2150,-122.32964077029563,231.79354065904343,97.36271496969911,-15.615500739988509,-21.314554064997292,31.98270460106032,32.17130503129555,10.017087173681762,18.20581823856935,-42.25708385029527,-11.264185471015098,-28.55420574353056,-49.75422101171592,-13.993217089944253,23.03446482432328,9.005024025335741,-16.97959267023994
2151,-110.85091034369059,208.38654931072344,81.71679531041428,-19.465782478047526,14.70870734541277,26.28467088369551,32.22596159182788,1.8100633161190185,41.63186687408098,-38.30180591437836,-5.307658878069418,-26.998341351186003,-46.79798522810738,-14.51796922402126,27.209060315551415,7.899259502143046,-14.12455802152156
2152,76.350397727123,41.683826689530214,54.85850353462822,4.201278102385465,-33.062537185180915,14.708475345007026,3.918616071425182,53.39830870613787,19.084377947081883,-8.030684530095119,-2.2248458706828482,-35.20265183983597,5.335595229223655,-15.424898518764408,0.5862999353906861,23.319674878055046,-30.293266796518836
2153,28.223102608634875,93.99630932578155,95.94616094465235,-20.591938650179063,-12.935311702474989,46.63214666091814,26.726815160602335,-8.73389843707378,-62.59634953627158,-14.255477835792522,53.39570581792958,-1.661885948561054,-59.59127924405105,17.00938341428151,30.007483774834803,-32.85781105422231,-12.930933533676333
2154,-56.942080434905115,62.947853795045845,48.89876685650885,0.19277899631954556,149.01753208508757,3.6640204104357434,2.8245337189755024,6.929644496757679,-6.519044430025368,-29.783343016699842,-2.385124557281142,-16.061924039319816,-14.04541231918068,3.1027731799140903,6.874106417235527,3.9670464983956526,-3.0815372574304636
2155,-82.6207191851274,20.25697211343765,115.34007397963344,-26.4844291753808,-24.68707032126821,36.4538579894848,17.87039089792127,-65.97308641039962,-60.44222243853586,-57.50180487839684,-23.664255325304158,-63.67094308977524,-127.70892475120058,-8.548248947813082,17.83802955936746,-12.365490889768658,-36.63531410899647
2156,25.199491477510108,90.71938563277268,96.92506527917281,-25.50457601376211,20.96737134242946,44.450906595430375,25.981157612790373,-4.287307649673077,-57.31272019094271,-20.95431537289856,20.055929337866353,-11.854720686796515,-62.32727686647702,12.796757081225863,27.664813155567327,-30.233131813836692,-16.92948604757583
2157,-137.5919202526602,-13.043657227554592,109.1800842825908,-4.329810003591182,-27.728230020371335,33.75803028296338,18.222190428633336,24.756533305865627,14.12651491301984,-19.550075137167,-40.131577189203334,-40.63109068508239,-14.234797080700796,5.38657926727654,36.27065475857774,10.264561271287132,-10.195812279138316
2158,-113.89047148073655,147.9933871152298,121.15714687795288,21.250524121976653,-29.80846098123984,29.642474778166502,6.246298202436421,48.66300032296526,-106.88935727747561,-47.48175831513385,-32.85212698953238,-15.77518786048775,-20.803166248345345,3.06706191304472,-5.81396316837115,10.248943045228195,-17.134714135091095
2159,27.08083620819979,88.7731893618656,94.35052346114549,-25.266220417153217,-12.290653182437856,50.10614482307451,61.28894265988435,-4.752161090234552,-61.2380940108613,-11.605158932931289,22.249302132278718,-9.967760718041358,-63.9921263042866,12.434652106209278,28.13013687558855,-30.48087284079015,-15.393663307329604
2160,18.266958209166166,85.1167595021265,109.38344788134594,-28.71893085654197,-14.336257092745768,50.141109211071054,27.73386577205273,-15.845007332951168,-68.8660668346744,-27.579761351234417,12.59565093832381,-20.76912420007999,-81.2253912076275,10.287112502909435,28.159139758068502,-31.283221601255413,-22.515835509943276
2161,8.967717251729772,81.1283337487517,109.80917819853026,-25.01421514389538,-14.565414732934238,50.98795395745776,28.55968758317131,3.478213764950453,-54.972255989056244,-18.21031297652116,12.548813226112246,-15.330154635307414,-58.62308670987662,13.950830783822177,32.52426688854626,-28.388136476405393,-17.683480174054495
2162,14.611355936950414,86.33582139064417,110.42854602517454,-32.825551247754696,-14.384393904568388,50.97379358693073,28.398434348796883,-15.932247732201226,-69.31876332455715,-27.016033951389186,14.296913918025906,-21.615642178097247,-81.97206112930289,10.756197477423942,28.662329186721937,-32.411126273101864,-22.76128863800716
2163,-98.25816209630904,149.06544903154136,107.96123991248304,12.663310647938799,-25.98806218711567,26.22412381211126,1.3302350961351543,39.1136963556031,-96.82700777379948,-37.88869144703094,-27.33988182040684,-26.6750385910764,-24.956356761439444,7.067284111589681,-11.067401096897477,7.850145444744792,-12.965093594432064
2164,-134.37768396069254,-16.3567433591627,106.36495752262856,8.385138409071695,-26.537929519090664,28.13493408150311,20.5019167840759,46.00216197158354,13.406388133312367,-18.66748755779801,-40.3433516068592,-18.12528145792741,11.324011981168704,3.2734348575747267,38.92058582923925,13.760225563607573,-8.614632243504984
2165,-36.723764774679736,40.17865926961269,34.3815648599696,-4.4619804362766295,153.24633605967466,-3.851451911243688,0.9433908274901474,-0.6370435115870524,54.17886795679601,-26.69168614567112,1.1561239550599112,-13.658045463572252,-10.730234651923743,1.3644252634347382,11.500602301678809,1.144317994442421,0.7715163108419996
2166,-96.04200604369217,27.180494088685972,87.82099338041228,45.38030992216429,-21.702370572670773,5.503979062434139,25.14199518655017,55.206776521623695,-69.14542943960734,-54.99525110676309,-32.71669459148886,49.44032179326283,14.947764526915893,-18.818749857370577,24.60531329816441,13.391754261809377,-22.55233059042318
2168,8.967717251729772,81.1283337487517,109.80917819853026,-25.01421514389538,-14.565414732934238,50.98795395745776,28.55968758317131,3.478213764950453,-54.972255989056244,-18.21031297652116,12.548813226112246,-15.330154635307414,-58.62308670987662,13.950830783822177,32.52426688854626,-28.388136476405393,-17.683480174054495
2169,59.44337068999218,23.170910184597336,35.87612420778015,7.928571400382951,-36.39990668894079,8.881494582912417,-9.218308112046362,57.76803975744619,30.862564329471464,22.316844979806625,-6.562398637317978,-41.93615316787662,19.70593963900451,-23.072968112235845,-4.536557618895239,32.09837476411432,-23.90410591703705
2171,-98.25816209630904,149.06544903154136,107.96123991248304,12.663310647938799,-25.98806218711567,26.22412381211126,1.3302350961351543,39.1136963556031,-96.82700777379948,-37.88869144703094,-27.33988182040684,-26.6750385910764,-24.956356761439444,7.067284111589681,-11.067401096897477,7.850145444744792,-12.965093594432064
2172,-98.25816209630904,149.06544903154136,107.96123991248304,12.663310647938799,-25.98806218711567,26.22412381211126,1.3302350961351543,39.1136963556031,-96.82700777379948,-37.88869144703094,-27.33988182040684,-26.6750385910764,-24.956356761439444,7.067284111589681,-11.067401096897477,7.850145444744792,-12.965093594432064
2173,-107.36605946657647,113.48796471088602,-69.38635443103938,-11.659001036342664,-25.336838792584444,37.82939813095843,19.29671391490894,10.122458277280405,-19.121365500591835,-31.098554174845027,-14.415453007181043,-26.130547467863252,-31.354425428679793,-0.23740023868924504,20.588626711940524,4.865345712820528,16.39181293133921
2174,45.85881447876011,88.63286829334594,98.6080576512898,-22.79900773944445,-16.279101032031793,46.673136755784036,25.199353684003867,8.731723836671947,-52.121880143886486,-17.23732916332234,18.0643224833196,-15.7837712337049,-54.563214637528965,9.226416869757484,25.352054243875088,-24.47738906563875,-21.70875386655221
2175,-110.66507753026576,70.04916708648219,-65.98462532621409,-7.821305250670691,-26.749049436434532,38.01012303205638,16.092392960020234,17.44527888960459,-21.9371798955525,-25.99600356031305,-20.23721617846798,-26.856009778018986,-20.421603665176235,4.259119665336398,22.324443622587708,5.737524920437828,18.386259738754696
2177,8.967717251729772,81.1283337487517,109.80917819853026,-25.01421514389538,-14.565414732934238,50.98795395745776,28.55968758317131,3.478213764950453,-54.972255989056244,-18.21031297652116,12.548813226112246,-15.330154635307414,-58.62308670987662,13.950830783822177,32.52426688854626,-28.388136476405393,-17.683480174054495
2178,-135.8619790671804,-14.490052963656272,110.82361485993603,-4.174432601063805,-27.28775376729035,33.11231827408612,17.966249763347452,24.56116888049666,14.643968049235367,-19.083867320498655,-39.871598263887236,-40.211110577089606,-13.799237283184597,5.329649201889285,35.96142937356039,10.193604996511311,-10.592006195473457
2179,-122.32964077029563,231.79354065904343,97.36271496969911,-15.615500739988509,-21.314554064997292,31.98270460106032,32.17130503129555,10.017087173681762,18.20581823856935,-42.25708385029527,-11.264185471015098,-28.55420574353056,-49.75422101171592,-13.993217089944253,23.03446482432328,9.005024025335741,-16.97959267023994
2181,-108.10146091348372,1.318258220167531,111.48168421972498,-13.093901358790294,-25.84516691558596,27.84768480579843,18.015758261201817,-56.265286722167524,-58.91271786272913,-63.760253391442134,-33.65293306463072,-50.80374578863251,-112.05636347073839,-14.559950086203816,18.743503858716277,-4.271636016491699,-36.866751974841264
2182,-119.97907441926444,189.35810988350858,124.15646603874504,9.730794339765659,-29.45852374770082,31.58336820263903,8.113367917948175,40.31455340717999,-90.11910235267233,-45.563132087248704,-28.92636011511952,-30.434861890635606,-33.5733037509836,3.668105255930236,-5.592370194134225,9.527588854430185,-16.153271425331205
2183,-25.6380714605603,23.603563133602478,30.68544569718372,-2.8270706944093624,-4.558413975822133,196.81648020546723,-1.633571583884422,8.108013221862226,-14.40733767294717,-22.10899170525244,-11.056758150107264,-12.23276316740735,-9.871883992242104,-6.743821294340617,9.60502323295384,6.807996065044265,-0.9184288774679297
2184,-116.14194225493874,1.3849154902660075,113.35700403532259,-21.863720018172394,-27.16270952771443,33.5235410783065,16.192673267103473,-58.727098280869946,-44.909489981707914,-56.360496225856075,-34.67001103228211,-67.3073880979029,-114.9534709189923,-9.171285992950844,19.79956743570184,-4.45532573287554,-33.25876716186182
2185,-118.89955075921092,189.43954828877858,123.11331312888147,8.84381675426329,-25.882041806866148,31.594668515373396,7.575804793712054,39.63594733913203,-89.7755720051981,-44.5886499519866,-28.820097212087074,-31.773345747867317,-33.94171471049202,3.860603155365271,-6.040572005994604,9.446940862118897,-15.933370573943222
