,F1,F2,F3,F4,F5,F6,F7,F8,F9,F10,F11,F12,F13,F14,F15,F16
1,781.4232056479643,89.42050797533864,-135.7363231409774,253.64468212790865,318.1836964097886,258.79281892843017,469.38187787874716,70.49308599837921,-8.723006742367838,284.2484756038781,304.25927850571884,33.32275265327833,-54.53192523571567,51.840754139627464,614.1934910545955,-279.8990595716161
2,562.6822410780248,79.97781501573421,-91.04172495898158,209.63027958334973,251.24130290303265,214.26207614141543,226.0510222539361,48.59986428908839,3.234926599999797,208.05423096983742,241.9945268127422,10.19727976312088,-30.581600156997073,18.721328020505183,492.2086663912601,-248.07730962665028
4,655.3253327264816,81.020197395325,-91.45895269818423,321.5874136651696,325.82435529316245,253.74945295299344,524.6395206409878,55.68240341124977,-41.14624423261954,272.12524706277947,302.3394614776118,30.47550606015275,-33.75746364983729,55.991458833481836,613.2881611337824,-395.754396984205
5,473.0188480469802,44.15791353422112,-89.0196206110143,165.85193335720896,299.40429193619843,177.95956878867193,281.43681438977154,51.60363094340676,-1.7532988401940788,169.5860178117376,207.04400114577317,30.233400649221178,-38.06529658072296,31.978551464593945,379.73327562646034,-190.780988231269
6,367.25232616308847,63.91941015222441,-70.86715997702353,133.62176017750383,261.39187686980466,144.92742814945882,220.7905439364235,33.17842658919935,-1.6207370711623426,132.59203144577782,169.4316693783053,26.5979113700131,-31.524211066152265,25.931261288278783,294.7010018081613,-154.42740949042906
7,668.0623459436325,82.43564388652246,-195.81710202218378,98.900923197745,310.46667193591765,260.88360842299505,464.16533999803823,66.77420939863451,-14.206652977161554,275.81550871113745,303.20600871051596,34.82257509058833,-43.50805122656047,36.79878658821671,591.0364732090899,-312.5806300397134
8,672.3482573855497,83.29576927172327,-196.32909133408546,100.05213778191599,311.9957859036301,262.58453762234063,463.659554929036,67.11870393699107,-13.77950098570478,276.70648701822887,304.8147550325945,34.37538620499071,-43.973923770239956,36.790707872923356,590.6743646018704,-313.68509707466836
9,152.96455778129766,203.14973188255124,-34.57423740516364,62.61390728785454,71.64804800519921,57.53473371691502,103.52504157301526,35.314755189301735,-8.152184292233414,67.0211304416373,68.41454913061015,17.544041884532653,-2.1104652410158624,10.809747765712405,129.58035120082894,-76.25565603043309
11,677.764002136808,85.33962762937611,-98.29654379712653,319.61733723484497,323.4898109127542,257.09341556228594,546.3710513194193,56.312769071645505,-35.80018715707101,266.6323174588039,301.458772171163,26.346756165181382,-34.30526299052234,47.59052387523408,619.4360352236234,-395.18547604038247
12,557.6564980876612,74.14815404214522,-235.07741694768117,332.457320240361,269.1014467508586,234.67140404067996,428.83949350035147,63.80424264461481,-0.41264195147960286,240.25245504678617,269.4467864338849,53.16373386615643,-45.804102346690996,30.753277294046537,521.6272835677142,-226.51221804116702
13,611.2154142803963,81.18475089847429,-204.77999408218656,359.64458758247315,296.1318467722446,256.0099595631964,445.2900231464127,72.05330568325721,-4.033071326734494,270.0520228068912,295.4859358744829,61.687182015517905,-51.43698186407563,43.03571865162384,569.0304364728196,-251.27616070425253
14,154.03911156720326,176.74291760882832,-35.870675418178905,65.01308500916431,72.45783923258978,57.30647394821525,102.69256237149395,73.37039822008593,-6.357580337281598,66.45731527188651,66.5794350218431,19.184662903243172,-0.47793487989221867,10.317857113058142,129.48137414646874,-76.0932787035899
15,765.3527817434829,84.17656575824455,-129.33490408008157,241.54583531721158,286.4018098244513,243.57396182208083,444.79007049207445,65.25203122114327,-11.779608139748971,269.5257943995995,285.4089292359361,38.465563185066905,-47.30796214084986,49.031461631637505,573.4916665088297,-269.5241748047626
16,672.3482573855497,83.29576927172327,-196.32909133408546,100.05213778191599,311.9957859036301,262.58453762234063,463.659554929036,67.11870393699107,-13.77950098570478,276.70648701822887,304.8147550325945,34.37538620499071,-43.973923770239956,36.790707872923356,590.6743646018704,-313.68509707466836
17,556.8409369025878,73.90677654638004,-237.09593987792195,332.7362162891422,268.6795088985315,234.1875588945125,427.8933479191622,63.64875809865461,-0.7162240700190013,240.06802922966162,268.39155583529595,53.165564487329014,-45.667137313340255,30.602567849888807,520.6156309787539,-225.90938969928143
18,762.5225614754693,89.06141449553068,-132.84091239888463,251.38723703437776,293.4450897575776,250.18238608233435,467.99613756705304,66.68391660589155,-10.865365812825754,282.4659829328022,295.4799697854962,32.568444793477944,-48.355100774532204,47.606706712820426,643.258644768373,-280.3890318467756
19,594.0267862286104,58.47484643891109,-91.63260395212427,241.77713960695203,274.15953769080653,206.3640958173403,310.59798575517783,57.29733353257202,-40.94498879119509,308.68159500294075,277.713317658307,51.55855081571304,-48.19972741934283,86.86822478787269,520.2558869224063,-269.28846803593
20,258.002526258155,30.546147266761757,-44.42019671141675,111.07419109093414,92.57021239455241,72.14685807083288,158.49785464185913,12.710395018278625,-9.28864926436175,108.02872911766639,94.60659953998501,254.53596202580437,-14.518302393724602,18.15374319939983,207.2661119076773,-108.18803169138673
21,755.730831800013,90.55555171894567,-125.90847171984635,244.04615753647622,277.5172543522997,242.41766983064497,456.785984969844,64.79523044858476,-9.232055117242957,276.4504769246296,288.3874548976376,21.930468312722404,-54.808820184693126,50.81234508937836,609.3166677098587,-259.4322762314545
22,778.656151345954,89.50073780285129,-135.826505385098,252.68312763587167,320.75668621758456,258.18899206041897,467.32535804988737,70.24596870601897,-8.65444465176876,283.129530268533,303.2323160049873,34.03865876525284,-53.92897406336682,51.40696990518098,609.5278708490156,-279.8678005796147
23,569.8543770719637,80.86606522898663,-94.9878546344248,209.9655451855102,253.96824443506827,216.5800097397265,229.70370382910593,49.26477473211223,3.4950863949073003,210.72148118247654,244.52256061240425,8.562007172643336,-30.664575642878283,19.107963348422942,496.8878678705661,-252.62086167858916
24,760.64101111114,92.01262768587117,-133.12216524650103,250.86326041012046,293.7460001507383,250.05313580333794,466.7618326626003,67.28886832146198,-10.961701317558864,281.85930256933545,294.9882920783334,33.64745670207659,-47.664225403832965,47.38282343057448,640.0824540763703,-280.93098134559114
25,772.5228039308031,84.95215411904042,-130.7583307363033,244.55835401703806,290.9173958324935,246.63710643227913,448.2713975300558,66.23812275801816,-12.464106503519915,273.45114976932274,289.2036866224172,40.25721661447531,-47.55021756739292,50.434974587225696,578.4383848763266,-274.08834507527314
26,650.8104220569343,85.36797086160068,-194.6184794091943,89.43579332729637,299.7234087592568,257.1965183000901,436.7538088896637,63.58860503591544,-5.331329368939636,254.2650365347779,291.08140891559725,24.77109492035529,-39.55634252169368,20.99981334206594,570.584129559284,-301.8966025573908
27,131.93019654640128,23.663656848566127,-26.19776731303057,40.621613330076386,189.31848136561126,33.82163820659535,54.83755371091914,-1.432642078925254,-1.6240228337893252,37.21697594816363,38.8007719642938,7.931729880268841,-2.6060708481129984,-0.5110082276148742,40.89498350207454,-53.215205525300014
28,760.64101111114,92.01262768587117,-133.12216524650103,250.86326041012046,293.7460001507383,250.05313580333794,466.7618326626003,67.28886832146198,-10.961701317558864,281.85930256933545,294.9882920783334,33.64745670207659,-47.664225403832965,47.38282343057448,640.0824540763703,-280.93098134559114
29,621.1971023022049,78.964644571582,-228.232213846262,74.44890121347505,286.41295978844283,241.84701954987244,450.0383123990883,59.87289411752478,-11.246690189548476,249.74606477038833,276.63589719632523,27.26633721601968,-38.68717162888639,26.370185469745486,545.360972765388,-290.3410630100627
30,762.6587530905255,88.9594988739844,-132.06442670655343,251.38119983429792,293.52414653943157,249.72881326625784,469.7514620863108,66.45831887647068,-10.99104688542634,282.6701512106863,295.298908458743,32.40022785889127,-47.724575592920054,46.83777693662451,639.0132651293867,-280.65149733769704
31,765.3527817434829,84.17656575824455,-129.33490408008157,241.54583531721158,286.4018098244513,243.57396182208083,444.79007049207445,65.25203122114327,-11.779608139748971,269.5257943995995,285.4089292359361,38.465563185066905,-47.30796214084986,49.031461631637505,573.4916665088297,-269.5241748047626
32,604.2576990836677,77.98664241110157,-184.55730804071183,69.77661722484747,282.25008673664837,236.79064022765846,440.99037665647984,61.560618431819634,25.005925124029034,245.0492212917112,278.5995586234219,28.806334824276835,-37.284940166549475,34.805556586826306,533.9363360928281,-282.0091126216149
33,668.8678858002648,70.18352423642305,-121.07502819339221,287.51202963475987,313.49475875497734,245.26235451741,390.1911195759217,68.39864191680346,-35.58570434637678,320.4300788694096,312.87017734282165,60.48771098208859,-53.94197528552373,93.34324159494501,593.2933894795941,-301.298868894956
34,588.8677640662767,57.876745626951404,-90.95997019939932,240.20550301015464,271.9735094603863,204.301637803189,310.04084699816286,60.21242960414571,-41.1146726490497,307.2163065906359,275.56496189630917,51.94746787082998,-47.92031212373704,87.11405842479431,515.8333449601487,-266.8719510908845
35,568.7648898046077,80.78493725735271,-95.17591480572584,215.2045322114372,253.70798721552845,216.50039270005584,229.370835285548,49.36324489923903,3.6970254456098712,210.62916272295035,244.39119438418825,9.101153049748664,-30.82268257348085,19.2303206120184,496.5728025224138,-251.4269307121319
36,395.6508849196593,49.940137369548424,-96.41712544673172,205.27025352511785,185.4947657342332,327.93601653108703,265.71711293229936,34.702082706266154,9.334957164154972,124.92442007362176,176.62128761019582,34.831491553035455,-33.940304185193106,16.65296255718873,358.5655199984821,-154.7656754328365
37,559.2492219693156,74.2998261945215,-235.56721324829078,332.64026231603475,270.4937953591062,235.88843307041665,431.52728551443425,64.10362472175072,-0.8237543137356024,241.3160298554373,267.2440775868802,55.31856383941435,-46.29031966172198,30.707741822073185,524.610265677774,-226.03733879675332
38,324.49653143340237,45.476427293977494,-61.04579987040195,77.20310712791547,160.26678712630377,113.93380262723599,261.45074217687494,37.72639155461092,160.89016066447783,149.25853686869817,177.77800961045895,22.817081707151,-16.409175918778356,73.70815527685025,301.7926823530442,-147.87567246522232
39,669.3869254100766,82.65543664272141,-199.69046477779222,98.55344857053386,310.6647410065487,261.04958774731887,464.9880052799785,66.74713284515201,-14.371037067765664,276.25458984178994,303.3702038606673,34.62491043455715,-43.887006680959225,37.32774508569131,588.1520489224808,-312.52954311993557
40,612.7934698669509,78.40070627356529,-203.85415872776878,359.42309271276673,297.4402189347793,257.2246199564683,448.13805538209,71.7416677524476,-4.295250845088034,270.7699466014391,296.94886276948256,63.49475630445598,-52.06791416402513,42.882808062012984,572.1559058523217,-250.6912055855009
41,611.3153002703822,77.96317512807616,-227.6929313128701,70.78686499279235,281.6923698755213,238.1684108780455,444.5367750970594,58.72524974231463,-10.813176605147579,244.68395220597048,274.9598672460967,26.208270632062657,-37.76179078321186,24.48470467011612,536.3688983863703,-285.60593802214424
42,669.3869254100766,82.65543664272141,-199.69046477779222,98.55344857053386,310.6647410065487,261.04958774731887,464.9880052799785,66.74713284515201,-14.371037067765664,276.25458984178994,303.3702038606673,34.62491043455715,-43.887006680959225,37.32774508569131,588.1520489224808,-312.52954311993557
43,544.3236644803478,69.81166842852383,-183.38588810335844,331.2903172673028,253.33249968030538,225.61831908139158,430.22162971836406,59.61938787206742,1.8765283019653187,233.3876507039372,257.20968966686684,42.248798100515884,-43.22481754559614,21.36143313622605,480.35396611773433,-209.2646357152225
44,306.0150192297612,37.720126849666684,-56.289021330516626,138.59458180632038,139.6396214039855,322.4669852194285,200.64522705995128,22.85355690729995,1.700647959871535,92.83159257192904,132.15451083283045,22.0562194671794,-23.95536432994325,13.470065616895555,270.73013882835113,-120.85203828523201
45,765.488973358539,84.07465013669827,-128.55841838775038,241.53979811713174,286.48086660630526,243.12038900600433,446.54539501133223,65.0264334917224,-11.905289212349556,269.72996267748357,285.2278679091829,38.29734625048023,-46.67743695923771,48.26253185544159,569.2462868698434,-269.78664029568404
46,827.0728342838975,97.81574903840827,-159.01345907943386,240.1656453583489,321.4971314229808,276.68306140675134,509.3613570000182,73.87869625967383,-10.383660747025221,304.0889574364489,323.52494214290306,35.126003152809815,-54.91084636525279,50.93416625823524,654.8775408806107,-304.95917585987974
47,643.8097431556514,82.77697723676863,-112.3108275270505,340.9296318364334,322.7917613551385,256.9539423937534,542.1511812272462,56.78066520284601,-34.20410810487196,262.2269397056488,299.5969825519626,31.530710083784353,-33.63714520269663,45.03286031092599,609.187373983408,-384.4886816586976
48,385.19463144071244,42.99232689928467,-75.24462420410687,156.8955163020165,178.60397010334185,137.2070025711216,276.99185510000666,33.29451173055563,-12.97662793622301,164.05802726161062,166.28213121307192,27.081815940692223,-8.137889179434719,12.55477945202736,526.9291839261936,-195.64514936616348
49,575.9233298816125,73.05083021556729,-191.12633399182084,64.61136940338014,266.15348423490093,226.39711971765513,411.6337092464549,56.03449339612015,-10.383050876891936,228.57885587221182,289.58038287664164,24.861863841491108,-35.210957674444245,19.690443713391605,502.9858691497585,-267.6436799196258
50,610.9279348605711,77.92618587508863,-204.84312171469645,360.2399601309119,295.6660879642878,255.28130578383264,443.62490751352595,71.31297191866858,-4.4070672883623665,272.04726070853735,295.58485523578696,61.41644088565376,-51.69657796917026,42.70250908331675,568.5203067609148,-250.54059937953522
52,636.7759125833874,81.89947325442648,-110.11091517849759,337.9110759365271,318.3552321289502,253.43722496747867,540.4251787085227,55.56897593655025,-33.64529081370161,258.50575261380965,295.6211638387283,29.57083971978927,-32.764364594541426,42.86041757914188,599.9952759769246,-380.1869768791085
53,420.6982910309613,48.76830580725927,-263.2445869910647,140.27007164233072,187.15574236145875,139.75289894896736,295.7933528326713,30.784690307285725,-25.879778657434322,188.03430390100246,172.16363578782824,21.57736452807062,-26.47682810944442,46.082181250416134,370.4570185529348,-193.6492329754915
54,313.4612150338811,45.98203876957791,-40.903197363046814,103.29645098198476,153.14502163747792,108.22373213934569,219.20618741769366,35.23037690841722,163.98207307612023,140.8543217115339,167.14951008717935,18.607111753894277,-14.61836326907295,71.9849127041326,291.6446553583263,-140.14870859679812
55,704.0757956932835,88.47788599885294,-204.25351500292714,102.29970734363336,314.2714454977017,269.19685833698696,490.43306195594346,68.73753375540261,-9.246158343600786,275.9385812240924,308.2420946845384,31.062554346880006,-45.01248384030892,30.194460549094792,604.5242604338977,-313.17894539562235
56,372.9923950078231,32.04402204517496,-73.42832927609423,140.084995617789,270.882769702593,147.5428366977284,231.09769974414925,42.747008162473236,-2.0712512766723643,138.0576228529669,172.2559624001275,27.629818235339794,-28.10366047648332,23.003503810941776,344.13487016691886,-165.8957156833746
58,567.1419483315581,83.38453898997894,-111.890939246206,179.16102386084265,252.35398715226756,219.6418016612214,245.7694406448228,49.01396895030009,8.770374615233486,200.39972564844945,241.86329102156435,3.6989487715002918,-28.691568540173947,6.564919852677859,494.0237240643415,-252.04824713202004
59,568.7648898046077,80.78493725735271,-95.17591480572584,215.2045322114372,253.70798721552845,216.50039270005584,229.370835285548,49.36324489923903,3.6970254456098712,210.62916272295035,244.39119438418825,9.101153049748664,-30.82268257348085,19.2303206120184,496.5728025224138,-251.4269307121319
60,667.7075196275762,82.18802066828363,-194.3192469771871,98.21317571030075,308.92285413792774,259.6664890096493,464.9230797480204,66.29924788192594,-14.159369429730548,275.4787944245509,302.36486366569324,33.482659317066236,-43.59198552303434,36.37280897790118,583.7145149334524,-310.69322501922125
61,679.3230720809928,71.26388813974005,-119.32632966591164,234.38272508160605,317.6275567242168,247.5975078444686,393.3782078234679,67.93285175971715,-37.83792880388856,321.2603386178684,315.33615013957177,58.15105534315872,-52.93148809036046,92.51180486332959,600.6387012876031,-312.93270744867107
62,689.7300335954321,72.41354406992716,-122.16777439665347,238.24751284873886,320.6250663899221,250.17660753049765,397.6242054991447,68.74828917254932,-37.61670930684284,324.7483105272808,318.3497995687771,56.61812504161227,-53.288458358565194,93.45703257471553,606.7979057169969,-317.35828489879884
63,314.74368226438855,38.851716434258755,-1.2788562372988395,86.28471393648171,176.572687622485,147.54710858308817,285.467216833108,34.3360178550663,-26.938094279981698,144.59829069890458,179.51215176862735,117.20496525969457,-40.254875756320196,17.94217107786551,358.31323542579554,-86.5597723969013
64,262.6569735258374,37.59539460495912,-22.12378564936141,77.51248732699365,137.71796171886925,94.43307531595217,230.42546372720568,32.22493149958268,157.85504913100192,127.64814730672472,154.17370156406716,40.22787419588347,-16.504801905640825,71.72728279730202,263.9927419390027,-107.17527693375199
65,624.1305468515493,79.50588070640472,-229.00564941398073,74.55569878681767,286.50416600180137,242.4483847399787,452.41671036800824,59.99555377824287,-10.699487351818464,249.41992474115852,276.82603842688627,26.828339682601545,-38.74194339979832,25.535106353686437,546.5227375147842,-290.1594645697439
66,562.6036430664955,80.21837862023641,-92.24703237762515,210.63703935205146,250.59798066447328,213.5786838096035,224.37195586596997,51.81550490154554,3.677945136657009,207.90955999801355,241.1437519030556,8.424120574038904,-30.113540997734493,18.992924648109856,490.551315770935,-248.9581358479094
67,352.9722250433527,38.27318134865308,-38.16940615834136,119.79219620633909,93.82063861719911,96.3939080764442,223.65844823055983,19.120780445314367,-3.7587954967410604,133.11776225758774,129.8075637689029,-32.363643651333454,-43.27199768952719,28.24833206316801,366.456459243798,-84.44331605149749
68,419.07534955791147,51.3679075398855,-279.9596114315448,104.22656329173614,185.80174229819784,142.8943079101329,312.191958191946,30.43541435834679,-20.806429487810707,177.80486682650155,169.63573242520437,16.17516024982225,-24.345714076137515,33.41678049107559,367.9079400948625,-194.27054939537962
69,617.8738940177552,79.23937069002717,-205.73209989913732,362.0014890782659,298.9829249266402,258.60368563880763,447.01612775113875,72.04221229333105,-3.682548450576202,272.09056404192,298.24644362179373,61.33268006025706,-51.87927030036835,42.90857105269604,574.9210971942541,-253.98854875180552
70,277.09249239972803,14.55638439561976,17.135629509559557,88.39747792793322,64.62183006851325,41.33434080333307,245.4297711167998,-0.356663931956207,-11.336180993772476,103.37265660962431,81.09583066321036,-36.27442244779042,-1.227370384947619,-17.26828531508646,61.90701183174619,-67.90142967143976
71,673.3504819613281,83.26422709687989,-198.5853400094612,103.04799404450434,312.919764224265,263.4437884986417,468.10129559159907,67.58154000625825,-13.930104534606537,277.9608013308609,305.9138417517293,35.44133573581741,-44.40365005038052,37.27393747375351,592.2733093910916,-313.7373749938454
72,656.3275573022601,80.98865522048162,-93.71520137355998,324.58326992775795,326.74833361379734,254.6087038292945,529.0812613035508,56.145239480516956,-41.29684778152129,273.37956137541147,303.43854819674664,31.54145559097945,-34.187189929977855,56.47468843431199,614.8871059230034,-395.80667490338203
73,628.7840210129315,58.43158351272738,-92.85998791808636,239.32527292324932,286.44829137792385,217.17021211707106,331.7298970529788,60.22779938283161,-39.2770455522905,289.43201120158176,279.8867663249237,61.71909575196367,-44.866400792708006,91.35385127411911,521.5119121559126,-282.98666865089405
74,656.3275573022601,80.98865522048162,-93.71520137355998,324.58326992775795,326.74833361379734,254.6087038292945,529.0812613035508,56.145239480516956,-41.29684778152129,273.37956137541147,303.43854819674664,31.54145559097945,-34.187189929977855,56.47468843431199,614.8871059230034,-395.80667490338203
75,210.11416452584768,218.71954843448106,-40.31671869215914,84.40751493785358,95.5518680884444,84.04420975568483,155.00624895525294,-20.882356622606018,-8.754053438957563,92.43133454220181,101.92648018817704,11.7549015318227,-16.23384998476102,17.674825728377915,190.5213905378555,-89.52182884327807
76,656.5404186432689,70.29350977335795,-99.63340761209224,257.6309001331378,304.0110703519779,236.2655145121157,341.11896789369365,63.86049690453426,-34.424319251119606,309.0713250033846,301.667613132368,50.804703387142744,-49.84395840012565,88.72278251228632,577.8630008224605,-300.3200123863627
77,738.295390866645,120.45829307680184,-128.85642359212338,239.32508089053104,281.1014314048392,241.6817972986633,445.7043994620857,69.5203455047384,-10.213971585709475,271.01957224265817,284.28673137896345,32.57271127426373,-48.24433188073475,48.746852821874334,579.0338769994921,-265.1656842473226
78,650.8104220569343,85.36797086160068,-194.6184794091943,89.43579332729637,299.7234087592568,257.1965183000901,436.7538088896637,63.58860503591544,-5.331329368939636,254.2650365347779,291.08140891559725,24.77109492035529,-39.55634252169368,20.99981334206594,570.584129559284,-301.8966025573908
79,668.0623459436325,82.43564388652246,-195.81710202218378,98.900923197745,310.46667193591765,260.88360842299505,464.16533999803823,66.77420939863451,-14.206652977161554,275.81550871113745,303.20600871051596,34.82257509058833,-43.50805122656047,36.79878658821671,591.0364732090899,-312.5806300397134
80,557.2776215900736,71.79523165257966,-79.91799324646524,277.83931714795193,277.5362873179448,219.00341388530447,473.6626183992116,48.71285790266528,-33.18878375602874,223.40972055208456,257.11081613168636,22.70524274666302,-28.570441060392472,38.1904161262115,531.8454017496645,-392.7101873913945
81,755.730831800013,90.55555171894567,-125.90847171984635,244.04615753647622,277.5172543522997,242.41766983064497,456.785984969844,64.79523044858476,-9.232055117242957,276.4504769246296,288.3874548976376,21.930468312722404,-54.808820184693126,50.81234508937836,609.3166677098587,-259.4322762314545
82,520.8071270494805,69.22875061423125,-200.31006029657482,327.56870162576536,253.23783272539046,222.57976514312347,397.9949632512097,60.70140843285507,-0.24729007110985443,222.72444637079093,282.66709119575904,51.20082027151148,-42.69275199075299,24.798650412848232,487.36663947208876,-209.524893756446
83,568.7648898046077,80.78493725735271,-95.17591480572584,215.2045322114372,253.70798721552845,216.50039270005584,229.370835285548,49.36324489923903,3.6970254456098712,210.62916272295035,244.39119438418825,9.101153049748664,-30.82268257348085,19.2303206120184,496.5728025224138,-251.4269307121319
84,666.5626644010541,69.97808802492416,-122.19589436584967,287.58946275902116,313.25085355832726,244.8580232751263,385.5363745193244,68.48885759720612,-35.930354740137176,321.6144681297049,312.6584803237161,61.46419869540977,-54.14122120153126,93.55507852058788,593.8524487146728,-300.84279157813285
85,568.7648898046077,80.78493725735271,-95.17591480572584,215.2045322114372,253.70798721552845,216.50039270005584,229.370835285548,49.36324489923903,3.6970254456098712,210.62916272295035,244.39119438418825,9.101153049748664,-30.82268257348085,19.2303206120184,496.5728025224138,-251.4269307121319
86,568.7648898046077,80.78493725735271,-95.17591480572584,215.2045322114372,253.70798721552845,216.50039270005584,229.370835285548,49.36324489923903,3.6970254456098712,210.62916272295035,244.39119438418825,9.101153049748664,-30.82268257348085,19.2303206120184,496.5728025224138,-251.4269307121319
87,613.2331562597818,78.13162208658753,-203.72225554223897,360.16252700665063,295.90999316093786,255.68563702611632,448.27965257012323,71.22275623826592,-4.062416894601968,270.86287144824206,295.7965522548925,60.43995317233259,-51.49733205316273,42.49067215767386,567.961247525836,-250.9966766963584
88,540.0468790775825,69.23261680200231,-183.38376187187077,329.333487686811,251.2606402123225,220.3565715178166,427.2440925995821,59.16990846639393,1.4004523103321738,232.31007505727192,258.33815388555547,41.74305331241983,-42.716925734091326,21.05320677198749,476.24029108846844,-207.5462086921382
89,557.795905994434,71.2855838610997,-78.58078264229187,277.57199167313405,276.6493837826627,218.14782328676438,475.483281975211,44.978305776026446,-33.39896834219989,223.64731637071142,256.8092805267829,21.423598803621598,-28.467918108792645,37.526683594267716,529.308094043504,-392.1348322809929
90,568.7648898046077,80.78493725735271,-95.17591480572584,215.2045322114372,253.70798721552845,216.50039270005584,229.370835285548,49.36324489923903,3.6970254456098712,210.62916272295035,244.39119438418825,9.101153049748664,-30.82268257348085,19.2303206120184,496.5728025224138,-251.4269307121319
91,398.2986748525298,49.555158380040425,-281.3009306111633,152.95439733032342,178.47858018987836,138.4195288415994,303.36173545433775,30.27247165440463,-18.35352539638409,171.81956966682193,166.64604019281563,20.508552436918503,-25.001402536488662,32.754872327400754,355.76521223432144,-177.5961147428886
92,315.83316953174443,38.93284440589268,-1.0907960659978042,81.04572691055472,176.8329448420248,147.62672562275884,285.80008537666595,34.2375476879395,-27.140033330684272,144.6906091584308,179.64351799684337,116.66581938258925,-40.09676882571763,17.819813814270056,358.6283007739478,-87.75370336335854
93,613.8485921886704,81.35231587253037,-203.72934528781298,373.26089216691037,301.3186170619207,260.8373285424048,480.05246691536695,69.86851230851104,-4.233151479237293,262.1991932889612,296.3225682673081,56.2164492838678,-48.134590523121474,34.56655008629735,578.4937228317854,-271.07600307277795
94,613.8485921886704,81.35231587253037,-203.72934528781298,373.26089216691037,301.3186170619207,260.8373285424048,480.05246691536695,69.86851230851104,-4.233151479237293,262.1991932889612,296.3225682673081,56.2164492838678,-48.134590523121474,34.56655008629735,578.4937228317854,-271.07600307277795
95,298.91921500603866,33.815876219376754,-62.24293242484441,131.24040621341672,169.28872472510187,113.61540849767002,225.0405610930098,28.128667198686124,-10.60279694663384,130.72515643926783,137.52685584992423,25.303911709134326,-3.266716087965751,6.047570586904941,459.42207635049755,-168.80594313152832
96,656.5404186432689,70.29350977335795,-99.63340761209224,257.6309001331378,304.0110703519779,236.2655145121157,341.11896789369365,63.86049690453426,-34.424319251119606,309.0713250033846,301.667613132368,50.804703387142744,-49.84395840012565,88.72278251228632,577.8630008224605,-300.3200123863627
97,782.1972456058783,89.07773069830257,-136.10709166176255,253.34225224355646,319.10224299631983,258.8955230996741,468.05885594052495,70.5992612471921,-8.987395595091751,283.49533931502845,303.91225816883235,35.08416333137265,-53.712751894261416,51.640277465628785,610.2933718652923,-280.9624443788284
98,563.7373633997445,82.92942461469929,-90.91691151902576,223.46807903749337,255.119701030174,217.87478472735194,257.9654337872131,46.72670884515183,3.297025965850538,199.48347765735957,241.3682323105678,2.9189727425326994,-26.648276516093418,10.405070044789552,498.5464833707238,-268.4621071139274
99,419.07534955791147,51.3679075398855,-279.9596114315448,104.22656329173614,185.80174229819784,142.8943079101329,312.191958191946,30.43541435834679,-20.806429487810707,177.80486682650155,169.63573242520437,16.17516024982225,-24.345714076137515,33.41678049107559,367.9079400948625,-194.27054939537962
100,613.5472112175141,81.6321462904184,-205.60746580023311,369.83816757528064,301.1392551416095,261.1775276447931,481.83754878377994,69.8406449994208,-3.647008343645494,261.0523315629582,296.0270938683259,55.67610946151858,-47.91536751170988,33.17287858677012,578.1754846310938,-271.01237923427027
101,643.8097431556514,82.77697723676863,-112.3108275270505,340.9296318364334,322.7917613551385,256.9539423937534,542.1511812272462,56.78066520284601,-34.20410810487196,262.2269397056488,299.5969825519626,31.530710083784353,-33.63714520269663,45.03286031092599,609.187373983408,-384.4886816586976
102,643.8097431556514,82.77697723676863,-112.3108275270505,340.9296318364334,322.7917613551385,256.9539423937534,542.1511812272462,56.78066520284601,-34.20410810487196,262.2269397056488,299.5969825519626,31.530710083784353,-33.63714520269663,45.03286031092599,609.187373983408,-384.4886816586976
103,656.5404186432689,70.29350977335795,-99.63340761209224,257.6309001331378,304.0110703519779,236.2655145121157,341.11896789369365,63.86049690453426,-34.424319251119606,309.0713250033846,301.667613132368,50.804703387142744,-49.84395840012565,88.72278251228632,577.8630008224605,-300.3200123863627
104,728.0602887799099,91.35784999407223,-126.81029416105255,234.43061261610654,303.24715243025963,236.3794011505327,436.2207866812459,62.32405752498236,-8.546434211252171,265.26102357117827,278.11782989032287,29.089529432467437,-48.77930846120473,46.474502744913494,562.6604656540596,-259.11968631144094
105,587.3801198181316,72.01491295080599,-69.64989720430964,292.5814484943975,282.82266049176616,219.18094750382926,510.36902279145994,43.95774395952283,-36.49675705611206,237.40687064254922,264.1072016916021,11.943945896272533,-25.52049992923481,36.02157535240266,523.5994294070142,-354.0471819124561
106,246.7297347092936,36.07867308119631,-17.22582264326562,75.68306657025626,123.7944756363934,82.26278501858525,203.5475435863776,29.231110728223918,161.9661727535619,117.01239922021333,176.20079003411345,18.6795744633042,-11.642628755330952,72.18263751703556,234.16292083840423,-111.92406937788884
107,765.3527817434829,84.17656575824455,-129.33490408008157,241.54583531721158,286.4018098244513,243.57396182208083,444.79007049207445,65.25203122114327,-11.779608139748971,269.5257943995995,285.4089292359361,38.465563185066905,-47.30796214084986,49.031461631637505,573.4916665088297,-269.5241748047626
108,516.9946650854745,67.17825468701332,-194.5924235964454,330.10781892942384,248.8215882458216,216.31325909497974,380.69664203360884,60.07206527042056,-2.046051627271807,244.1539676602247,256.22118369450004,51.50793044563162,-44.70938489416663,23.17157602841634,481.8308834392563,-202.98543552390652
109,389.33702906502646,28.733012706600576,-72.23417645073637,134.07207776780055,265.50575322905956,145.24247570110097,214.47148517616174,42.43725886591105,-2.988563013033216,129.1208342943291,167.04962650545937,34.49290552731648,-27.9147778671715,25.200832334725234,282.67915704473984,-159.82181932025338
110,319.6819272867965,46.42178007837791,-63.903886193194786,117.09456581796017,153.16192959357653,132.30271729048928,248.84316827576092,25.627170454680577,4.0102315914903395,343.57013939811833,119.95368660166315,19.56702278578548,-14.995621282827528,11.698863640764369,297.5138197616971,-143.6125754963733
111,406.5457575932181,50.751417085887645,-94.53652373372134,152.88038326584785,188.09733792963118,328.73218692779363,269.04579836787883,33.71738103499816,7.315566657129257,125.84760466888352,177.93494989235595,29.44003278198218,-32.35923487916743,15.429389921234192,361.7161734800054,-166.70498509740906
113,613.8485921886704,81.35231587253037,-203.72934528781298,373.26089216691037,301.3186170619207,260.8373285424048,480.05246691536695,69.86851230851104,-4.233151479237293,262.1991932889612,296.3225682673081,56.2164492838678,-48.134590523121474,34.56655008629735,578.4937228317854,-271.07600307277795
114,241.37530991953008,35.66858507329192,-20.397128095317818,73.00478353058305,121.0998332788261,80.1291663299801,201.88646659961202,28.467306425154227,162.31332240669715,114.06700754561315,173.2303115158532,17.861955216800034,-11.064869305100638,70.96513089304158,229.40835682094948,-109.45868269901408
115,765.3527817434829,84.17656575824455,-129.33490408008157,241.54583531721158,286.4018098244513,243.57396182208083,444.79007049207445,65.25203122114327,-11.779608139748971,269.5257943995995,285.4089292359361,38.465563185066905,-47.30796214084986,49.031461631637505,573.4916665088297,-269.5241748047626
116,388.602519808042,49.432249145596,-95.2209403182289,202.12474208658188,182.38383607148643,325.2967599102605,263.151242371273,34.10705083462595,13.307368348647966,121.50934405115386,173.84717523464525,34.167872067357,-33.2223215887291,16.27899304490283,352.6684923137713,-151.46709371511696
117,658.3273556381193,71.00859377633681,-99.84975204380817,257.8207924836944,305.14187908391006,237.52543635293947,343.95304937429154,67.50483335077045,-33.86948427118806,307.64933992446237,302.1808457563769,51.109859616862984,-49.747235435717954,89.17467811858724,579.8412492935423,-301.3514448135875
118,650.8104220569343,85.36797086160068,-194.6184794091943,89.43579332729637,299.7234087592568,257.1965183000901,436.7538088896637,63.58860503591544,-5.331329368939636,254.2650365347779,291.08140891559725,24.77109492035529,-39.55634252169368,20.99981334206594,570.584129559284,-301.8966025573908
119,636.3362261905564,82.16855744140425,-110.2428183640274,337.17164164264324,319.88545790279164,254.9762078978307,540.2835815204894,56.087887450731934,-33.87812476418767,258.41282776700666,296.7734743533183,32.62564285191267,-33.33494670540383,43.252553483481,604.1899343034103,-379.88150576825103
120,617.8738940177552,79.23937069002717,-205.73209989913732,362.0014890782659,298.9829249266402,258.60368563880763,447.01612775113875,72.04221229333105,-3.682548450576202,272.09056404192,298.24644362179373,61.33268006025706,-51.87927030036835,42.90857105269604,574.9210971942541,-253.98854875180552
121,408.18047688435263,50.55662782354628,-281.8402131445552,156.61643355100614,183.19917010279985,142.0981375134263,308.86327275636665,31.420116029614782,-18.78703898078499,176.88168223123978,168.32207014304421,21.56661902087552,-25.926783382163194,34.640353127030124,364.75728661333926,-182.33123973080706
122,643.8097431556514,82.77697723676863,-112.3108275270505,340.9296318364334,322.7917613551385,256.9539423937534,542.1511812272462,56.78066520284601,-34.20410810487196,262.2269397056488,299.5969825519626,31.530710083784353,-33.63714520269663,45.03286031092599,609.187373983408,-384.4886816586976
123,643.8097431556514,82.77697723676863,-112.3108275270505,340.9296318364334,322.7917613551385,256.9539423937534,542.1511812272462,56.78066520284601,-34.20410810487196,262.2269397056488,299.5969825519626,31.530710083784353,-33.63714520269663,45.03286031092599,609.187373983408,-384.4886816586976
124,781.9142235790769,89.56621557203118,-136.45769249364284,254.32639241527306,319.8065709896324,259.5563655256995,470.3794626480228,70.74244978566692,-8.895971362399429,284.7893581683487,304.91936222378837,34.494451492213756,-53.81746575762965,51.49780197374707,617.2700696912467,-282.04893008302975
125,619.9656058608897,79.28895648681771,-207.80028840321202,359.7583583149272,300.16716046681495,259.5425535547794,451.7907369572598,72.40657819547144,-4.03509105018053,273.4371968140782,299.47689656914457,61.85948371397844,-52.15088964990634,43.26944338993074,576.8351073316277,-255.2347576374398
126,542.3765661327809,69.86623005464597,-183.06034266088318,330.2442934824053,252.43160443433786,221.37405336190884,429.198963806888,62.84041570194715,1.735940603272785,233.41340471122373,256.33990072745314,42.12289347542319,-42.87204892321048,21.429977371776538,478.5775751671635,-208.55498401086922
127,758.3864221222564,87.2615612515691,-125.9979873930151,244.2677042763813,278.1348905456702,242.6496242808853,456.69726793607447,64.29645398182721,-9.40010846523376,276.30402099924663,288.532112267914,22.612867082218077,-54.68052221393811,50.835751697625625,608.5927392125583,-259.9537115398513
128,667.1892352232159,82.69766845976359,-195.6564575813605,98.48050118511858,309.80975767320984,260.52207960818936,463.10241617202104,70.03380000856477,-13.949184843559399,275.241198605924,302.6663992705966,34.76430326010765,-43.69450847463417,37.036541509844966,586.2518226396129,-311.2685801296229
129,624.1305468515493,79.50588070640472,-229.00564941398073,74.55569878681767,286.50416600180137,242.4483847399787,452.41671036800824,59.99555377824287,-10.699487351818464,249.41992474115852,276.82603842688627,26.828339682601545,-38.74194339979832,25.535106353686437,546.5227375147842,-290.1594645697439
131,154.34354212200228,19.787030365373866,-23.49931481543034,96.36345576029302,244.54671174275472,62.47332173053381,197.36907376905899,16.364548033282677,-16.123648435573493,107.68120237568726,83.93642841067395,-13.922175144229085,-11.016181890643235,17.749625831614672,252.68388087557753,-85.3257873604967
132,738.4147857317456,117.52420260194373,-129.0004722602362,239.5916561928988,281.1914082078826,241.6564351021411,445.6119017730278,73.74875028593664,-10.014571146270384,270.95692611268584,284.08282981132265,32.7550024985649,-48.06293961838768,48.69219830491274,579.0228795490077,-265.1476423221178
133,758.103400095455,87.75004612529773,-126.34858822489541,245.25184444809793,278.83921853898283,243.31046670691066,459.0178746435723,64.43964252030204,-9.308684232541438,277.5980398525669,289.53921632287,22.023155243059183,-54.785236077306344,50.69327620574391,615.5694370385127,-261.0401972440526
134,314.74368226438855,38.851716434258755,-1.2788562372988395,86.28471393648171,176.572687622485,147.54710858308817,285.467216833108,34.3360178550663,-26.938094279981698,144.59829069890458,179.51215176862735,117.20496525969457,-40.254875756320196,17.94217107786551,358.31323542579554,-86.5597723969013
135,279.37102423510817,29.230110526976173,-52.86348573535537,123.59728966721633,132.11719712635644,99.12334983975644,216.0494367934571,21.851188944287298,-10.87790302502854,124.85965031853101,124.17640224626055,13.000733176296585,-4.828584746374008,5.547380677948046,461.0676976550398,-149.3561340776333
136,757.1108945099376,90.94616117339697,-126.04389511595936,244.56484713310377,278.09232747323165,242.97430008862716,458.04744850661297,63.470828349034036,-9.250616538378376,277.08637587732585,289.20350845059147,21.782592188277338,-55.15308558772711,50.98568564433376,610.79578391952,-259.74618925916684
137,758.3864221222564,87.2615612515691,-125.9979873930151,244.2677042763813,278.1348905456702,242.6496242808853,456.69726793607447,64.29645398182721,-9.40010846523376,276.30402099924663,288.532112267914,22.612867082218077,-54.68052221393811,50.835751697625625,608.5927392125583,-259.9537115398513
139,333.4335294153181,42.06761739961752,-57.14140766301004,151.3439896785406,160.3883034694242,305.8134330074006,233.97119594103566,27.138879462796336,5.502050894348597,97.93592235696308,152.22777126853737,45.79156474151372,-31.468363939546347,10.291722406124814,314.2908551381021,-120.01190977305531
141,275.1083915224167,31.999706772643297,-52.13382815609703,122.16585824624154,128.32137227445224,97.36950967888117,213.6789730885593,21.825859933321244,-11.015509816775849,123.53383812348606,122.1467099490059,12.832615459979767,-4.234486407642441,5.2430448189017875,457.7214436977636,-147.79721029255117
142,664.4886023762316,71.57515241345311,-102.77863447190886,262.3882853430801,308.2518856349652,240.44714524339182,348.95192879386957,65.05257334846394,-33.8504039622352,310.36894264939923,305.4282882375096,51.78689209257274,-50.456377011464305,89.41207408249578,585.862736045021,-303.82023967781
143,758.3864221222564,87.2615612515691,-125.9979873930151,244.2677042763813,278.1348905456702,242.6496242808853,456.69726793607447,64.29645398182721,-9.40010846523376,276.30402099924663,288.532112267914,22.612867082218077,-54.68052221393811,50.835751697625625,608.5927392125583,-259.9537115398513
144,311.7337435538337,45.14013743828274,-60.758659333378155,112.33718060801786,148.92111431058922,128.12108655921315,241.01020737558497,24.435094010750923,3.436316302605931,342.27252175210367,116.19301149652158,18.584834080355474,-14.383202671488876,11.00957207055492,289.5140845391365,-140.11234820492598
145,833.4688165133036,98.93411467624021,-160.06611721487042,243.4805939425276,325.09417084449177,279.64350184570566,514.1657059762218,74.75861254773584,-10.803770258072253,308.7674490950218,327.6667198662706,35.15624590412391,-55.9722751332501,52.53815588782211,663.7243784374108,-308.45996132317794
146,669.3869254100766,82.65543664272141,-199.69046477779222,98.55344857053386,310.6647410065487,261.04958774731887,464.9880052799785,66.74713284515201,-14.371037067765664,276.25458984178994,303.3702038606673,34.62491043455715,-43.887006680959225,37.32774508569131,588.1520489224808,-312.52954311993557
147,689.7300335954321,72.41354406992716,-122.16777439665347,238.24751284873886,320.6250663899221,250.17660753049765,397.6242054991447,68.74828917254932,-37.61670930684284,324.7483105272808,318.3497995687771,56.61812504161227,-53.288458358565194,93.45703257471553,606.7979057169969,-317.35828489879884
148,667.7075196275762,82.18802066828363,-194.3192469771871,98.21317571030075,308.92285413792774,259.6664890096493,464.9230797480204,66.29924788192594,-14.159369429730548,275.4787944245509,302.36486366569324,33.482659317066236,-43.59198552303434,36.37280897790118,583.7145149334524,-310.69322501922125
149,650.8104220569343,85.36797086160068,-194.6184794091943,89.43579332729637,299.7234087592568,257.1965183000901,436.7538088896637,63.58860503591544,-5.331329368939636,254.2650365347779,291.08140891559725,24.77109492035529,-39.55634252169368,20.99981334206594,570.584129559284,-301.8966025573908
150,479.64003252662434,102.34248310654465,-81.6879960359513,178.0233165363023,212.0008502065645,184.31586174539146,180.7623025363518,45.48124382815782,8.790571849693848,166.54798557657955,201.95368407494726,1.9759317868949473,-21.552490681866907,4.227672469608819,415.97701547626116,-212.46227780014738
151,655.3253327264816,81.020197395325,-91.45895269818423,321.5874136651696,325.82435529316245,253.74945295299344,524.6395206409878,55.68240341124977,-41.14624423261954,272.12524706277947,302.3394614776118,30.47550606015275,-33.75746364983729,55.991458833481836,613.2881611337824,-395.754396984205
152,313.5992785602135,45.6146578367594,-59.7696963464505,111.52031318987272,150.69524528108076,130.06440073184888,245.52335524414903,24.86378984452994,3.548132745880265,340.9952076450054,117.55701903021713,20.663149499157694,-14.754538866343754,11.189871049251154,293.1496836305435,-140.26295441089167
153,472.14573732656345,44.419938107462265,-88.85897617019106,165.43151134458256,298.74737767349063,177.59803997386624,280.3738905637543,54.86322155333701,-1.4958307065919247,169.01170770652422,206.50439170585383,30.175128818740504,-38.25175382879666,32.2163063862222,374.94862505698336,-189.4689383211784
154,755.730831800013,90.55555171894567,-125.90847171984635,244.04615753647622,277.5172543522997,242.41766983064497,456.785984969844,64.79523044858476,-9.232055117242957,276.4504769246296,288.3874548976376,21.930468312722404,-54.808820184693126,50.81234508937836,609.3166677098587,-259.4322762314545
155,600.0061805488905,76.9813266969819,-175.83906769550887,63.65182967230524,284.29634884064814,243.4058614766966,447.97308519917567,60.583159627080896,-11.45835331405795,241.05886212996873,278.10560039248503,46.39185736234448,-41.44278115826155,20.742183435235365,542.9322161399602,-268.92317089434465
156,833.4688165133036,98.93411467624021,-160.06611721487042,243.4805939425276,325.09417084449177,279.64350184570566,514.1657059762218,74.75861254773584,-10.803770258072253,308.7674490950218,327.6667198662706,35.15624590412391,-55.9722751332501,52.53815588782211,663.7243784374108,-308.45996132317794
157,679.3230720809928,71.26388813974005,-119.32632966591164,234.38272508160605,317.6275567242168,247.5975078444686,393.3782078234679,67.93285175971715,-37.83792880388856,321.2603386178684,315.33615013957177,58.15105534315872,-52.93148809036046,92.51180486332959,600.6387012876031,-312.93270744867107
158,473.3018700737815,43.66942866049251,-88.66901977913399,164.86779318549236,298.6999639428858,177.2987263626466,279.1162076822737,51.46044240493193,-1.8447230728864004,168.29199895841734,206.03689709081715,30.823112488380076,-37.96058271735472,32.12102695647565,372.756577800506,-189.6945025270677
159,473.3018700737815,43.66942866049251,-88.66901977913399,164.86779318549236,298.6999639428858,177.2987263626466,279.1162076822737,51.46044240493193,-1.8447230728864004,168.29199895841734,206.03689709081715,30.823112488380076,-37.96058271735472,32.12102695647565,372.756577800506,-189.6945025270677
160,619.6251473677083,79.24344504928975,-205.702885630494,364.1890638325923,300.4437318546056,259.3658518613924,453.01033627149883,72.1778521849566,-4.582425915118824,273.3455720149692,299.4273906980449,61.781486111081676,-51.946560447498285,43.65345840914191,577.2873832622658,-256.8761436356305
161,613.8485921886704,81.35231587253037,-203.72934528781298,373.26089216691037,301.3186170619207,260.8373285424048,480.05246691536695,69.86851230851104,-4.233151479237293,262.1991932889612,296.3225682673081,56.2164492838678,-48.134590523121474,34.56655008629735,578.4937228317854,-271.07600307277795
163,667.2678332347452,82.45710485526139,-194.4511501627169,97.47374141641689,310.45307991176924,261.2054719400013,464.7814825599872,66.81815939610762,-14.392203380216612,275.38586957774794,303.51717418028323,36.53746244918963,-44.16256763389675,36.76494488224029,587.909173259938,-310.3877539083638
164,519.7227763327296,70.40673714801713,-179.80483072107302,320.109723991235,252.6394118682609,223.57611052396976,398.9502005784214,61.365202836851964,3.183236428031523,220.74507850273062,291.888347501502,50.74278490107456,-43.56057369240554,25.429920535112213,488.3570532527278,-209.24029002770027
165,559.2492219693156,74.2998261945215,-235.56721324829078,332.64026231603475,270.4937953591062,235.88843307041665,431.52728551443425,64.10362472175072,-0.8237543137356024,241.3160298554373,267.2440775868802,55.31856383941435,-46.29031966172198,30.707741822073185,524.610265677774,-226.03733879675332
166,755.730831800013,90.55555171894567,-125.90847171984635,244.04615753647622,277.5172543522997,242.41766983064497,456.785984969844,64.79523044858476,-9.232055117242957,276.4504769246296,288.3874548976376,21.930468312722404,-54.808820184693126,50.81234508937836,609.3166677098587,-259.4322762314545
167,329.91862621169213,43.07117276323863,-40.735868116569435,111.33439907110527,163.87469278999035,112.23268577925693,247.23386108801722,38.459931268609374,154.92119906484325,161.975154754504,179.5852753518654,30.37347928272861,-19.224588381276018,87.75004424430695,308.96969905898067,-148.63985994777107
168,342.40796073162966,39.045651372316044,-63.1175335753879,162.88879392903735,174.2274734183626,129.31160733379772,281.5286847186038,28.29029266102831,-17.501756315817737,151.2133752109492,156.9550974934081,23.31854665841858,-2.4818687239636814,8.636563077673111,507.4598157252146,-208.93705058659282
169,684.4034962317971,72.10255255620193,-121.20427083728018,236.96112144710517,319.1702627160776,248.97657352680795,392.2562801925167,68.2333963006006,-37.225226409376724,322.58095605834933,316.633730991883,55.988979098959796,-52.742844226703674,92.53756785401264,603.4038926295354,-316.23005061497565
170,669.3869254100766,82.65543664272141,-199.69046477779222,98.55344857053386,310.6647410065487,261.04958774731887,464.9880052799785,66.74713284515201,-14.371037067765664,276.25458984178994,303.3702038606673,34.62491043455715,-43.887006680959225,37.32774508569131,588.1520489224808,-312.52954311993557
171,650.8104220569343,85.36797086160068,-194.6184794091943,89.43579332729637,299.7234087592568,257.1965183000901,436.7538088896637,63.58860503591544,-5.331329368939636,254.2650365347779,291.08140891559725,24.77109492035529,-39.55634252169368,20.99981334206594,570.584129559284,-301.8966025573908
172,655.3253327264816,81.020197395325,-91.45895269818423,321.5874136651696,325.82435529316245,253.74945295299344,524.6395206409878,55.68240341124977,-41.14624423261954,272.12524706277947,302.3394614776118,30.47550606015275,-33.75746364983729,55.991458833481836,613.2881611337824,-395.754396984205
173,556.8409369025878,73.90677654638004,-237.09593987792195,332.7362162891422,268.6795088985315,234.1875588945125,427.8933479191622,63.64875809865461,-0.7162240700190013,240.06802922966162,268.39155583529595,53.165564487329014,-45.667137313340255,30.602567849888807,520.6156309787539,-225.90938969928143
174,408.18047688435263,50.55662782354628,-281.8402131445552,156.61643355100614,183.19917010279985,142.0981375134263,308.86327275636665,31.420116029614782,-18.78703898078499,176.88168223123978,168.32207014304421,21.56661902087552,-25.926783382163194,34.640353127030124,364.75728661333926,-182.33123973080706
175,313.74145768861,38.883258609102135,0.977392438076906,83.28885767389338,175.64870930185006,146.68785770678713,281.02547617054495,33.87318178579912,-26.78749073107994,143.34397638627257,178.41306504949253,116.13901572886788,-39.82514947617964,17.458941477035353,356.7142906365742,-86.50749447772426
176,670.5472915827654,70.65094021086082,-126.44624599399732,287.852302494993,315.2366456235983,246.6454532550796,390.25604510787974,68.84652688002953,-35.797371984411896,321.2058742866486,313.8755175377957,61.62996209957951,-54.236996443448625,94.29817770273515,597.7309234686226,-303.1351869956703
177,618.0812247964969,60.497666379056696,-82.68019090292542,243.9986646269276,277.5225679779423,211.26665911647822,361.58717698371413,56.85801279781257,-37.649088402492865,298.09201671261997,280.9293745684973,42.85962321332795,-46.636994539408086,85.23308513227401,516.2642393608397,-273.90151912333863
178,643.8097431556514,82.77697723676863,-112.3108275270505,340.9296318364334,322.7917613551385,256.9539423937534,542.1511812272462,56.78066520284601,-34.20410810487196,262.2269397056488,299.5969825519626,31.530710083784353,-33.63714520269663,45.03286031092599,609.187373983408,-384.4886816586976
179,633.7874973978662,83.09239898520241,-89.74834077329307,310.97106921054996,313.55197814878915,248.36143363074285,497.7337746016154,52.152304510174176,-32.69807261585439,249.6837965793285,288.6061153606145,20.871214775517334,-29.339882401291025,40.20056430262443,593.1979260911958,-383.96590246692745
180,650.8104220569343,85.36797086160068,-194.6184794091943,89.43579332729637,299.7234087592568,257.1965183000901,436.7538088896637,63.58860503591544,-5.331329368939636,254.2650365347779,291.08140891559725,24.77109492035529,-39.55634252169368,20.99981334206594,570.584129559284,-301.8966025573908
181,765.3527817434829,84.17656575824455,-129.33490408008157,241.54583531721158,286.4018098244513,243.57396182208083,444.79007049207445,65.25203122114327,-11.779608139748971,269.5257943995995,285.4089292359361,38.465563185066905,-47.30796214084986,49.031461631637505,573.4916665088297,-269.5241748047626
182,667.7075196275762,82.18802066828363,-194.3192469771871,98.21317571030075,308.92285413792774,259.6664890096493,464.9230797480204,66.29924788192594,-14.159369429730548,275.4787944245509,302.36486366569324,33.482659317066236,-43.59198552303434,36.37280897790118,583.7145149334524,-310.69322501922125
183,656.3275573022601,80.98865522048162,-93.71520137355998,324.58326992775795,326.74833361379734,254.6087038292945,529.0812613035508,56.145239480516956,-41.29684778152129,273.37956137541147,303.43854819674664,31.54145559097945,-34.187189929977855,56.47468843431199,614.8871059230034,-395.80667490338203
184,587.7423831096432,80.31576394106882,-203.0182658810136,348.37569134724276,282.42206212507347,250.05305297035977,415.0529510975377,67.29773967374916,9.172749872506769,245.0039584733779,279.6513057100406,50.69640657805302,-46.75334451504963,24.34401762519978,546.8296023681927,-238.18985182611334
185,656.5404186432689,70.29350977335795,-99.63340761209224,257.6309001331378,304.0110703519779,236.2655145121157,341.11896789369365,63.86049690453426,-34.424319251119606,309.0713250033846,301.667613132368,50.804703387142744,-49.84395840012565,88.72278251228632,577.8630008224605,-300.3200123863627
186,353.9647306288701,35.07706630055385,-38.47409926727742,120.47919352133324,94.56752968295027,96.73007469472772,224.62887436751916,20.089594616582353,-3.8168631909041237,133.62942623282882,130.14327164118146,-32.12308059655161,-42.904148179106414,27.955922624578168,371.2301123627905,-85.73732403638328
187,280.59084764335773,25.261957289649917,-55.30207024880666,118.21225872792154,136.4353222682492,97.55264298702357,198.97734633234447,22.137859425718254,-13.526701907375108,115.01670778057961,117.69711440066607,30.13486833593761,3.932572043208338,3.0907494923597643,416.8622372212084,-157.23733670669452
188,656.3275573022601,80.98865522048162,-93.71520137355998,324.58326992775795,326.74833361379734,254.6087038292945,529.0812613035508,56.145239480516956,-41.29684778152129,273.37956137541147,303.43854819674664,31.54145559097945,-34.187189929977855,56.47468843431199,614.8871059230034,-395.80667490338203
189,656.3275573022601,80.98865522048162,-93.71520137355998,324.58326992775795,326.74833361379734,254.6087038292945,529.0812613035508,56.145239480516956,-41.29684778152129,273.37956137541147,303.43854819674664,31.54145559097945,-34.187189929977855,56.47468843431199,614.8871059230034,-395.80667490338203
190,827.0728342838975,97.81574903840827,-159.01345907943386,240.1656453583489,321.4971314229808,276.68306140675134,509.3613570000182,73.87869625967383,-10.383660747025221,304.0889574364489,323.52494214290306,35.126003152809815,-54.91084636525279,50.93416625823524,654.8775408806107,-304.95917585987974
191,556.8409369025878,73.90677654638004,-237.09593987792195,332.7362162891422,268.6795088985315,234.1875588945125,427.8933479191622,63.64875809865461,-0.7162240700190013,240.06802922966162,268.39155583529595,53.165564487329014,-45.667137313340255,30.602567849888807,520.6156309787539,-225.90938969928143
192,545.531817181096,72.9249281152858,-185.24207626056074,325.6011809686551,271.2834878636582,239.42500949316357,431.3296580212784,65.50666798342091,-1.3614007789293738,236.44293915365986,271.5372889816843,73.34915121761081,-49.348127688389944,26.860046615008056,527.1789487323438,-209.22662257148184
193,608.9574708221968,77.87477418584153,-204.2405509670446,358.71528690767514,295.06033090072924,255.16605115889934,443.81861577242006,71.30355268752528,-3.9003748900946285,269.0662553524816,294.50654369500734,61.375328110532614,-51.461656827767364,42.88819006506862,567.1724218892963,-250.0824390462722
194,568.7648898046077,80.78493725735271,-95.17591480572584,215.2045322114372,253.70798721552845,216.50039270005584,229.370835285548,49.36324489923903,3.6970254456098712,210.62916272295035,244.39119438418825,9.101153049748664,-30.82268257348085,19.2303206120184,496.5728025224138,-251.4269307121319
195,765.3527817434829,84.17656575824455,-129.33490408008157,241.54583531721158,286.4018098244513,243.57396182208083,444.79007049207445,65.25203122114327,-11.779608139748971,269.5257943995995,285.4089292359361,38.465563185066905,-47.30796214084986,49.031461631637505,573.4916665088297,-269.5241748047626
196,314.74368226438855,38.851716434258755,-1.2788562372988395,86.28471393648171,176.572687622485,147.54710858308817,285.467216833108,34.3360178550663,-26.938094279981698,144.59829069890458,179.51215176862735,117.20496525969457,-40.254875756320196,17.94217107786551,358.31323542579554,-86.5597723969013
197,473.0188480469802,44.15791353422112,-89.0196206110143,165.85193335720896,299.40429193619843,177.95956878867193,281.43681438977154,51.60363094340676,-1.7532988401940788,169.5860178117376,207.04400114577317,30.233400649221178,-38.06529658072296,31.978551464593945,379.73327562646034,-190.780988231269
198,650.8104220569343,85.36797086160068,-194.6184794091943,89.43579332729637,299.7234087592568,257.1965183000901,436.7538088896637,63.58860503591544,-5.331329368939636,254.2650365347779,291.08140891559725,24.77109492035529,-39.55634252169368,20.99981334206594,570.584129559284,-301.8966025573908
199,679.3230720809928,71.26388813974005,-119.32632966591164,234.38272508160605,317.6275567242168,247.5975078444686,393.3782078234679,67.93285175971715,-37.83792880388856,321.2603386178684,315.33615013957177,58.15105534315872,-52.93148809036046,92.51180486332959,600.6387012876031,-312.93270744867107
200,389.33702906502646,28.733012706600576,-72.23417645073637,134.07207776780055,265.50575322905956,145.24247570110097,214.47148517616174,42.43725886591105,-2.988563013033216,129.1208342943291,167.04962650545937,34.49290552731648,-27.9147778671715,25.200832334725234,282.67915704473984,-159.82181932025338
201,400.70695991925766,49.94820802818189,-279.77220398153213,152.85844335721595,180.29286665045308,140.12040301750355,306.9956730496098,30.727338277500706,-18.461055640100692,173.06757029259762,165.49856194439997,22.661551789003838,-25.624584884870394,32.860046299585136,359.75984693334163,-177.7240638403605
202,408.18047688435263,50.55662782354628,-281.8402131445552,156.61643355100614,183.19917010279985,142.0981375134263,308.86327275636665,31.420116029614782,-18.78703898078499,176.88168223123978,168.32207014304421,21.56661902087552,-25.926783382163194,34.640353127030124,364.75728661333926,-182.33123973080706
203,655.8072415586474,70.17783688817227,-99.45548842701305,256.93142373986075,303.5594043315158,236.24292535870975,341.58195607213304,63.39863260599454,-34.72380244181397,305.2718787195885,300.48131612161563,50.2698772214901,-45.92521210962861,88.29566552507393,577.9046299306851,-299.4822265511502
204,558.8623957517084,74.37485989118194,-203.72191032380144,343.45073346497406,271.16457558017237,272.9001246812664,423.1045762696121,64.68899150612538,4.821811227703337,231.79329768795566,268.7569507606945,56.05898633121386,-47.61746286939045,27.673063911555918,523.6147880173455,-222.66601514873102
205,677.457537074613,70.78936774126339,-120.31529265283929,235.1995924997512,315.8534257537252,245.6541936718329,388.86505995490387,67.50415592593812,-37.94974524716289,322.5376527249667,313.9721426058762,56.0727399243565,-52.560151895505584,92.33150588463333,597.0031021961961,-312.7821012427054
206,136.28946786344216,21.253414380386182,28.603784127099292,40.51724794596779,59.74935808089095,49.909570377984615,96.06224310867849,7.890470246170954,-2.047340323172726,40.798424622169264,272.887294616573,-1.1171992427719009,-6.690201548025564,1.364136680239483,119.24338613262586,-62.9524847384011
207,604.782351341921,80.59222392478969,-201.1715398241803,369.3199598974465,297.0199650013263,257.6425650167453,475.4970751945273,68.87635247926109,-3.496055776296997,257.32150654166793,295.7017689156685,55.1565520787382,-47.34617471079768,32.83177873082571,570.513301041728,-266.9437064267451
208,758.3864221222564,87.2615612515691,-125.9979873930151,244.2677042763813,278.1348905456702,242.6496242808853,456.69726793607447,64.29645398182721,-9.40010846523376,276.30402099924663,288.532112267914,22.612867082218077,-54.68052221393811,50.835751697625625,608.5927392125583,-259.9537115398513
209,762.5857274414725,84.2567955857572,-129.4250863242022,240.5842808251746,288.97479963224725,242.9701349540696,442.73355066321466,65.00491392878303,-11.711046049149893,268.4068490642544,284.3819667352046,39.18146929704142,-46.705010968501014,48.59767739719101,568.8260463032498,-269.4929158127612
210,408.18047688435263,50.55662782354628,-281.8402131445552,156.61643355100614,183.19917010279985,142.0981375134263,308.86327275636665,31.420116029614782,-18.78703898078499,176.88168223123978,168.32207014304421,21.56661902087552,-25.926783382163194,34.640353127030124,364.75728661333926,-182.33123973080706
211,419.07534955791147,51.3679075398855,-279.9596114315448,104.22656329173614,185.80174229819784,142.8943079101329,312.191958191946,30.43541435834679,-20.806429487810707,177.80486682650155,169.63573242520437,16.17516024982225,-24.345714076137515,33.41678049107559,367.9079400948625,-194.27054939537962
212,319.6819272867965,46.42178007837791,-63.903886193194786,117.09456581796017,153.16192959357653,132.30271729048928,248.84316827576092,25.627170454680577,4.0102315914903395,343.57013939811833,119.95368660166315,19.56702278578548,-14.995621282827528,11.698863640764369,297.5138197616971,-143.6125754963733
213,371.98418068033396,30.989668578035165,-67.05099837160981,134.6587706255178,253.33636972219034,141.3144707856262,222.83956432075829,40.51611896747685,-0.3803435797847504,133.59386440680308,167.19501497535103,16.69684168931848,-35.09502460617298,26.294213069302508,318.64844445752976,-146.95526992935163
214,617.8738940177552,79.23937069002717,-205.73209989913732,362.0014890782659,298.9829249266402,258.60368563880763,447.01612775113875,72.04221229333105,-3.682548450576202,272.09056404192,298.24644362179373,61.33268006025706,-51.87927030036835,42.90857105269604,574.9210971942541,-253.98854875180552
215,656.3275573022601,80.98865522048162,-93.71520137355998,324.58326992775795,326.74833361379734,254.6087038292945,529.0812613035508,56.145239480516956,-41.29684778152129,273.37956137541147,303.43854819674664,31.54145559097945,-34.187189929977855,56.47468843431199,614.8871059230034,-395.80667490338203
216,762.5225614754693,89.06141449553068,-132.84091239888463,251.38723703437776,293.4450897575776,250.18238608233435,467.99613756705304,66.68391660589155,-10.865365812825754,282.4659829328022,295.4799697854962,32.568444793477944,-48.355100774532204,47.606706712820426,643.258644768373,-280.3890318467756
217,650.8104220569343,85.36797086160068,-194.6184794091943,89.43579332729637,299.7234087592568,257.1965183000901,436.7538088896637,63.58860503591544,-5.331329368939636,254.2650365347779,291.08140891559725,24.77109492035529,-39.55634252169368,20.99981334206594,570.584129559284,-301.8966025573908
218,473.0188480469802,44.15791353422112,-89.0196206110143,165.85193335720896,299.40429193619843,177.95956878867193,281.43681438977154,51.60363094340676,-1.7532988401940788,169.5860178117376,207.04400114577317,30.233400649221178,-38.06529658072296,31.978551464593945,379.73327562646034,-190.780988231269
219,600.0061805488905,76.9813266969819,-175.83906769550887,63.65182967230524,284.29634884064814,243.4058614766966,447.97308519917567,60.583159627080896,-11.45835331405795,241.05886212996873,278.10560039248503,46.39185736234448,-41.44278115826155,20.742183435235365,542.9322161399602,-268.92317089434465
220,667.2678332347452,82.45710485526139,-194.4511501627169,97.47374141641689,310.45307991176924,261.2054719400013,464.7814825599872,66.81815939610762,-14.392203380216612,275.38586957774794,303.51717418028323,36.53746244918963,-44.16256763389675,36.76494488224029,587.909173259938,-310.3877539083638
221,765.3527817434829,84.17656575824455,-129.33490408008157,241.54583531721158,286.4018098244513,243.57396182208083,444.79007049207445,65.25203122114327,-11.779608139748971,269.5257943995995,285.4089292359361,38.465563185066905,-47.30796214084986,49.031461631637505,573.4916665088297,-269.5241748047626
222,587.3801198181316,72.01491295080599,-69.64989720430964,292.5814484943975,282.82266049176616,219.18094750382926,510.36902279145994,43.95774395952283,-36.49675705611206,237.40687064254922,264.1072016916021,11.943945896272533,-25.52049992923481,36.02157535240266,523.5994294070142,-354.0471819124561
223,611.9985760699141,59.690544137438195,-78.54600105618114,238.42441199884013,275.0558836654465,209.02834255783782,358.2673639521023,56.09463218766193,-38.11118724810294,295.51708495950703,278.5327069970512,43.955749926700165,-46.39591212292431,84.7240925407608,511.9001032296862,-270.55189803785703
224,656.5404186432689,70.29350977335795,-99.63340761209224,257.6309001331378,304.0110703519779,236.2655145121157,341.11896789369365,63.86049690453426,-34.424319251119606,309.0713250033846,301.667613132368,50.804703387142744,-49.84395840012565,88.72278251228632,577.8630008224605,-300.3200123863627
225,106.19353411958916,10.874245636444485,-20.86491782138299,62.90219905638774,236.49339800998894,44.153202344397066,141.38683729846966,14.63564537636202,-8.742500890517714,84.61935944010409,61.6841294791882,-13.803993527171647,-10.904664539103315,12.869121725427947,201.70681282303113,-42.50089613844123
226,209.04017689869747,218.51208548736204,-40.15181769050714,83.78191316558248,95.30788710518466,80.1614728510078,155.04650686979411,-20.920919402656533,-9.15210927125225,93.0313986547017,101.59630068868269,11.687268737210681,-15.694624114301655,17.505615042300143,193.5296501567617,-90.12422704901539
227,643.8097431556514,82.77697723676863,-112.3108275270505,340.9296318364334,322.7917613551385,256.9539423937534,542.1511812272462,56.78066520284601,-34.20410810487196,262.2269397056488,299.5969825519626,31.530710083784353,-33.63714520269663,45.03286031092599,609.187373983408,-384.4886816586976
228,621.1971023022049,78.964644571582,-228.232213846262,74.44890121347505,286.41295978844283,241.84701954987244,450.0383123990883,59.87289411752478,-11.246690189548476,249.74606477038833,276.63589719632523,27.26633721601968,-38.68717162888639,26.370185469745486,545.360972765388,-290.3410630100627
229,409.19354752608865,50.366438096379646,-279.42032889815283,100.56452707105343,181.08115238527634,139.21569923830597,306.6904208899171,29.287769983136638,-20.372915903409808,172.7427542620837,167.95970247497578,15.117093665865232,-23.420333230462983,31.53129969144622,358.9158657158447,-189.53542440746116
230,667.2678332347452,82.45710485526139,-194.4511501627169,97.47374141641689,310.45307991176924,261.2054719400013,464.7814825599872,66.81815939610762,-14.392203380216612,275.38586957774794,303.51717418028323,36.53746244918963,-44.16256763389675,36.76494488224029,587.909173259938,-310.3877539083638
231,419.07534955791147,51.3679075398855,-279.9596114315448,104.22656329173614,185.80174229819784,142.8943079101329,312.191958191946,30.43541435834679,-20.806429487810707,177.80486682650155,169.63573242520437,16.17516024982225,-24.345714076137515,33.41678049107559,367.9079400948625,-194.27054939537962
232,647.6707852569463,82.71075297076571,-108.23031346548723,285.5212056772571,320.95780432434816,254.23339536418524,543.7538641441026,54.58427426528226,-35.66468132072732,259.4289372090714,296.93482612088843,24.179380948735997,-31.183295288515748,41.63684494318734,603.1459294584482,-392.126286543681
233,672.3482573855497,83.29576927172327,-196.32909133408546,100.05213778191599,311.9957859036301,262.58453762234063,463.659554929036,67.11870393699107,-13.77950098570478,276.70648701822887,304.8147550325945,34.37538620499071,-43.973923770239956,36.790707872923356,590.6743646018704,-313.68509707466836
234,758.3864221222564,87.2615612515691,-125.9979873930151,244.2677042763813,278.1348905456702,242.6496242808853,456.69726793607447,64.29645398182721,-9.40010846523376,276.30402099924663,288.532112267914,22.612867082218077,-54.68052221393811,50.835751697625625,608.5927392125583,-259.9537115398513
235,291.9003636532068,26.39630917273807,-56.98368717255395,122.67805472680337,141.72151375464605,101.58894628051533,205.16438564877126,23.268752242754648,-14.247561203052808,120.5345109681792,122.96294167378551,31.159363761732664,3.0241162096577665,4.8656743167491205,426.8431608642314,-162.4532791363698
236,758.3864221222564,87.2615612515691,-125.9979873930151,244.2677042763813,278.1348905456702,242.6496242808853,456.69726793607447,64.29645398182721,-9.40010846523376,276.30402099924663,288.532112267914,22.612867082218077,-54.68052221393811,50.835751697625625,608.5927392125583,-259.9537115398513
237,643.8097431556514,82.77697723676863,-112.3108275270505,340.9296318364334,322.7917613551385,256.9539423937534,542.1511812272462,56.78066520284601,-34.20410810487196,262.2269397056488,299.5969825519626,31.530710083784353,-33.63714520269663,45.03286031092599,609.187373983408,-384.4886816586976
238,656.5404186432689,70.29350977335795,-99.63340761209224,257.6309001331378,304.0110703519779,236.2655145121157,341.11896789369365,63.86049690453426,-34.424319251119606,309.0713250033846,301.667613132368,50.804703387142744,-49.84395840012565,88.72278251228632,577.8630008224605,-300.3200123863627
239,612.898380752894,65.59414429385627,-96.05229694465933,246.67191937510606,286.3916033307629,219.8225651018789,343.38054122371994,94.20353406420091,-35.54724254078138,295.7160585263511,283.9447306175312,55.67606264374218,-47.662224055406355,91.8704104517119,541.6373164224457,-279.655070227355
240,765.3527817434829,84.17656575824455,-129.33490408008157,241.54583531721158,286.4018098244513,243.57396182208083,444.79007049207445,65.25203122114327,-11.779608139748971,269.5257943995995,285.4089292359361,38.465563185066905,-47.30796214084986,49.031461631637505,573.4916665088297,-269.5241748047626
241,738.295390866645,120.45829307680184,-128.85642359212338,239.32508089053104,281.1014314048392,241.6817972986633,445.7043994620857,69.5203455047384,-10.213971585709475,271.01957224265817,284.28673137896345,32.57271127426373,-48.24433188073475,48.746852821874334,579.0338769994921,-265.1656842473226
242,306.0150192297612,37.720126849666684,-56.289021330516626,138.59458180632038,139.6396214039855,322.4669852194285,200.64522705995128,22.85355690729995,1.700647959871535,92.83159257192904,132.15451083283045,22.0562194671794,-23.95536432994325,13.470065616895555,270.73013882835113,-120.85203828523201
243,758.103400095455,87.75004612529773,-126.34858822489541,245.25184444809793,278.83921853898283,243.31046670691066,459.0178746435723,64.43964252030204,-9.308684232541438,277.5980398525669,289.53921632287,22.023155243059183,-54.785236077306344,50.69327620574391,615.5694370385127,-261.0401972440526
244,340.15292240648637,39.06046886157963,-64.23061335404141,161.68970383690163,174.05379867007105,129.55996665471872,278.21271088885135,28.513517769308248,-17.247859173543556,150.20953849294935,156.6228872482496,24.462498985552994,-2.863888602734986,9.00431817503803,508.94989198951185,-213.17598610140539
245,643.8097431556514,82.77697723676863,-112.3108275270505,340.9296318364334,322.7917613551385,256.9539423937534,542.1511812272462,56.78066520284601,-34.20410810487196,262.2269397056488,299.5969825519626,31.530710083784353,-33.63714520269663,45.03286031092599,609.187373983408,-384.4886816586976
246,664.8595481680175,82.06405520711994,-195.9798767923481,97.56969538952437,308.6387934511945,259.5045977640971,461.1475449647151,66.36329277301154,-14.28467313650001,274.1378689519723,304.66465242869896,34.384463097104295,-43.53938528551502,36.65977091005592,583.9145385609179,-310.25980481089186
247,564.829736566698,72.16308784344184,-80.78069499084478,280.59054757304034,281.085913008851,221.66454071303917,477.2092844939346,46.1899950423222,-33.95778563337025,227.3685034625506,260.7850992400173,23.38346916761668,-29.340698716947855,39.699126326051825,538.5001920499872,-396.436537060582
248,664.1603809599948,82.03292138673677,-194.98073940001356,97.51004531637199,311.78432611788173,259.4765083624043,462.44762772867296,66.51146072075369,-14.16791447373326,274.87044151259545,301.66611895459664,34.038563247255475,-43.66128187773095,36.93759898865986,585.7571125519675,-310.02237067959976
249,758.3864221222564,87.2615612515691,-125.9979873930151,244.2677042763813,278.1348905456702,242.6496242808853,456.69726793607447,64.29645398182721,-9.40010846523376,276.30402099924663,288.532112267914,22.612867082218077,-54.68052221393811,50.835751697625625,608.5927392125583,-259.9537115398513
250,656.3275573022601,80.98865522048162,-93.71520137355998,324.58326992775795,326.74833361379734,254.6087038292945,529.0812613035508,56.145239480516956,-41.29684778152129,273.37956137541147,303.43854819674664,31.54145559097945,-34.187189929977855,56.47468843431199,614.8871059230034,-395.80667490338203
251,674.0995107355027,83.29984363098585,-196.29987706544213,102.23971253624241,313.4565928315955,263.34670384492546,469.6537634493961,67.25434382861663,-14.679378450247404,277.9614949912781,305.99570210884565,34.824192255815326,-44.0412139173699,37.53559522936923,593.0406506698822,-316.57269195849335
252,557.795905994434,71.2855838610997,-78.58078264229187,277.57199167313405,276.6493837826627,218.14782328676438,475.483281975211,44.978305776026446,-33.39896834219989,223.64731637071142,256.8092805267829,21.423598803621598,-28.467918108792645,37.526683594267716,529.308094043504,-392.1348322809929
253,666.5626644010541,69.97808802492416,-122.19589436584967,287.58946275902116,313.25085355832726,244.8580232751263,385.5363745193244,68.48885759720612,-35.930354740137176,321.6144681297049,312.6584803237161,61.46419869540977,-54.14122120153126,93.55507852058788,593.8524487146728,-300.84279157813285
254,765.8437996745955,84.3222733549371,-130.05627343274705,242.227545604576,288.02468440429516,244.33750841935012,445.7876552613501,65.50139500843099,-11.952572759780562,270.0666769640701,286.0690129540057,39.637262024002325,-46.59350266276383,48.688509465757114,576.5682451454809,-271.67404531617626
255,249.06229456752965,33.95175379134279,-32.581588355612475,83.81826267256956,122.53254220991698,81.98561799962306,195.53762731477877,26.616738624429896,199.6051685225334,116.84422134407384,132.26493825661854,17.891581062843457,-11.952499149894876,60.039218268601495,231.72229256616578,-111.83517902992939
256,613.8485921886704,81.35231587253037,-203.72934528781298,373.26089216691037,301.3186170619207,260.8373285424048,480.05246691536695,69.86851230851104,-4.233151479237293,262.1991932889612,296.3225682673081,56.2164492838678,-48.134590523121474,34.56655008629735,578.4937228317854,-271.07600307277795
257,656.3275573022601,80.98865522048162,-93.71520137355998,324.58326992775795,326.74833361379734,254.6087038292945,529.0812613035508,56.145239480516956,-41.29684778152129,273.37956137541147,303.43854819674664,31.54145559097945,-34.187189929977855,56.47468843431199,614.8871059230034,-395.80667490338203
258,613.8485921886704,81.35231587253037,-203.72934528781298,373.26089216691037,301.3186170619207,260.8373285424048,480.05246691536695,69.86851230851104,-4.233151479237293,262.1991932889612,296.3225682673081,56.2164492838678,-48.134590523121474,34.56655008629735,578.4937228317854,-271.07600307277795
259,215.4345277751643,33.62313218020546,-43.236312123110885,93.10316612718266,98.04110075917112,77.3702097747191,148.6426690266083,220.30628138894863,-1.7487122437790317,88.22549752685887,90.87111388133779,15.866103271898039,-9.743770122663717,14.410277232545178,189.15383454827335,-87.06283075421659
260,657.4170445696159,81.06978319211555,-93.52714120225896,319.344282901831,327.00859083333717,254.68832086896518,529.4141298471088,56.04676931339016,-41.498786832223864,273.4718798349377,303.56991442496263,31.002309713874123,-34.029082999375284,56.35233117071654,615.202171271156,-397.00060586983926
261,657.4170445696159,81.06978319211555,-93.52714120225896,319.344282901831,327.00859083333717,254.68832086896518,529.4141298471088,56.04676931339016,-41.498786832223864,273.4718798349377,303.56991442496263,31.002309713874123,-34.029082999375284,56.35233117071654,615.202171271156,-397.00060586983926
262,419.07534955791147,51.3679075398855,-279.9596114315448,104.22656329173614,185.80174229819784,142.8943079101329,312.191958191946,30.43541435834679,-20.806429487810707,177.80486682650155,169.63573242520437,16.17516024982225,-24.345714076137515,33.41678049107559,367.9079400948625,-194.27054939537962
263,673.5086235582382,71.2912728398627,-123.08487255029054,289.3509917063751,316.56769052067966,248.18040313010138,388.92759475693725,69.2180979718686,-35.20583590235101,321.65777146308756,315.3200687097229,61.38043787001307,-54.32391353272935,93.76114048996719,600.2532391480121,-304.2907409504031
264,635.9647698888582,65.25295409506835,-136.2043087376756,242.16240620333178,295.2016938836911,225.1772635328448,362.5693008468522,61.238392262946455,-39.96770383354661,305.9422893445359,291.11414274645364,53.74298851113181,-49.429099188054444,94.66008894657986,560.9546445992775,-293.45863109693914
265,420.6982910309613,48.76830580725927,-263.2445869910647,140.27007164233072,187.15574236145875,139.75289894896736,295.7933528326713,30.784690307285725,-25.879778657434322,188.03430390100246,172.16363578782824,21.57736452807062,-26.47682810944442,46.082181250416134,370.4570185529348,-193.6492329754915
266,758.103400095455,87.75004612529773,-126.34858822489541,245.25184444809793,278.83921853898283,243.31046670691066,459.0178746435723,64.43964252030204,-9.308684232541438,277.5980398525669,289.53921632287,22.023155243059183,-54.785236077306344,50.69327620574391,615.5694370385127,-261.0401972440526
267,608.4941673989068,80.94222786462599,-206.90065073986517,370.58260912723716,298.6239747043534,258.70370985379964,478.39138992860137,69.10470800544135,-3.8860018261020493,259.253801614361,293.3520897490479,55.398830037363645,-47.55683107289116,33.34904346230337,573.7391588143306,-268.6106163939032
268,395.6508849196593,49.940137369548424,-96.41712544673172,205.27025352511785,185.4947657342332,327.93601653108703,265.71711293229936,34.702082706266154,9.334957164154972,124.92442007362176,176.62128761019582,34.831491553035455,-33.940304185193106,16.65296255718873,358.5655199984821,-154.7656754328365
269,315.138094475776,51.222430347937156,-60.25148205347583,134.91323751061245,144.9374010477263,113.71827511987992,202.4400820788648,195.1701052806054,-5.0280467956854045,138.27778226400915,137.5903881420554,28.110202217421598,-16.96780564491206,31.9582375779718,277.2407727077769,-131.67703982450303
270,585.9892515796195,72.21361539706011,-71.7160778880308,294.3977109286948,282.38304135191515,219.4415295665469,511.821236116315,44.028346817559395,-35.70867486981769,236.16769045702,263.6803610644038,11.942751951028631,-25.459383848425784,34.75026111647088,522.9661258581702,-352.7896271074911
271,385.19463144071244,42.99232689928467,-75.24462420410687,156.8955163020165,178.60397010334185,137.2070025711216,276.99185510000666,33.29451173055563,-12.97662793622301,164.05802726161062,166.28213121307192,27.081815940692223,-8.137889179434719,12.55477945202736,526.9291839261936,-195.64514936616348
272,643.8097431556514,82.77697723676863,-112.3108275270505,340.9296318364334,322.7917613551385,256.9539423937534,542.1511812272462,56.78066520284601,-34.20410810487196,262.2269397056488,299.5969825519626,31.530710083784353,-33.63714520269663,45.03286031092599,609.187373983408,-384.4886816586976
273,613.8485921886704,81.35231587253037,-203.72934528781298,373.26089216691037,301.3186170619207,260.8373285424048,480.05246691536695,69.86851230851104,-4.233151479237293,262.1991932889612,296.3225682673081,56.2164492838678,-48.134590523121474,34.56655008629735,578.4937228317854,-271.07600307277795
274,331.9852406509346,46.70814135858083,-61.3950144121393,79.6855495203071,163.62377957873935,117.0137424854795,263.96275214119584,38.48180271859045,161.3953328152731,151.8271549349548,177.9281122143545,22.80800481503742,-16.843714403503302,73.83909223971767,308.5525083939968,-151.30096472899885
275,656.3275573022601,80.98865522048162,-93.71520137355998,324.58326992775795,326.74833361379734,254.6087038292945,529.0812613035508,56.145239480516956,-41.29684778152129,273.37956137541147,303.43854819674664,31.54145559097945,-34.187189929977855,56.47468843431199,614.8871059230034,-395.80667490338203
276,215.7191811549051,219.1419662514654,-40.85387499406341,86.11272157804454,98.20059853338304,82.4610708639368,157.53024913849987,-20.184191653069355,-9.663643014991605,96.41587145995435,104.73097435709424,12.307223327683664,-16.651339018930734,19.25208016376872,195.3997898876074,-92.53852680811224
278,628.7840210129315,58.43158351272738,-92.85998791808636,239.32527292324932,286.44829137792385,217.17021211707106,331.7298970529788,60.22779938283161,-39.2770455522905,289.43201120158176,279.8867663249237,61.71909575196367,-44.866400792708006,91.35385127411911,521.5119121559126,-282.98666865089405
279,755.730831800013,90.55555171894567,-125.90847171984635,244.04615753647622,277.5172543522997,242.41766983064497,456.785984969844,64.79523044858476,-9.232055117242957,276.4504769246296,288.3874548976376,21.930468312722404,-54.808820184693126,50.81234508937836,609.3166677098587,-259.4322762314545
280,624.1305468515493,79.50588070640472,-229.00564941398073,74.55569878681767,286.50416600180137,242.4483847399787,452.41671036800824,59.99555377824287,-10.699487351818464,249.41992474115852,276.82603842688627,26.828339682601545,-38.74194339979832,25.535106353686437,546.5227375147842,-290.1594645697439
281,656.3275573022601,80.98865522048162,-93.71520137355998,324.58326992775795,326.74833361379734,254.6087038292945,529.0812613035508,56.145239480516956,-41.29684778152129,273.37956137541147,303.43854819674664,31.54145559097945,-34.187189929977855,56.47468843431199,614.8871059230034,-395.80667490338203
282,386.4035845156821,28.19177657177786,-71.46074088301765,133.9652801944579,265.41454701570103,144.6411105109947,212.09308720724184,42.314599205192955,-3.535765850763228,129.4469743235589,166.85948527489828,34.930903060734614,-27.860006096259564,26.035911450784283,281.51739229534365,-160.00341776057218
283,366.8114761735518,30.845484967703722,-0.13258969397675888,123.51612285583904,101.51028967132991,76.51452931283441,317.8835237817674,9.289842575521616,-10.573642294019189,145.98382640717344,123.87989870185383,-40.53231016065871,-11.911051789308523,-9.75375754406523,160.96530787425903,-102.85266050123526
284,666.5626644010541,69.97808802492416,-122.19589436584967,287.58946275902116,313.25085355832726,244.8580232751263,385.5363745193244,68.48885759720612,-35.930354740137176,321.6144681297049,312.6584803237161,61.46419869540977,-54.14122120153126,93.55507852058788,593.8524487146728,-300.84279157813285
285,610.9279348605711,77.92618587508863,-204.84312171469645,360.2399601309119,295.6660879642878,255.28130578383264,443.62490751352595,71.31297191866858,-4.4070672883623665,272.04726070853735,295.58485523578696,61.41644088565376,-51.69657796917026,42.70250908331675,568.5203067609148,-250.54059937953522
286,556.2470756579992,82.57325927363972,-113.77154095921637,231.55089412011262,249.75141495686955,218.8456312645148,242.44075520924338,49.99867062156808,10.789765122259201,199.47654105318767,240.54962873940423,9.090407542553564,-30.272637846199625,7.7884924886323965,490.87307058281823,-240.10893746744748
287,292.20362235999465,40.955460198979544,2.688004362968074,72.67251321927374,163.37633215747678,141.29983838453654,254.11973013117264,30.34308288472352,-18.3393191143148,120.90252590282154,164.67971893249526,106.53472444423245,-35.40756822763336,1.668046946177949,336.6240555939876,-74.71899996044671
288,280.59084764335773,25.261957289649917,-55.30207024880666,118.21225872792154,136.4353222682492,97.55264298702357,198.97734633234447,22.137859425718254,-13.526701907375108,115.01670778057961,117.69711440066607,30.13486833593761,3.932572043208338,3.0907494923597643,416.8622372212084,-157.23733670669452
289,672.3482573855497,83.29576927172327,-196.32909133408546,100.05213778191599,311.9957859036301,262.58453762234063,463.659554929036,67.11870393699107,-13.77950098570478,276.70648701822887,304.8147550325945,34.37538620499071,-43.973923770239956,36.790707872923356,590.6743646018704,-313.68509707466836
290,561.0895171963705,79.82614286335793,-90.55192865837199,209.44733750767602,249.84895429478505,213.0450471116787,223.36323023985332,48.30048221195251,3.6460389622557963,206.99065616118628,244.19723565974687,8.042449789862953,-30.09538284196609,18.76686349247854,489.2256842812003,-248.55218887106398
291,656.3275573022601,80.98865522048162,-93.71520137355998,324.58326992775795,326.74833361379734,254.6087038292945,529.0812613035508,56.145239480516956,-41.29684778152129,273.37956137541147,303.43854819674664,31.54145559097945,-34.187189929977855,56.47468843431199,614.8871059230034,-395.80667490338203
292,617.8738940177552,79.23937069002717,-205.73209989913732,362.0014890782659,298.9829249266402,258.60368563880763,447.01612775113875,72.04221229333105,-3.682548450576202,272.09056404192,298.24644362179373,61.33268006025706,-51.87927030036835,42.90857105269604,574.9210971942541,-253.98854875180552
293,516.0945417240546,68.58434362596681,-203.70064800892493,323.88243766005684,250.4459809003437,220.28264904551693,393.3292050817921,60.194197449390444,0.06105131137188472,221.01754122130276,280.0415929475807,51.00153845025331,-42.53854475434232,24.590800269170316,482.4780377246874,-205.4817449178882
294,469.816050271365,43.7863248548186,-89.18239538117867,164.52070554898833,297.5764134514753,176.580558129774,278.41901935644836,51.19271431778379,-1.831318999532536,167.9083780525724,208.50264486395614,29.795288655737142,-38.09663063967751,31.839535786433157,372.6113409782883,-188.4601630024474
295,679.3230720809928,71.26388813974005,-119.32632966591164,234.38272508160605,317.6275567242168,247.5975078444686,393.3782078234679,67.93285175971715,-37.83792880388856,321.2603386178684,315.33615013957177,58.15105534315872,-52.93148809036046,92.51180486332959,600.6387012876031,-312.93270744867107
296,666.5626644010541,69.97808802492416,-122.19589436584967,287.58946275902116,313.25085355832726,244.8580232751263,385.5363745193244,68.48885759720612,-35.930354740137176,321.6144681297049,312.6584803237161,61.46419869540977,-54.14122120153126,93.55507852058788,593.8524487146728,-300.84279157813285
297,634.7435023089021,82.01688528902797,-109.75302206341782,336.9886995669695,318.49310929454407,253.75917886809398,537.5957895064065,55.78850537359606,-33.46701240193167,257.3492529583555,298.97618320032296,30.47081287865474,-32.848729390372846,43.298088955454354,601.2069521933505,-380.3563850126647
298,621.1971023022049,78.964644571582,-228.232213846262,74.44890121347505,286.41295978844283,241.84701954987244,450.0383123990883,59.87289411752478,-11.246690189548476,249.74606477038833,276.63589719632523,27.26633721601968,-38.68717162888639,26.370185469745486,545.360972765388,-290.3410630100627
299,750.7159552559662,123.97377816686353,-130.07523415714041,243.99328726017885,286.27708949322664,246.69146962050291,457.0575712930071,57.60072660878207,-10.381024375928227,276.7426628169247,291.63121335554786,31.241826154258128,-51.342720508040635,50.30691781647293,592.3459228864448,-267.9909014967333
300,529.7512613155503,100.76537436437573,-194.5004298047385,327.8161296657193,258.1997662383112,227.2784055604444,402.84933566450565,68.62304729151703,1.2603944046060185,229.26370120818123,256.90802003168756,55.27340832823005,-43.03880468889496,28.389152511116613,495.924254937323,-215.076173758998
301,564.829736566698,72.16308784344184,-80.78069499084478,280.59054757304034,281.085913008851,221.66454071303917,477.2092844939346,46.1899950423222,-33.95778563337025,227.3685034625506,260.7850992400173,23.38346916761668,-29.340698716947855,39.699126326051825,538.5001920499872,-396.436537060582
302,656.5404186432689,70.29350977335795,-99.63340761209224,257.6309001331378,304.0110703519779,236.2655145121157,341.11896789369365,63.86049690453426,-34.424319251119606,309.0713250033846,301.667613132368,50.804703387142744,-49.84395840012565,88.72278251228632,577.8630008224605,-300.3200123863627
303,655.8072415586474,70.17783688817227,-99.45548842701305,256.93142373986075,303.5594043315158,236.24292535870975,341.58195607213304,63.39863260599454,-34.72380244181397,305.2718787195885,300.48131612161563,50.2698772214901,-45.92521210962861,88.29566552507393,577.9046299306851,-299.4822265511502
304,650.8104220569343,85.36797086160068,-194.6184794091943,89.43579332729637,299.7234087592568,257.1965183000901,436.7538088896637,63.58860503591544,-5.331329368939636,254.2650365347779,291.08140891559725,24.77109492035529,-39.55634252169368,20.99981334206594,570.584129559284,-301.8966025573908
305,649.2317384300842,80.03156404034554,-90.52652213323294,319.6162918953213,322.6509334829928,250.9071485915818,523.2884572887463,54.964614025833576,-41.39671574990677,270.124737025736,299.39170293215665,35.36227970540643,-33.436197694571845,55.98010713705973,607.5893100441106,-392.9566114254998
306,230.393291557675,193.26253514453063,-44.11286623594872,94.63309537017776,107.20556478533261,88.19664473739894,175.1335139333494,-24.121210757200945,-9.841771308938576,103.3594650061379,111.96215351577412,12.52145111024169,-15.482367147820636,16.433995089590137,249.80457411464727,-104.59551616239816
307,556.2470756579992,82.57325927363972,-113.77154095921637,231.55089412011262,249.75141495686955,218.8456312645148,242.44075520924338,49.99867062156808,10.789765122259201,199.47654105318767,240.54962873940423,9.090407542553564,-30.272637846199625,7.7884924886323965,490.87307058281823,-240.10893746744748
308,622.4055375843534,60.8402000676253,-81.38744578692297,242.28919976597294,278.0533933311518,211.60744224386684,362.51336162777903,56.910069600494104,-37.88996775105722,299.00505686891944,281.5463564262566,42.42281962515372,-46.75288239112905,85.66932025214673,518.0593076590799,-274.9774754879848
310,638.4553183658878,82.36688922886427,-115.48213297910272,338.2513487967602,320.09711899757116,254.82032370514827,540.4901042404807,56.016860899776326,-33.85695845173672,259.2815480310486,296.6265040337023,30.713090837280188,-33.05938575246631,43.81535368693201,604.4328099659531,-382.0232949798228
311,175.48059155745176,26.360106494782396,-4.367905880597601,44.78052712797523,77.5421493219371,63.12115365156152,131.1470332297,10.965490357424947,-3.373078481439339,59.39070176723283,257.54614136481047,2.3834008451288837,-9.92533308598394,7.534885845080153,157.254353617102,-82.30024674335637
312,604.1741776431369,76.68907269518373,-123.36207521036081,295.9841770967287,300.24152917797517,233.01193488052516,511.01827811104,48.43659359178351,-38.61343343646323,245.16482481493892,274.1606036413425,23.366457071181724,-28.47071150848374,45.57093643030398,567.9747692972999,-372.4103629195994
313,124.91415188145265,47.00056886445858,-35.51652271160872,22.146635156890664,47.72792830662756,47.164425678663555,72.60200513110684,14.436487659662836,3.245067216484608,49.92721928762172,58.02688358474862,13.46145642995781,-20.71136566125916,-0.1168146032888765,132.87600669714126,-270.22002150590845
314,221.68892440993608,72.43744250856045,-48.05630839970373,99.44148669643216,102.6994386855528,81.19296103782692,152.90536468560367,191.2360474068427,0.3063789569629306,93.28356496133888,94.53589597505508,21.421784542742113,-7.581725901577149,16.519354315689494,194.84991736338412,-91.63643054787235
315,656.5404186432689,70.29350977335795,-99.63340761209224,257.6309001331378,304.0110703519779,236.2655145121157,341.11896789369365,63.86049690453426,-34.424319251119606,309.0713250033846,301.667613132368,50.804703387142744,-49.84395840012565,88.72278251228632,577.8630008224605,-300.3200123863627
316,758.3864221222564,87.2615612515691,-125.9979873930151,244.2677042763813,278.1348905456702,242.6496242808853,456.69726793607447,64.29645398182721,-9.40010846523376,276.30402099924663,288.532112267914,22.612867082218077,-54.68052221393811,50.835751697625625,608.5927392125583,-259.9537115398513
317,594.0267862286104,58.47484643891109,-91.63260395212427,241.77713960695203,274.15953769080653,206.3640958173403,310.59798575517783,57.29733353257202,-40.94498879119509,308.68159500294075,277.713317658307,51.55855081571304,-48.19972741934283,86.86822478787269,520.2558869224063,-269.28846803593
318,657.4170445696159,81.06978319211555,-93.52714120225896,319.344282901831,327.00859083333717,254.68832086896518,529.4141298471088,56.04676931339016,-41.498786832223864,273.4718798349377,303.56991442496263,31.002309713874123,-34.029082999375284,56.35233117071654,615.202171271156,-397.00060586983926
319,617.8738940177552,79.23937069002717,-205.73209989913732,362.0014890782659,298.9829249266402,258.60368563880763,447.01612775113875,72.04221229333105,-3.682548450576202,272.09056404192,298.24644362179373,61.33268006025706,-51.87927030036835,42.90857105269604,574.9210971942541,-253.98854875180552
321,766.1443205022249,87.36077067393835,-119.28578860513987,247.52228085976168,282.5224977857215,241.07433655907494,479.0548621048561,62.92039297568063,-11.077028702286636,283.0241954366604,290.86327672375006,20.96094048766535,-49.436699165813955,44.75044356525331,574.9857803794937,-266.0791519123639
322,619.6251473677083,79.24344504928975,-205.702885630494,364.1890638325923,300.4437318546056,259.3658518613924,453.01033627149883,72.1778521849566,-4.582425915118824,273.3455720149692,299.4273906980449,61.781486111081676,-51.946560447498285,43.65345840914191,577.2873832622658,-256.8761436356305
323,643.8097431556514,82.77697723676863,-112.3108275270505,340.9296318364334,322.7917613551385,256.9539423937534,542.1511812272462,56.78066520284601,-34.20410810487196,262.2269397056488,299.5969825519626,31.530710083784353,-33.63714520269663,45.03286031092599,609.187373983408,-384.4886816586976
324,650.6845949685081,79.91244879188535,-89.4491083412859,319.74845159355436,322.7514235274601,250.83140434030207,525.9030454599723,54.862947356184634,-41.526112676645305,270.8975544691015,299.88957011071057,29.582779172228268,-33.37552540263167,55.57355993845966,606.3283114653642,-392.7625249287579
325,667.2678332347452,82.45710485526139,-194.4511501627169,97.47374141641689,310.45307991176924,261.2054719400013,464.7814825599872,66.81815939610762,-14.392203380216612,275.38586957774794,303.51717418028323,36.53746244918963,-44.16256763389675,36.76494488224029,587.909173259938,-310.3877539083638
326,269.5704833366388,4.161000742978999,-38.24919948953088,61.69284163725051,92.82384286842122,62.80652148751889,83.21111045643036,17.546709479818176,-14.123721736352298,51.40946387903882,67.27094346740206,52.10997644325803,3.3233866484908057,8.473758662670962,82.80163741233179,-138.78280624233403
327,388.602519808042,49.432249145596,-95.2209403182289,202.12474208658188,182.38383607148643,325.2967599102605,263.151242371273,34.10705083462595,13.307368348647966,121.50934405115386,173.84717523464525,34.167872067357,-33.2223215887291,16.27899304490283,352.6684923137713,-151.46709371511696
328,643.8097431556514,82.77697723676863,-112.3108275270505,340.9296318364334,322.7917613551385,256.9539423937534,542.1511812272462,56.78066520284601,-34.20410810487196,262.2269397056488,299.5969825519626,31.530710083784353,-33.63714520269663,45.03286031092599,609.187373983408,-384.4886816586976
329,781.9142235790769,89.56621557203118,-136.45769249364284,254.32639241527306,319.8065709896324,259.5563655256995,470.3794626480228,70.74244978566692,-8.895971362399429,284.7893581683487,304.91936222378837,34.494451492213756,-53.81746575762965,51.49780197374707,617.2700696912467,-282.04893008302975
330,679.7627584738237,70.99480395276228,-119.19442648038184,235.12215937548993,316.0973309503753,246.0585249141166,393.51980501150115,67.41394024553546,-37.60509485340249,321.3532634646714,314.1838396249817,55.09625221103532,-52.36090597949806,92.11966895899046,596.4440429611174,-313.23817855952854
331,544.5742563196417,69.82399823760379,-187.0943498573149,330.31724086782054,253.2865877676767,221.90156150103834,431.08455291484546,59.55374853853439,1.31408837906652,234.42679594708957,257.0437053175238,41.98350064987269,-43.06454712953554,21.72118094762288,480.47780145003145,-209.81594700118188
332,758.3864221222564,87.2615612515691,-125.9979873930151,244.2677042763813,278.1348905456702,242.6496242808853,456.69726793607447,64.29645398182721,-9.40010846523376,276.30402099924663,288.532112267914,22.612867082218077,-54.68052221393811,50.835751697625625,608.5927392125583,-259.9537115398513
333,152.0336091938015,172.47087712154152,-35.253252394406616,63.86056335561182,71.41693231901965,56.36756856392228,101.00482926882538,77.60182371784722,-6.544528036220377,65.31560957574223,65.39690325951754,18.776970900603832,-0.34987389896688803,9.93360884978831,127.43264965529626,-75.32200569651204
334,781.9142235790769,89.56621557203118,-136.45769249364284,254.32639241527306,319.8065709896324,259.5563655256995,470.3794626480228,70.74244978566692,-8.895971362399429,284.7893581683487,304.91936222378837,34.494451492213756,-53.81746575762965,51.49780197374707,617.2700696912467,-282.04893008302975
335,684.4034962317971,72.10255255620193,-121.20427083728018,236.96112144710517,319.1702627160776,248.97657352680795,392.2562801925167,68.2333963006006,-37.225226409376724,322.58095605834933,316.633730991883,55.988979098959796,-52.742844226703674,92.53756785401264,603.4038926295354,-316.23005061497565
336,656.3275573022601,80.98865522048162,-93.71520137355998,324.58326992775795,326.74833361379734,254.6087038292945,529.0812613035508,56.145239480516956,-41.29684778152129,273.37956137541147,303.43854819674664,31.54145559097945,-34.187189929977855,56.47468843431199,614.8871059230034,-395.80667490338203
338,678.0375793245106,71.0071055519204,-103.59161655380672,279.7694874123738,320.60493169690267,245.67460671791673,405.7807236858495,65.57456510361328,-43.29011114082056,321.2128108908205,314.6941211089592,55.45852729955865,-50.612635113342414,96.91475525889228,605.4043362565282,-331.48835664215017
339,567.1419483315581,83.38453898997894,-111.890939246206,179.16102386084265,252.35398715226756,219.6418016612214,245.7694406448228,49.01396895030009,8.770374615233486,200.39972564844945,241.86329102156435,3.6989487715002918,-28.691568540173947,6.564919852677859,494.0237240643415,-252.04824713202004
340,615.4210386468438,64.73813751176411,-94.23876580538358,241.95801055612276,288.6795027179053,223.51052550776222,354.3988632497091,59.9781622819106,-34.537036648699974,336.95783164485005,280.62264703812093,53.262922559778026,-46.928528620323014,88.16744044386068,546.8182807716682,-285.09268559930626
341,611.2007459852965,78.24903412118901,-203.3643624271592,359.24015063709305,296.0478703265317,256.00759092673167,445.4502633680072,71.44228567531172,-3.8841384828320336,269.70637179278793,299.15157161648716,61.33992633119806,-51.58169684899415,42.928343533986336,569.1729237422619,-251.1660848299146
342,613.8485921886704,81.35231587253037,-203.72934528781298,373.26089216691037,301.3186170619207,260.8373285424048,480.05246691536695,69.86851230851104,-4.233151479237293,262.1991932889612,296.3225682673081,56.2164492838678,-48.134590523121474,34.56655008629735,578.4937228317854,-271.07600307277795
343,526.8764671172972,68.17972413051918,-195.13170612983734,333.7698551501066,253.5421781587431,219.99186776680665,386.1981793356378,61.21970964563071,-2.4795652116727043,249.21608022464252,257.8972136447286,52.56599702958864,-45.63476573984116,25.05705682804571,490.82295781827406,-207.72056051182497
344,556.2470756579992,82.57325927363972,-113.77154095921637,231.55089412011262,249.75141495686955,218.8456312645148,242.44075520924338,49.99867062156808,10.789765122259201,199.47654105318767,240.54962873940423,9.090407542553564,-30.272637846199625,7.7884924886323965,490.87307058281823,-240.10893746744748
345,267.4526913789028,24.537014210219432,-25.19466342580256,98.54073964909101,67.71227090893771,70.62140586741023,180.86961222888795,12.355107923834927,-4.137885036820044,106.10443124862297,100.21993755042779,-33.760694110045286,-33.800768099237295,19.753448575892385,343.94297204061337,-65.64301216738068
346,334.9990503624966,43.9098371797005,-42.613809287937976,113.91279543660438,165.4173987818512,113.61175146159628,246.11193345706602,38.76047580949283,155.5339014593551,163.29577219498492,180.88285620417662,28.211403038529692,-19.03594451761923,87.77580723499,311.73489040091306,-151.93720311407566
347,672.3482573855497,83.29576927172327,-196.32909133408546,100.05213778191599,311.9957859036301,262.58453762234063,463.659554929036,67.11870393699107,-13.77950098570478,276.70648701822887,304.8147550325945,34.37538620499071,-43.973923770239956,36.790707872923356,590.6743646018704,-313.68509707466836
348,643.3369050918393,84.7595510662363,-192.5504702461712,85.67780313350617,296.81710530691,255.21878380416737,434.88620918290684,62.89582728380137,-5.005346028255341,250.45092459613574,288.25790071695303,25.866027688483605,-39.25414402440088,19.21950651462095,565.5866898792865,-297.2894266669442
349,677.6747947491846,83.6067607854485,-197.29259489345876,101.3385291835497,313.4505895774746,263.78457162603036,469.027480235664,67.63359680893979,-14.170983883170896,278.8738414871603,306.5308236094886,35.00453214764318,-44.51953790210148,37.71017259362624,594.0683776893318,-314.8133313584915
350,563.5749810771343,75.01926687944638,-200.33132261145133,347.1369974306826,273.95642740521913,275.1972407788729,427.7703344390297,65.19620248959,4.513469845221598,233.50020283744382,271.38244900887287,56.258268152472034,-47.77167010580112,27.880914055233834,528.5033897647469,-226.70916398728883
351,340.4116726765932,31.389244353376043,-67.1164581906458,123.65234782377506,280.3839219821143,133.86910204492315,200.55665376279484,37.78219736599364,0.344015829634329,121.45934385480972,155.38550021211694,23.071890965730656,-29.218743533855083,22.095183125280787,266.7128817446083,-144.0844206492244
352,764.7824043516625,88.37992688940105,-127.05064552845168,247.58265286056,281.7319299671812,245.61006471983967,461.50161691227805,65.17637026988923,-9.820217976280793,280.9825126578196,292.67388999128156,22.64310983353217,-55.741950981935425,52.439741327212495,617.4395767693583,-263.4544970031495
353,334.3783334652252,46.47789673748335,-61.585082403793876,80.86514334859818,164.98737703922527,117.61241129906288,266.95227947890385,38.87403592982107,160.45664708007695,154.32064943311602,179.45403956068753,23.875148291108022,-17.334556764452888,75.59363607647961,310.784756732062,-152.61079745314078
354,613.8485921886704,81.35231587253037,-203.72934528781298,373.26089216691037,301.3186170619207,260.8373285424048,480.05246691536695,69.86851230851104,-4.233151479237293,262.1991932889612,296.3225682673081,56.2164492838678,-48.134590523121474,34.56655008629735,578.4937228317854,-271.07600307277795
355,353.9647306288701,35.07706630055385,-38.47409926727742,120.47919352133324,94.56752968295027,96.73007469472772,224.62887436751916,20.089594616582353,-3.8168631909041237,133.62942623282882,130.14327164118146,-32.12308059655161,-42.904148179106414,27.955922624578168,371.2301123627905,-85.73732403638328
356,650.8104220569343,85.36797086160068,-194.6184794091943,89.43579332729637,299.7234087592568,257.1965183000901,436.7538088896637,63.58860503591544,-5.331329368939636,254.2650365347779,291.08140891559725,24.77109492035529,-39.55634252169368,20.99981334206594,570.584129559284,-301.8966025573908
357,566.7227389344106,74.9082459898859,-237.6352224113139,336.39825250982494,273.40009881145295,237.8661675663394,433.3948852211911,64.79640247386479,-1.1497376544198985,245.13014179407944,270.0675857855245,54.223631071286036,-46.59251815901478,32.48804864951818,529.6077053577716,-230.6445146871999
358,763.4712313791536,87.12777894858503,-129.61615692769797,241.0218586929543,286.702720217612,243.44471154308445,443.55576558762175,65.85698293671369,-11.875943644482081,268.9191140361327,284.9172515287733,39.54457509366555,-46.617086770150614,48.80757834939156,570.315475816827,-270.0661243035782
360,313.74145768861,38.883258609102135,0.977392438076906,83.28885767389338,175.64870930185006,146.68785770678713,281.02547617054495,33.87318178579912,-26.78749073107994,143.34397638627257,178.41306504949253,116.13901572886788,-39.82514947617964,17.458941477035353,356.7142906365742,-86.50749447772426
361,647.7813490514416,80.09459424094429,-90.31577627773771,318.7929343015972,325.2453565534021,250.68115028836735,522.0912011118546,54.84142779324526,-41.33186951344564,269.57444085587235,299.0436689367322,30.46690221878945,-33.40309941189498,55.908705480209086,605.9080708987707,-392.4688004458351
362,378.1551221967791,49.64713932261782,-71.78662952995117,171.55370070544424,173.34867907553706,317.3657732721537,219.43210659991178,29.380944261480245,11.166975993856834,108.56716500865927,162.80691222020351,25.266929012896746,-29.340842886494702,10.040359721442178,337.57863242627224,-149.6357203506198
363,334.3690732325545,55.31796720054571,-65.7889755067225,132.86189697086962,141.24267095991112,116.0674172206382,220.36433676116286,195.28795069019336,0.5812771076556474,131.41716663121795,135.50690183062412,22.37657098725003,-17.218496156576432,23.039012577852166,282.74993708484584,-125.47848359112338
364,755.730831800013,90.55555171894567,-125.90847171984635,244.04615753647622,277.5172543522997,242.41766983064497,456.785984969844,64.79523044858476,-9.232055117242957,276.4504769246296,288.3874548976376,21.930468312722404,-54.808820184693126,50.81234508937836,609.3166677098587,-259.4322762314545
365,595.0290108043889,58.443304264067706,-93.88885262750001,244.77299586954038,275.0835160114415,207.22334669364136,315.0397264177409,57.7601696018392,-41.09559234009684,309.93590931557276,278.81240437744185,52.62450034653974,-48.62945369948339,87.35145438870285,521.8548317116275,-269.340745955107
366,617.8738940177552,79.23937069002717,-205.73209989913732,362.0014890782659,298.9829249266402,258.60368563880763,447.01612775113875,72.04221229333105,-3.682548450576202,272.09056404192,298.24644362179373,61.33268006025706,-51.87927030036835,42.90857105269604,574.9210971942541,-253.98854875180552
367,587.3801198181316,72.01491295080599,-69.64989720430964,292.5814484943975,282.82266049176616,219.18094750382926,510.36902279145994,43.95774395952283,-36.49675705611206,237.40687064254922,264.1072016916021,11.943945896272533,-25.52049992923481,36.02157535240266,523.5994294070142,-354.0471819124561
368,668.4281994074339,70.45260842340082,-121.20693137892201,286.772595340876,315.02498452881883,246.80133744776202,390.0495223878885,68.91755343098514,-35.81853829686284,320.3371540226066,314.02248785741165,63.54251411421198,-54.512557396386136,93.73537749928413,597.4880478060797,-300.99339778409853
369,321.22971869552254,38.2252741397471,-65.53302968553996,155.83350258981923,145.64250310032298,293.1053936283538,197.63114620375373,21.460083729606986,46.46408809958569,88.37117657984136,130.74584858828698,23.456465553717614,-26.977177264609427,-0.1250278866439525,282.6537093141091,-125.92936667419765
370,624.1305468515493,79.50588070640472,-229.00564941398073,74.55569878681767,286.50416600180137,242.4483847399787,452.41671036800824,59.99555377824287,-10.699487351818464,249.41992474115852,276.82603842688627,26.828339682601545,-38.74194339979832,25.535106353686437,546.5227375147842,-290.1594645697439
371,643.8097431556514,82.77697723676863,-112.3108275270505,340.9296318364334,322.7917613551385,256.9539423937534,542.1511812272462,56.78066520284601,-34.20410810487196,262.2269397056488,299.5969825519626,31.530710083784353,-33.63714520269663,45.03286031092599,609.187373983408,-384.4886816586976
372,782.6369973560741,92.31476083620412,-174.87608712361123,247.50228487046314,299.7620045516193,255.24552303815912,481.4891992928492,67.37137529885109,-12.607561947046012,289.63528788304706,300.6212042745082,31.84311184022531,-52.167687733651285,52.9061331436274,619.0428820690877,-284.37870908099944
373,311.46569241431615,45.260621005926176,-60.097876697875584,110.80279766545945,148.86704550578645,131.9535876089157,242.5227396592018,24.511595649995368,3.2142023369935653,340.7422678418133,115.78935974379104,18.18000230038704,-14.02734714703182,11.55860462947955,289.23002561268373,-140.6819293706575
374,697.6798134638772,87.359520361021,-203.20085686749056,98.98475875945466,310.6744060761906,266.23641789803264,485.6287129797399,67.8576174673406,-8.826048832553754,271.2600895655194,304.1003169611709,31.03231159556592,-43.951055072311604,28.590470919507922,595.6774228770977,-309.67815993232415
375,650.8104220569343,85.36797086160068,-194.6184794091943,89.43579332729637,299.7234087592568,257.1965183000901,436.7538088896637,63.58860503591544,-5.331329368939636,254.2650365347779,291.08140891559725,24.77109492035529,-39.55634252169368,20.99981334206594,570.584129559284,-301.8966025573908
377,698.7213709035199,88.06779799094858,-207.42482045497934,99.62142430396014,311.5768031401343,267.0632396483818,488.77198496917794,67.97372945233292,-8.899008690465543,272.9931895494922,305.2716161662782,30.24493510037584,-44.43472439007859,28.976953925100815,599.7696964164429,-310.71355871674757
378,566.7227389344106,74.9082459898859,-237.6352224113139,336.39825250982494,273.40009881145295,237.8661675663394,433.3948852211911,64.79640247386479,-1.1497376544198985,245.13014179407944,270.0675857855245,54.223631071286036,-46.59251815901478,32.48804864951818,529.6077053577716,-230.6445146871999
379,624.1305468515493,79.50588070640472,-229.00564941398073,74.55569878681767,286.50416600180137,242.4483847399787,452.41671036800824,59.99555377824287,-10.699487351818464,249.41992474115852,276.82603842688627,26.828339682601545,-38.74194339979832,25.535106353686437,546.5227375147842,-290.1594645697439
380,656.3275573022601,80.98865522048162,-93.71520137355998,324.58326992775795,326.74833361379734,254.6087038292945,529.0812613035508,56.145239480516956,-41.29684778152129,273.37956137541147,303.43854819674664,31.54145559097945,-34.187189929977855,56.47468843431199,614.8871059230034,-395.80667490338203
381,600.0061805488905,76.9813266969819,-175.83906769550887,63.65182967230524,284.29634884064814,243.4058614766966,447.97308519917567,60.583159627080896,-11.45835331405795,241.05886212996873,278.10560039248503,46.39185736234448,-41.44278115826155,20.742183435235365,542.9322161399602,-268.92317089434465
382,657.4170445696159,81.06978319211555,-93.52714120225896,319.344282901831,327.00859083333717,254.68832086896518,529.4141298471088,56.04676931339016,-41.498786832223864,273.4718798349377,303.56991442496263,31.002309713874123,-34.029082999375284,56.35233117071654,615.202171271156,-397.00060586983926
383,656.3275573022601,80.98865522048162,-93.71520137355998,324.58326992775795,326.74833361379734,254.6087038292945,529.0812613035508,56.145239480516956,-41.29684778152129,273.37956137541147,303.43854819674664,31.54145559097945,-34.187189929977855,56.47468843431199,614.8871059230034,-395.80667490338203
384,758.3864221222564,87.2615612515691,-125.9979873930151,244.2677042763813,278.1348905456702,242.6496242808853,456.69726793607447,64.29645398182721,-9.40010846523376,276.30402099924663,288.532112267914,22.612867082218077,-54.68052221393811,50.835751697625625,608.5927392125583,-259.9537115398513
385,422.0087941072558,51.90914367470822,-280.7330469992635,104.33336086507876,185.89294851155643,143.49567310023917,314.57035616086597,30.558074019064883,-20.259226650080695,177.47872679727175,169.82587365576546,15.737162716404121,-24.400485847049453,32.58170137501654,369.0697048442587,-194.08895095506082
386,650.8104220569343,85.36797086160068,-194.6184794091943,89.43579332729637,299.7234087592568,257.1965183000901,436.7538088896637,63.58860503591544,-5.331329368939636,254.2650365347779,291.08140891559725,24.77109492035529,-39.55634252169368,20.99981334206594,570.584129559284,-301.8966025573908
387,757.1108945099376,90.94616117339697,-126.04389511595936,244.56484713310377,278.09232747323165,242.97430008862716,458.04744850661297,63.470828349034036,-9.250616538378376,277.08637587732585,289.20350845059147,21.782592188277338,-55.15308558772711,50.98568564433376,610.79578391952,-259.74618925916684
388,568.7648898046077,80.78493725735271,-95.17591480572584,215.2045322114372,253.70798721552845,216.50039270005584,229.370835285548,49.36324489923903,3.6970254456098712,210.62916272295035,244.39119438418825,9.101153049748664,-30.82268257348085,19.2303206120184,496.5728025224138,-251.4269307121319
389,758.3864221222564,87.2615612515691,-125.9979873930151,244.2677042763813,278.1348905456702,242.6496242808853,456.69726793607447,64.29645398182721,-9.40010846523376,276.30402099924663,288.532112267914,22.612867082218077,-54.68052221393811,50.835751697625625,608.5927392125583,-259.9537115398513
390,656.5404186432689,70.29350977335795,-99.63340761209224,257.6309001331378,304.0110703519779,236.2655145121157,341.11896789369365,63.86049690453426,-34.424319251119606,309.0713250033846,301.667613132368,50.804703387142744,-49.84395840012565,88.72278251228632,577.8630008224605,-300.3200123863627
391,600.0061805488905,76.9813266969819,-175.83906769550887,63.65182967230524,284.29634884064814,243.4058614766966,447.97308519917567,60.583159627080896,-11.45835331405795,241.05886212996873,278.10560039248503,46.39185736234448,-41.44278115826155,20.742183435235365,542.9322161399602,-268.92317089434465
392,643.8097431556514,82.77697723676863,-112.3108275270505,340.9296318364334,322.7917613551385,256.9539423937534,542.1511812272462,56.78066520284601,-34.20410810487196,262.2269397056488,299.5969825519626,31.530710083784353,-33.63714520269663,45.03286031092599,609.187373983408,-384.4886816586976
393,378.7986492113062,41.87396126145272,-74.19196606867028,153.58056771783782,175.00693068183085,134.24656213216724,272.1875061238031,32.41459544249362,-12.55651842517598,159.37953560303768,162.14035348970435,27.051573189378136,-7.076460411437408,10.950789822440486,518.0823463693936,-192.1443639028653
394,656.5404186432689,70.29350977335795,-99.63340761209224,257.6309001331378,304.0110703519779,236.2655145121157,341.11896789369365,63.86049690453426,-34.424319251119606,309.0713250033846,301.667613132368,50.804703387142744,-49.84395840012565,88.72278251228632,577.8630008224605,-300.3200123863627
395,833.4688165133036,98.93411467624021,-160.06611721487042,243.4805939425276,325.09417084449177,279.64350184570566,514.1657059762218,74.75861254773584,-10.803770258072253,308.7674490950218,327.6667198662706,35.15624590412391,-55.9722751332501,52.53815588782211,663.7243784374108,-308.45996132317794
396,672.3482573855497,83.29576927172327,-196.32909133408546,100.05213778191599,311.9957859036301,262.58453762234063,463.659554929036,67.11870393699107,-13.77950098570478,276.70648701822887,304.8147550325945,34.37538620499071,-43.973923770239956,36.790707872923356,590.6743646018704,-313.68509707466836
397,650.8104220569343,85.36797086160068,-194.6184794091943,89.43579332729637,299.7234087592568,257.1965183000901,436.7538088896637,63.58860503591544,-5.331329368939636,254.2650365347779,291.08140891559725,24.77109492035529,-39.55634252169368,20.99981334206594,570.584129559284,-301.8966025573908
398,473.0188480469802,44.15791353422112,-89.0196206110143,165.85193335720896,299.40429193619843,177.95956878867193,281.43681438977154,51.60363094340676,-1.7532988401940788,169.5860178117376,207.04400114577317,30.233400649221178,-38.06529658072296,31.978551464593945,379.73327562646034,-190.780988231269
399,656.3275573022601,80.98865522048162,-93.71520137355998,324.58326992775795,326.74833361379734,254.6087038292945,529.0812613035508,56.145239480516956,-41.29684778152129,273.37956137541147,303.43854819674664,31.54145559097945,-34.187189929977855,56.47468843431199,614.8871059230034,-395.80667490338203
400,388.17736795456426,49.33171757418403,-94.3491162837086,201.51226333132766,182.58846228188642,325.9582820351643,263.8495132255425,34.00930495415208,9.660940504839267,121.11030813497962,173.79777941155157,35.92642432116377,-33.63810568790031,14.87265572974374,353.56808031848453,-150.15849954238993
401,221.68892440993608,72.43744250856045,-48.05630839970373,99.44148669643216,102.6994386855528,81.19296103782692,152.90536468560367,191.2360474068427,0.3063789569629306,93.28356496133888,94.53589597505508,21.421784542742113,-7.581725901577149,16.519354315689494,194.84991736338412,-91.63643054787235
402,408.18047688435263,50.55662782354628,-281.8402131445552,156.61643355100614,183.19917010279985,142.0981375134263,308.86327275636665,31.420116029614782,-18.78703898078499,176.88168223123978,168.32207014304421,21.56661902087552,-25.926783382163194,34.640353127030124,364.75728661333926,-182.33123973080706
403,596.3360586891399,81.3115722799046,-204.02148797424616,351.3851446236462,286.71054778226693,253.2156663165571,420.1103817117664,68.51211339225546,4.76562316618894,249.64911355846903,284.51309750479646,51.728388775621646,-47.46168905182207,27.117676521838632,554.8308621516675,-242.20005423452795
404,668.4281994074339,70.45260842340082,-121.20693137892201,286.772595340876,315.02498452881883,246.80133744776202,390.0495223878885,68.91755343098514,-35.81853829686284,320.3371540226066,314.02248785741165,63.54251411421198,-54.512557396386136,93.73537749928413,597.4880478060797,-300.99339778409853
405,331.9852406509346,46.70814135858083,-61.3950144121393,79.6855495203071,163.62377957873935,117.0137424854795,263.96275214119584,38.48180271859045,161.3953328152731,151.8271549349548,177.9281122143545,22.80800481503742,-16.843714403503302,73.83909223971767,308.5525083939968,-151.30096472899885
406,758.103400095455,87.75004612529773,-126.34858822489541,245.25184444809793,278.83921853898283,243.31046670691066,459.0178746435723,64.43964252030204,-9.308684232541438,277.5980398525669,289.53921632287,22.023155243059183,-54.785236077306344,50.69327620574391,615.5694370385127,-261.0401972440526
407,638.4553183658878,82.36688922886427,-115.48213297910272,338.2513487967602,320.09711899757116,254.82032370514827,540.4901042404807,56.016860899776326,-33.85695845173672,259.2815480310486,296.6265040337023,30.713090837280188,-33.05938575246631,43.81535368693201,604.4328099659531,-382.0232949798228
408,758.5922055256005,86.99291448307616,-118.42308686076034,244.7710504346732,278.97287209481533,238.41320973134023,475.50819601013313,65.44325583602372,-10.308026824945129,279.06541252619434,287.1889936154192,20.28271406671169,-48.666441509258576,43.24173336541299,568.330990079171,-262.3528022431765
409,666.8354755257795,70.30093627102454,-120.71713507831244,286.5896532652023,313.6326359205712,245.5843084180253,387.36173037380564,68.61817135384926,-35.40742593460684,319.2735792139555,316.2251967044163,61.387684140954065,-54.02634008135515,93.7809129712575,594.50506569602,-301.4682770285122
410,643.8097431556514,82.77697723676863,-112.3108275270505,340.9296318364334,322.7917613551385,256.9539423937534,542.1511812272462,56.78066520284601,-34.20410810487196,262.2269397056488,299.5969825519626,31.530710083784353,-33.63714520269663,45.03286031092599,609.187373983408,-384.4886816586976
411,643.8097431556514,82.77697723676863,-112.3108275270505,340.9296318364334,322.7917613551385,256.9539423937534,542.1511812272462,56.78066520284601,-34.20410810487196,262.2269397056488,299.5969825519626,31.530710083784353,-33.63714520269663,45.03286031092599,609.187373983408,-384.4886816586976
412,667.6929850882229,82.55763642667337,-195.32297419723722,98.0862201716711,310.2484537013693,260.5439498150975,464.08321170571764,66.91590527658148,-10.745775536407914,275.7849054939222,303.56657000337697,34.77891019538286,-43.74678353472554,38.17128219739939,587.0095852552248,-311.6963480810908
413,556.2470756579992,82.57325927363972,-113.77154095921637,231.55089412011262,249.75141495686955,218.8456312645148,242.44075520924338,49.99867062156808,10.789765122259201,199.47654105318767,240.54962873940423,9.090407542553564,-30.272637846199625,7.7884924886323965,490.87307058281823,-240.10893746744748
414,473.0188480469802,44.15791353422112,-89.0196206110143,165.85193335720896,299.40429193619843,177.95956878867193,281.43681438977154,51.60363094340676,-1.7532988401940788,169.5860178117376,207.04400114577317,30.233400649221178,-38.06529658072296,31.978551464593945,379.73327562646034,-190.780988231269
415,619.6251473677083,79.24344504928975,-205.702885630494,364.1890638325923,300.4437318546056,259.3658518613924,453.01033627149883,72.1778521849566,-4.582425915118824,273.3455720149692,299.4273906980449,61.781486111081676,-51.946560447498285,43.65345840914191,577.2873832622658,-256.8761436356305
416,656.5404186432689,70.29350977335795,-99.63340761209224,257.6309001331378,304.0110703519779,236.2655145121157,341.11896789369365,63.86049690453426,-34.424319251119606,309.0713250033846,301.667613132368,50.804703387142744,-49.84395840012565,88.72278251228632,577.8630008224605,-300.3200123863627
417,105.37429332396819,56.60356152233162,-25.302610581342975,38.40614593102558,183.14211943190648,31.502093704192024,55.72472404861404,3.555122588650151,0.05651064611869774,38.68153520199275,37.3541982615301,1.1077421853120897,-3.889050555663144,-0.7450743100875028,48.13426847507839,-48.00085244133214
418,650.8104220569343,85.36797086160068,-194.6184794091943,89.43579332729637,299.7234087592568,257.1965183000901,436.7538088896637,63.58860503591544,-5.331329368939636,254.2650365347779,291.08140891559725,24.77109492035529,-39.55634252169368,20.99981334206594,570.584129559284,-301.8966025573908
419,828.1143917235402,98.52402666833584,-163.2374226669226,240.8023109028544,322.39952848692445,277.50988315710055,512.5046289894564,73.99480824466615,-10.456620604937012,305.8220574204216,324.6962413480104,34.33862665761974,-55.39451568301978,51.32064926382813,658.969814419956,-305.99457464430316
420,568.7648898046077,80.78493725735271,-95.17591480572584,215.2045322114372,253.70798721552845,216.50039270005584,229.370835285548,49.36324489923903,3.6970254456098712,210.62916272295035,244.39119438418825,9.101153049748664,-30.82268257348085,19.2303206120184,496.5728025224138,-251.4269307121319
421,546.3293277629499,81.36299661515532,-112.47448352636357,228.0006668770247,244.8580304536234,214.93022635751015,236.7854107715572,48.47864558482377,10.719039449792014,193.28931264322347,235.18640131767654,7.627248248276426,-33.487092948855306,5.411813488204301,482.11967598816216,-234.98170309618993
422,704.0757956932835,88.47788599885294,-204.25351500292714,102.29970734363336,314.2714454977017,269.19685833698696,490.43306195594346,68.73753375540261,-9.246158343600786,275.9385812240924,308.2420946845384,31.062554346880006,-45.01248384030892,30.194460549094792,604.5242604338977,-313.17894539562235
424,656.5404186432689,70.29350977335795,-99.63340761209224,257.6309001331378,304.0110703519779,236.2655145121157,341.11896789369365,63.86049690453426,-34.424319251119606,309.0713250033846,301.667613132368,50.804703387142744,-49.84395840012565,88.72278251228632,577.8630008224605,-300.3200123863627
425,568.7648898046077,80.78493725735271,-95.17591480572584,215.2045322114372,253.70798721552845,216.50039270005584,229.370835285548,49.36324489923903,3.6970254456098712,210.62916272295035,244.39119438418825,9.101153049748664,-30.82268257348085,19.2303206120184,496.5728025224138,-251.4269307121319
426,672.3482573855497,83.29576927172327,-196.32909133408546,100.05213778191599,311.9957859036301,262.58453762234063,463.659554929036,67.11870393699107,-13.77950098570478,276.70648701822887,304.8147550325945,34.37538620499071,-43.973923770239956,36.790707872923356,590.6743646018704,-313.68509707466836
427,650.8104220569343,85.36797086160068,-194.6184794091943,89.43579332729637,299.7234087592568,257.1965183000901,436.7538088896637,63.58860503591544,-5.331329368939636,254.2650365347779,291.08140891559725,24.77109492035529,-39.55634252169368,20.99981334206594,570.584129559284,-301.8966025573908
428,656.5404186432689,70.29350977335795,-99.63340761209224,257.6309001331378,304.0110703519779,236.2655145121157,341.11896789369365,63.86049690453426,-34.424319251119606,309.0713250033846,301.667613132368,50.804703387142744,-49.84395840012565,88.72278251228632,577.8630008224605,-300.3200123863627
429,668.526964307882,70.6040096962832,-122.45943197803993,287.38879237850557,314.5567693682406,246.49644962191005,389.3170414167415,68.74337648297742,-35.199571779433406,324.31659099659095,312.83131855407237,61.5897552647338,-54.00737230691629,93.61051135054211,596.2720594927978,-302.134453846088
430,613.8485921886704,81.35231587253037,-203.72934528781298,373.26089216691037,301.3186170619207,260.8373285424048,480.05246691536695,69.86851230851104,-4.233151479237293,262.1991932889612,296.3225682673081,56.2164492838678,-48.134590523121474,34.56655008629735,578.4937228317854,-271.07600307277795
431,563.1073929315025,80.07834658714617,-91.91354899350186,210.24275833860395,251.03667669263268,213.6005540165116,225.35275139966654,48.69761016956227,6.881354443808496,208.45326688601168,242.0439226358359,8.438727509314115,-30.165816057825868,20.127665335664275,491.30907838654696,-249.38590379937733
432,643.8097431556514,82.77697723676863,-112.3108275270505,340.9296318364334,322.7917613551385,256.9539423937534,542.1511812272462,56.78066520284601,-34.20410810487196,262.2269397056488,299.5969825519626,31.530710083784353,-33.63714520269663,45.03286031092599,609.187373983408,-384.4886816586976
433,613.8485921886704,81.35231587253037,-203.72934528781298,373.26089216691037,301.3186170619207,260.8373285424048,480.05246691536695,69.86851230851104,-4.233151479237293,262.1991932889612,296.3225682673081,56.2164492838678,-48.134590523121474,34.56655008629735,578.4937228317854,-271.07600307277795
434,273.5789948342208,28.79147867920969,-51.73758203897588,121.98066727649022,130.96099064309942,96.85520649455607,214.1931504929223,21.207523327157705,-11.05340042864604,123.73633385288139,121.75858161831891,12.14129054698369,-4.364132951426148,5.262788335710492,458.6948523692951,-146.84687194503553
435,772.2214229596469,85.23198453692845,-132.63645124872343,241.13562942540833,290.73803391218235,246.97730553466744,450.05647939846887,66.21025544892792,-11.877963367928118,272.30428804331973,288.908212223435,39.71687679212609,-47.33099455598132,49.041303087698466,578.1201466756349,-274.02472123676546
436,833.4688165133036,98.93411467624021,-160.06611721487042,243.4805939425276,325.09417084449177,279.64350184570566,514.1657059762218,74.75861254773584,-10.803770258072253,308.7674490950218,327.6667198662706,35.15624590412391,-55.9722751332501,52.53815588782211,663.7243784374108,-308.45996132317794
437,420.6982910309613,48.76830580725927,-263.2445869910647,140.27007164233072,187.15574236145875,139.75289894896736,295.7933528326713,30.784690307285725,-25.879778657434322,188.03430390100246,172.16363578782824,21.57736452807062,-26.47682810944442,46.082181250416134,370.4570185529348,-193.6492329754915
438,656.3275573022601,80.98865522048162,-93.71520137355998,324.58326992775795,326.74833361379734,254.6087038292945,529.0812613035508,56.145239480516956,-41.29684778152129,273.37956137541147,303.43854819674664,31.54145559097945,-34.187189929977855,56.47468843431199,614.8871059230034,-395.80667490338203
439,758.3864221222564,87.2615612515691,-125.9979873930151,244.2677042763813,278.1348905456702,242.6496242808853,456.69726793607447,64.29645398182721,-9.40010846523376,276.30402099924663,288.532112267914,22.612867082218077,-54.68052221393811,50.835751697625625,608.5927392125583,-259.9537115398513
440,587.3801198181316,72.01491295080599,-69.64989720430964,292.5814484943975,282.82266049176616,219.18094750382926,510.36902279145994,43.95774395952283,-36.49675705611206,237.40687064254922,264.1072016916021,11.943945896272533,-25.52049992923481,36.02157535240266,523.5994294070142,-354.0471819124561
441,761.2058965521014,89.07861412244459,-133.1418404985005,251.24904013606485,293.4236564949643,249.80455751753755,467.13687391508483,66.55998554611962,-10.861649958687803,281.8973337673208,294.80104128018917,38.179728392069414,-47.785247884860226,47.24432413522458,640.274263708133,-280.8455838344389
442,643.8097431556514,82.77697723676863,-112.3108275270505,340.9296318364334,322.7917613551385,256.9539423937534,542.1511812272462,56.78066520284601,-34.20410810487196,262.2269397056488,299.5969825519626,31.530710083784353,-33.63714520269663,45.03286031092599,609.187373983408,-384.4886816586976
443,758.3864221222564,87.2615612515691,-125.9979873930151,244.2677042763813,278.1348905456702,242.6496242808853,456.69726793607447,64.29645398182721,-9.40010846523376,276.30402099924663,288.532112267914,22.612867082218077,-54.68052221393811,50.835751697625625,608.5927392125583,-259.9537115398513
445,544.7458370658023,75.33056416030776,-197.29515044699664,335.6687786556722,264.85026547806456,232.59108617504418,414.53899414161685,97.66307410799241,3.0687845876427553,234.99622943542087,263.02953988481795,55.617559326791074,-44.66753609576412,29.57601289105477,510.6054425290923,-218.03488478407297
446,672.3482573855497,83.29576927172327,-196.32909133408546,100.05213778191599,311.9957859036301,262.58453762234063,463.659554929036,67.11870393699107,-13.77950098570478,276.70648701822887,304.8147550325945,34.37538620499071,-43.973923770239956,36.790707872923356,590.6743646018704,-313.68509707466836
447,650.6845949685081,79.91244879188535,-89.4491083412859,319.74845159355436,322.7514235274601,250.83140434030207,525.9030454599723,54.862947356184634,-41.526112676645305,270.8975544691015,299.88957011071057,29.582779172228268,-33.37552540263167,55.57355993845966,606.3283114653642,-392.7625249287579
448,782.9383783272302,92.03493041831608,-172.9979666111911,250.92500946209287,299.9413664719305,254.9053239357708,479.70411742443616,67.39924260794135,-13.193705082637809,290.7821496090501,300.9166786734904,32.383451662574544,-52.386910745062885,54.29980464315463,619.3611202697792,-284.4423329195071
449,656.3275573022601,80.98865522048162,-93.71520137355998,324.58326992775795,326.74833361379734,254.6087038292945,529.0812613035508,56.145239480516956,-41.29684778152129,273.37956137541147,303.43854819674664,31.54145559097945,-34.187189929977855,56.47468843431199,614.8871059230034,-395.80667490338203
450,469.1168830633424,43.755191034435434,-88.1832579888441,164.46105547583596,300.7219461181625,176.55246872808115,279.71910212040615,51.340882265525934,-1.7145603367657867,168.64095061319557,205.50411138985382,29.449388805888322,-38.21852723189344,32.11736386503709,374.453914969338,-188.22272887115528
451,765.3527817434829,84.17656575824455,-129.33490408008157,241.54583531721158,286.4018098244513,243.57396182208083,444.79007049207445,65.25203122114327,-11.779608139748971,269.5257943995995,285.4089292359361,38.465563185066905,-47.30796214084986,49.031461631637505,573.4916665088297,-269.5241748047626
452,656.3275573022601,80.98865522048162,-93.71520137355998,324.58326992775795,326.74833361379734,254.6087038292945,529.0812613035508,56.145239480516956,-41.29684778152129,273.37956137541147,303.43854819674664,31.54145559097945,-34.187189929977855,56.47468843431199,614.8871059230034,-395.80667490338203
453,656.5404186432689,70.29350977335795,-99.63340761209224,257.6309001331378,304.0110703519779,236.2655145121157,341.11896789369365,63.86049690453426,-34.424319251119606,309.0713250033846,301.667613132368,50.804703387142744,-49.84395840012565,88.72278251228632,577.8630008224605,-300.3200123863627
454,314.4172199449171,44.906525073403465,-60.90787865317155,129.31408133840426,158.08615278323288,113.62147737669686,259.0682023224848,38.86657777183912,163.21313329004295,148.51977809056095,177.51957792688776,28.206709857031683,-18.127210258154783,75.08243735696253,299.6536814604813,-136.53919114253537
455,321.22971869552254,38.2252741397471,-65.53302968553996,155.83350258981923,145.64250310032298,293.1053936283538,197.63114620375373,21.460083729606986,46.46408809958569,88.37117657984136,130.74584858828698,23.456465553717614,-26.977177264609427,-0.1250278866439525,282.6537093141091,-125.92936667419765
456,272.62696631336803,197.98235796370335,-48.75075972730644,105.51140915496275,122.03087066981908,104.82366160454406,169.64939367742699,-17.769241975424798,-5.775760514445044,111.76344133360412,127.68313852718748,7.4939941271810895,-20.357297006724203,16.142300228342176,245.6138797609414,-115.18282653258167
457,763.2966014333832,88.7186372184946,-133.2116809196698,251.08480715002554,294.3636363441088,250.28509025357826,466.67311562883083,66.79009185470444,-11.129754665549665,281.7128466439525,295.1329494486098,34.32985547157226,-47.53592743307795,47.40623003882175,639.3585255790699,-281.45241665398794
458,319.6819272867965,46.42178007837791,-63.903886193194786,117.09456581796017,153.16192959357653,132.30271729048928,248.84316827576092,25.627170454680577,4.0102315914903395,343.57013939811833,119.95368660166315,19.56702278578548,-14.995621282827528,11.698863640764369,297.5138197616971,-143.6125754963733
459,765.3527817434829,84.17656575824455,-129.33490408008157,241.54583531721158,286.4018098244513,243.57396182208083,444.79007049207445,65.25203122114327,-11.779608139748971,269.5257943995995,285.4089292359361,38.465563185066905,-47.30796214084986,49.031461631637505,573.4916665088297,-269.5241748047626
460,833.4688165133036,98.93411467624021,-160.06611721487042,243.4805939425276,325.09417084449177,279.64350184570566,514.1657059762218,74.75861254773584,-10.803770258072253,308.7674490950218,327.6667198662706,35.15624590412391,-55.9722751332501,52.53815588782211,663.7243784374108,-308.45996132317794
461,656.5404186432689,70.29350977335795,-99.63340761209224,257.6309001331378,304.0110703519779,236.2655145121157,341.11896789369365,63.86049690453426,-34.424319251119606,309.0713250033846,301.667613132368,50.804703387142744,-49.84395840012565,88.72278251228632,577.8630008224605,-300.3200123863627
462,643.8097431556514,82.77697723676863,-112.3108275270505,340.9296318364334,322.7917613551385,256.9539423937534,542.1511812272462,56.78066520284601,-34.20410810487196,262.2269397056488,299.5969825519626,31.530710083784353,-33.63714520269663,45.03286031092599,609.187373983408,-384.4886816586976
463,626.3843488281916,63.97165423367447,-133.78690569186355,241.92309457427882,290.6604658910808,221.15845575862954,355.2826816764103,60.11861519682654,-40.12033338473751,302.0270385061211,289.7335871952073,53.22526174952402,-48.72294135379151,94.16827964647774,552.2808084209514,-288.7871299475284
464,287.0934086234106,30.365318077921422,-54.04943753242108,125.80915114366793,132.6272541026923,101.16326975818214,220.77300299991333,22.3296594153438,-11.056469838083672,127.73973382744629,126.62328627321092,13.107259447371394,-5.222388975796675,6.035361940676874,467.00611750665945,-151.63783262392732
465,386.04378180866684,48.9776807433508,-94.6772966351337,200.79474780691436,180.76026250659214,327.84746891223114,260.8488976405953,33.65711075961751,9.327010095952568,120.85736833178753,172.03012012512548,33.44327712239312,-32.91091396858838,15.241389309972135,349.6484223006248,-150.57747450215578
466,204.44966547853187,20.512146818629407,-36.73506008779279,81.78949301628013,59.597327845147646,45.12155336731856,114.70036255549985,4.7266695504907394,-4.866334656845706,64.73178444134963,56.20247173551482,252.70060421111705,-4.260984981956222,3.059074614917042,124.95694076907063,-77.6057545085329
467,656.5404186432689,70.29350977335795,-99.63340761209224,257.6309001331378,304.0110703519779,236.2655145121157,341.11896789369365,63.86049690453426,-34.424319251119606,309.0713250033846,301.667613132368,50.804703387142744,-49.84395840012565,88.72278251228632,577.8630008224605,-300.3200123863627
468,335.10506043288433,27.997108817996843,-11.398721401288835,87.21292028008014,98.70739886715293,73.73937102665336,308.94568159404577,8.041166197043378,-10.223047586054825,139.0150959645531,119.36872267650266,-40.9373956247237,-9.594656179892867,-14.330024898430995,146.03124064343422,-102.45464435966332
469,760.7898957124614,86.95068266603397,-122.45709405719207,244.84399782008848,279.8278554281542,238.94071787046974,477.39378511809053,62.156588672610944,-10.729879049151394,280.0788037620602,287.89279820548984,20.143321241161185,-48.85893971558364,43.53293694125934,570.231216362039,-263.6137652334891
470,650.8104220569343,85.36797086160068,-194.6184794091943,89.43579332729637,299.7234087592568,257.1965183000901,436.7538088896637,63.58860503591544,-5.331329368939636,254.2650365347779,291.08140891559725,24.77109492035529,-39.55634252169368,20.99981334206594,570.584129559284,-301.8966025573908
471,667.2678332347452,82.45710485526139,-194.4511501627169,97.47374141641689,310.45307991176924,261.2054719400013,464.7814825599872,66.81815939610762,-14.392203380216612,275.38586957774794,303.51717418028323,36.53746244918963,-44.16256763389675,36.76494488224029,587.909173259938,-310.3877539083638
472,619.6251473677083,79.24344504928975,-205.702885630494,364.1890638325923,300.4437318546056,259.3658518613924,453.01033627149883,72.1778521849566,-4.582425915118824,273.3455720149692,299.4273906980449,61.781486111081676,-51.946560447498285,43.65345840914191,577.2873832622658,-256.8761436356305
473,235.10748818166994,31.268108815444688,23.210958793180097,77.13761015279471,106.95525721010604,86.69565709625363,151.07761612896763,19.366913998272466,-6.382476167181696,91.41955026634758,289.6475941188588,9.463466596798296,-15.944010004770863,20.218944676533162,209.16412992280328,-110.3037346175856
474,473.0188480469802,44.15791353422112,-89.0196206110143,165.85193335720896,299.40429193619843,177.95956878867193,281.43681438977154,51.60363094340676,-1.7532988401940788,169.5860178117376,207.04400114577317,30.233400649221178,-38.06529658072296,31.978551464593945,379.73327562646034,-190.780988231269
475,677.6747947491846,83.6067607854485,-197.29259489345876,101.3385291835497,313.4505895774746,263.78457162603036,469.027480235664,67.63359680893979,-14.170983883170896,278.8738414871603,306.5308236094886,35.00453214764318,-44.51953790210148,37.71017259362624,594.0683776893318,-314.8133313584915
476,677.6747947491846,83.6067607854485,-197.29259489345876,101.3385291835497,313.4505895774746,263.78457162603036,469.027480235664,67.63359680893979,-14.170983883170896,278.8738414871603,306.5308236094886,35.00453214764318,-44.51953790210148,37.71017259362624,594.0683776893318,-314.8133313584915
477,568.7648898046077,80.78493725735271,-95.17591480572584,215.2045322114372,253.70798721552845,216.50039270005584,229.370835285548,49.36324489923903,3.6970254456098712,210.62916272295035,244.39119438418825,9.101153049748664,-30.82268257348085,19.2303206120184,496.5728025224138,-251.4269307121319
478,679.3230720809928,71.26388813974005,-119.32632966591164,234.38272508160605,317.6275567242168,247.5975078444686,393.3782078234679,67.93285175971715,-37.83792880388856,321.2603386178684,315.33615013957177,58.15105534315872,-52.93148809036046,92.51180486332959,600.6387012876031,-312.93270744867107
479,249.06229456752965,33.95175379134279,-32.581588355612475,83.81826267256956,122.53254220991698,81.98561799962306,195.53762731477877,26.616738624429896,199.6051685225334,116.84422134407384,132.26493825661854,17.891581062843457,-11.952499149894876,60.039218268601495,231.72229256616578,-111.83517902992939
480,544.4444560946461,75.6103945781958,-199.17327095941675,332.2460540640425,264.6709035577534,232.9312852774325,416.3240760100298,97.63520679890217,3.6549277232345543,233.84936770941786,262.73406548583574,55.07721950444185,-44.44831308435253,28.182341391527537,510.28720432840066,-217.97126094556526
481,354.2477526556715,34.588581426825236,-38.12349843539711,119.49505334961663,93.86320168963763,96.06923226870236,222.30826766002133,19.946406078107525,-3.9082874235964455,132.33540737950855,129.13616758622544,-31.53336875739272,-42.79943431573818,28.098398116459876,364.2534145368362,-84.65083833218199
482,828.1143917235402,98.52402666833584,-163.2374226669226,240.8023109028544,322.39952848692445,277.50988315710055,512.5046289894564,73.99480824466615,-10.456620604937012,305.8220574204216,324.6962413480104,34.33862665761974,-55.39451568301978,51.32064926382813,658.969814419956,-305.99457464430316
483,251.15400641066404,34.001339588133334,-34.64977685968718,81.5751319092309,123.71677775009171,82.92448591559477,200.3122365208998,26.98110452657028,199.25262592292907,118.19085411623205,133.49539120396935,18.41838471656483,-12.22411849943287,60.4000906058362,233.63630270353931,-113.08138791556367
484,679.3230720809928,71.26388813974005,-119.32632966591164,234.38272508160605,317.6275567242168,247.5975078444686,393.3782078234679,67.93285175971715,-37.83792880388856,321.2603386178684,315.33615013957177,58.15105534315872,-52.93148809036046,92.51180486332959,600.6387012876031,-312.93270744867107
485,656.3275573022601,80.98865522048162,-93.71520137355998,324.58326992775795,326.74833361379734,254.6087038292945,529.0812613035508,56.145239480516956,-41.29684778152129,273.37956137541147,303.43854819674664,31.54145559097945,-34.187189929977855,56.47468843431199,614.8871059230034,-395.80667490338203
486,366.8114761735518,30.845484967703722,-0.13258969397675888,123.51612285583904,101.51028967132991,76.51452931283441,317.8835237817674,9.289842575521616,-10.573642294019189,145.98382640717344,123.87989870185383,-40.53231016065871,-11.911051789308523,-9.75375754406523,160.96530787425903,-102.85266050123526
487,673.5086235582382,71.2912728398627,-123.08487255029054,289.3509917063751,316.56769052067966,248.18040313010138,388.92759475693725,69.2180979718686,-35.20583590235101,321.65777146308756,315.3200687097229,61.38043787001307,-54.32391353272935,93.76114048996719,600.2532391480121,-304.2907409504031
488,334.3783334652252,46.47789673748335,-61.585082403793876,80.86514334859818,164.98737703922527,117.61241129906288,266.95227947890385,38.87403592982107,160.45664708007695,154.32064943311602,179.45403956068753,23.875148291108022,-17.334556764452888,75.59363607647961,310.784756732062,-152.61079745314078
489,759.7483382728187,86.2424050361064,-118.23313046970328,244.20733227558298,278.9254583642105,238.11389612012056,474.2505131286525,62.04047668761862,-10.656919191239604,278.34570377808745,286.7214990003825,20.93069773635126,-48.37527039781664,43.14645393566644,566.1389428226937,-262.57836644906575
490,758.3864221222564,87.2615612515691,-125.9979873930151,244.2677042763813,278.1348905456702,242.6496242808853,456.69726793607447,64.29645398182721,-9.40010846523376,276.30402099924663,288.532112267914,22.612867082218077,-54.68052221393811,50.835751697625625,608.5927392125583,-259.9537115398513
491,655.3253327264816,81.020197395325,-91.45895269818423,321.5874136651696,325.82435529316245,253.74945295299344,524.6395206409878,55.68240341124977,-41.14624423261954,272.12524706277947,302.3394614776118,30.47550606015275,-33.75746364983729,55.991458833481836,613.2881611337824,-395.754396984205
492,389.33702906502646,28.733012706600576,-72.23417645073637,134.07207776780055,265.50575322905956,145.24247570110097,214.47148517616174,42.43725886591105,-2.988563013033216,129.1208342943291,167.04962650545937,34.49290552731648,-27.9147778671715,25.200832334725234,282.67915704473984,-159.82181932025338
493,650.8104220569343,85.36797086160068,-194.6184794091943,89.43579332729637,299.7234087592568,257.1965183000901,436.7538088896637,63.58860503591544,-5.331329368939636,254.2650365347779,291.08140891559725,24.77109492035529,-39.55634252169368,20.99981334206594,570.584129559284,-301.8966025573908
494,473.3018700737815,43.66942866049251,-88.66901977913399,164.86779318549236,298.6999639428858,177.2987263626466,279.1162076822737,51.46044240493193,-1.8447230728864004,168.29199895841734,206.03689709081715,30.823112488380076,-37.96058271735472,32.12102695647565,372.756577800506,-189.6945025270677
495,679.3230720809928,71.26388813974005,-119.32632966591164,234.38272508160605,317.6275567242168,247.5975078444686,393.3782078234679,67.93285175971715,-37.83792880388856,321.2603386178684,315.33615013957177,58.15105534315872,-52.93148809036046,92.51180486332959,600.6387012876031,-312.93270744867107
496,600.0061805488905,76.9813266969819,-175.83906769550887,63.65182967230524,284.29634884064814,243.4058614766966,447.97308519917567,60.583159627080896,-11.45835331405795,241.05886212996873,278.10560039248503,46.39185736234448,-41.44278115826155,20.742183435235365,542.9322161399602,-268.92317089434465
497,643.5083621844951,83.05680765465668,-114.18894803947065,337.5069072448037,322.6123994348273,257.2941414961417,543.9362630956592,56.752797893755776,-33.617964969280166,261.0800779796458,299.3015081529804,30.990370261435125,-33.41792219128504,43.63918881139876,608.8691357827165,-384.42505782018986
498,381.04915972591857,27.78168856387348,-74.63204633506986,131.2869971547847,262.7199046581337,142.5074918223895,210.43201022047626,41.55079490212327,-3.1886161976279848,126.50158264895869,163.88900675663803,34.11328381423045,-27.282246646029247,24.818404826790307,276.76282827788884,-157.53803108169743
499,315.83316953174443,38.93284440589268,-1.0907960659978042,81.04572691055472,176.8329448420248,147.62672562275884,285.80008537666595,34.2375476879395,-27.140033330684272,144.6906091584308,179.64351799684337,116.66581938258925,-40.09676882571763,17.819813814270056,358.6283007739478,-87.75370336335854
500,826.2987943259834,98.15852631544435,-158.6426905586487,240.46807524270113,320.5785848364495,276.58035723550734,510.6843789382404,73.77252101086094,-10.11927189430131,304.8420937252985,323.87196247978954,33.3645924747155,-55.73001970670704,51.134642932233916,658.7776600699138,-303.8957910526674
501,408.1686990662679,48.15181535326141,-77.8214992932412,188.9238916164424,189.45133799289206,325.59077796662814,252.64719300860403,34.0666569839371,2.2422174875056395,136.07704174338446,180.46285325497985,34.84223706023055,-34.49034891247433,28.094790680574732,364.26525193807765,-166.08366867752096
502,341.0523146937905,25.740040773939214,6.6090481551937605,121.54696376972005,100.59222428362337,70.93874519287645,293.4732608788359,8.442498948663848,-15.5372761042428,150.15757319535342,122.51360789688587,-35.97199493464956,-11.841658064920734,-1.2283890192177283,150.3753873997466,-102.90928430442136
503,682.0011358757621,71.6158960060789,-102.48649178547568,284.26403288634424,322.85995491461904,248.06880746923957,408.8940139974701,66.40897226471952,-42.849178607661436,322.9190223798915,317.23775900002124,56.27495260081891,-51.1292784827637,96.86094764695449,609.5255967251389,-332.69618851606
504,827.0728342838975,97.81574903840827,-159.01345907943386,240.1656453583489,321.4971314229808,276.68306140675134,509.3613570000182,73.87869625967383,-10.383660747025221,304.0889574364489,323.52494214290306,35.126003152809815,-54.91084636525279,50.93416625823524,654.8775408806107,-304.95917585987974
505,656.3275573022601,80.98865522048162,-93.71520137355998,324.58326992775795,326.74833361379734,254.6087038292945,529.0812613035508,56.145239480516956,-41.29684778152129,273.37956137541147,303.43854819674664,31.54145559097945,-34.187189929977855,56.47468843431199,614.8871059230034,-395.80667490338203
506,516.0945417240546,68.58434362596681,-203.70064800892493,323.88243766005684,250.4459809003437,220.28264904551693,393.3292050817921,60.194197449390444,0.06105131137188472,221.01754122130276,280.0415929475807,51.00153845025331,-42.53854475434232,24.590800269170316,482.4780377246874,-205.4817449178882
507,388.0987699430349,49.572281178686225,-95.5544237023522,202.51902310002936,181.94514004332706,325.27488970335236,262.1704468375764,37.22494556660923,10.10395904149648,120.96563716315572,172.94700450186494,34.15326513208179,-33.17004652863773,15.14425235734841,351.91072969815934,-151.03932576364906
508,207.06215039373993,21.181417067440453,-15.43162513317745,47.413081453229395,84.23872053713566,241.1472015601289,130.99469692318257,16.26347205907037,-43.484011175414864,130.69698622666704,90.03010072818803,-8.018344209664784,-3.465563510583026,35.89562048845513,160.7313897435874,-107.45624246601595
509,667.7075196275762,82.18802066828363,-194.3192469771871,98.21317571030075,308.92285413792774,259.6664890096493,464.9230797480204,66.29924788192594,-14.159369429730548,275.4787944245509,302.36486366569324,33.482659317066236,-43.59198552303434,36.37280897790118,583.7145149334524,-310.69322501922125
510,683.090623143118,71.69702397771282,-102.29843161417465,279.02504586041726,323.1202121341588,248.1484245089102,409.2268825410281,66.31050209759273,-43.05111765836401,323.01134083941764,317.36912522823724,55.73580672371358,-50.97117155216114,96.73859038335904,609.8406620732914,-333.89011948251726
512,654.7046158292103,83.58825695310786,-110.43022581404014,288.5397615771634,325.39433355053643,257.75011279046,545.4798666628261,55.79596353157802,-36.223498611897675,263.1501243009106,300.9106448341227,26.13925131273108,-32.05607589667095,43.80928767497145,612.3380274649314,-396.4279913232701
513,209.04017689869747,218.51208548736204,-40.15181769050714,83.78191316558248,95.30788710518466,80.1614728510078,155.04650686979411,-20.920919402656533,-9.15210927125225,93.0313986547017,101.59630068868269,11.687268737210681,-15.694624114301655,17.505615042300143,193.5296501567617,-90.12422704901539
514,757.1108945099376,90.94616117339697,-126.04389511595936,244.56484713310377,278.09232747323165,242.97430008862716,458.04744850661297,63.470828349034036,-9.250616538378376,277.08637587732585,289.20350845059147,21.782592188277338,-55.15308558772711,50.98568564433376,610.79578391952,-259.74618925916684
515,650.8104220569343,85.36797086160068,-194.6184794091943,89.43579332729637,299.7234087592568,257.1965183000901,436.7538088896637,63.58860503591544,-5.331329368939636,254.2650365347779,291.08140891559725,24.77109492035529,-39.55634252169368,20.99981334206594,570.584129559284,-301.8966025573908
516,314.74368226438855,38.851716434258755,-1.2788562372988395,86.28471393648171,176.572687622485,147.54710858308817,285.467216833108,34.3360178550663,-26.938094279981698,144.59829069890458,179.51215176862735,117.20496525969457,-40.254875756320196,17.94217107786551,358.31323542579554,-86.5597723969013
517,672.3482573855497,83.29576927172327,-196.32909133408546,100.05213778191599,311.9957859036301,262.58453762234063,463.659554929036,67.11870393699107,-13.77950098570478,276.70648701822887,304.8147550325945,34.37538620499071,-43.973923770239956,36.790707872923356,590.6743646018704,-313.68509707466836
518,650.8104220569343,85.36797086160068,-194.6184794091943,89.43579332729637,299.7234087592568,257.1965183000901,436.7538088896637,63.58860503591544,-5.331329368939636,254.2650365347779,291.08140891559725,24.77109492035529,-39.55634252169368,20.99981334206594,570.584129559284,-301.8966025573908
519,650.8104220569343,85.36797086160068,-194.6184794091943,89.43579332729637,299.7234087592568,257.1965183000901,436.7538088896637,63.58860503591544,-5.331329368939636,254.2650365347779,291.08140891559725,24.77109492035529,-39.55634252169368,20.99981334206594,570.584129559284,-301.8966025573908
520,673.0051019735133,70.39435578806706,-99.12041797019154,278.5348468964692,318.2362564064987,244.07430603398277,401.87202140617376,65.07534831483602,-42.965859508651064,318.4721877195017,312.3849744931378,55.081459014408615,-50.27371425197699,101.36366918167606,600.7404460944243,-328.87309872504204
521,656.3275573022601,80.98865522048162,-93.71520137355998,324.58326992775795,326.74833361379734,254.6087038292945,529.0812613035508,56.145239480516956,-41.29684778152129,273.37956137541147,303.43854819674664,31.54145559097945,-34.187189929977855,56.47468843431199,614.8871059230034,-395.80667490338203
522,762.5857274414725,84.2567955857572,-129.4250863242022,240.5842808251746,288.97479963224725,242.9701349540696,442.73355066321466,65.00491392878303,-11.711046049149893,268.4068490642544,284.3819667352046,39.18146929704142,-46.705010968501014,48.59767739719101,568.8260463032498,-269.4929158127612
523,179.78055130945782,11.48653960848805,-37.57204304302199,100.41781200594305,66.69455188944933,50.62633430830115,111.55383082853879,-12.828524814957573,-47.90307545817591,7.345996798423196,48.973962472611554,-19.634294270264835,178.4236545686631,-21.253877784794994,180.58841711499292,-54.17534673978633
524,264.83420375891245,31.388886042486213,-46.268923614141976,115.84016221075967,95.57372531437866,74.288089975757,163.370135531268,13.14657945078764,-9.575824334392541,110.60435453119653,97.08512746854738,252.82269183243008,-14.396948677197756,18.92439354652876,212.39758931762145,-114.37296974151634
525,568.7648898046077,80.78493725735271,-95.17591480572584,215.2045322114372,253.70798721552845,216.50039270005584,229.370835285548,49.36324489923903,3.6970254456098712,210.62916272295035,244.39119438418825,9.101153049748664,-30.82268257348085,19.2303206120184,496.5728025224138,-251.4269307121319
527,560.8167060716451,79.50329461725755,-92.03068794590922,210.44714700149487,249.46717193254113,212.3187619687797,221.53787438537205,48.17116845530937,3.1231101567254633,209.33154507693567,240.63051927904667,8.118964344318663,-30.210263962142196,18.54102904180895,488.57306729985316,-247.9267034206846
528,763.2966014333832,88.7186372184946,-133.2116809196698,251.08480715002554,294.3636363441088,250.28509025357826,466.67311562883083,66.79009185470444,-11.129754665549665,281.7128466439525,295.1329494486098,34.32985547157226,-47.53592743307795,47.40623003882175,639.3585255790699,-281.45241665398794
529,358.79363049661356,38.12120168588023,-68.28370409463845,155.93433814193284,177.78311418311478,131.794715860165,255.58627337972723,32.190574784092796,-17.901453475793122,166.9932875246786,164.57086013802208,31.02379374145539,-7.644943241227287,20.070491496558798,516.4733011816277,-197.2795353290326
530,650.8104220569343,85.36797086160068,-194.6184794091943,89.43579332729637,299.7234087592568,257.1965183000901,436.7538088896637,63.58860503591544,-5.331329368939636,254.2650365347779,291.08140891559725,24.77109492035529,-39.55634252169368,20.99981334206594,570.584129559284,-301.8966025573908
531,313.5992785602135,45.6146578367594,-59.7696963464505,111.52031318987272,150.69524528108076,130.06440073184888,245.52335524414903,24.86378984452994,3.548132745880265,340.9952076450054,117.55701903021713,20.663149499157694,-14.754538866343754,11.189871049251154,293.1496836305435,-140.26295441089167
532,762.4505748747068,83.75354104001369,-129.50136537512867,240.91775484811598,285.7852953891931,242.6934686103147,442.35363813317434,64.65478487358536,-12.549422796804318,267.1149056539828,283.8298738793251,38.73900779814876,-42.9579365847482,48.04725179387207,569.8469752131467,-268.49277714364837
533,833.4688165133036,98.93411467624021,-160.06611721487042,243.4805939425276,325.09417084449177,279.64350184570566,514.1657059762218,74.75861254773584,-10.803770258072253,308.7674490950218,327.6667198662706,35.15624590412391,-55.9722751332501,52.53815588782211,663.7243784374108,-308.45996132317794
534,643.8097431556514,82.77697723676863,-112.3108275270505,340.9296318364334,322.7917613551385,256.9539423937534,542.1511812272462,56.78066520284601,-34.20410810487196,262.2269397056488,299.5969825519626,31.530710083784353,-33.63714520269663,45.03286031092599,609.187373983408,-384.4886816586976
535,650.8104220569343,85.36797086160068,-194.6184794091943,89.43579332729637,299.7234087592568,257.1965183000901,436.7538088896637,63.58860503591544,-5.331329368939636,254.2650365347779,291.08140891559725,24.77109492035529,-39.55634252169368,20.99981334206594,570.584129559284,-301.8966025573908
536,311.5628104620941,50.9155131934745,-59.258764225459224,135.81442086330517,144.94340430184718,113.280407338775,203.06636529259688,194.79085230028227,-5.536441362761913,137.36543576812693,137.05526664141243,27.929862325593742,-16.489481660180477,31.783660213714786,276.21304568832727,-133.43640042450488
537,679.3230720809928,71.26388813974005,-119.32632966591164,234.38272508160605,317.6275567242168,247.5975078444686,393.3782078234679,67.93285175971715,-37.83792880388856,321.2603386178684,315.33615013957177,58.15105534315872,-52.93148809036046,92.51180486332959,600.6387012876031,-312.93270744867107
538,298.2959675413109,52.66821867565556,-80.1398533229688,152.96906428024252,140.45000343585787,115.72273055695022,214.58381735849525,195.75347420025295,2.305572229528285,126.21212043794702,133.13184063951203,28.53626029840073,-16.301873065909874,20.08017433471307,269.7459724699412,-119.28309021517245
539,323.6228115098131,37.99502951864961,-65.72309767719452,157.0130964181103,147.0061005608089,293.7040624419372,200.62067354146177,21.85231694083761,45.525402364389564,90.86467107800257,132.27177593462,24.523609029788215,-27.468019625559016,1.6295159501179821,284.8859576521743,-127.23919939833961
540,141.87466829771915,15.179481919775826,-109.24018206807963,59.06059516919719,59.172198237615554,41.24682994149974,87.49243574540644,3.8561735024388963,-18.29202461350176,52.83666112364426,207.31264523502443,0.8396593132808187,-3.160056904327941,0.38604896511147035,111.35092564839081,-56.70238170101658
541,313.12074079133873,41.45131816688498,-17.99388067777899,50.24120558588715,175.2186875592241,150.68851754425373,301.8658221923828,33.98674190612736,-21.864745110358083,134.36885362440367,176.98424840600347,111.8027609814462,-38.123761723013295,5.276770318524972,355.76415696772324,-87.1810888167894
542,666.5626644010541,69.97808802492416,-122.19589436584967,287.58946275902116,313.25085355832726,244.8580232751263,385.5363745193244,68.48885759720612,-35.930354740137176,321.6144681297049,312.6584803237161,61.46419869540977,-54.14122120153126,93.55507852058788,593.8524487146728,-300.84279157813285
543,617.8738940177552,79.23937069002717,-205.73209989913732,362.0014890782659,298.9829249266402,258.60368563880763,447.01612775113875,72.04221229333105,-3.682548450576202,272.09056404192,298.24644362179373,61.33268006025706,-51.87927030036835,42.90857105269604,574.9210971942541,-253.98854875180552
544,558.8623957517084,74.37485989118194,-203.72191032380144,343.45073346497406,271.16457558017237,272.9001246812664,423.1045762696121,64.68899150612538,4.821811227703337,231.79329768795566,268.7569507606945,56.05898633121386,-47.61746286939045,27.673063911555918,523.6147880173455,-222.66601514873102
545,619.6251473677083,79.24344504928975,-205.702885630494,364.1890638325923,300.4437318546056,259.3658518613924,453.01033627149883,72.1778521849566,-4.582425915118824,273.3455720149692,299.4273906980449,61.781486111081676,-51.946560447498285,43.65345840914191,577.2873832622658,-256.8761436356305
546,621.1971023022049,78.964644571582,-228.232213846262,74.44890121347505,286.41295978844283,241.84701954987244,450.0383123990883,59.87289411752478,-11.246690189548476,249.74606477038833,276.63589719632523,27.26633721601968,-38.68717162888639,26.370185469745486,545.360972765388,-290.3410630100627
547,750.7159552559662,123.97377816686353,-130.07523415714041,243.99328726017885,286.27708949322664,246.69146962050291,457.0575712930071,57.60072660878207,-10.381024375928227,276.7426628169247,291.63121335554786,31.241826154258128,-51.342720508040635,50.30691781647293,592.3459228864448,-267.9909014967333
548,765.3527817434829,84.17656575824455,-129.33490408008157,241.54583531721158,286.4018098244513,243.57396182208083,444.79007049207445,65.25203122114327,-11.779608139748971,269.5257943995995,285.4089292359361,38.465563185066905,-47.30796214084986,49.031461631637505,573.4916665088297,-269.5241748047626
549,656.5404186432689,70.29350977335795,-99.63340761209224,257.6309001331378,304.0110703519779,236.2655145121157,341.11896789369365,63.86049690453426,-34.424319251119606,309.0713250033846,301.667613132368,50.804703387142744,-49.84395840012565,88.72278251228632,577.8630008224605,-300.3200123863627
550,420.6982910309613,48.76830580725927,-263.2445869910647,140.27007164233072,187.15574236145875,139.75289894896736,295.7933528326713,30.784690307285725,-25.879778657434322,188.03430390100246,172.16363578782824,21.57736452807062,-26.47682810944442,46.082181250416134,370.4570185529348,-193.6492329754915
551,349.46420371786303,36.46159991322557,-66.45761039148316,152.51259198441153,174.0948685482452,128.23291023110437,248.40352643460372,31.187998835312694,-18.028546802476104,162.64093589533545,160.23894118409342,31.431548523559435,-6.528742702318038,19.301580983030973,506.4646988754318,-193.96034830605322
552,656.5906017173363,70.51376347412044,-99.62562121828829,256.35437691674076,304.0813008003365,236.9182050753204,342.4577391205384,63.993506332411556,-33.82577171508503,306.88309902508945,301.54709990631505,50.97216800095598,-50.026732362889426,88.87870068400835,578.794017851679,-305.0150252179984
553,600.0061805488905,76.9813266969819,-175.83906769550887,63.65182967230524,284.29634884064814,243.4058614766966,447.97308519917567,60.583159627080896,-11.45835331405795,241.05886212996873,278.10560039248503,46.39185736234448,-41.44278115826155,20.742183435235365,542.9322161399602,-268.92317089434465
554,767.733864091845,84.35818270291789,-130.34581450695632,242.45329011392909,290.49854506951624,245.1985517039597,445.9262292925195,65.88231194767975,-11.73833685273477,270.2449262311777,286.9469438260279,39.712692809982364,-47.211185108882184,49.11191420843782,573.6617297741032,-271.6250480886603
555,313.12074079133873,41.45131816688498,-17.99388067777899,50.24120558588715,175.2186875592241,150.68851754425373,301.8658221923828,33.98674190612736,-21.864745110358083,134.36885362440367,176.98424840600347,111.8027609814462,-38.123761723013295,5.276770318524972,355.76415696772324,-87.1810888167894
556,225.00176441538468,36.59851137014756,-44.43941739349333,70.52324620162833,106.2565164570167,131.15665903921243,198.70880203386503,15.106848130157502,3.142678723171936,304.13880216530504,74.46885237815796,5.686072424606011,-4.76283519758924,-1.1455545954698172,208.97614633196812,-102.98812099453092
557,679.3230720809928,71.26388813974005,-119.32632966591164,234.38272508160605,317.6275567242168,247.5975078444686,393.3782078234679,67.93285175971715,-37.83792880388856,321.2603386178684,315.33615013957177,58.15105534315872,-52.93148809036046,92.51180486332959,600.6387012876031,-312.93270744867107
558,758.3864221222564,87.2615612515691,-125.9979873930151,244.2677042763813,278.1348905456702,242.6496242808853,456.69726793607447,64.29645398182721,-9.40010846523376,276.30402099924663,288.532112267914,22.612867082218077,-54.68052221393811,50.835751697625625,608.5927392125583,-259.9537115398513
559,665.2376311504062,71.61076894755907,-100.4931715278898,261.58000383481817,308.78871424229567,240.35006058967554,350.5043966516666,64.72537717082231,-34.59967787787607,310.3696363098164,305.51014859462595,51.169748612570665,-50.09394087845368,89.6737318381115,586.6300773238116,-306.65555664245795
560,387.05720934016256,48.94432903071265,-95.41390335349917,202.26080024871436,181.2062800770398,324.77340318488973,260.6596823180707,33.48770898775986,13.7420838704728,120.27926498853066,171.75949581544,33.79950935546683,-33.23195964842068,13.879303660549878,350.5642602150074,-150.7554730244219
561,666.5626644010541,69.97808802492416,-122.19589436584967,287.58946275902116,313.25085355832726,244.8580232751263,385.5363745193244,68.48885759720612,-35.930354740137176,321.6144681297049,312.6584803237161,61.46419869540977,-54.14122120153126,93.55507852058788,593.8524487146728,-300.84279157813285
562,388.17736795456426,49.33171757418403,-94.3491162837086,201.51226333132766,182.58846228188642,325.9582820351643,263.8495132255425,34.00930495415208,9.660940504839267,121.11030813497962,173.79777941155157,35.92642432116377,-33.63810568790031,14.87265572974374,353.56808031848453,-150.15849954238993
563,672.3482573855497,83.29576927172327,-196.32909133408546,100.05213778191599,311.9957859036301,262.58453762234063,463.659554929036,67.11870393699107,-13.77950098570478,276.70648701822887,304.8147550325945,34.37538620499071,-43.973923770239956,36.790707872923356,590.6743646018704,-313.68509707466836
564,759.7483382728187,86.2424050361064,-118.23313046970328,244.20733227558298,278.9254583642105,238.11389612012056,474.2505131286525,62.04047668761862,-10.656919191239604,278.34570377808745,286.7214990003825,20.93069773635126,-48.37527039781664,43.14645393566644,566.1389428226937,-262.57836644906575
565,757.1108945099376,90.94616117339697,-126.04389511595936,244.56484713310377,278.09232747323165,242.97430008862716,458.04744850661297,63.470828349034036,-9.250616538378376,277.08637587732585,289.20350845059147,21.782592188277338,-55.15308558772711,50.98568564433376,610.79578391952,-259.74618925916684
566,346.8086133956197,39.75559038060212,-66.36809471831441,152.29104524450645,173.4772323548747,128.00095578086405,248.4922434683732,31.686775302070235,-17.860493454485297,162.78739182071837,160.09428381381704,30.74914975406376,-6.657040673073053,19.278174374783713,507.1886273727322,-193.43891299765644
567,313.4885361948562,38.32854664503107,-58.35703049353974,142.35257200011054,142.5459248563323,324.4447197153513,202.51282676670814,23.546334659414025,1.3746646191872391,96.64570451057116,134.9780190314747,20.961286699051083,-24.257562827236047,15.250372444340547,275.7275785083487,-125.45921417567858
568,569.8543770719637,80.86606522898663,-94.9878546344248,209.9655451855102,253.96824443506827,216.5800097397265,229.70370382910593,49.26477473211223,3.4950863949073003,210.72148118247654,244.52256061240425,8.562007172643336,-30.664575642878283,19.107963348422942,496.8878678705661,-252.62086167858916
569,334.3783334652252,46.47789673748335,-61.585082403793876,80.86514334859818,164.98737703922527,117.61241129906288,266.95227947890385,38.87403592982107,160.45664708007695,154.32064943311602,179.45403956068753,23.875148291108022,-17.334556764452888,75.59363607647961,310.784756732062,-152.61079745314078
570,221.68892440993608,72.43744250856045,-48.05630839970373,99.44148669643216,102.6994386855528,81.19296103782692,152.90536468560367,191.2360474068427,0.3063789569629306,93.28356496133888,94.53589597505508,21.421784542742113,-7.581725901577149,16.519354315689494,194.84991736338412,-91.63643054787235
571,576.6023253785668,57.762685844805794,-88.53515621300815,230.297602860271,267.0138684771237,204.9130089225584,315.316448606361,55.15261809837107,-37.09716375003352,277.1461215258071,264.13063525488195,49.52926283130682,-45.58557889366414,138.58229386780357,506.00094240752594,-262.61189366795355
572,564.829736566698,72.16308784344184,-80.78069499084478,280.59054757304034,281.085913008851,221.66454071303917,477.2092844939346,46.1899950423222,-33.95778563337025,227.3685034625506,260.7850992400173,23.38346916761668,-29.340698716947855,39.699126326051825,538.5001920499872,-396.436537060582
573,556.2470756579992,82.57325927363972,-113.77154095921637,231.55089412011262,249.75141495686955,218.8456312645148,242.44075520924338,49.99867062156808,10.789765122259201,199.47654105318767,240.54962873940423,9.090407542553564,-30.272637846199625,7.7884924886323965,490.87307058281823,-240.10893746744748
574,675.2598769081914,71.29534719912527,-123.05565828164723,291.53856646070153,318.02849744864506,248.94256935268615,394.92180327729733,69.35373786349416,-36.10571336689364,322.91277943613676,316.50101578597406,61.82924392083768,-54.391203679859295,94.50602784641306,602.6195252160239,-307.17833583422816
575,673.3504819613281,83.26422709687989,-198.5853400094612,103.04799404450434,312.919764224265,263.4437884986417,468.10129559159907,67.58154000625825,-13.930104534606537,277.9608013308609,305.9138417517293,35.44133573581741,-44.40365005038052,37.27393747375351,592.2733093910916,-313.7373749938454
576,643.8097431556514,82.77697723676863,-112.3108275270505,340.9296318364334,322.7917613551385,256.9539423937534,542.1511812272462,56.78066520284601,-34.20410810487196,262.2269397056488,299.5969825519626,31.530710083784353,-33.63714520269663,45.03286031092599,609.187373983408,-384.4886816586976
577,617.8738940177552,79.23937069002717,-205.73209989913732,362.0014890782659,298.9829249266402,258.60368563880763,447.01612775113875,72.04221229333105,-3.682548450576202,272.09056404192,298.24644362179373,61.33268006025706,-51.87927030036835,42.90857105269604,574.9210971942541,-253.98854875180552
578,656.5404186432689,70.29350977335795,-99.63340761209224,257.6309001331378,304.0110703519779,236.2655145121157,341.11896789369365,63.86049690453426,-34.424319251119606,309.0713250033846,301.667613132368,50.804703387142744,-49.84395840012565,88.72278251228632,577.8630008224605,-300.3200123863627
579,664.4886023762316,71.57515241345311,-102.77863447190886,262.3882853430801,308.2518856349652,240.44714524339182,348.95192879386957,65.05257334846394,-33.8504039622352,310.36894264939923,305.4282882375096,51.78689209257274,-50.456377011464305,89.41207408249578,585.862736045021,-303.82023967781
580,650.8104220569343,85.36797086160068,-194.6184794091943,89.43579332729637,299.7234087592568,257.1965183000901,436.7538088896637,63.58860503591544,-5.331329368939636,254.2650365347779,291.08140891559725,24.77109492035529,-39.55634252169368,20.99981334206594,570.584129559284,-301.8966025573908
581,673.3504819613281,83.26422709687989,-198.5853400094612,103.04799404450434,312.919764224265,263.4437884986417,468.10129559159907,67.58154000625825,-13.930104534606537,277.9608013308609,305.9138417517293,35.44133573581741,-44.40365005038052,37.27393747375351,592.2733093910916,-313.7373749938454
582,284.88004076029097,29.039244707996065,-45.29186278109266,126.64996249556232,133.42382517535347,96.18967381631248,238.95253140622353,19.694429140812076,-12.821675131166025,128.86907011040483,124.2775515050365,11.244750209676718,1.5611868250563743,-1.8285131855393257,423.524594097345,-156.0218481331436
583,621.1971023022049,78.964644571582,-228.232213846262,74.44890121347505,286.41295978844283,241.84701954987244,450.0383123990883,59.87289411752478,-11.246690189548476,249.74606477038833,276.63589719632523,27.26633721601968,-38.68717162888639,26.370185469745486,545.360972765388,-290.3410630100627
584,613.2186217204286,78.50123784497725,-204.72598276228908,360.035571468021,297.23559272437933,256.56309783156445,447.4397845278204,71.83941363292146,-0.6488230012793345,271.1689825176133,296.99825859257624,61.73620405064922,-51.65213006485393,44.289145377172076,571.2563178476084,-251.99979975822794
585,658.4059536496487,70.76803017183461,-98.64444462516458,256.81403271499266,305.78520132246945,238.2088286847514,345.6321157622577,64.2891927383133,-34.31250280784528,307.7940108962863,303.0316206660636,52.883018805944964,-50.21529459498053,88.90308149098256,581.4985999138675,-300.4706185923284
586,327.51034114496434,42.678123115097165,-42.26459474620063,111.43035304421275,162.06040632941563,110.53181160335278,243.59992349274515,38.0050646455133,155.02872930855983,160.7271541287283,180.73275360028106,28.220479930643272,-18.601406032894285,87.64487027212257,304.97506435996047,-148.51191085029916
587,643.8097431556514,82.77697723676863,-112.3108275270505,340.9296318364334,322.7917613551385,256.9539423937534,542.1511812272462,56.78066520284601,-34.20410810487196,262.2269397056488,299.5969825519626,31.530710083784353,-33.63714520269663,45.03286031092599,609.187373983408,-384.4886816586976
588,607.336489026544,74.83172096202699,-175.29347140792956,71.15297018448648,269.0852973155924,228.6173973632828,451.7674550484282,55.51670414598219,-8.582810971467287,241.66197056876882,266.77263647714585,15.405828507692354,-35.7917318205494,15.985745275785122,502.14739762449875,-271.7962835626006
589,669.3869254100766,82.65543664272141,-199.69046477779222,98.55344857053386,310.6647410065487,261.04958774731887,464.9880052799785,66.74713284515201,-14.371037067765664,276.25458984178994,303.3702038606673,34.62491043455715,-43.887006680959225,37.32774508569131,588.1520489224808,-312.52954311993557
590,567.1419483315581,83.38453898997894,-111.890939246206,179.16102386084265,252.35398715226756,219.6418016612214,245.7694406448228,49.01396895030009,8.770374615233486,200.39972564844945,241.86329102156435,3.6989487715002918,-28.691568540173947,6.564919852677859,494.0237240643415,-252.04824713202004
591,613.8485921886704,81.35231587253037,-203.72934528781298,373.26089216691037,301.3186170619207,260.8373285424048,480.05246691536695,69.86851230851104,-4.233151479237293,262.1991932889612,296.3225682673081,56.2164492838678,-48.134590523121474,34.56655008629735,578.4937228317854,-271.07600307277795
592,679.3230720809928,71.26388813974005,-119.32632966591164,234.38272508160605,317.6275567242168,247.5975078444686,393.3782078234679,67.93285175971715,-37.83792880388856,321.2603386178684,315.33615013957177,58.15105534315872,-52.93148809036046,92.51180486332959,600.6387012876031,-312.93270744867107
593,540.0468790775825,69.23261680200231,-183.38376187187077,329.333487686811,251.2606402123225,220.3565715178166,427.2440925995821,59.16990846639393,1.4004523103321738,232.31007505727192,258.33815388555547,41.74305331241983,-42.716925734091326,21.05320677198749,476.24029108846844,-207.5462086921382
594,233.52312176917903,33.45121484102573,-29.80494596396274,75.96315370911802,116.14781976262366,76.87122654978837,193.403668130361,26.52249810225404,161.3092285772063,108.92911823395636,129.61253220969326,17.331671198058352,-10.359983762611442,121.84442405964984,219.78259694339158,-102.44058987838893
595,782.1972456058783,89.07773069830257,-136.10709166176255,253.34225224355646,319.10224299631983,258.8955230996741,468.05885594052495,70.5992612471921,-8.987395595091751,283.49533931502845,303.91225816883235,35.08416333137265,-53.712751894261416,51.640277465628785,610.2933718652923,-280.9624443788284
596,326.51777961319425,204.9737041337911,-58.86779494869858,119.00915522822469,137.0447412009021,117.2062767677517,223.75491630960633,-15.527336654148248,-9.485080369031998,133.9427927663666,145.21030250550047,14.341021680790218,-25.597233903230777,25.547855143685453,280.1236189170664,-126.92252935017883
597,535.6942645141527,77.50618898985236,-196.1529766383913,332.13228333158844,260.63558986318304,229.3986912858495,409.8233621991827,97.28193428668794,3.6569474466805905,230.4641937022309,258.74310479117406,54.90491780598131,-43.73440529852183,27.948616653220633,502.4825334695926,-214.01266401237802
598,765.3527817434829,84.17656575824455,-129.33490408008157,241.54583531721158,286.4018098244513,243.57396182208083,444.79007049207445,65.25203122114327,-11.779608139748971,269.5257943995995,285.4089292359361,38.465563185066905,-47.30796214084986,49.031461631637505,573.4916665088297,-269.5241748047626
600,586.7247726744457,68.72879241356591,-78.92252698692012,286.59896575176754,286.7810293123499,221.22699995075868,477.8595556979361,46.06378447556458,-37.325017566174985,224.11263788337243,258.47179287703506,29.280351659087405,-22.761237722658564,39.53366364259093,517.8599358973639,-357.75467029577624
601,672.3482573855497,83.29576927172327,-196.32909133408546,100.05213778191599,311.9957859036301,262.58453762234063,463.659554929036,67.11870393699107,-13.77950098570478,276.70648701822887,304.8147550325945,34.37538620499071,-43.973923770239956,36.790707872923356,590.6743646018704,-313.68509707466836
602,578.0912509207242,71.15222645772744,-68.56306463441022,288.3638025023555,278.2124565172864,215.91258939847546,505.32704644298383,42.969279801507014,-35.684042622667526,232.6818468327102,259.79917273320933,11.128027859411864,-25.029739199850905,34.21688771798346,515.8974076648282,-353.98441264767956
603,677.6747947491846,83.6067607854485,-197.29259489345876,101.3385291835497,313.4505895774746,263.78457162603036,469.027480235664,67.63359680893979,-14.170983883170896,278.8738414871603,306.5308236094886,35.00453214764318,-44.51953790210148,37.71017259362624,594.0683776893318,-314.8133313584915
604,833.4688165133036,98.93411467624021,-160.06611721487042,243.4805939425276,325.09417084449177,279.64350184570566,514.1657059762218,74.75861254773584,-10.803770258072253,308.7674490950218,327.6667198662706,35.15624590412391,-55.9722751332501,52.53815588782211,663.7243784374108,-308.45996132317794
605,612.7934698669509,78.40070627356529,-203.85415872776878,359.42309271276673,297.4402189347793,257.2246199564683,448.13805538209,71.7416677524476,-4.295250845088034,270.7699466014391,296.94886276948256,63.49475630445598,-52.06791416402513,42.882808062012984,572.1559058523217,-250.6912055855009
606,758.103400095455,87.75004612529773,-126.34858822489541,245.25184444809793,278.83921853898283,243.31046670691066,459.0178746435723,64.43964252030204,-9.308684232541438,277.5980398525669,289.53921632287,22.023155243059183,-54.785236077306344,50.69327620574391,615.5694370385127,-261.0401972440526
607,650.6845949685081,79.91244879188535,-89.4491083412859,319.74845159355436,322.7514235274601,250.83140434030207,525.9030454599723,54.862947356184634,-41.526112676645305,270.8975544691015,299.88957011071057,29.582779172228268,-33.37552540263167,55.57355993845966,606.3283114653642,-392.7625249287579
608,289.2443949896614,54.84384350520016,-78.99767951436347,149.43256895615878,136.23532782097638,112.53033566775555,209.86818541606112,195.3723343789485,2.8937350885661197,121.68008470475702,128.84540554586812,27.82361877759097,-15.36874226866757,18.452778096878937,261.62306341044155,-115.2608694434775
609,636.7759125833874,81.89947325442648,-110.11091517849759,337.9110759365271,318.3552321289502,253.43722496747867,540.4251787085227,55.56897593655025,-33.64529081370161,258.50575261380965,295.6211638387283,29.57083971978927,-32.764364594541426,42.86041757914188,599.9952759769246,-380.1869768791085
610,656.5404186432689,70.29350977335795,-99.63340761209224,257.6309001331378,304.0110703519779,236.2655145121157,341.11896789369365,63.86049690453426,-34.424319251119606,309.0713250033846,301.667613132368,50.804703387142744,-49.84395840012565,88.72278251228632,577.8630008224605,-300.3200123863627
611,209.32319892549884,218.02360061363345,-39.80121685862683,82.79777299386586,94.60355911187203,79.50063042498245,152.72590016229626,-21.06410794113136,-9.243533503944573,91.73737980138144,100.58919663372669,12.276980576369578,-15.58991025093342,17.64809053418185,186.55295233080736,-89.03774134481408
612,679.3230720809928,71.26388813974005,-119.32632966591164,234.38272508160605,317.6275567242168,247.5975078444686,393.3782078234679,67.93285175971715,-37.83792880388856,321.2603386178684,315.33615013957177,58.15105534315872,-52.93148809036046,92.51180486332959,600.6387012876031,-312.93270744867107
613,314.74368226438855,38.851716434258755,-1.2788562372988395,86.28471393648171,176.572687622485,147.54710858308817,285.467216833108,34.3360178550663,-26.938094279981698,144.59829069890458,179.51215176862735,117.20496525969457,-40.254875756320196,17.94217107786551,358.31323542579554,-86.5597723969013
614,673.3504819613281,83.26422709687989,-198.5853400094612,103.04799404450434,312.919764224265,263.4437884986417,468.10129559159907,67.58154000625825,-13.930104534606537,277.9608013308609,305.9138417517293,35.44133573581741,-44.40365005038052,37.27393747375351,592.2733093910916,-313.7373749938454
615,765.3527817434829,84.17656575824455,-129.33490408008157,241.54583531721158,286.4018098244513,243.57396182208083,444.79007049207445,65.25203122114327,-11.779608139748971,269.5257943995995,285.4089292359361,38.465563185066905,-47.30796214084986,49.031461631637505,573.4916665088297,-269.5241748047626
616,683.090623143118,71.69702397771282,-102.29843161417465,279.02504586041726,323.1202121341588,248.1484245089102,409.2268825410281,66.31050209759273,-43.05111765836401,323.01134083941764,317.36912522823724,55.73580672371358,-50.97117155216114,96.73859038335904,609.8406620732914,-333.89011948251726
617,556.2470756579992,82.57325927363972,-113.77154095921637,231.55089412011262,249.75141495686955,218.8456312645148,242.44075520924338,49.99867062156808,10.789765122259201,199.47654105318767,240.54962873940423,9.090407542553564,-30.272637846199625,7.7884924886323965,490.87307058281823,-240.10893746744748
618,613.8485921886704,81.35231587253037,-203.72934528781298,373.26089216691037,301.3186170619207,260.8373285424048,480.05246691536695,69.86851230851104,-4.233151479237293,262.1991932889612,296.3225682673081,56.2164492838678,-48.134590523121474,34.56655008629735,578.4937228317854,-271.07600307277795
619,650.8104220569343,85.36797086160068,-194.6184794091943,89.43579332729637,299.7234087592568,257.1965183000901,436.7538088896637,63.58860503591544,-5.331329368939636,254.2650365347779,291.08140891559725,24.77109492035529,-39.55634252169368,20.99981334206594,570.584129559284,-301.8966025573908
620,643.8097431556514,82.77697723676863,-112.3108275270505,340.9296318364334,322.7917613551385,256.9539423937534,542.1511812272462,56.78066520284601,-34.20410810487196,262.2269397056488,299.5969825519626,31.530710083784353,-33.63714520269663,45.03286031092599,609.187373983408,-384.4886816586976
621,613.72358533711,78.35622477621762,-226.1642046832389,70.69091101968486,283.50665633609606,239.86928505394968,448.17071269233145,59.180116365410704,-10.92070684886418,245.93195283174617,273.81238899768096,28.361269984147995,-38.38497313159359,24.589878642300494,540.3635330853905,-285.73388711961616
622,556.8409369025878,73.90677654638004,-237.09593987792195,332.7362162891422,268.6795088985315,234.1875588945125,427.8933479191622,63.64875809865461,-0.7162240700190013,240.06802922966162,268.39155583529595,53.165564487329014,-45.667137313340255,30.602567849888807,520.6156309787539,-225.90938969928143
623,621.1971023022049,78.964644571582,-228.232213846262,74.44890121347505,286.41295978844283,241.84701954987244,450.0383123990883,59.87289411752478,-11.246690189548476,249.74606477038833,276.63589719632523,27.26633721601968,-38.68717162888639,26.370185469745486,545.360972765388,-290.3410630100627
624,288.27372178352573,52.983640424089344,-57.57736656921138,123.0105016543591,131.21022022950854,107.13022179393963,170.16641073286448,191.12511350758112,3.8116077185458512,113.66897731162668,122.14097344816399,17.876764990133708,-12.004610264504255,15.247878326411513,253.75652457772887,-118.76031102340231
625,643.8097431556514,82.77697723676863,-112.3108275270505,340.9296318364334,322.7917613551385,256.9539423937534,542.1511812272462,56.78066520284601,-34.20410810487196,262.2269397056488,299.5969825519626,31.530710083784353,-33.63714520269663,45.03286031092599,609.187373983408,-384.4886816586976
626,628.7926338949194,64.36470388181591,-132.25817906223236,241.82714060117132,292.4747523516555,222.85932993453372,358.91661927168235,60.57348181992262,-40.22786362845411,303.27503913189673,288.58610894679157,55.378261101609354,-49.34612370217324,94.2734536186621,556.2754431199716,-288.91507904500025
627,261.8709934105436,40.00103064998108,-34.17685983579729,87.58008501401072,131.28473933327555,87.59915199783278,213.63479984754406,64.38133762415423,162.28523449757404,126.20143758848575,145.6659524672009,22.49628230506371,-11.824210313014996,74.44324907334872,247.4192357357509,-115.9835391463431
628,568.7648898046077,80.78493725735271,-95.17591480572584,215.2045322114372,253.70798721552845,216.50039270005584,229.370835285548,49.36324489923903,3.6970254456098712,210.62916272295035,244.39119438418825,9.101153049748664,-30.82268257348085,19.2303206120184,496.5728025224138,-251.4269307121319
629,672.3482573855497,83.29576927172327,-196.32909133408546,100.05213778191599,311.9957859036301,262.58453762234063,463.659554929036,67.11870393699107,-13.77950098570478,276.70648701822887,304.8147550325945,34.37538620499071,-43.973923770239956,36.790707872923356,590.6743646018704,-313.68509707466836
630,664.5922003626798,69.92667633567706,-121.59332361819784,286.06478953578437,312.6450964947687,244.742768650193,385.7300827782185,68.47943836606282,-35.42366234186944,318.63346277364917,311.5801687829365,61.42308592028862,-53.906300060128366,93.74075950233977,592.5045638430544,-300.3846312448698
631,313.74145768861,38.883258609102135,0.977392438076906,83.28885767389338,175.64870930185006,146.68785770678713,281.02547617054495,33.87318178579912,-26.78749073107994,143.34397638627257,178.41306504949253,116.13901572886788,-39.82514947617964,17.458941477035353,356.7142906365742,-86.50749447772426
632,352.9722250433527,38.27318134865308,-38.16940615834136,119.79219620633909,93.82063861719911,96.3939080764442,223.65844823055983,19.120780445314367,-3.7587954967410604,133.11776225758774,129.8075637689029,-32.363643651333454,-43.27199768952719,28.24833206316801,366.456459243798,-84.44331605149749
634,378.02460925339216,42.21673853848879,-73.82119754788513,153.88299760219002,174.0883840952996,134.1438579609233,273.5105280620253,32.30842019368073,-12.292129572452067,160.13267189188738,162.48737382659078,25.290162511283825,-7.895633752891659,11.151266496439165,521.9824655586966,-191.08097909565294
635,375.7108912668248,49.04529645949779,-72.55758126012148,171.7614636561465,171.3615980246377,315.42810286107186,215.64436186898243,28.553696976850013,10.770266980705351,106.19404853733721,160.26719299712008,22.708836950491296,-32.85749648644318,9.443987548459075,333.8226775116137,-149.11566186980883
636,650.8104220569343,85.36797086160068,-194.6184794091943,89.43579332729637,299.7234087592568,257.1965183000901,436.7538088896637,63.58860503591544,-5.331329368939636,254.2650365347779,291.08140891559725,24.77109492035529,-39.55634252169368,20.99981334206594,570.584129559284,-301.8966025573908
637,521.1475855426619,69.27426205175922,-202.40746306929285,323.1379961081003,252.9612613375998,222.7564668365104,396.7753639369706,60.930134443369894,0.3000447938284401,222.8160711698999,282.7165970668587,51.27881787440824,-42.897081193161036,24.414635393637063,486.91436354145054,-207.88350775825526
638,568.7648898046077,80.78493725735271,-95.17591480572584,215.2045322114372,253.70798721552845,216.50039270005584,229.370835285548,49.36324489923903,3.6970254456098712,210.62916272295035,244.39119438418825,9.101153049748664,-30.82268257348085,19.2303206120184,496.5728025224138,-251.4269307121319
639,594.0267862286104,58.47484643891109,-91.63260395212427,241.77713960695203,274.15953769080653,206.3640958173403,310.59798575517783,57.29733353257202,-40.94498879119509,308.68159500294075,277.713317658307,51.55855081571304,-48.19972741934283,86.86822478787269,520.2558869224063,-269.28846803593
640,618.8167458913232,57.012843395562506,-89.88664000181473,236.19991945000038,281.92055593837705,213.05212950069,327.62549656533525,58.89345045581776,-39.26543109885016,286.0369641389724,275.72080638112834,60.197222921386725,-43.93884841364087,90.01648765839406,511.15804940003335,-278.8665623116238
641,656.202458399617,69.6706437639081,-99.08828035192309,256.4016955277741,304.0109953672966,236.6118931651687,342.35781396068086,67.5078540673335,-34.25583240956593,306.57028035829046,301.2022155616922,50.51987638992248,-49.80056671713969,88.84508437227898,577.8035222528543,-300.5982137317144
642,643.8097431556514,82.77697723676863,-112.3108275270505,340.9296318364334,322.7917613551385,256.9539423937534,542.1511812272462,56.78066520284601,-34.20410810487196,262.2269397056488,299.5969825519626,31.530710083784353,-33.63714520269663,45.03286031092599,609.187373983408,-384.4886816586976
643,352.9722250433527,38.27318134865308,-38.16940615834136,119.79219620633909,93.82063861719911,96.3939080764442,223.65844823055983,19.120780445314367,-3.7587954967410604,133.11776225758774,129.8075637689029,-32.363643651333454,-43.27199768952719,28.24833206316801,366.456459243798,-84.44331605149749
644,255.13789538630596,25.59383476079017,-54.94061491517324,119.42154887936942,126.37090353675201,91.75697245041455,194.03028144199206,16.234536279046598,-19.30181924636716,103.95698640050885,110.64259147653945,16.279703111608,38.332638356131795,-2.9716573209184034,429.39743980043374,-141.50545445310368
645,643.3369050918393,84.7595510662363,-192.5504702461712,85.67780313350617,296.81710530691,255.21878380416737,434.88620918290684,62.89582728380137,-5.005346028255341,250.45092459613574,288.25790071695303,25.866027688483605,-39.25414402440088,19.21950651462095,565.5866898792865,-297.2894266669442
646,656.5404186432689,70.29350977335795,-99.63340761209224,257.6309001331378,304.0110703519779,236.2655145121157,341.11896789369365,63.86049690453426,-34.424319251119606,309.0713250033846,301.667613132368,50.804703387142744,-49.84395840012565,88.72278251228632,577.8630008224605,-300.3200123863627
647,758.103400095455,87.75004612529773,-126.34858822489541,245.25184444809793,278.83921853898283,243.31046670691066,459.0178746435723,64.43964252030204,-9.308684232541438,277.5980398525669,289.53921632287,22.023155243059183,-54.785236077306344,50.69327620574391,615.5694370385127,-261.0401972440526
648,621.1971023022049,78.964644571582,-228.232213846262,74.44890121347505,286.41295978844283,241.84701954987244,450.0383123990883,59.87289411752478,-11.246690189548476,249.74606477038833,276.63589719632523,27.26633721601968,-38.68717162888639,26.370185469745486,545.360972765388,-290.3410630100627
649,730.7158791021533,88.06385952669568,-126.89980983422132,234.65215935601162,303.86478862363015,236.611355600773,436.1320696474764,61.82528105822482,-8.714487559242972,265.1145676457954,278.26248726059924,29.771928201963114,-48.651010490449714,46.49790935316076,561.9365371567593,-259.64112161983775
650,484.38908707422047,108.42420248060226,-81.90005618847601,179.67371717849392,213.53690580100243,186.68976943601857,188.66130596160804,31.856083011346353,9.193120497377512,168.37493937035228,205.8277845108416,-0.2154709783654759,-24.06201391496448,4.33368178132868,422.6452685133754,-211.57918730557535
651,658.4059536496487,70.76803017183461,-98.64444462516458,256.81403271499266,305.78520132246945,238.2088286847514,345.6321157622577,64.2891927383133,-34.31250280784528,307.7940108962863,303.0316206660636,52.883018805944964,-50.21529459498053,88.90308149098256,581.4985999138675,-300.4706185923284
652,326.51777961319425,204.9737041337911,-58.86779494869858,119.00915522822469,137.0447412009021,117.2062767677517,223.75491630960633,-15.527336654148248,-9.485080369031998,133.9427927663666,145.21030250550047,14.341021680790218,-25.597233903230777,25.547855143685453,280.1236189170664,-126.92252935017883
653,682.0011358757621,71.6158960060789,-102.48649178547568,284.26403288634424,322.85995491461904,248.06880746923957,408.8940139974701,66.40897226471952,-42.849178607661436,322.9190223798915,317.23775900002124,56.27495260081891,-51.1292784827637,96.86094764695449,609.5255967251389,-332.69618851606
654,636.7759125833874,81.89947325442648,-110.11091517849759,337.9110759365271,318.3552321289502,253.43722496747867,540.4251787085227,55.56897593655025,-33.64529081370161,258.50575261380965,295.6211638387283,29.57083971978927,-32.764364594541426,42.86041757914188,599.9952759769246,-380.1869768791085
656,650.6845949685081,79.91244879188535,-89.4491083412859,319.74845159355436,322.7514235274601,250.83140434030207,525.9030454599723,54.862947356184634,-41.526112676645305,270.8975544691015,299.88957011071057,29.582779172228268,-33.37552540263167,55.57355993845966,606.3283114653642,-392.7625249287579
657,656.3275573022601,80.98865522048162,-93.71520137355998,324.58326992775795,326.74833361379734,254.6087038292945,529.0812613035508,56.145239480516956,-41.29684778152129,273.37956137541147,303.43854819674664,31.54145559097945,-34.187189929977855,56.47468843431199,614.8871059230034,-395.80667490338203
658,473.3018700737815,43.66942866049251,-88.66901977913399,164.86779318549236,298.6999639428858,177.2987263626466,279.1162076822737,51.46044240493193,-1.8447230728864004,168.29199895841734,206.03689709081715,30.823112488380076,-37.96058271735472,32.12102695647565,372.756577800506,-189.6945025270677
659,656.5404186432689,70.29350977335795,-99.63340761209224,257.6309001331378,304.0110703519779,236.2655145121157,341.11896789369365,63.86049690453426,-34.424319251119606,309.0713250033846,301.667613132368,50.804703387142744,-49.84395840012565,88.72278251228632,577.8630008224605,-300.3200123863627
660,619.6251473677083,79.24344504928975,-205.702885630494,364.1890638325923,300.4437318546056,259.3658518613924,453.01033627149883,72.1778521849566,-4.582425915118824,273.3455720149692,299.4273906980449,61.781486111081676,-51.946560447498285,43.65345840914191,577.2873832622658,-256.8761436356305
662,683.090623143118,71.69702397771282,-102.29843161417465,279.02504586041726,323.1202121341588,248.1484245089102,409.2268825410281,66.31050209759273,-43.05111765836401,323.01134083941764,317.36912522823724,55.73580672371358,-50.97117155216114,96.73859038335904,609.8406620732914,-333.89011948251726
663,650.8104220569343,85.36797086160068,-194.6184794091943,89.43579332729637,299.7234087592568,257.1965183000901,436.7538088896637,63.58860503591544,-5.331329368939636,254.2650365347779,291.08140891559725,24.77109492035529,-39.55634252169368,20.99981334206594,570.584129559284,-301.8966025573908
664,672.3482573855497,83.29576927172327,-196.32909133408546,100.05213778191599,311.9957859036301,262.58453762234063,463.659554929036,67.11870393699107,-13.77950098570478,276.70648701822887,304.8147550325945,34.37538620499071,-43.973923770239956,36.790707872923356,590.6743646018704,-313.68509707466836
665,650.6845949685081,79.91244879188535,-89.4491083412859,319.74845159355436,322.7514235274601,250.83140434030207,525.9030454599723,54.862947356184634,-41.526112676645305,270.8975544691015,299.88957011071057,29.582779172228268,-33.37552540263167,55.57355993845966,606.3283114653642,-392.7625249287579
666,613.8485921886704,81.35231587253037,-203.72934528781298,373.26089216691037,301.3186170619207,260.8373285424048,480.05246691536695,69.86851230851104,-4.233151479237293,262.1991932889612,296.3225682673081,56.2164492838678,-48.134590523121474,34.56655008629735,578.4937228317854,-271.07600307277795
667,758.103400095455,87.75004612529773,-126.34858822489541,245.25184444809793,278.83921853898283,243.31046670691066,459.0178746435723,64.43964252030204,-9.308684232541438,277.5980398525669,289.53921632287,22.023155243059183,-54.785236077306344,50.69327620574391,615.5694370385127,-261.0401972440526
668,765.3527817434829,84.17656575824455,-129.33490408008157,241.54583531721158,286.4018098244513,243.57396182208083,444.79007049207445,65.25203122114327,-11.779608139748971,269.5257943995995,285.4089292359361,38.465563185066905,-47.30796214084986,49.031461631637505,573.4916665088297,-269.5241748047626
669,667.7075196275762,82.18802066828363,-194.3192469771871,98.21317571030075,308.92285413792774,259.6664890096493,464.9230797480204,66.29924788192594,-14.159369429730548,275.4787944245509,302.36486366569324,33.482659317066236,-43.59198552303434,36.37280897790118,583.7145149334524,-310.69322501922125
670,613.8485921886704,81.35231587253037,-203.72934528781298,373.26089216691037,301.3186170619207,260.8373285424048,480.05246691536695,69.86851230851104,-4.233151479237293,262.1991932889612,296.3225682673081,56.2164492838678,-48.134590523121474,34.56655008629735,578.4937228317854,-271.07600307277795
671,650.8104220569343,85.36797086160068,-194.6184794091943,89.43579332729637,299.7234087592568,257.1965183000901,436.7538088896637,63.58860503591544,-5.331329368939636,254.2650365347779,291.08140891559725,24.77109492035529,-39.55634252169368,20.99981334206594,570.584129559284,-301.8966025573908
672,665.5780896435875,71.65628038508703,-102.59057430060783,257.14929831715307,308.51214285450504,240.52676228306248,349.2847973374275,64.95410318133715,-34.05234301293777,310.46126110892544,305.5596544657256,51.24774621546742,-50.298270080861734,89.28971681890032,586.1778013931734,-305.01417064426727
673,215.7191811549051,219.1419662514654,-40.85387499406341,86.11272157804454,98.20059853338304,82.4610708639368,157.53024913849987,-20.184191653069355,-9.663643014991605,96.41587145995435,104.73097435709424,12.307223327683664,-16.651339018930734,19.25208016376872,195.3997898876074,-92.53852680811224
674,757.1108945099376,90.94616117339697,-126.04389511595936,244.56484713310377,278.09232747323165,242.97430008862716,458.04744850661297,63.470828349034036,-9.250616538378376,277.08637587732585,289.20350845059147,21.782592188277338,-55.15308558772711,50.98568564433376,610.79578391952,-259.74618925916684
675,412.2073572376505,47.5681339174993,-260.63912377395155,134.79177298735075,182.87477158838823,135.81370821442277,288.83960220578734,29.566443074039015,-26.234347259327794,184.21137152211384,170.9144464647979,20.5204918893575,-25.612563344578913,45.46801468671854,362.09824772276096,-190.17166279253797
676,600.0061805488905,76.9813266969819,-175.83906769550887,63.65182967230524,284.29634884064814,243.4058614766966,447.97308519917567,60.583159627080896,-11.45835331405795,241.05886212996873,278.10560039248503,46.39185736234448,-41.44278115826155,20.742183435235365,542.9322161399602,-268.92317089434465
677,613.0761108056028,59.180598294970636,-79.56135208376767,238.86745360845163,274.3651476962823,208.04563661480623,355.3306146826555,55.907493651714006,-38.0170610777402,294.6527052395763,277.2144374723279,42.830574407257764,-45.6366818522198,84.90040973861892,508.0507053528837,-271.65828846500546
678,666.5626644010541,69.97808802492416,-122.19589436584967,287.58946275902116,313.25085355832726,244.8580232751263,385.5363745193244,68.48885759720612,-35.930354740137176,321.6144681297049,312.6584803237161,61.46419869540977,-54.14122120153126,93.55507852058788,593.8524487146728,-300.84279157813285
679,655.8072415586474,70.17783688817227,-99.45548842701305,256.93142373986075,303.5594043315158,236.24292535870975,341.58195607213304,63.39863260599454,-34.72380244181397,305.2718787195885,300.48131612161563,50.2698772214901,-45.92521210962861,88.29566552507393,577.9046299306851,-299.4822265511502
680,612.7934698669509,78.40070627356529,-203.85415872776878,359.42309271276673,297.4402189347793,257.2246199564683,448.13805538209,71.7416677524476,-4.295250845088034,270.7699466014391,296.94886276948256,63.49475630445598,-52.06791416402513,42.882808062012984,572.1559058523217,-250.6912055855009
681,473.0188480469802,44.15791353422112,-89.0196206110143,165.85193335720896,299.40429193619843,177.95956878867193,281.43681438977154,51.60363094340676,-1.7532988401940788,169.5860178117376,207.04400114577317,30.233400649221178,-38.06529658072296,31.978551464593945,379.73327562646034,-190.780988231269
682,236.1956916399093,21.58603302541056,-50.55134912656018,110.09935908860862,94.26722191514541,82.05589587080792,94.6281847575784,4.2632845651126985,185.717849167362,79.35036858037314,62.76553912691733,0.18897615938546664,-15.10026625365157,-47.99955651351509,186.43305042012886,-104.5676740620435
683,617.8738940177552,79.23937069002717,-205.73209989913732,362.0014890782659,298.9829249266402,258.60368563880763,447.01612775113875,72.04221229333105,-3.682548450576202,272.09056404192,298.24644362179373,61.33268006025706,-51.87927030036835,42.90857105269604,574.9210971942541,-253.98854875180552
684,669.3869254100766,82.65543664272141,-199.69046477779222,98.55344857053386,310.6647410065487,261.04958774731887,464.9880052799785,66.74713284515201,-14.371037067765664,276.25458984178994,303.3702038606673,34.62491043455715,-43.887006680959225,37.32774508569131,588.1520489224808,-312.52954311993557
685,664.4886023762316,71.57515241345311,-102.77863447190886,262.3882853430801,308.2518856349652,240.44714524339182,348.95192879386957,65.05257334846394,-33.8504039622352,310.36894264939923,305.4282882375096,51.78689209257274,-50.456377011464305,89.41207408249578,585.862736045021,-303.82023967781
686,635.9647698888582,65.25295409506835,-136.2043087376756,242.16240620333178,295.2016938836911,225.1772635328448,362.5693008468522,61.238392262946455,-39.96770383354661,305.9422893445359,291.11414274645364,53.74298851113181,-49.429099188054444,94.66008894657986,560.9546445992775,-293.45863109693914
687,331.7004755010707,27.54199444271719,9.57530632589139,131.5199754567309,101.47311274505938,71.9723540927839,321.14167473643613,5.753906091895122,-15.696396235437776,138.0988479734632,118.87366396550611,-41.71737165369129,-7.5513641558123386,-10.489874706319304,150.55399994981656,-118.86850434157063
688,617.8738940177552,79.23937069002717,-205.73209989913732,362.0014890782659,298.9829249266402,258.60368563880763,447.01612775113875,72.04221229333105,-3.682548450576202,272.09056404192,298.24644362179373,61.33268006025706,-51.87927030036835,42.90857105269604,574.9210971942541,-253.98854875180552
689,643.8097431556514,82.77697723676863,-112.3108275270505,340.9296318364334,322.7917613551385,256.9539423937534,542.1511812272462,56.78066520284601,-34.20410810487196,262.2269397056488,299.5969825519626,31.530710083784353,-33.63714520269663,45.03286031092599,609.187373983408,-384.4886816586976
690,772.5228039308031,84.95215411904042,-130.7583307363033,244.55835401703806,290.9173958324935,246.63710643227913,448.2713975300558,66.23812275801816,-12.464106503519915,273.45114976932274,289.2036866224172,40.25721661447531,-47.55021756739292,50.434974587225696,578.4383848763266,-274.08834507527314
691,559.6889083621465,74.03074200754374,-235.43531006276095,333.3796966099186,268.96356958526474,234.34945014006465,431.6688827024675,63.584713207569,-0.5909203632495378,241.4089547022403,266.0917670722902,52.263760707290956,-45.71973755085958,30.315605917734064,520.4156073512884,-226.3428099076108
692,313.4885361948562,38.32854664503107,-58.35703049353974,142.35257200011054,142.5459248563323,324.4447197153513,202.51282676670814,23.546334659414025,1.3746646191872391,96.64570451057116,134.9780190314747,20.961286699051083,-24.257562827236047,15.250372444340547,275.7275785083487,-125.45921417567858
693,650.8104220569343,85.36797086160068,-194.6184794091943,89.43579332729637,299.7234087592568,257.1965183000901,436.7538088896637,63.58860503591544,-5.331329368939636,254.2650365347779,291.08140891559725,24.77109492035529,-39.55634252169368,20.99981334206594,570.584129559284,-301.8966025573908
694,158.36884395108717,17.674085182870666,-25.502069426754687,85.1040526716485,242.21101960747424,60.23967882693668,164.33273460483076,18.53824801810269,-15.573045406912398,117.57257312864603,85.86030376515957,-8.80594436783983,-14.76086166789011,26.091646798013365,249.11125523804623,-68.23833303952428
695,765.8437996745955,84.3222733549371,-130.05627343274705,242.227545604576,288.02468440429516,244.33750841935012,445.7876552613501,65.50139500843099,-11.952572759780562,270.0666769640701,286.0690129540057,39.637262024002325,-46.59350266276383,48.688509465757114,576.5682451454809,-271.67404531617626
696,479.64003252662434,102.34248310654465,-81.6879960359513,178.0233165363023,212.0008502065645,184.31586174539146,180.7623025363518,45.48124382815782,8.790571849693848,166.54798557657955,201.95368407494726,1.9759317868949473,-21.552490681866907,4.227672469608819,415.97701547626116,-212.46227780014738
697,762.5857274414725,84.2567955857572,-129.4250863242022,240.5842808251746,288.97479963224725,242.9701349540696,442.73355066321466,65.00491392878303,-11.711046049149893,268.4068490642544,284.3819667352046,39.18146929704142,-46.705010968501014,48.59767739719101,568.8260463032498,-269.4929158127612
698,667.7075196275762,82.18802066828363,-194.3192469771871,98.21317571030075,308.92285413792774,259.6664890096493,464.9230797480204,66.29924788192594,-14.159369429730548,275.4787944245509,302.36486366569324,33.482659317066236,-43.59198552303434,36.37280897790118,583.7145149334524,-310.69322501922125
699,755.730831800013,90.55555171894567,-125.90847171984635,244.04615753647622,277.5172543522997,242.41766983064497,456.785984969844,64.79523044858476,-9.232055117242957,276.4504769246296,288.3874548976376,21.930468312722404,-54.808820184693126,50.81234508937836,609.3166677098587,-259.4322762314545
700,612.7148718554215,78.64126987806749,-205.05946614641238,360.4298524814685,296.79689669621996,256.5412276246564,446.45898899412384,74.95730836490475,-3.8522323084308208,270.62527562961515,296.0980878597959,61.721597115374,-51.59985500476256,43.15440468961765,570.4985552319965,-251.57203180676004
701,408.18047688435263,50.55662782354628,-281.8402131445552,156.61643355100614,183.19917010279985,142.0981375134263,308.86327275636665,31.420116029614782,-18.78703898078499,176.88168223123978,168.32207014304421,21.56661902087552,-25.926783382163194,34.640353127030124,364.75728661333926,-182.33123973080706
702,656.3275573022601,80.98865522048162,-93.71520137355998,324.58326992775795,326.74833361379734,254.6087038292945,529.0812613035508,56.145239480516956,-41.29684778152129,273.37956137541147,303.43854819674664,31.54145559097945,-34.187189929977855,56.47468843431199,614.8871059230034,-395.80667490338203
703,696.9057735059632,87.70229763805708,-202.83008834670542,99.28718864380686,309.75585948965943,266.13371372678864,486.9517349179621,67.75144221852771,-8.561659979829843,272.0132258543691,304.44733729805733,29.270900917471607,-44.77022841376586,28.7909475935066,599.5775420664007,-308.6147751251118
704,469.43346748215663,68.60010402083124,-80.54008051025818,176.98227808791916,202.82660192237532,176.80343241769404,168.7410279918777,33.45926319687437,2.0557803264714813,148.50590175508006,191.07990758046492,-6.079741168272966,15.039011172157283,-3.3755930855860754,411.29200943945966,-196.72880620084916
705,634.8752826215023,65.17182612343441,-136.39236890897664,247.4013932292588,294.9414366641513,225.09764649317412,362.23643230329424,61.33686243007325,-39.76576478284404,305.84997088500967,290.98277651823764,54.28213438823714,-49.587206118657015,94.78244621017532,560.6395792511252,-292.2647001304819
706,758.3864221222564,87.2615612515691,-125.9979873930151,244.2677042763813,278.1348905456702,242.6496242808853,456.69726793607447,64.29645398182721,-9.40010846523376,276.30402099924663,288.532112267914,22.612867082218077,-54.68052221393811,50.835751697625625,608.5927392125583,-259.9537115398513
708,619.6251473677083,79.24344504928975,-205.702885630494,364.1890638325923,300.4437318546056,259.3658518613924,453.01033627149883,72.1778521849566,-4.582425915118824,273.3455720149692,299.4273906980449,61.781486111081676,-51.946560447498285,43.65345840914191,577.2873832622658,-256.8761436356305
710,560.8167060716451,79.50329461725755,-92.03068794590922,210.44714700149487,249.46717193254113,212.3187619687797,221.53787438537205,48.17116845530937,3.1231101567254633,209.33154507693567,240.63051927904667,8.118964344318663,-30.210263962142196,18.54102904180895,488.57306729985316,-247.9267034206846
711,388.602519808042,49.432249145596,-95.2209403182289,202.12474208658188,182.38383607148643,325.2967599102605,263.151242371273,34.10705083462595,13.307368348647966,121.50934405115386,173.84717523464525,34.167872067357,-33.2223215887291,16.27899304490283,352.6684923137713,-151.46709371511696
712,604.4030444771996,74.29048482720427,-174.52003584021082,71.04617261114386,268.9940911022339,228.01603217317654,449.38905707950823,55.3940444852641,-9.1300138091973,241.98811059799863,266.58249524658476,15.843826041110487,-35.73696004963747,16.82082439184417,500.98563287510257,-271.97788200291944
713,659.2004663585361,70.74656920309567,-100.01039648463141,258.24121449632077,305.79879334661786,237.88696516774516,345.0159732003088,64.24524274084021,-34.12695240479022,308.2236500296758,302.72045519629626,51.16813144734367,-49.56077818764425,88.93692319695897,584.6258998630193,-302.66349472367807
714,650.6845949685081,79.91244879188535,-89.4491083412859,319.74845159355436,322.7514235274601,250.83140434030207,525.9030454599723,54.862947356184634,-41.526112676645305,270.8975544691015,299.88957011071057,29.582779172228268,-33.37552540263167,55.57355993845966,606.3283114653642,-392.7625249287579
715,568.7648898046077,80.78493725735271,-95.17591480572584,215.2045322114372,253.70798721552845,216.50039270005584,229.370835285548,49.36324489923903,3.6970254456098712,210.62916272295035,244.39119438418825,9.101153049748664,-30.82268257348085,19.2303206120184,496.5728025224138,-251.4269307121319
716,602.7833094046248,76.88777514143784,-125.42825589408197,297.800439531026,299.80191003812416,233.2725169432428,512.4704914358952,48.50719644982008,-37.825351250168865,243.9256446294097,273.7337630141443,23.365263125937823,-28.409595427674713,44.299622194372205,567.3414657484559,-371.1528081146344
717,760.64101111114,92.01262768587117,-133.12216524650103,250.86326041012046,293.7460001507383,250.05313580333794,466.7618326626003,67.28886832146198,-10.961701317558864,281.85930256933545,294.9882920783334,33.64745670207659,-47.664225403832965,47.38282343057448,640.0824540763703,-280.93098134559114
718,672.3482573855497,83.29576927172327,-196.32909133408546,100.05213778191599,311.9957859036301,262.58453762234063,463.659554929036,67.11870393699107,-13.77950098570478,276.70648701822887,304.8147550325945,34.37538620499071,-43.973923770239956,36.790707872923356,590.6743646018704,-313.68509707466836
719,130.43863823506925,-19.894868316942706,-12.777444447707014,36.33928789037305,52.80575209463083,40.8284822638886,84.83325248218232,220.42711005147072,-17.202637778893827,45.06311487998024,51.7259060939467,-7.733225805722372,-11.877021379533364,1.2265273802153118,107.64475292075305,-56.933587479293756
720,613.8485921886704,81.35231587253037,-203.72934528781298,373.26089216691037,301.3186170619207,260.8373285424048,480.05246691536695,69.86851230851104,-4.233151479237293,262.1991932889612,296.3225682673081,56.2164492838678,-48.134590523121474,34.56655008629735,578.4937228317854,-271.07600307277795
721,419.07534955791147,51.3679075398855,-279.9596114315448,104.22656329173614,185.80174229819784,142.8943079101329,312.191958191946,30.43541435834679,-20.806429487810707,177.80486682650155,169.63573242520437,16.17516024982225,-24.345714076137515,33.41678049107559,367.9079400948625,-194.27054939537962
722,672.3482573855497,83.29576927172327,-196.32909133408546,100.05213778191599,311.9957859036301,262.58453762234063,463.659554929036,67.11870393699107,-13.77950098570478,276.70648701822887,304.8147550325945,34.37538620499071,-43.973923770239956,36.790707872923356,590.6743646018704,-313.68509707466836
723,656.5404186432689,70.29350977335795,-99.63340761209224,257.6309001331378,304.0110703519779,236.2655145121157,341.11896789369365,63.86049690453426,-34.424319251119606,309.0713250033846,301.667613132368,50.804703387142744,-49.84395840012565,88.72278251228632,577.8630008224605,-300.3200123863627
724,766.1443205022249,87.36077067393835,-119.28578860513987,247.52228085976168,282.5224977857215,241.07433655907494,479.0548621048561,62.92039297568063,-11.077028702286636,283.0241954366604,290.86327672375006,20.96094048766535,-49.436699165813955,44.75044356525331,574.9857803794937,-266.0791519123639
725,643.8097431556514,82.77697723676863,-112.3108275270505,340.9296318364334,322.7917613551385,256.9539423937534,542.1511812272462,56.78066520284601,-34.20410810487196,262.2269397056488,299.5969825519626,31.530710083784353,-33.63714520269663,45.03286031092599,609.187373983408,-384.4886816586976
726,656.3275573022601,80.98865522048162,-93.71520137355998,324.58326992775795,326.74833361379734,254.6087038292945,529.0812613035508,56.145239480516956,-41.29684778152129,273.37956137541147,303.43854819674664,31.54145559097945,-34.187189929977855,56.47468843431199,614.8871059230034,-395.80667490338203
727,656.3275573022601,80.98865522048162,-93.71520137355998,324.58326992775795,326.74833361379734,254.6087038292945,529.0812613035508,56.145239480516956,-41.29684778152129,273.37956137541147,303.43854819674664,31.54145559097945,-34.187189929977855,56.47468843431199,614.8871059230034,-395.80667490338203
728,659.4834883853375,70.25808432936705,-99.65979565275111,257.25707432460416,305.0944653533052,237.22612274171982,342.69536649281093,64.10205420236538,-34.218376637482535,306.92963117635554,301.71335114134024,51.75784328650256,-49.456064324276014,89.07939868884068,577.6492020370649,-301.57700901947675
729,319.6819272867965,46.42178007837791,-63.903886193194786,117.09456581796017,153.16192959357653,132.30271729048928,248.84316827576092,25.627170454680577,4.0102315914903395,343.57013939811833,119.95368660166315,19.56702278578548,-14.995621282827528,11.698863640764369,297.5138197616971,-143.6125754963733
730,765.3527817434829,84.17656575824455,-129.33490408008157,241.54583531721158,286.4018098244513,243.57396182208083,444.79007049207445,65.25203122114327,-11.779608139748971,269.5257943995995,285.4089292359361,38.465563185066905,-47.30796214084986,49.031461631637505,573.4916665088297,-269.5241748047626
731,585.9892515796195,72.21361539706011,-71.7160778880308,294.3977109286948,282.38304135191515,219.4415295665469,511.821236116315,44.028346817559395,-35.70867486981769,236.16769045702,263.6803610644038,11.942751951028631,-25.459383848425784,34.75026111647088,522.9661258581702,-352.7896271074911
733,627.199910013265,64.21303172943963,-131.76838276162277,241.64419852549761,291.0824037434079,221.642300904797,356.22882725759956,60.27409974278674,-39.81675126619811,302.2114643232456,290.7888177937962,53.223431128351436,-48.85990638714225,94.31898909063547,553.2924610099118,-289.389958289414
734,339.6831259065895,31.287495734176908,-66.973261192625,122.90823811872832,276.67278774195177,133.53949682495116,198.5710689844392,37.65078097642525,0.5146028781443832,120.27108067100478,154.7942363633284,23.451361973741445,-29.113771953763102,21.927911021916866,263.88145848955344,-143.8410373387597
735,656.5404186432689,70.29350977335795,-99.63340761209224,257.6309001331378,304.0110703519779,236.2655145121157,341.11896789369365,63.86049690453426,-34.424319251119606,309.0713250033846,301.667613132368,50.804703387142744,-49.84395840012565,88.72278251228632,577.8630008224605,-300.3200123863627
736,612.7148718554215,78.64126987806749,-205.05946614641238,360.4298524814685,296.79689669621996,256.5412276246564,446.45898899412384,74.95730836490475,-3.8522323084308208,270.62527562961515,296.0980878597959,61.721597115374,-51.59985500476256,43.15440468961765,570.4985552319965,-251.57203180676004
737,613.8485921886704,81.35231587253037,-203.72934528781298,373.26089216691037,301.3186170619207,260.8373285424048,480.05246691536695,69.86851230851104,-4.233151479237293,262.1991932889612,296.3225682673081,56.2164492838678,-48.134590523121474,34.56655008629735,578.4937228317854,-271.07600307277795
738,681.4421642563243,71.46221992720007,-124.56564428098694,235.46243223572304,317.83921781899625,247.4416236517862,393.58473054345916,67.86182520876153,-37.81676249143761,322.1290588819104,315.18917981995577,56.238503328526235,-52.65592713742294,93.07460506678059,600.8815769501458,-315.07449666024286
739,556.2470756579992,82.57325927363972,-113.77154095921637,231.55089412011262,249.75141495686955,218.8456312645148,242.44075520924338,49.99867062156808,10.789765122259201,199.47654105318767,240.54962873940423,9.090407542553564,-30.272637846199625,7.7884924886323965,490.87307058281823,-240.10893746744748
740,61.391171872071745,10.490255228940928,-12.359693297398103,46.542914581304984,224.14865506549765,24.168632858424928,111.94379327412688,6.598392936981939,-8.98112659840829,69.62306057612365,39.16903223936663,-18.496274066108192,-6.799638039920694,9.473218734428503,155.22011784534376,-23.593873138547423
741,643.8097431556514,82.77697723676863,-112.3108275270505,340.9296318364334,322.7917613551385,256.9539423937534,542.1511812272462,56.78066520284601,-34.20410810487196,262.2269397056488,299.5969825519626,31.530710083784353,-33.63714520269663,45.03286031092599,609.187373983408,-384.4886816586976
742,668.3229555564648,85.40871445422647,-194.32633672276108,111.31154087056052,314.3314780389106,264.8181805259378,496.6958940932642,64.94500395217105,-14.330104014365874,266.8151162652701,302.8908796781089,29.259155428601446,-40.22924399299309,28.448686906524657,594.246990239402,-330.7725513956408
743,650.8104220569343,85.36797086160068,-194.6184794091943,89.43579332729637,299.7234087592568,257.1965183000901,436.7538088896637,63.58860503591544,-5.331329368939636,254.2650365347779,291.08140891559725,24.77109492035529,-39.55634252169368,20.99981334206594,570.584129559284,-301.8966025573908
744,758.103400095455,87.75004612529773,-126.34858822489541,245.25184444809793,278.83921853898283,243.31046670691066,459.0178746435723,64.43964252030204,-9.308684232541438,277.5980398525669,289.53921632287,22.023155243059183,-54.785236077306344,50.69327620574391,615.5694370385127,-261.0401972440526
745,621.1971023022049,78.964644571582,-228.232213846262,74.44890121347505,286.41295978844283,241.84701954987244,450.0383123990883,59.87289411752478,-11.246690189548476,249.74606477038833,276.63589719632523,27.26633721601968,-38.68717162888639,26.370185469745486,545.360972765388,-290.3410630100627
746,650.1663105641478,80.42209658336532,-90.78631894545929,320.01577706837224,323.6383270627422,251.68699493884216,524.0823818839729,58.597499482823466,-41.31592809047415,270.6599586504746,300.19110571561396,30.86442311526969,-33.478048354231504,56.237292470403446,608.8656191715247,-393.33788003915953
747,656.5404186432689,70.29350977335795,-99.63340761209224,257.6309001331378,304.0110703519779,236.2655145121157,341.11896789369365,63.86049690453426,-34.424319251119606,309.0713250033846,301.667613132368,50.804703387142744,-49.84395840012565,88.72278251228632,577.8630008224605,-300.3200123863627
748,137.68033610195423,21.054711934132072,30.669964810820463,38.70098551167053,60.18897722074193,49.648988315266955,94.61002978382345,7.8198673881343925,-2.835422509467097,42.03760480769845,273.31413524377126,-1.116005297528001,-6.751317628834588,2.635450916171261,119.8766896814698,-64.21003954336604
750,758.3864221222564,87.2615612515691,-125.9979873930151,244.2677042763813,278.1348905456702,242.6496242808853,456.69726793607447,64.29645398182721,-9.40010846523376,276.30402099924663,288.532112267914,22.612867082218077,-54.68052221393811,50.835751697625625,608.5927392125583,-259.9537115398513
751,233.48454670862014,33.867710548070924,6.49593435269995,41.09410180220014,105.60125714684514,89.83706605741915,167.47622148824243,19.017638049333524,-1.3091269975580802,81.19011319184665,287.1196907562349,4.061262318549924,-13.81289597146396,7.553543917192621,206.61505146473107,-110.92505103747371
752,122.23912365877088,-2.040306573432091,-29.238284291635114,57.18851690380276,29.752062999544638,19.38695582874402,33.46352923998255,-19.061754499526995,-44.09006305424062,-27.054054536185937,11.005987939754716,-13.753347530945831,184.80242011043975,-27.1972092775031,90.77966424752641,-3.3898705099742417
753,668.4281994074339,70.45260842340082,-121.20693137892201,286.772595340876,315.02498452881883,246.80133744776202,390.0495223878885,68.91755343098514,-35.81853829686284,320.3371540226066,314.02248785741165,63.54251411421198,-54.512557396386136,93.73537749928413,597.4880478060797,-300.99339778409853
754,669.3869254100766,82.65543664272141,-199.69046477779222,98.55344857053386,310.6647410065487,261.04958774731887,464.9880052799785,66.74713284515201,-14.371037067765664,276.25458984178994,303.3702038606673,34.62491043455715,-43.887006680959225,37.32774508569131,588.1520489224808,-312.52954311993557
755,554.7575075106017,70.96447476441512,-79.52372962967013,276.9499484041183,275.95381256555055,217.72090289107473,471.29152509705307,44.606657157889394,-34.04310192665465,221.03225934721064,255.41128649692507,21.865260351290125,-24.748417734303143,37.3114035326982,529.9087823868074,-390.8409691289572
756,738.295390866645,120.45829307680184,-128.85642359212338,239.32508089053104,281.1014314048392,241.6817972986633,445.7043994620857,69.5203455047384,-10.213971585709475,271.01957224265817,284.28673137896345,32.57271127426373,-48.24433188073475,48.746852821874334,579.0338769994921,-265.1656842473226
757,567.1419483315581,83.38453898997894,-111.890939246206,179.16102386084265,252.35398715226756,219.6418016612214,245.7694406448228,49.01396895030009,8.770374615233486,200.39972564844945,241.86329102156435,3.6989487715002918,-28.691568540173947,6.564919852677859,494.0237240643415,-252.04824713202004
758,656.3275573022601,80.98865522048162,-93.71520137355998,324.58326992775795,326.74833361379734,254.6087038292945,529.0812613035508,56.145239480516956,-41.29684778152129,273.37956137541147,303.43854819674664,31.54145559097945,-34.187189929977855,56.47468843431199,614.8871059230034,-395.80667490338203
759,763.4712313791536,87.12777894858503,-129.61615692769797,241.0218586929543,286.702720217612,243.44471154308445,443.55576558762175,65.85698293671369,-11.875943644482081,268.9191140361327,284.9172515287733,39.54457509366555,-46.617086770150614,48.80757834939156,570.315475816827,-270.0661243035782
760,758.103400095455,87.75004612529773,-126.34858822489541,245.25184444809793,278.83921853898283,243.31046670691066,459.0178746435723,64.43964252030204,-9.308684232541438,277.5980398525669,289.53921632287,22.023155243059183,-54.785236077306344,50.69327620574391,615.5694370385127,-261.0401972440526
761,315.83316953174443,38.93284440589268,-1.0907960659978042,81.04572691055472,176.8329448420248,147.62672562275884,285.80008537666595,34.2375476879395,-27.140033330684272,144.6906091584308,179.64351799684337,116.66581938258925,-40.09676882571763,17.819813814270056,358.6283007739478,-87.75370336335854
762,643.8097431556514,82.77697723676863,-112.3108275270505,340.9296318364334,322.7917613551385,256.9539423937534,542.1511812272462,56.78066520284601,-34.20410810487196,262.2269397056488,299.5969825519626,31.530710083784353,-33.63714520269663,45.03286031092599,609.187373983408,-384.4886816586976
763,560.8167060716451,79.50329461725755,-92.03068794590922,210.44714700149487,249.46717193254113,212.3187619687797,221.53787438537205,48.17116845530937,3.1231101567254633,209.33154507693567,240.63051927904667,8.118964344318663,-30.210263962142196,18.54102904180895,488.57306729985316,-247.9267034206846
764,696.9057735059632,87.70229763805708,-202.83008834670542,99.28718864380686,309.75585948965943,266.13371372678864,486.9517349179621,67.75144221852771,-8.561659979829843,272.0132258543691,304.44733729805733,29.270900917471607,-44.77022841376586,28.7909475935066,599.5775420664007,-308.6147751251118
765,759.7483382728187,86.2424050361064,-118.23313046970328,244.20733227558298,278.9254583642105,238.11389612012056,474.2505131286525,62.04047668761862,-10.656919191239604,278.34570377808745,286.7214990003825,20.93069773635126,-48.37527039781664,43.14645393566644,566.1389428226937,-262.57836644906575
766,650.8104220569343,85.36797086160068,-194.6184794091943,89.43579332729637,299.7234087592568,257.1965183000901,436.7538088896637,63.58860503591544,-5.331329368939636,254.2650365347779,291.08140891559725,24.77109492035529,-39.55634252169368,20.99981334206594,570.584129559284,-301.8966025573908
767,758.3864221222564,87.2615612515691,-125.9979873930151,244.2677042763813,278.1348905456702,242.6496242808853,456.69726793607447,64.29645398182721,-9.40010846523376,276.30402099924663,288.532112267914,22.612867082218077,-54.68052221393811,50.835751697625625,608.5927392125583,-259.9537115398513
768,672.3482573855497,83.29576927172327,-196.32909133408546,100.05213778191599,311.9957859036301,262.58453762234063,463.659554929036,67.11870393699107,-13.77950098570478,276.70648701822887,304.8147550325945,34.37538620499071,-43.973923770239956,36.790707872923356,590.6743646018704,-313.68509707466836
769,613.8485921886704,81.35231587253037,-203.72934528781298,373.26089216691037,301.3186170619207,260.8373285424048,480.05246691536695,69.86851230851104,-4.233151479237293,262.1991932889612,296.3225682673081,56.2164492838678,-48.134590523121474,34.56655008629735,578.4937228317854,-271.07600307277795
770,643.8097431556514,82.77697723676863,-112.3108275270505,340.9296318364334,322.7917613551385,256.9539423937534,542.1511812272462,56.78066520284601,-34.20410810487196,262.2269397056488,299.5969825519626,31.530710083784353,-33.63714520269663,45.03286031092599,609.187373983408,-384.4886816586976
771,313.12074079133873,41.45131816688498,-17.99388067777899,50.24120558588715,175.2186875592241,150.68851754425373,301.8658221923828,33.98674190612736,-21.864745110358083,134.36885362440367,176.98424840600347,111.8027609814462,-38.123761723013295,5.276770318524972,355.76415696772324,-87.1810888167894
772,670.5472915827654,70.65094021086082,-126.44624599399732,287.852302494993,315.2366456235983,246.6454532550796,390.25604510787974,68.84652688002953,-35.797371984411896,321.2058742866486,313.8755175377957,61.62996209957951,-54.236996443448625,94.29817770273515,597.7309234686226,-303.1351869956703
773,375.7108912668248,49.04529645949779,-72.55758126012148,171.7614636561465,171.3615980246377,315.42810286107186,215.64436186898243,28.553696976850013,10.770266980705351,106.19404853733721,160.26719299712008,22.708836950491296,-32.85749648644318,9.443987548459075,333.8226775116137,-149.11566186980883
774,398.2986748525298,49.555158380040425,-281.3009306111633,152.95439733032342,178.47858018987836,138.4195288415994,303.36173545433775,30.27247165440463,-18.35352539638409,171.81956966682193,166.64604019281563,20.508552436918503,-25.001402536488662,32.754872327400754,355.76521223432144,-177.5961147428886
775,600.0061805488905,76.9813266969819,-175.83906769550887,63.65182967230524,284.29634884064814,243.4058614766966,447.97308519917567,60.583159627080896,-11.45835331405795,241.05886212996873,278.10560039248503,46.39185736234448,-41.44278115826155,20.742183435235365,542.9322161399602,-268.92317089434465
776,781.9142235790769,89.56621557203118,-136.45769249364284,254.32639241527306,319.8065709896324,259.5563655256995,470.3794626480228,70.74244978566692,-8.895971362399429,284.7893581683487,304.91936222378837,34.494451492213756,-53.81746575762965,51.49780197374707,617.2700696912467,-282.04893008302975
777,763.4712313791536,87.12777894858503,-129.61615692769797,241.0218586929543,286.702720217612,243.44471154308445,443.55576558762175,65.85698293671369,-11.875943644482081,268.9191140361327,284.9172515287733,39.54457509366555,-46.617086770150614,48.80757834939156,570.315475816827,-270.0661243035782
778,755.730831800013,90.55555171894567,-125.90847171984635,244.04615753647622,277.5172543522997,242.41766983064497,456.785984969844,64.79523044858476,-9.232055117242957,276.4504769246296,288.3874548976376,21.930468312722404,-54.808820184693126,50.81234508937836,609.3166677098587,-259.4322762314545
779,226.5186794247826,19.880226822119663,-48.927175690295556,105.92903170759989,89.58671250762575,78.48122585530248,89.48628324924475,6.789168142018827,186.10050290632566,74.31252610373514,58.11262582390167,-1.0792334885087023,-14.383339878517932,-49.83786045966365,177.74053307911814,-100.08809331098297
780,297.825061168713,47.127161900823864,-81.42046617058983,130.49980495099055,144.52492291207935,130.72690718638978,255.53234062413534,25.141122591116538,11.31713816554963,329.88071989681174,111.9246052245393,18.572894627916476,-13.772041863398627,-1.703570288762862,283.181049050697,-127.53680015527661
781,337.87471015508265,28.419519547103793,-65.90106567656233,127.56709468543187,282.74165734026974,134.87893615241146,215.63828931986095,40.38227006154579,-1.7226047458177352,129.5520180660887,158.39695459685316,20.573711645344098,-29.482736337017702,24.25281541493012,296.62062425281715,-142.8713814423513
782,758.3864221222564,87.2615612515691,-125.9979873930151,244.2677042763813,278.1348905456702,242.6496242808853,456.69726793607447,64.29645398182721,-9.40010846523376,276.30402099924663,288.532112267914,22.612867082218077,-54.68052221393811,50.835751697625625,608.5927392125583,-259.9537115398513
783,628.7926338949194,64.36470388181591,-132.25817906223236,241.82714060117132,292.4747523516555,222.85932993453372,358.91661927168235,60.57348181992262,-40.22786362845411,303.27503913189673,288.58610894679157,55.378261101609354,-49.34612370217324,94.2734536186621,556.2754431199716,-288.91507904500025
784,469.1168830633424,43.755191034435434,-88.1832579888441,164.46105547583596,300.7219461181625,176.55246872808115,279.71910212040615,51.340882265525934,-1.7145603367657867,168.64095061319557,205.50411138985382,29.449388805888322,-38.21852723189344,32.11736386503709,374.453914969338,-188.22272887115528
785,398.2986748525298,49.555158380040425,-281.3009306111633,152.95439733032342,178.47858018987836,138.4195288415994,303.36173545433775,30.27247165440463,-18.35352539638409,171.81956966682193,166.64604019281563,20.508552436918503,-25.001402536488662,32.754872327400754,355.76521223432144,-177.5961147428886
786,567.1419483315581,83.38453898997894,-111.890939246206,179.16102386084265,252.35398715226756,219.6418016612214,245.7694406448228,49.01396895030009,8.770374615233486,200.39972564844945,241.86329102156435,3.6989487715002918,-28.691568540173947,6.564919852677859,494.0237240643415,-252.04824713202004
787,636.7759125833874,81.89947325442648,-110.11091517849759,337.9110759365271,318.3552321289502,253.43722496747867,540.4251787085227,55.56897593655025,-33.64529081370161,258.50575261380965,295.6211638387283,29.57083971978927,-32.764364594541426,42.86041757914188,599.9952759769246,-380.1869768791085
788,680.9989112999835,71.64743818092228,-100.23024311009995,281.2681766237559,321.9359765939841,247.2095565929385,404.45227333490703,65.94613619545234,-42.69857505875968,321.6647080672594,316.13867228088645,55.20900306999221,-50.699552202623146,96.37771804612433,607.9266519359178,-332.64391059688296
789,656.5404186432689,70.29350977335795,-99.63340761209224,257.6309001331378,304.0110703519779,236.2655145121157,341.11896789369365,63.86049690453426,-34.424319251119606,309.0713250033846,301.667613132368,50.804703387142744,-49.84395840012565,88.72278251228632,577.8630008224605,-300.3200123863627
790,756.2957172409746,87.62153815551909,-125.9281469718458,244.4319372624206,277.19491069652565,242.16909154484458,457.1610262223285,64.0663476732424,-9.132003758371898,276.4885081226149,288.20020409949336,26.462740002715233,-54.929842665720386,50.67384579402845,609.5084773416215,-259.34687872030224
791,225.00176441538468,36.59851137014756,-44.43941739349333,70.52324620162833,106.2565164570167,131.15665903921243,198.70880203386503,15.106848130157502,3.142678723171936,304.13880216530504,74.46885237815796,5.686072424606011,-4.76283519758924,-1.1455545954698172,208.97614633196812,-102.98812099453092
792,560.8167060716451,79.50329461725755,-92.03068794590922,210.44714700149487,249.46717193254113,212.3187619687797,221.53787438537205,48.17116845530937,3.1231101567254633,209.33154507693567,240.63051927904667,8.118964344318663,-30.210263962142196,18.54102904180895,488.57306729985316,-247.9267034206846
793,657.4170445696159,81.06978319211555,-93.52714120225896,319.344282901831,327.00859083333717,254.68832086896518,529.4141298471088,56.04676931339016,-41.498786832223864,273.4718798349377,303.56991442496263,31.002309713874123,-34.029082999375284,56.35233117071654,615.202171271156,-397.00060586983926
794,334.3783334652252,46.47789673748335,-61.585082403793876,80.86514334859818,164.98737703922527,117.61241129906288,266.95227947890385,38.87403592982107,160.45664708007695,154.32064943311602,179.45403956068753,23.875148291108022,-17.334556764452888,75.59363607647961,310.784756732062,-152.61079745314078
795,566.4213579632544,75.18807640777392,-239.51334292373403,332.9755279181952,273.22073689114177,238.20636666872772,435.1799670896041,64.76853516477455,-0.5635945188280996,243.98328006807643,269.77211138654224,53.68329124893681,-46.37329514760319,31.094377149990944,529.2894671570799,-230.5808908486922
796,604.2576990836677,77.98664241110157,-184.55730804071183,69.77661722484747,282.25008673664837,236.79064022765846,440.99037665647984,61.560618431819634,25.005925124029034,245.0492212917112,278.5995586234219,28.806334824276835,-37.284940166549475,34.805556586826306,533.9363360928281,-282.0091126216149
797,758.3864221222564,87.2615612515691,-125.9979873930151,244.2677042763813,278.1348905456702,242.6496242808853,456.69726793607447,64.29645398182721,-9.40010846523376,276.30402099924663,288.532112267914,22.612867082218077,-54.68052221393811,50.835751697625625,608.5927392125583,-259.9537115398513
799,610.9279348605711,77.92618587508863,-204.84312171469645,360.2399601309119,295.6660879642878,255.28130578383264,443.62490751352595,71.31297191866858,-4.4070672883623665,272.04726070853735,295.58485523578696,61.41644088565376,-51.69657796917026,42.70250908331675,568.5203067609148,-250.54059937953522
800,251.15400641066404,34.001339588133334,-34.64977685968718,81.5751319092309,123.71677775009171,82.92448591559477,200.3122365208998,26.98110452657028,199.25262592292907,118.19085411623205,133.49539120396935,18.41838471656483,-12.22411849943287,60.4000906058362,233.63630270353931,-113.08138791556367
801,335.56935216484385,202.7980793042465,-60.009968757303916,122.54565055230846,141.2594168157836,120.39867165694636,228.47054825204043,-15.146196832843783,-10.073243228069831,138.4748284995566,149.49673759914438,15.05366320159998,-26.530364700473076,27.17525138151959,288.24652797656603,-130.94475012187377
802,590.1243785170677,75.97985725347606,-175.29978516211696,59.989793451622546,279.5757589277266,239.72725280486966,442.47154789714676,59.43551525187075,-11.024839729657053,235.99674956555089,276.4295704422565,45.33379077838746,-40.51740031258702,18.856702635606,533.9401417609425,-264.18804590642617
803,218.6526257042494,219.68320238628812,-41.627310561782124,86.21951915138717,98.29180474674162,83.06243605404308,159.90864710741982,-20.061531992351263,-9.116440177261593,96.08973143072457,104.92111558765532,11.869225794265533,-16.706110789842672,18.41700104770967,196.5615546370036,-92.35692836779344
804,348.3080709706449,37.21210936019533,-66.64756678254021,153.07631014350176,174.14228227885005,128.53222384232402,249.66120931608432,34.59077798371777,-17.679654436181625,163.36064464344236,160.7064357991301,30.783564853919863,-6.8199138137599675,19.396860412777528,508.6567461319091,-193.73478410016395
805,208.16706617828072,218.7741100606032,-39.99117324968388,83.36149115295606,94.65097284247689,79.7999440362021,153.98358304377686,-17.66132879272628,-8.894641137650096,92.4570885494883,101.05669124876336,11.628996906730006,-15.881081362375351,17.7433699639284,188.74499958728467,-88.8121771389248
806,656.5404186432689,70.29350977335795,-99.63340761209224,257.6309001331378,304.0110703519779,236.2655145121157,341.11896789369365,63.86049690453426,-34.424319251119606,309.0713250033846,301.667613132368,50.804703387142744,-49.84395840012565,88.72278251228632,577.8630008224605,-300.3200123863627
807,594.0267862286104,58.47484643891109,-91.63260395212427,241.77713960695203,274.15953769080653,206.3640958173403,310.59798575517783,57.29733353257202,-40.94498879119509,308.68159500294075,277.713317658307,51.55855081571304,-48.19972741934283,86.86822478787269,520.2558869224063,-269.28846803593
808,613.8485921886704,81.35231587253037,-203.72934528781298,373.26089216691037,301.3186170619207,260.8373285424048,480.05246691536695,69.86851230851104,-4.233151479237293,262.1991932889612,296.3225682673081,56.2164492838678,-48.134590523121474,34.56655008629735,578.4937228317854,-271.07600307277795
809,677.6747947491846,83.6067607854485,-197.29259489345876,101.3385291835497,313.4505895774746,263.78457162603036,469.027480235664,67.63359680893979,-14.170983883170896,278.8738414871603,306.5308236094886,35.00453214764318,-44.51953790210148,37.71017259362624,594.0683776893318,-314.8133313584915
810,655.8072415586474,70.17783688817227,-99.45548842701305,256.93142373986075,303.5594043315158,236.24292535870975,341.58195607213304,63.39863260599454,-34.72380244181397,305.2718787195885,300.48131612161563,50.2698772214901,-45.92521210962861,88.29566552507393,577.9046299306851,-299.4822265511502
811,765.3527817434829,84.17656575824455,-129.33490408008157,241.54583531721158,286.4018098244513,243.57396182208083,444.79007049207445,65.25203122114327,-11.779608139748971,269.5257943995995,285.4089292359361,38.465563185066905,-47.30796214084986,49.031461631637505,573.4916665088297,-269.5241748047626
812,412.2073572376505,47.5681339174993,-260.63912377395155,134.79177298735075,182.87477158838823,135.81370821442277,288.83960220578734,29.566443074039015,-26.234347259327794,184.21137152211384,170.9144464647979,20.5204918893575,-25.612563344578913,45.46801468671854,362.09824772276096,-190.17166279253797
813,273.2524059768452,201.86378899653886,-49.232759354965715,106.14524121188771,122.49670446245726,105.20593673085483,170.07566324332655,-20.676265373635392,-5.570251394370849,112.26924807705213,128.04961673655922,8.049562254265497,-20.141092584615546,16.353207936656606,246.18348804245247,-115.64018651194725
814,451.42360476291657,53.981964709232315,-268.9127619845306,139.5217849414597,188.5074236348954,145.50596878731258,318.12511919701564,31.940684056430097,-21.195832466428573,186.01208379423392,174.4918887206374,17.19858313913322,-27.085661899372816,39.00270432575741,382.7079695957408,-193.09080337726851
815,469.43346748215663,68.60010402083124,-80.54008051025818,176.98227808791916,202.82660192237532,176.80343241769404,168.7410279918777,33.45926319687437,2.0557803264714813,148.50590175508006,191.07990758046492,-6.079741168272966,15.039011172157283,-3.3755930855860754,411.29200943945966,-196.72880620084916
816,387.05720934016256,48.94432903071265,-95.41390335349917,202.26080024871436,181.2062800770398,324.77340318488973,260.6596823180707,33.48770898775986,13.7420838704728,120.27926498853066,171.75949581544,33.79950935546683,-33.23195964842068,13.879303660549878,350.5642602150074,-150.7554730244219
817,656.5404186432689,70.29350977335795,-99.63340761209224,257.6309001331378,304.0110703519779,236.2655145121157,341.11896789369365,63.86049690453426,-34.424319251119606,309.0713250033846,301.667613132368,50.804703387142744,-49.84395840012565,88.72278251228632,577.8630008224605,-300.3200123863627
818,626.9270988885396,63.89018348333927,-133.24714204916003,242.64400801931646,290.70062138116396,220.916015761898,354.4034714031183,60.144785986143596,-40.339680071728445,304.552353238995,287.222101413096,53.29994568280714,-48.97478750731836,94.09315463996586,552.6398440285647,-288.7644728390346
819,621.1971023022049,78.964644571582,-228.232213846262,74.44890121347505,286.41295978844283,241.84701954987244,450.0383123990883,59.87289411752478,-11.246690189548476,249.74606477038833,276.63589719632523,27.26633721601968,-38.68717162888639,26.370185469745486,545.360972765388,-290.3410630100627
820,655.3253327264816,81.020197395325,-91.45895269818423,321.5874136651696,325.82435529316245,253.74945295299344,524.6395206409878,55.68240341124977,-41.14624423261954,272.12524706277947,302.3394614776118,30.47550606015275,-33.75746364983729,55.991458833481836,613.2881611337824,-395.754396984205
821,656.5404186432689,70.29350977335795,-99.63340761209224,257.6309001331378,304.0110703519779,236.2655145121157,341.11896789369365,63.86049690453426,-34.424319251119606,309.0713250033846,301.667613132368,50.804703387142744,-49.84395840012565,88.72278251228632,577.8630008224605,-300.3200123863627
822,314.74368226438855,38.851716434258755,-1.2788562372988395,86.28471393648171,176.572687622485,147.54710858308817,285.467216833108,34.3360178550663,-26.938094279981698,144.59829069890458,179.51215176862735,117.20496525969457,-40.254875756320196,17.94217107786551,358.31323542579554,-86.5597723969013
823,587.3801198181316,72.01491295080599,-69.64989720430964,292.5814484943975,282.82266049176616,219.18094750382926,510.36902279145994,43.95774395952283,-36.49675705611206,237.40687064254922,264.1072016916021,11.943945896272533,-25.52049992923481,36.02157535240266,523.5994294070142,-354.0471819124561
824,388.17736795456426,49.33171757418403,-94.3491162837086,201.51226333132766,182.58846228188642,325.9582820351643,263.8495132255425,34.00930495415208,9.660940504839267,121.11030813497962,173.79777941155157,35.92642432116377,-33.63810568790031,14.87265572974374,353.56808031848453,-150.15849954238993
825,313.74145768861,38.883258609102135,0.977392438076906,83.28885767389338,175.64870930185006,146.68785770678713,281.02547617054495,33.87318178579912,-26.78749073107994,143.34397638627257,178.41306504949253,116.13901572886788,-39.82514947617964,17.458941477035353,356.7142906365742,-86.50749447772426
826,683.090623143118,71.69702397771282,-102.29843161417465,279.02504586041726,323.1202121341588,248.1484245089102,409.2268825410281,66.31050209759273,-43.05111765836401,323.01134083941764,317.36912522823724,55.73580672371358,-50.97117155216114,96.73859038335904,609.8406620732914,-333.89011948251726
827,376.4665080263515,27.496418038494635,-70.12749647091654,129.99120700259445,263.47195081545476,140.9741390327852,206.55524034040062,41.081390375957824,-2.782705396393204,124.4026736184905,162.03776538768568,33.85515574330071,-27.01479949736766,24.198614260749604,271.90505372226687,-155.4079884980603
828,650.8104220569343,85.36797086160068,-194.6184794091943,89.43579332729637,299.7234087592568,257.1965183000901,436.7538088896637,63.58860503591544,-5.331329368939636,254.2650365347779,291.08140891559725,24.77109492035529,-39.55634252169368,20.99981334206594,570.584129559284,-301.8966025573908
830,311.7337435538337,45.14013743828274,-60.758659333378155,112.33718060801786,148.92111431058922,128.12108655921315,241.01020737558497,24.435094010750923,3.436316302605931,342.27252175210367,116.19301149652158,18.584834080355474,-14.383202671488876,11.00957207055492,289.5140845391365,-140.11234820492598
831,672.3482573855497,83.29576927172327,-196.32909133408546,100.05213778191599,311.9957859036301,262.58453762234063,463.659554929036,67.11870393699107,-13.77950098570478,276.70648701822887,304.8147550325945,34.37538620499071,-43.973923770239956,36.790707872923356,590.6743646018704,-313.68509707466836
832,388.17736795456426,49.33171757418403,-94.3491162837086,201.51226333132766,182.58846228188642,325.9582820351643,263.8495132255425,34.00930495415208,9.660940504839267,121.11030813497962,173.79777941155157,35.92642432116377,-33.63810568790031,14.87265572974374,353.56808031848453,-150.15849954238993
833,315.4927110385631,38.88733296836471,1.0066067067202211,85.47643242821978,177.10951622981545,147.4500239293719,287.01968469090497,34.00882167742468,-27.687368195622565,144.59898435932178,179.59401212574372,116.58782177969249,-39.89243962330958,18.203828833481225,359.08057670458606,-89.39508936154927
834,765.3527817434829,84.17656575824455,-129.33490408008157,241.54583531721158,286.4018098244513,243.57396182208083,444.79007049207445,65.25203122114327,-11.779608139748971,269.5257943995995,285.4089292359361,38.465563185066905,-47.30796214084986,49.031461631637505,573.4916665088297,-269.5241748047626
835,569.8543770719637,80.86606522898663,-94.9878546344248,209.9655451855102,253.96824443506827,216.5800097397265,229.70370382910593,49.26477473211223,3.4950863949073003,210.72148118247654,244.52256061240425,8.562007172643336,-30.664575642878283,19.107963348422942,496.8878678705661,-252.62086167858916
837,613.2186217204286,78.50123784497725,-204.72598276228908,360.035571468021,297.23559272437933,256.56309783156445,447.4397845278204,71.83941363292146,-0.6488230012793345,271.1689825176133,296.99825859257624,61.73620405064922,-51.65213006485393,44.289145377172076,571.2563178476084,-251.99979975822794
838,656.3275573022601,80.98865522048162,-93.71520137355998,324.58326992775795,326.74833361379734,254.6087038292945,529.0812613035508,56.145239480516956,-41.29684778152129,273.37956137541147,303.43854819674664,31.54145559097945,-34.187189929977855,56.47468843431199,614.8871059230034,-395.80667490338203
839,378.02460925339216,42.21673853848879,-73.82119754788513,153.88299760219002,174.0883840952996,134.1438579609233,273.5105280620253,32.30842019368073,-12.292129572452067,160.13267189188738,162.48737382659078,25.290162511283825,-7.895633752891659,11.151266496439165,521.9824655586966,-191.08097909565294
840,673.3504819613281,83.26422709687989,-198.5853400094612,103.04799404450434,312.919764224265,263.4437884986417,468.10129559159907,67.58154000625825,-13.930104534606537,277.9608013308609,305.9138417517293,35.44133573581741,-44.40365005038052,37.27393747375351,592.2733093910916,-313.7373749938454
841,750.7159552559662,123.97377816686353,-130.07523415714041,243.99328726017885,286.27708949322664,246.69146962050291,457.0575712930071,57.60072660878207,-10.381024375928227,276.7426628169247,291.63121335554786,31.241826154258128,-51.342720508040635,50.30691781647293,592.3459228864448,-267.9909014967333
842,672.3482573855497,83.29576927172327,-196.32909133408546,100.05213778191599,311.9957859036301,262.58453762234063,463.659554929036,67.11870393699107,-13.77950098570478,276.70648701822887,304.8147550325945,34.37538620499071,-43.973923770239956,36.790707872923356,590.6743646018704,-313.68509707466836
843,656.5404186432689,70.29350977335795,-99.63340761209224,257.6309001331378,304.0110703519779,236.2655145121157,341.11896789369365,63.86049690453426,-34.424319251119606,309.0713250033846,301.667613132368,50.804703387142744,-49.84395840012565,88.72278251228632,577.8630008224605,-300.3200123863627
844,420.6982910309613,48.76830580725927,-263.2445869910647,140.27007164233072,187.15574236145875,139.75289894896736,295.7933528326713,30.784690307285725,-25.879778657434322,188.03430390100246,172.16363578782824,21.57736452807062,-26.47682810944442,46.082181250416134,370.4570185529348,-193.6492329754915
845,763.4712313791536,87.12777894858503,-129.61615692769797,241.0218586929543,286.702720217612,243.44471154308445,443.55576558762175,65.85698293671369,-11.875943644482081,268.9191140361327,284.9172515287733,39.54457509366555,-46.617086770150614,48.80757834939156,570.315475816827,-270.0661243035782
846,569.8543770719637,80.86606522898663,-94.9878546344248,209.9655451855102,253.96824443506827,216.5800097397265,229.70370382910593,49.26477473211223,3.4950863949073003,210.72148118247654,244.52256061240425,8.562007172643336,-30.664575642878283,19.107963348422942,496.8878678705661,-252.62086167858916
847,676.3581735420101,70.53968957748263,-98.22039875320161,279.42921455214065,318.8630448282818,244.29150798024713,405.71579815389146,65.12668014038721,-43.07844350278545,320.43701547358154,313.68878091398517,54.31627618206773,-50.31761395541752,95.95981915110215,600.9668022674997,-329.65203854143584
848,650.8104220569343,85.36797086160068,-194.6184794091943,89.43579332729637,299.7234087592568,257.1965183000901,436.7538088896637,63.58860503591544,-5.331329368939636,254.2650365347779,291.08140891559725,24.77109492035529,-39.55634252169368,20.99981334206594,570.584129559284,-301.8966025573908
851,656.3275573022601,80.98865522048162,-93.71520137355998,324.58326992775795,326.74833361379734,254.6087038292945,529.0812613035508,56.145239480516956,-41.29684778152129,273.37956137541147,303.43854819674664,31.54145559097945,-34.187189929977855,56.47468843431199,614.8871059230034,-395.80667490338203
852,766.1443205022249,87.36077067393835,-119.28578860513987,247.52228085976168,282.5224977857215,241.07433655907494,479.0548621048561,62.92039297568063,-11.077028702286636,283.0241954366604,290.86327672375006,20.96094048766535,-49.436699165813955,44.75044356525331,574.9857803794937,-266.0791519123639
853,772.2214229596469,85.23198453692845,-132.63645124872343,241.13562942540833,290.73803391218235,246.97730553466744,450.05647939846887,66.21025544892792,-11.877963367928118,272.30428804331973,288.908212223435,39.71687679212609,-47.33099455598132,49.041303087698466,578.1201466756349,-274.02472123676546
854,566.7227389344106,74.9082459898859,-237.6352224113139,336.39825250982494,273.40009881145295,237.8661675663394,433.3948852211911,64.79640247386479,-1.1497376544198985,245.13014179407944,270.0675857855245,54.223631071286036,-46.59251815901478,32.48804864951818,529.6077053577716,-230.6445146871999
855,765.3527817434829,84.17656575824455,-129.33490408008157,241.54583531721158,286.4018098244513,243.57396182208083,444.79007049207445,65.25203122114327,-11.779608139748971,269.5257943995995,285.4089292359361,38.465563185066905,-47.30796214084986,49.031461631637505,573.4916665088297,-269.5241748047626
856,765.3527817434829,84.17656575824455,-129.33490408008157,241.54583531721158,286.4018098244513,243.57396182208083,444.79007049207445,65.25203122114327,-11.779608139748971,269.5257943995995,285.4089292359361,38.465563185066905,-47.30796214084986,49.031461631637505,573.4916665088297,-269.5241748047626
857,348.3080709706449,37.21210936019533,-66.64756678254021,153.07631014350176,174.14228227885005,128.53222384232402,249.66120931608432,34.59077798371777,-17.679654436181625,163.36064464344236,160.7064357991301,30.783564853919863,-6.8199138137599675,19.396860412777528,508.6567461319091,-193.73478410016395
858,568.7648898046077,80.78493725735271,-95.17591480572584,215.2045322114372,253.70798721552845,216.50039270005584,229.370835285548,49.36324489923903,3.6970254456098712,210.62916272295035,244.39119438418825,9.101153049748664,-30.82268257348085,19.2303206120184,496.5728025224138,-251.4269307121319
859,643.8097431556514,82.77697723676863,-112.3108275270505,340.9296318364334,322.7917613551385,256.9539423937534,542.1511812272462,56.78066520284601,-34.20410810487196,262.2269397056488,299.5969825519626,31.530710083784353,-33.63714520269663,45.03286031092599,609.187373983408,-384.4886816586976
860,213.3260883406145,219.37221087256287,-40.66380700240884,84.93312774975347,96.83700107289712,81.8624020503534,154.54072180079183,-20.57642486429998,-8.724957279795477,93.92237696179312,103.2050470107612,11.240079851613062,-16.16049665798115,17.497536327006788,193.16754154954222,-91.2286940839703
861,473.3018700737815,43.66942866049251,-88.66901977913399,164.86779318549236,298.6999639428858,177.2987263626466,279.1162076822737,51.46044240493193,-1.8447230728864004,168.29199895841734,206.03689709081715,30.823112488380076,-37.96058271735472,32.12102695647565,372.756577800506,-189.6945025270677
862,414.61564230437835,47.961183565640766,-259.11039714432036,134.69581901424326,184.68905804896295,137.51458239032695,292.4735398010594,30.02130969713509,-26.341877503044397,185.45937214788952,169.76696821638222,22.673491241442836,-26.235745692960645,45.57318865890292,366.09288242178116,-190.29961189000986
864,643.8097431556514,82.77697723676863,-112.3108275270505,340.9296318364334,322.7917613551385,256.9539423937534,542.1511812272462,56.78066520284601,-34.20410810487196,262.2269397056488,299.5969825519626,31.530710083784353,-33.63714520269663,45.03286031092599,609.187373983408,-384.4886816586976
865,758.103400095455,87.75004612529773,-126.34858822489541,245.25184444809793,278.83921853898283,243.31046670691066,459.0178746435723,64.43964252030204,-9.308684232541438,277.5980398525669,289.53921632287,22.023155243059183,-54.785236077306344,50.69327620574391,615.5694370385127,-261.0401972440526
866,473.0188480469802,44.15791353422112,-89.0196206110143,165.85193335720896,299.40429193619843,177.95956878867193,281.43681438977154,51.60363094340676,-1.7532988401940788,169.5860178117376,207.04400114577317,30.233400649221178,-38.06529658072296,31.978551464593945,379.73327562646034,-190.780988231269
867,214.78598464743334,24.90707583840675,-46.73308528403674,57.76397529575667,90.2422234094544,79.04864797529997,121.09471688421809,18.48161827447462,-2.8393495810961165,95.96233732079543,101.03839098406955,20.25965252168348,-30.08439597911544,16.38679224406173,216.56793547724646,-310.0650993661593
868,611.2007459852965,78.24903412118901,-203.3643624271592,359.24015063709305,296.0478703265317,256.00759092673167,445.4502633680072,71.44228567531172,-3.8841384828320336,269.70637179278793,299.15157161648716,61.33992633119806,-51.58169684899415,42.928343533986336,569.1729237422619,-251.1660848299146
869,469.7607758138572,44.09243576504123,-88.38843350246947,164.20866857780757,300.35440716415053,176.59219532339142,278.3827097916361,51.107149863758806,-1.5117721295634095,167.92618991192188,205.35695492697212,29.777607922260263,-38.17680488646013,31.887719396027844,371.99107678422934,-188.59985872785396
870,672.3482573855497,83.29576927172327,-196.32909133408546,100.05213778191599,311.9957859036301,262.58453762234063,463.659554929036,67.11870393699107,-13.77950098570478,276.70648701822887,304.8147550325945,34.37538620499071,-43.973923770239956,36.790707872923356,590.6743646018704,-313.68509707466836
871,758.3864221222564,87.2615612515691,-125.9979873930151,244.2677042763813,278.1348905456702,242.6496242808853,456.69726793607447,64.29645398182721,-9.40010846523376,276.30402099924663,288.532112267914,22.612867082218077,-54.68052221393811,50.835751697625625,608.5927392125583,-259.9537115398513
872,155.02864816463813,17.164639278874247,-26.272381724234055,31.30010259052855,47.451988393806595,47.588171786072174,108.03614623505342,7.364202038985064,2.198551083439842,63.080006406198606,65.95476727605778,2.064915315538502,-22.160074151021952,-3.7299823527539493,131.79645580038124,-272.020610689479
873,656.3275573022601,80.98865522048162,-93.71520137355998,324.58326992775795,326.74833361379734,254.6087038292945,529.0812613035508,56.145239480516956,-41.29684778152129,273.37956137541147,303.43854819674664,31.54145559097945,-34.187189929977855,56.47468843431199,614.8871059230034,-395.80667490338203
874,376.1430588890629,45.16795172882927,-74.10245039550153,153.35902097793274,174.38929448846037,134.01460768192692,272.2762231575726,32.91337190925116,-12.388465077185176,159.5259915284206,161.99569611942798,26.369174419882462,-7.204758382192423,10.927383214193222,518.806274866694,-191.62292859446853
875,669.3869254100766,82.65543664272141,-199.69046477779222,98.55344857053386,310.6647410065487,261.04958774731887,464.9880052799785,66.74713284515201,-14.371037067765664,276.25458984178994,303.3702038606673,34.62491043455715,-43.887006680959225,37.32774508569131,588.1520489224808,-312.52954311993557
877,765.3527817434829,84.17656575824455,-129.33490408008157,241.54583531721158,286.4018098244513,243.57396182208083,444.79007049207445,65.25203122114327,-11.779608139748971,269.5257943995995,285.4089292359361,38.465563185066905,-47.30796214084986,49.031461631637505,573.4916665088297,-269.5241748047626
878,388.602519808042,49.432249145596,-95.2209403182289,202.12474208658188,182.38383607148643,325.2967599102605,263.151242371273,34.10705083462595,13.307368348647966,121.50934405115386,173.84717523464525,34.167872067357,-33.2223215887291,16.27899304490283,352.6684923137713,-151.46709371511696
879,664.5922003626798,69.92667633567706,-121.59332361819784,286.06478953578437,312.6450964947687,244.742768650193,385.7300827782185,68.47943836606282,-35.42366234186944,318.63346277364917,311.5801687829365,61.42308592028862,-53.906300060128366,93.74075950233977,592.5045638430544,-300.3846312448698
880,198.92687204100034,17.22944027514646,-46.760144983414754,113.51588412653078,74.66978363290124,44.13412975275189,28.462336702969203,8.908291195772684,-23.930141278031453,184.76823125773498,96.47934224771727,2.6189535041215266,-16.840758484889445,-7.3469019886337925,154.8441010236378,-67.1886896621624
881,834.089533410575,96.36605511845735,-141.09484409901452,276.5282460305338,325.52419258711774,275.64284200823903,493.3253599543839,74.6450524274076,-15.726515878794114,317.7425718568907,329.09553650975965,39.49250065154557,-57.673662886416444,64.7203270463325,664.6745121062618,-307.7863669841128
882,560.8167060716451,79.50329461725755,-92.03068794590922,210.44714700149487,249.46717193254113,212.3187619687797,221.53787438537205,48.17116845530937,3.1231101567254633,209.33154507693567,240.63051927904667,8.118964344318663,-30.210263962142196,18.54102904180895,488.57306729985316,-247.9267034206846
883,319.6819272867965,46.42178007837791,-63.903886193194786,117.09456581796017,153.16192959357653,132.30271729048928,248.84316827576092,25.627170454680577,4.0102315914903395,343.57013939811833,119.95368660166315,19.56702278578548,-14.995621282827528,11.698863640764369,297.5138197616971,-143.6125754963733
884,656.3275573022601,80.98865522048162,-93.71520137355998,324.58326992775795,326.74833361379734,254.6087038292945,529.0812613035508,56.145239480516956,-41.29684778152129,273.37956137541147,303.43854819674664,31.54145559097945,-34.187189929977855,56.47468843431199,614.8871059230034,-395.80667490338203
885,781.9142235790769,89.56621557203118,-136.45769249364284,254.32639241527306,319.8065709896324,259.5563655256995,470.3794626480228,70.74244978566692,-8.895971362399429,284.7893581683487,304.91936222378837,34.494451492213756,-53.81746575762965,51.49780197374707,617.2700696912467,-282.04893008302975
886,473.0188480469802,44.15791353422112,-89.0196206110143,165.85193335720896,299.40429193619843,177.95956878867193,281.43681438977154,51.60363094340676,-1.7532988401940788,169.5860178117376,207.04400114577317,30.233400649221178,-38.06529658072296,31.978551464593945,379.73327562646034,-190.780988231269
887,739.5709184789638,116.77369315497398,-128.81051586917914,239.02793803380857,281.1439944772777,241.35712149092146,444.35421889154713,70.34597113753156,-10.363463512564861,270.23721736457895,283.61533519628597,33.40298616820447,-47.77176850694575,48.596918875166196,576.8308322925304,-265.3732065280071
888,319.6819272867965,46.42178007837791,-63.903886193194786,117.09456581796017,153.16192959357653,132.30271729048928,248.84316827576092,25.627170454680577,4.0102315914903395,343.57013939811833,119.95368660166315,19.56702278578548,-14.995621282827528,11.698863640764369,297.5138197616971,-143.6125754963733
889,833.4688165133036,98.93411467624021,-160.06611721487042,243.4805939425276,325.09417084449177,279.64350184570566,514.1657059762218,74.75861254773584,-10.803770258072253,308.7674490950218,327.6667198662706,35.15624590412391,-55.9722751332501,52.53815588782211,663.7243784374108,-308.45996132317794
890,669.3869254100766,82.65543664272141,-199.69046477779222,98.55344857053386,310.6647410065487,261.04958774731887,464.9880052799785,66.74713284515201,-14.371037067765664,276.25458984178994,303.3702038606673,34.62491043455715,-43.887006680959225,37.32774508569131,588.1520489224808,-312.52954311993557
891,560.8167060716451,79.50329461725755,-92.03068794590922,210.44714700149487,249.46717193254113,212.3187619687797,221.53787438537205,48.17116845530937,3.1231101567254633,209.33154507693567,240.63051927904667,8.118964344318663,-30.210263962142196,18.54102904180895,488.57306729985316,-247.9267034206846
892,556.2470756579992,82.57325927363972,-113.77154095921637,231.55089412011262,249.75141495686955,218.8456312645148,242.44075520924338,49.99867062156808,10.789765122259201,199.47654105318767,240.54962873940423,9.090407542553564,-30.272637846199625,7.7884924886323965,490.87307058281823,-240.10893746744748
893,372.9923950078231,32.04402204517496,-73.42832927609423,140.084995617789,270.882769702593,147.5428366977284,231.09769974414925,42.747008162473236,-2.0712512766723643,138.0576228529669,172.2559624001275,27.629818235339794,-28.10366047648332,23.003503810941776,344.13487016691886,-165.8957156833746
894,668.3496013959045,70.69317202790302,-122.41223879756559,287.77935510957775,314.38166229025944,246.11794511595008,388.3704559999223,72.13319404344229,-35.37551976020563,320.1924830507827,313.17171294772504,61.76935492513001,-54.04449823712356,94.0069741268888,595.8306971857546,-301.87422400535763
895,677.6747947491846,83.6067607854485,-197.29259489345876,101.3385291835497,313.4505895774746,263.78457162603036,469.027480235664,67.63359680893979,-14.170983883170896,278.8738414871603,306.5308236094886,35.00453214764318,-44.51953790210148,37.71017259362624,594.0683776893318,-314.8133313584915
896,610.9279348605711,77.92618587508863,-204.84312171469645,360.2399601309119,295.6660879642878,255.28130578383264,443.62490751352595,71.31297191866858,-4.4070672883623665,272.04726070853735,295.58485523578696,61.41644088565376,-51.69657796917026,42.70250908331675,568.5203067609148,-250.54059937953522
897,608.4941673989068,80.94222786462599,-206.90065073986517,370.58260912723716,298.6239747043534,258.70370985379964,478.39138992860137,69.10470800544135,-3.8860018261020493,259.253801614361,293.3520897490479,55.398830037363645,-47.55683107289116,33.34904346230337,573.7391588143306,-268.6106163939032
898,311.7337435538337,45.14013743828274,-60.758659333378155,112.33718060801786,148.92111431058922,128.12108655921315,241.01020737558497,24.435094010750923,3.436316302605931,342.27252175210367,116.19301149652158,18.584834080355474,-14.383202671488876,11.00957207055492,289.5140845391365,-140.11234820492598
899,412.2073572376505,47.5681339174993,-260.63912377395155,134.79177298735075,182.87477158838823,135.81370821442277,288.83960220578734,29.566443074039015,-26.234347259327794,184.21137152211384,170.9144464647979,20.5204918893575,-25.612563344578913,45.46801468671854,362.09824772276096,-190.17166279253797
900,419.07534955791147,51.3679075398855,-279.9596114315448,104.22656329173614,185.80174229819784,142.8943079101329,312.191958191946,30.43541435834679,-20.806429487810707,177.80486682650155,169.63573242520437,16.17516024982225,-24.345714076137515,33.41678049107559,367.9079400948625,-194.27054939537962
901,314.74368226438855,38.851716434258755,-1.2788562372988395,86.28471393648171,176.572687622485,147.54710858308817,285.467216833108,34.3360178550663,-26.938094279981698,144.59829069890458,179.51215176862735,117.20496525969457,-40.254875756320196,17.94217107786551,358.31323542579554,-86.5597723969013
902,388.17736795456426,49.33171757418403,-94.3491162837086,201.51226333132766,182.58846228188642,325.9582820351643,263.8495132255425,34.00930495415208,9.660940504839267,121.11030813497962,173.79777941155157,35.92642432116377,-33.63810568790031,14.87265572974374,353.56808031848453,-150.15849954238993
903,562.6822410780248,79.97781501573421,-91.04172495898158,209.63027958334973,251.24130290303265,214.26207614141543,226.0510222539361,48.59986428908839,3.234926599999797,208.05423096983742,241.9945268127422,10.19727976312088,-30.581600156997073,18.721328020505183,492.2086663912601,-248.07730962665028
904,656.3275573022601,80.98865522048162,-93.71520137355998,324.58326992775795,326.74833361379734,254.6087038292945,529.0812613035508,56.145239480516956,-41.29684778152129,273.37956137541147,303.43854819674664,31.54145559097945,-34.187189929977855,56.47468843431199,614.8871059230034,-395.80667490338203
905,256.62914017928443,182.57224804839828,-51.905554539552504,92.63709752906811,110.56316456894025,88.90018727962799,159.85952454674725,49.84069931545611,-8.392111716928959,101.63558015967449,103.87234006424029,21.371722106419387,-8.471887949881813,16.67092644371491,204.67837892041953,-110.65366947374726
906,727.8229924341521,88.31953867144905,-126.86563539975849,233.74946194814828,302.8516240706614,236.3034379343736,435.8944422752039,61.716733188271,-8.321882636845464,265.0680354945292,278.096236025574,28.986252916416532,-49.22167852906312,46.29721134832844,563.0813529713732,-263.0791378183594
907,634.8752826215023,65.17182612343441,-136.39236890897664,247.4013932292588,294.9414366641513,225.09764649317412,362.23643230329424,61.33686243007325,-39.76576478284404,305.84997088500967,290.98277651823764,54.28213438823714,-49.587206118657015,94.78244621017532,560.6395792511252,-292.2647001304819
908,650.8104220569343,85.36797086160068,-194.6184794091943,89.43579332729637,299.7234087592568,257.1965183000901,436.7538088896637,63.58860503591544,-5.331329368939636,254.2650365347779,291.08140891559725,24.77109492035529,-39.55634252169368,20.99981334206594,570.584129559284,-301.8966025573908
909,679.3230720809928,71.26388813974005,-119.32632966591164,234.38272508160605,317.6275567242168,247.5975078444686,393.3782078234679,67.93285175971715,-37.83792880388856,321.2603386178684,315.33615013957177,58.15105534315872,-52.93148809036046,92.51180486332959,600.6387012876031,-312.93270744867107
910,643.8097431556514,82.77697723676863,-112.3108275270505,340.9296318364334,322.7917613551385,256.9539423937534,542.1511812272462,56.78066520284601,-34.20410810487196,262.2269397056488,299.5969825519626,31.530710083784353,-33.63714520269663,45.03286031092599,609.187373983408,-384.4886816586976
911,596.6920477960541,70.14753253073079,-81.89587490319175,289.7243192250165,291.3087647518967,225.34508256713974,481.96395618557966,47.39813340257843,-37.33663201961533,227.5076849459818,262.63775282083037,30.802224489664354,-23.68879010172571,40.87102725831599,528.2137986532433,-361.8747766350465
912,643.8097431556514,82.77697723676863,-112.3108275270505,340.9296318364334,322.7917613551385,256.9539423937534,542.1511812272462,56.78066520284601,-34.20410810487196,262.2269397056488,299.5969825519626,31.530710083784353,-33.63714520269663,45.03286031092599,609.187373983408,-384.4886816586976
913,473.0188480469802,44.15791353422112,-89.0196206110143,165.85193335720896,299.40429193619843,177.95956878867193,281.43681438977154,51.60363094340676,-1.7532988401940788,169.5860178117376,207.04400114577317,30.233400649221178,-38.06529658072296,31.978551464593945,379.73327562646034,-190.780988231269
914,150.83966054279531,201.81178187012253,-33.81276571327855,61.1948103319343,70.5171642885857,56.62119052914426,101.92980615940462,35.31777590586479,-8.538532430611284,65.94207087546533,67.43591893592537,16.954058657592142,-2.1637965224376043,10.480154019404157,127.54262416014092,-75.50242494856002
915,246.21793739769447,21.270611276976776,-73.11383588031761,140.05792171449204,103.50700512149479,90.64840463381853,139.0455913832092,8.891645257784534,184.2118136783444,91.89351170669349,73.75640631826542,10.84847146765249,-19.397529055057188,-43.16726050521353,202.42249831234128,-105.09045325381362
916,575.9233298816125,73.05083021556729,-191.12633399182084,64.61136940338014,266.15348423490093,226.39711971765513,411.6337092464549,56.03449339612015,-10.383050876891936,228.57885587221182,289.58038287664164,24.861863841491108,-35.210957674444245,19.690443713391605,502.9858691497585,-267.6436799196258
917,665.2376311504062,71.61076894755907,-100.4931715278898,261.58000383481817,308.78871424229567,240.35006058967554,350.5043966516666,64.72537717082231,-34.59967787787607,310.3696363098164,305.51014859462595,51.169748612570665,-50.09394087845368,89.6737318381115,586.6300773238116,-306.65555664245795
918,613.8485921886704,81.35231587253037,-203.72934528781298,373.26089216691037,301.3186170619207,260.8373285424048,480.05246691536695,69.86851230851104,-4.233151479237293,262.1991932889612,296.3225682673081,56.2164492838678,-48.134590523121474,34.56655008629735,578.4937228317854,-271.07600307277795
919,319.6819272867965,46.42178007837791,-63.903886193194786,117.09456581796017,153.16192959357653,132.30271729048928,248.84316827576092,25.627170454680577,4.0102315914903395,343.57013939811833,119.95368660166315,19.56702278578548,-14.995621282827528,11.698863640764369,297.5138197616971,-143.6125754963733
920,656.5404186432689,70.29350977335795,-99.63340761209224,257.6309001331378,304.0110703519779,236.2655145121157,341.11896789369365,63.86049690453426,-34.424319251119606,309.0713250033846,301.667613132368,50.804703387142744,-49.84395840012565,88.72278251228632,577.8630008224605,-300.3200123863627
921,619.8062340636928,79.16334701783612,-230.29839452998317,76.26516364777231,285.97334064859183,242.1076016125901,451.49052572394334,59.943496975561345,-10.458608003254106,248.5068845848591,276.20905656912703,27.265143270775777,-38.62605554807736,25.09887123381371,544.7276692165441,-289.08350820509776
922,658.4059536496487,70.76803017183461,-98.64444462516458,256.81403271499266,305.78520132246945,238.2088286847514,345.6321157622577,64.2891927383133,-34.31250280784528,307.7940108962863,303.0316206660636,52.883018805944964,-50.21529459498053,88.90308149098256,581.4985999138675,-300.4706185923284
923,289.2443949896614,54.84384350520016,-78.99767951436347,149.43256895615878,136.23532782097638,112.53033566775555,209.86818541606112,195.3723343789485,2.8937350885661197,121.68008470475702,128.84540554586812,27.82361877759097,-15.36874226866757,18.452778096878937,261.62306341044155,-115.2608694434775
924,274.78165443240255,38.81862053181854,-71.95912633648184,84.36862659869952,135.5359206060696,89.67946986346857,227.9352992062787,30.522506160776615,158.8038079584517,131.45766319985103,152.0831990162677,20.042456844429054,-12.960776563941877,75.6205134763405,258.44107677437313,-124.46087240343714
925,473.0188480469802,44.15791353422112,-89.0196206110143,165.85193335720896,299.40429193619843,177.95956878867193,281.43681438977154,51.60363094340676,-1.7532988401940788,169.5860178117376,207.04400114577317,30.233400649221178,-38.06529658072296,31.978551464593945,379.73327562646034,-190.780988231269
926,390.2941602291311,20.743708042398627,-56.572408801486226,104.15201239210187,139.17289482282894,100.97248638065946,156.2458877826798,25.75394498550975,-16.95967671180127,94.82504886240723,111.64049337162747,55.85476637782729,-1.9690652137806814,18.051157808278596,169.9713835689774,-137.29864338440356
927,546.3293277629499,81.36299661515532,-112.47448352636357,228.0006668770247,244.8580304536234,214.93022635751015,236.7854107715572,48.47864558482377,10.719039449792014,193.28931264322347,235.18640131767654,7.627248248276426,-33.487092948855306,5.411813488204301,482.11967598816216,-234.98170309618993
928,643.8097431556514,82.77697723676863,-112.3108275270505,340.9296318364334,322.7917613551385,256.9539423937534,542.1511812272462,56.78066520284601,-34.20410810487196,262.2269397056488,299.5969825519626,31.530710083784353,-33.63714520269663,45.03286031092599,609.187373983408,-384.4886816586976
929,656.3275573022601,80.98865522048162,-93.71520137355998,324.58326992775795,326.74833361379734,254.6087038292945,529.0812613035508,56.145239480516956,-41.29684778152129,273.37956137541147,303.43854819674664,31.54145559097945,-34.187189929977855,56.47468843431199,614.8871059230034,-395.80667490338203
930,313.12074079133873,41.45131816688498,-17.99388067777899,50.24120558588715,175.2186875592241,150.68851754425373,301.8658221923828,33.98674190612736,-21.864745110358083,134.36885362440367,176.98424840600347,111.8027609814462,-38.123761723013295,5.276770318524972,355.76415696772324,-87.1810888167894
931,619.6251473677083,79.24344504928975,-205.702885630494,364.1890638325923,300.4437318546056,259.3658518613924,453.01033627149883,72.1778521849566,-4.582425915118824,273.3455720149692,299.4273906980449,61.781486111081676,-51.946560447498285,43.65345840914191,577.2873832622658,-256.8761436356305
932,556.2470756579992,82.57325927363972,-113.77154095921637,231.55089412011262,249.75141495686955,218.8456312645148,242.44075520924338,49.99867062156808,10.789765122259201,199.47654105318767,240.54962873940423,9.090407542553564,-30.272637846199625,7.7884924886323965,490.87307058281823,-240.10893746744748
933,221.68892440993608,72.43744250856045,-48.05630839970373,99.44148669643216,102.6994386855528,81.19296103782692,152.90536468560367,191.2360474068427,0.3063789569629306,93.28356496133888,94.53589597505508,21.421784542742113,-7.581725901577149,16.519354315689494,194.84991736338412,-91.63643054787235
934,656.5404186432689,70.29350977335795,-99.63340761209224,257.6309001331378,304.0110703519779,236.2655145121157,341.11896789369365,63.86049690453426,-34.424319251119606,309.0713250033846,301.667613132368,50.804703387142744,-49.84395840012565,88.72278251228632,577.8630008224605,-300.3200123863627
935,764.4810233805064,88.65975730728908,-128.92876604087186,244.15992826893026,281.55256804687,245.95026382222795,463.28669878069104,65.148502960799,-9.234074840688994,279.8356509318166,292.37841559229935,22.102770011182937,-55.522727970523825,51.046069827685265,617.1213385686667,-263.3908731646418
936,650.8104220569343,85.36797086160068,-194.6184794091943,89.43579332729637,299.7234087592568,257.1965183000901,436.7538088896637,63.58860503591544,-5.331329368939636,254.2650365347779,291.08140891559725,24.77109492035529,-39.55634252169368,20.99981334206594,570.584129559284,-301.8966025573908
937,781.9142235790769,89.56621557203118,-136.45769249364284,254.32639241527306,319.8065709896324,259.5563655256995,470.3794626480228,70.74244978566692,-8.895971362399429,284.7893581683487,304.91936222378837,34.494451492213756,-53.81746575762965,51.49780197374707,617.2700696912467,-282.04893008302975
938,322.41160660366324,26.67930794963862,10.662138895790795,127.30232946468884,96.86290877057965,68.70399598743013,316.09969838796,4.765441933879301,-14.883681801993236,133.3738241636242,114.56563500711336,-42.53328969055195,-7.060603426428435,-12.294562340738494,142.8519782076305,-118.80573507679414
939,658.4059536496487,70.76803017183461,-98.64444462516458,256.81403271499266,305.78520132246945,238.2088286847514,345.6321157622577,64.2891927383133,-34.31250280784528,307.7940108962863,303.0316206660636,52.883018805944964,-50.21529459498053,88.90308149098256,581.4985999138675,-300.4706185923284
940,758.3864221222564,87.2615612515691,-125.9979873930151,244.2677042763813,278.1348905456702,242.6496242808853,456.69726793607447,64.29645398182721,-9.40010846523376,276.30402099924663,288.532112267914,22.612867082218077,-54.68052221393811,50.835751697625625,608.5927392125583,-259.9537115398513
941,833.4688165133036,98.93411467624021,-160.06611721487042,243.4805939425276,325.09417084449177,279.64350184570566,514.1657059762218,74.75861254773584,-10.803770258072253,308.7674490950218,327.6667198662706,35.15624590412391,-55.9722751332501,52.53815588782211,663.7243784374108,-308.45996132317794
942,562.6822410780248,79.97781501573421,-91.04172495898158,209.63027958334973,251.24130290303265,214.26207614141543,226.0510222539361,48.59986428908839,3.234926599999797,208.05423096983742,241.9945268127422,10.19727976312088,-30.581600156997073,18.721328020505183,492.2086663912601,-248.07730962665028
943,665.2376311504062,71.61076894755907,-100.4931715278898,261.58000383481817,308.78871424229567,240.35006058967554,350.5043966516666,64.72537717082231,-34.59967787787607,310.3696363098164,305.51014859462595,51.169748612570665,-50.09394087845368,89.6737318381115,586.6300773238116,-306.65555664245795
944,775.4648613621353,91.4265106229517,-170.92995744816798,247.16701926830268,297.03506301958373,252.92758943984805,477.8365177176794,66.70646485582726,-12.867721741953513,286.96803767040797,298.09317047484615,33.47838443070286,-52.08471224777008,52.51949781570964,614.3636805897818,-279.83515702906055
945,672.3482573855497,83.29576927172327,-196.32909133408546,100.05213778191599,311.9957859036301,262.58453762234063,463.659554929036,67.11870393699107,-13.77950098570478,276.70648701822887,304.8147550325945,34.37538620499071,-43.973923770239956,36.790707872923356,590.6743646018704,-313.68509707466836
946,823.3852273252825,97.84911953685723,-138.39003218413393,285.4568407067163,324.9671732941998,275.5768868989072,523.8779568499065,71.7346246930004,-15.76558516371585,304.46672829867924,324.03698748686253,33.75631528468333,-52.97226820454049,54.63184095846522,666.3769980129474,-322.45952154598837
947,343.32113207471355,34.98808190126097,-67.64812770387996,124.35622839015392,278.3193767343991,134.94003548723043,201.30393989520087,37.076131872606474,0.3633450203691004,121.89274707811066,156.58968209575775,23.615339754281667,-29.433362393105366,22.248780163427483,267.21858928273815,-145.3486720244523
948,587.3801198181316,72.01491295080599,-69.64989720430964,292.5814484943975,282.82266049176616,219.18094750382926,510.36902279145994,43.95774395952283,-36.49675705611206,237.40687064254922,264.1072016916021,11.943945896272533,-25.52049992923481,36.02157535240266,523.5994294070142,-354.0471819124561
949,419.07534955791147,51.3679075398855,-279.9596114315448,104.22656329173614,185.80174229819784,142.8943079101329,312.191958191946,30.43541435834679,-20.806429487810707,177.80486682650155,169.63573242520437,16.17516024982225,-24.345714076137515,33.41678049107559,367.9079400948625,-194.27054939537962
950,762.6587530905255,88.9594988739844,-132.06442670655343,251.38119983429792,293.52414653943157,249.72881326625784,469.7514620863108,66.45831887647068,-10.99104688542634,282.6701512106863,295.298908458743,32.40022785889127,-47.724575592920054,46.83777693662451,639.0132651293867,-280.65149733769704
951,568.7648898046077,80.78493725735271,-95.17591480572584,215.2045322114372,253.70798721552845,216.50039270005584,229.370835285548,49.36324489923903,3.6970254456098712,210.62916272295035,244.39119438418825,9.101153049748664,-30.82268257348085,19.2303206120184,496.5728025224138,-251.4269307121319
952,704.0757956932835,88.47788599885294,-204.25351500292714,102.29970734363336,314.2714454977017,269.19685833698696,490.43306195594346,68.73753375540261,-9.246158343600786,275.9385812240924,308.2420946845384,31.062554346880006,-45.01248384030892,30.194460549094792,604.5242604338977,-313.17894539562235
953,535.4067850943276,74.2476239664667,-196.21610427090118,332.72765588002716,260.1698310552262,228.67003750648573,408.15824656629593,96.54160052209932,3.282951485052718,232.459431603877,258.84202415247813,54.63417667611718,-43.994001403616444,27.615407084913542,501.97240375768774,-213.27710268766072
955,643.8097431556514,82.77697723676863,-112.3108275270505,340.9296318364334,322.7917613551385,256.9539423937534,542.1511812272462,56.78066520284601,-34.20410810487196,262.2269397056488,299.5969825519626,31.530710083784353,-33.63714520269663,45.03286031092599,609.187373983408,-384.4886816586976
956,656.3275573022601,80.98865522048162,-93.71520137355998,324.58326992775795,326.74833361379734,254.6087038292945,529.0812613035508,56.145239480516956,-41.29684778152129,273.37956137541147,303.43854819674664,31.54145559097945,-34.187189929977855,56.47468843431199,614.8871059230034,-395.80667490338203
957,362.66437579893125,30.01719457122112,0.06064427507234807,120.40307802669473,100.99422944087317,74.91247717551363,312.533674361579,9.19062508478827,-9.886680913887547,144.01608939414038,121.96813617554642,-40.458496539905674,-11.99557154461744,-10.067161442537046,156.05461504208895,-98.81160135493941
958,763.4712313791536,87.12777894858503,-129.61615692769797,241.0218586929543,286.702720217612,243.44471154308445,443.55576558762175,65.85698293671369,-11.875943644482081,268.9191140361327,284.9172515287733,39.54457509366555,-46.617086770150614,48.80757834939156,570.315475816827,-270.0661243035782
959,656.3275573022601,80.98865522048162,-93.71520137355998,324.58326992775795,326.74833361379734,254.6087038292945,529.0812613035508,56.145239480516956,-41.29684778152129,273.37956137541147,303.43854819674664,31.54145559097945,-34.187189929977855,56.47468843431199,614.8871059230034,-395.80667490338203
960,314.74368226438855,38.851716434258755,-1.2788562372988395,86.28471393648171,176.572687622485,147.54710858308817,285.467216833108,34.3360178550663,-26.938094279981698,144.59829069890458,179.51215176862735,117.20496525969457,-40.254875756320196,17.94217107786551,358.31323542579554,-86.5597723969013
961,650.8104220569343,85.36797086160068,-194.6184794091943,89.43579332729637,299.7234087592568,257.1965183000901,436.7538088896637,63.58860503591544,-5.331329368939636,254.2650365347779,291.08140891559725,24.77109492035529,-39.55634252169368,20.99981334206594,570.584129559284,-301.8966025573908
962,758.3864221222564,87.2615612515691,-125.9979873930151,244.2677042763813,278.1348905456702,242.6496242808853,456.69726793607447,64.29645398182721,-9.40010846523376,276.30402099924663,288.532112267914,22.612867082218077,-54.68052221393811,50.835751697625625,608.5927392125583,-259.9537115398513
963,650.8104220569343,85.36797086160068,-194.6184794091943,89.43579332729637,299.7234087592568,257.1965183000901,436.7538088896637,63.58860503591544,-5.331329368939636,254.2650365347779,291.08140891559725,24.77109492035529,-39.55634252169368,20.99981334206594,570.584129559284,-301.8966025573908
964,333.4335294153181,42.06761739961752,-57.14140766301004,151.3439896785406,160.3883034694242,305.8134330074006,233.97119594103566,27.138879462796336,5.502050894348597,97.93592235696308,152.22777126853737,45.79156474151372,-31.468363939546347,10.291722406124814,314.2908551381021,-120.01190977305531
965,758.3864221222564,87.2615612515691,-125.9979873930151,244.2677042763813,278.1348905456702,242.6496242808853,456.69726793607447,64.29645398182721,-9.40010846523376,276.30402099924663,288.532112267914,22.612867082218077,-54.68052221393811,50.835751697625625,608.5927392125583,-259.9537115398513
966,680.9989112999835,71.64743818092228,-100.23024311009995,281.2681766237559,321.9359765939841,247.2095565929385,404.45227333490703,65.94613619545234,-42.69857505875968,321.6647080672594,316.13867228088645,55.20900306999221,-50.699552202623146,96.37771804612433,607.9266519359178,-332.64391059688296
968,469.1168830633424,43.755191034435434,-88.1832579888441,164.46105547583596,300.7219461181625,176.55246872808115,279.71910212040615,51.340882265525934,-1.7145603367657867,168.64095061319557,205.50411138985382,29.449388805888322,-38.21852723189344,32.11736386503709,374.453914969338,-188.22272887115528
969,704.0757956932835,88.47788599885294,-204.25351500292714,102.29970734363336,314.2714454977017,269.19685833698696,490.43306195594346,68.73753375540261,-9.246158343600786,275.9385812240924,308.2420946845384,31.062554346880006,-45.01248384030892,30.194460549094792,604.5242604338977,-313.17894539562235
970,398.2986748525298,49.555158380040425,-281.3009306111633,152.95439733032342,178.47858018987836,138.4195288415994,303.36173545433775,30.27247165440463,-18.35352539638409,171.81956966682193,166.64604019281563,20.508552436918503,-25.001402536488662,32.754872327400754,355.76521223432144,-177.5961147428886
971,473.3018700737815,43.66942866049251,-88.66901977913399,164.86779318549236,298.6999639428858,177.2987263626466,279.1162076822737,51.46044240493193,-1.8447230728864004,168.29199895841734,206.03689709081715,30.823112488380076,-37.96058271735472,32.12102695647565,372.756577800506,-189.6945025270677
972,617.8738940177552,79.23937069002717,-205.73209989913732,362.0014890782659,298.9829249266402,258.60368563880763,447.01612775113875,72.04221229333105,-3.682548450576202,272.09056404192,298.24644362179373,61.33268006025706,-51.87927030036835,42.90857105269604,574.9210971942541,-253.98854875180552
973,739.5709184789638,116.77369315497398,-128.81051586917914,239.02793803380857,281.1439944772777,241.35712149092146,444.35421889154713,70.34597113753156,-10.363463512564861,270.23721736457895,283.61533519628597,33.40298616820447,-47.77176850694575,48.596918875166196,576.8308322925304,-265.3732065280071
974,656.5404186432689,70.29350977335795,-99.63340761209224,257.6309001331378,304.0110703519779,236.2655145121157,341.11896789369365,63.86049690453426,-34.424319251119606,309.0713250033846,301.667613132368,50.804703387142744,-49.84395840012565,88.72278251228632,577.8630008224605,-300.3200123863627
975,208.16706617828072,218.7741100606032,-39.99117324968388,83.36149115295606,94.65097284247689,79.7999440362021,153.98358304377686,-17.66132879272628,-8.894641137650096,92.4570885494883,101.05669124876336,11.628996906730006,-15.881081362375351,17.7433699639284,188.74499958728467,-88.8121771389248
976,664.4886023762316,71.57515241345311,-102.77863447190886,262.3882853430801,308.2518856349652,240.44714524339182,348.95192879386957,65.05257334846394,-33.8504039622352,310.36894264939923,305.4282882375096,51.78689209257274,-50.456377011464305,89.41207408249578,585.862736045021,-303.82023967781
977,738.295390866645,120.45829307680184,-128.85642359212338,239.32508089053104,281.1014314048392,241.6817972986633,445.7043994620857,69.5203455047384,-10.213971585709475,271.01957224265817,284.28673137896345,32.57271127426373,-48.24433188073475,48.746852821874334,579.0338769994921,-265.1656842473226
978,556.2470756579992,82.57325927363972,-113.77154095921637,231.55089412011262,249.75141495686955,218.8456312645148,242.44075520924338,49.99867062156808,10.789765122259201,199.47654105318767,240.54962873940423,9.090407542553564,-30.272637846199625,7.7884924886323965,490.87307058281823,-240.10893746744748
979,291.91172871541227,5.722562340505387,-41.27803697359441,78.84665185925687,108.262202535744,71.11894594600959,106.15307803243023,16.410317886725124,-17.18367121506798,63.255953647768905,77.41295220242561,53.72334190229348,8.12112657793773,8.789769167628066,137.79432418303503,-113.77790853864254
980,675.9184871491792,70.8087737644604,-98.3523019387314,278.6897802582568,320.3932706021232,245.83049091059914,405.57420096585827,65.64559165456889,-43.31127745327151,320.34409062677855,314.8410914285752,57.37107931419112,-50.88819606627993,96.35195505544128,605.1614605939855,-329.3465674305784
981,613.8485921886704,81.35231587253037,-203.72934528781298,373.26089216691037,301.3186170619207,260.8373285424048,480.05246691536695,69.86851230851104,-4.233151479237293,262.1991932889612,296.3225682673081,56.2164492838678,-48.134590523121474,34.56655008629735,578.4937228317854,-271.07600307277795
982,408.18047688435263,50.55662782354628,-281.8402131445552,156.61643355100614,183.19917010279985,142.0981375134263,308.86327275636665,31.420116029614782,-18.78703898078499,176.88168223123978,168.32207014304421,21.56661902087552,-25.926783382163194,34.640353127030124,364.75728661333926,-182.33123973080706
983,347.35398961852354,42.48540540736126,-240.49831467711226,100.87390727013161,158.53232697784185,119.71497192702215,275.6651424402478,23.786309928108402,-23.408027436885735,151.1323647001103,144.355394428584,32.527886154597695,-23.515959217325452,29.550427211897986,321.1159253018032,-148.8350288759908
984,672.3482573855497,83.29576927172327,-196.32909133408546,100.05213778191599,311.9957859036301,262.58453762234063,463.659554929036,67.11870393699107,-13.77950098570478,276.70648701822887,304.8147550325945,34.37538620499071,-43.973923770239956,36.790707872923356,590.6743646018704,-313.68509707466836
985,617.8738940177552,79.23937069002717,-205.73209989913732,362.0014890782659,298.9829249266402,258.60368563880763,447.01612775113875,72.04221229333105,-3.682548450576202,272.09056404192,298.24644362179373,61.33268006025706,-51.87927030036835,42.90857105269604,574.9210971942541,-253.98854875180552
986,419.07534955791147,51.3679075398855,-279.9596114315448,104.22656329173614,185.80174229819784,142.8943079101329,312.191958191946,30.43541435834679,-20.806429487810707,177.80486682650155,169.63573242520437,16.17516024982225,-24.345714076137515,33.41678049107559,367.9079400948625,-194.27054939537962
987,267.18552182393256,3.833498400557968,-37.778656821809285,60.46999887047553,94.43087235908112,61.80067683704407,81.21992968431216,13.790637790239963,-14.139663159323781,50.32394608443649,66.12350668852035,51.71245554677779,3.3983355908273243,8.145171672476602,79.84408913957776,-137.9137266490096
988,665.5780896435875,71.65628038508703,-102.59057430060783,257.14929831715307,308.51214285450504,240.52676228306248,349.2847973374275,64.95410318133715,-34.05234301293777,310.46126110892544,305.5596544657256,51.24774621546742,-50.298270080861734,89.28971681890032,586.1778013931734,-305.01417064426727
990,614.9125620422824,78.5990380610253,-209.0934733428441,360.5027998668837,297.6518800295588,257.06873576378587,448.34457810208124,71.67064120149199,-4.274084532637086,271.638666865481,296.80189244986656,61.5822042898235,-51.792353211087615,43.445608265463996,572.3987815148645,-252.83299479707273
991,218.68794963107118,25.30979833819244,-47.56944790620695,59.15485317712968,88.92456922749031,80.45574803589075,122.81242915358345,18.74436695235545,-2.878088084524409,96.90740451933745,102.57828073998891,21.043664365016333,-29.931165327944953,16.24797984361858,221.84729613436886,-312.62335872627295
992,617.8738940177552,79.23937069002717,-205.73209989913732,362.0014890782659,298.9829249266402,258.60368563880763,447.01612775113875,72.04221229333105,-3.682548450576202,272.09056404192,298.24644362179373,61.33268006025706,-51.87927030036835,42.90857105269604,574.9210971942541,-253.98854875180552
993,617.8738940177552,79.23937069002717,-205.73209989913732,362.0014890782659,298.9829249266402,258.60368563880763,447.01612775113875,72.04221229333105,-3.682548450576202,272.09056404192,298.24644362179373,61.33268006025706,-51.87927030036835,42.90857105269604,574.9210971942541,-253.98854875180552
994,764.7824043516625,88.37992688940105,-127.05064552845168,247.58265286056,281.7319299671812,245.61006471983967,461.50161691227805,65.17637026988923,-9.820217976280793,280.9825126578196,292.67388999128156,22.64310983353217,-55.741950981935425,52.439741327212495,617.4395767693583,-263.4544970031495
995,608.4941673989068,80.94222786462599,-206.90065073986517,370.58260912723716,298.6239747043534,258.70370985379964,478.39138992860137,69.10470800544135,-3.8860018261020493,259.253801614361,293.3520897490479,55.398830037363645,-47.55683107289116,33.34904346230337,573.7391588143306,-268.6106163939032
996,673.3504819613281,83.26422709687989,-198.5853400094612,103.04799404450434,312.919764224265,263.4437884986417,468.10129559159907,67.58154000625825,-13.930104534606537,277.9608013308609,305.9138417517293,35.44133573581741,-44.40365005038052,37.27393747375351,592.2733093910916,-313.7373749938454
998,668.8678858002648,70.18352423642305,-121.07502819339221,287.51202963475987,313.49475875497734,245.26235451741,390.1911195759217,68.39864191680346,-35.58570434637678,320.4300788694096,312.87017734282165,60.48771098208859,-53.94197528552373,93.34324159494501,593.2933894795941,-301.298868894956
1000,656.3275573022601,80.98865522048162,-93.71520137355998,324.58326992775795,326.74833361379734,254.6087038292945,529.0812613035508,56.145239480516956,-41.29684778152129,273.37956137541147,303.43854819674664,31.54145559097945,-34.187189929977855,56.47468843431199,614.8871059230034,-395.80667490338203
1001,672.3482573855497,83.29576927172327,-196.32909133408546,100.05213778191599,311.9957859036301,262.58453762234063,463.659554929036,67.11870393699107,-13.77950098570478,276.70648701822887,304.8147550325945,34.37538620499071,-43.973923770239956,36.790707872923356,590.6743646018704,-313.68509707466836
1002,656.3275573022601,80.98865522048162,-93.71520137355998,324.58326992775795,326.74833361379734,254.6087038292945,529.0812613035508,56.145239480516956,-41.29684778152129,273.37956137541147,303.43854819674664,31.54145559097945,-34.187189929977855,56.47468843431199,614.8871059230034,-395.80667490338203
1003,613.8485921886704,81.35231587253037,-203.72934528781298,373.26089216691037,301.3186170619207,260.8373285424048,480.05246691536695,69.86851230851104,-4.233151479237293,262.1991932889612,296.3225682673081,56.2164492838678,-48.134590523121474,34.56655008629735,578.4937228317854,-271.07600307277795
1004,760.64101111114,92.01262768587117,-133.12216524650103,250.86326041012046,293.7460001507383,250.05313580333794,466.7618326626003,67.28886832146198,-10.961701317558864,281.85930256933545,294.9882920783334,33.64745670207659,-47.664225403832965,47.38282343057448,640.0824540763703,-280.93098134559114
1005,643.8097431556514,82.77697723676863,-112.3108275270505,340.9296318364334,322.7917613551385,256.9539423937534,542.1511812272462,56.78066520284601,-34.20410810487196,262.2269397056488,299.5969825519626,31.530710083784353,-33.63714520269663,45.03286031092599,609.187373983408,-384.4886816586976
1006,672.3482573855497,83.29576927172327,-196.32909133408546,100.05213778191599,311.9957859036301,262.58453762234063,463.659554929036,67.11870393699107,-13.77950098570478,276.70648701822887,304.8147550325945,34.37538620499071,-43.973923770239956,36.790707872923356,590.6743646018704,-313.68509707466836
1007,596.1184980717449,58.524432235701624,-93.70079245619898,239.53400884361338,275.3437732309813,207.30296373331203,315.3725949612989,57.6616994347124,-41.29753139079941,310.02822777509897,278.94377060565785,52.085354469434414,-48.47134676888082,87.22909712510739,522.1698970597798,-270.5346769215643
1009,556.8409369025878,73.90677654638004,-237.09593987792195,332.7362162891422,268.6795088985315,234.1875588945125,427.8933479191622,63.64875809865461,-0.7162240700190013,240.06802922966162,268.39155583529595,53.165564487329014,-45.667137313340255,30.602567849888807,520.6156309787539,-225.90938969928143
1010,758.4728106604999,89.92700495793427,-118.27903819264755,244.50447513230546,278.88289529177194,238.43857192786243,475.600693699191,61.21485105482546,-10.50742726438422,279.1280586561667,287.39289518306,20.10042284241052,-48.84783377160564,43.29638788237458,568.3419875296554,-262.37084416838127
1011,636.7759125833874,81.89947325442648,-110.11091517849759,337.9110759365271,318.3552321289502,253.43722496747867,540.4251787085227,55.56897593655025,-33.64529081370161,258.50575261380965,295.6211638387283,29.57083971978927,-32.764364594541426,42.86041757914188,599.9952759769246,-380.1869768791085
1012,516.0945417240546,68.58434362596681,-203.70064800892493,323.88243766005684,250.4459809003437,220.28264904551693,393.3292050817921,60.194197449390444,0.06105131137188472,221.01754122130276,280.0415929475807,51.00153845025331,-42.53854475434232,24.590800269170316,482.4780377246874,-205.4817449178882
1013,656.5404186432689,70.29350977335795,-99.63340761209224,257.6309001331378,304.0110703519779,236.2655145121157,341.11896789369365,63.86049690453426,-34.424319251119606,309.0713250033846,301.667613132368,50.804703387142744,-49.84395840012565,88.72278251228632,577.8630008224605,-300.3200123863627
1014,758.3864221222564,87.2615612515691,-125.9979873930151,244.2677042763813,278.1348905456702,242.6496242808853,456.69726793607447,64.29645398182721,-9.40010846523376,276.30402099924663,288.532112267914,22.612867082218077,-54.68052221393811,50.835751697625625,608.5927392125583,-259.9537115398513
1015,682.0011358757621,71.6158960060789,-102.48649178547568,284.26403288634424,322.85995491461904,248.06880746923957,408.8940139974701,66.40897226471952,-42.849178607661436,322.9190223798915,317.23775900002124,56.27495260081891,-51.1292784827637,96.86094764695449,609.5255967251389,-332.69618851606
1016,512.7147235140338,76.56075908750935,-89.80435178668317,198.15246580952754,227.22068276614198,232.3317816175363,204.1308334530788,42.38159520387243,12.792921205950291,170.78379354542494,216.34625269501626,3.577935091139021,-26.647792231783686,3.4577762581103237,447.78880902489465,-221.25995106379023
1017,560.8167060716451,79.50329461725755,-92.03068794590922,210.44714700149487,249.46717193254113,212.3187619687797,221.53787438537205,48.17116845530937,3.1231101567254633,209.33154507693567,240.63051927904667,8.118964344318663,-30.210263962142196,18.54102904180895,488.57306729985316,-247.9267034206846
1018,597.9096970785057,60.61261243506237,-89.18823579012181,237.84224931039336,272.52075744693195,208.24680214028288,332.26307942787554,56.59238736996964,-36.58438403023152,287.8818353726551,272.4017246969221,98.69595212635825,-46.43205293146362,88.39742862242237,520.3154306906652,-272.79823411613313
1019,376.7079443300245,42.233938165402705,-74.122125647501,153.74480070387713,174.06695083268633,133.76602939612653,272.65126441005714,32.18448913390881,-12.288413718314116,159.56402272640594,161.80844532128373,30.90144610987529,-7.325780863219684,10.788883918843316,518.9980844984568,-191.53753108331625
1020,704.0757956932835,88.47788599885294,-204.25351500292714,102.29970734363336,314.2714454977017,269.19685833698696,490.43306195594346,68.73753375540261,-9.246158343600786,275.9385812240924,308.2420946845384,31.062554346880006,-45.01248384030892,30.194460549094792,604.5242604338977,-313.17894539562235
1021,788.5932278352846,90.1960963361345,-137.1597497971991,256.65720082773515,322.69928241783083,261.8559635386285,472.86320491672853,71.47917753525411,-9.407505106138782,288.17383097360135,308.0540358921999,35.114406082686735,-54.77418066225873,53.244267095215655,619.1402094220924,-284.4632298421266
1022,567.1419483315581,83.38453898997894,-111.890939246206,179.16102386084265,252.35398715226756,219.6418016612214,245.7694406448228,49.01396895030009,8.770374615233486,200.39972564844945,241.86329102156435,3.6989487715002918,-28.691568540173947,6.564919852677859,494.0237240643415,-252.04824713202004
1023,168.07219890531854,18.16235978943528,-37.42840913492973,75.54218958451519,67.79799952062244,58.87861387596818,95.91649818632168,5.361014799155901,-9.516593500057942,49.748831022430714,55.60721827762311,1.658000739742348,-9.101058761032755,268.04464778877445,135.6635656585188,-62.834059200909046
1024,201.4360257443729,28.242125313270673,-46.37082529321749,49.689723306681046,78.18130605082948,76.76865791298573,95.40089804520879,15.558762589636407,5.997235523697506,75.35693234297787,90.45368094507015,10.9921841947833,-25.979456623078168,0.44900659746782184,201.39495248456268,-301.93933124395033
1025,650.8104220569343,85.36797086160068,-194.6184794091943,89.43579332729637,299.7234087592568,257.1965183000901,436.7538088896637,63.58860503591544,-5.331329368939636,254.2650365347779,291.08140891559725,24.77109492035529,-39.55634252169368,20.99981334206594,570.584129559284,-301.8966025573908
1026,354.2477526556715,34.588581426825236,-38.12349843539711,119.49505334961663,93.86320168963763,96.06923226870236,222.30826766002133,19.946406078107525,-3.9082874235964455,132.33540737950855,129.13616758622544,-31.53336875739272,-42.79943431573818,28.098398116459876,364.2534145368362,-84.65083833218199
1027,667.7075196275762,82.18802066828363,-194.3192469771871,98.21317571030075,308.92285413792774,259.6664890096493,464.9230797480204,66.29924788192594,-14.159369429730548,275.4787944245509,302.36486366569324,33.482659317066236,-43.59198552303434,36.37280897790118,583.7145149334524,-310.69322501922125
1029,613.2186217204286,78.50123784497725,-204.72598276228908,360.035571468021,297.23559272437933,256.56309783156445,447.4397845278204,71.83941363292146,-0.6488230012793345,271.1689825176133,296.99825859257624,61.73620405064922,-51.65213006485393,44.289145377172076,571.2563178476084,-251.99979975822794
1030,313.12074079133873,41.45131816688498,-17.99388067777899,50.24120558588715,175.2186875592241,150.68851754425373,301.8658221923828,33.98674190612736,-21.864745110358083,134.36885362440367,176.98424840600347,111.8027609814462,-38.123761723013295,5.276770318524972,355.76415696772324,-87.1810888167894
1031,556.2470756579992,82.57325927363972,-113.77154095921637,231.55089412011262,249.75141495686955,218.8456312645148,242.44075520924338,49.99867062156808,10.789765122259201,199.47654105318767,240.54962873940423,9.090407542553564,-30.272637846199625,7.7884924886323965,490.87307058281823,-240.10893746744748
1032,613.8485921886704,81.35231587253037,-203.72934528781298,373.26089216691037,301.3186170619207,260.8373285424048,480.05246691536695,69.86851230851104,-4.233151479237293,262.1991932889612,296.3225682673081,56.2164492838678,-48.134590523121474,34.56655008629735,578.4937228317854,-271.07600307277795
1033,564.829736566698,72.16308784344184,-80.78069499084478,280.59054757304034,281.085913008851,221.66454071303917,477.2092844939346,46.1899950423222,-33.95778563337025,227.3685034625506,260.7850992400173,23.38346916761668,-29.340698716947855,39.699126326051825,538.5001920499872,-396.436537060582
1034,537.7120064935383,74.4530601779656,-195.0952380984437,332.65022275576587,260.4137362518763,229.07436874876942,412.8129916228932,96.45138484169665,3.6276018788131164,231.27504234358173,259.0537211715837,53.657688962796,-43.79475548760892,27.403570159270657,501.41334452260895,-213.7331800044839
1035,656.8278980630942,73.55207479674361,-99.57027997958235,257.0355275846991,304.47682915993477,236.9941682914795,342.78408352658045,64.60083066912291,-34.050323289491736,307.07608710173844,301.5686937710639,51.075444517006886,-49.58436229503103,89.05599208059341,578.3731305343654,-301.05557371108
1036,763.2966014333832,88.7186372184946,-133.2116809196698,251.08480715002554,294.3636363441088,250.28509025357826,466.67311562883083,66.79009185470444,-11.129754665549665,281.7128466439525,295.1329494486098,34.32985547157226,-47.53592743307795,47.40623003882175,639.3585255790699,-281.45241665398794
1037,672.3482573855497,83.29576927172327,-196.32909133408546,100.05213778191599,311.9957859036301,262.58453762234063,463.659554929036,67.11870393699107,-13.77950098570478,276.70648701822887,304.8147550325945,34.37538620499071,-43.973923770239956,36.790707872923356,590.6743646018704,-313.68509707466836
1039,655.3253327264816,81.020197395325,-91.45895269818423,321.5874136651696,325.82435529316245,253.74945295299344,524.6395206409878,55.68240341124977,-41.14624423261954,272.12524706277947,302.3394614776118,30.47550606015275,-33.75746364983729,55.991458833481836,613.2881611337824,-395.754396984205
1040,669.3869254100766,82.65543664272141,-199.69046477779222,98.55344857053386,310.6647410065487,261.04958774731887,464.9880052799785,66.74713284515201,-14.371037067765664,276.25458984178994,303.3702038606673,34.62491043455715,-43.887006680959225,37.32774508569131,588.1520489224808,-312.52954311993557
1041,656.5404186432689,70.29350977335795,-99.63340761209224,257.6309001331378,304.0110703519779,236.2655145121157,341.11896789369365,63.86049690453426,-34.424319251119606,309.0713250033846,301.667613132368,50.804703387142744,-49.84395840012565,88.72278251228632,577.8630008224605,-300.3200123863627
1042,781.4232056479643,89.42050797533864,-135.7363231409774,253.64468212790865,318.1836964097886,258.79281892843017,469.38187787874716,70.49308599837921,-8.723006742367838,284.2484756038781,304.25927850571884,33.32275265327833,-54.53192523571567,51.840754139627464,614.1934910545955,-279.8990595716161
1043,643.8097431556514,82.77697723676863,-112.3108275270505,340.9296318364334,322.7917613551385,256.9539423937534,542.1511812272462,56.78066520284601,-34.20410810487196,262.2269397056488,299.5969825519626,31.530710083784353,-33.63714520269663,45.03286031092599,609.187373983408,-384.4886816586976
1044,385.19463144071244,42.99232689928467,-75.24462420410687,156.8955163020165,178.60397010334185,137.2070025711216,276.99185510000666,33.29451173055563,-12.97662793622301,164.05802726161062,166.28213121307192,27.081815940692223,-8.137889179434719,12.55477945202736,526.9291839261936,-195.64514936616348
1045,619.6251473677083,79.24344504928975,-205.702885630494,364.1890638325923,300.4437318546056,259.3658518613924,453.01033627149883,72.1778521849566,-4.582425915118824,273.3455720149692,299.4273906980449,61.781486111081676,-51.946560447498285,43.65345840914191,577.2873832622658,-256.8761436356305
1046,331.7004755010707,27.54199444271719,9.57530632589139,131.5199754567309,101.47311274505938,71.9723540927839,321.14167473643613,5.753906091895122,-15.696396235437776,138.0988479734632,118.87366396550611,-41.71737165369129,-7.5513641558123386,-10.489874706319304,150.55399994981656,-118.86850434157063
1047,656.3275573022601,80.98865522048162,-93.71520137355998,324.58326992775795,326.74833361379734,254.6087038292945,529.0812613035508,56.145239480516956,-41.29684778152129,273.37956137541147,303.43854819674664,31.54145559097945,-34.187189929977855,56.47468843431199,614.8871059230034,-395.80667490338203
1048,569.8543770719637,80.86606522898663,-94.9878546344248,209.9655451855102,253.96824443506827,216.5800097397265,229.70370382910593,49.26477473211223,3.4950863949073003,210.72148118247654,244.52256061240425,8.562007172643336,-30.664575642878283,19.107963348422942,496.8878678705661,-252.62086167858916
1049,560.8167060716451,79.50329461725755,-92.03068794590922,210.44714700149487,249.46717193254113,212.3187619687797,221.53787438537205,48.17116845530937,3.1231101567254633,209.33154507693567,240.63051927904667,8.118964344318663,-30.210263962142196,18.54102904180895,488.57306729985316,-247.9267034206846
1050,313.74145768861,38.883258609102135,0.977392438076906,83.28885767389338,175.64870930185006,146.68785770678713,281.02547617054495,33.87318178579912,-26.78749073107994,143.34397638627257,178.41306504949253,116.13901572886788,-39.82514947617964,17.458941477035353,356.7142906365742,-86.50749447772426
1052,650.8104220569343,85.36797086160068,-194.6184794091943,89.43579332729637,299.7234087592568,257.1965183000901,436.7538088896637,63.58860503591544,-5.331329368939636,254.2650365347779,291.08140891559725,24.77109492035529,-39.55634252169368,20.99981334206594,570.584129559284,-301.8966025573908
1053,319.6819272867965,46.42178007837791,-63.903886193194786,117.09456581796017,153.16192959357653,132.30271729048928,248.84316827576092,25.627170454680577,4.0102315914903395,343.57013939811833,119.95368660166315,19.56702278578548,-14.995621282827528,11.698863640764369,297.5138197616971,-143.6125754963733
1054,672.3482573855497,83.29576927172327,-196.32909133408546,100.05213778191599,311.9957859036301,262.58453762234063,463.659554929036,67.11870393699107,-13.77950098570478,276.70648701822887,304.8147550325945,34.37538620499071,-43.973923770239956,36.790707872923356,590.6743646018704,-313.68509707466836
1055,259.33100638418233,5.067784648706456,-34.966165888145994,62.414004065242935,117.76335481526532,57.44521129320436,75.6120320510758,11.445507090245524,-14.768404108761285,46.65767464961175,60.542490014415044,49.16541463268434,7.006043520565965,7.881448481967079,60.372335760724376,-91.96661350449233
1056,388.17736795456426,49.33171757418403,-94.3491162837086,201.51226333132766,182.58846228188642,325.9582820351643,263.8495132255425,34.00930495415208,9.660940504839267,121.11030813497962,173.79777941155157,35.92642432116377,-33.63810568790031,14.87265572974374,353.56808031848453,-150.15849954238993
1057,763.2966014333832,88.7186372184946,-133.2116809196698,251.08480715002554,294.3636363441088,250.28509025357826,466.67311562883083,66.79009185470444,-11.129754665549665,281.7128466439525,295.1329494486098,34.32985547157226,-47.53592743307795,47.40623003882175,639.3585255790699,-281.45241665398794
1058,617.8738940177552,79.23937069002717,-205.73209989913732,362.0014890782659,298.9829249266402,258.60368563880763,447.01612775113875,72.04221229333105,-3.682548450576202,272.09056404192,298.24644362179373,61.33268006025706,-51.87927030036835,42.90857105269604,574.9210971942541,-253.98854875180552
1059,668.3229555564648,85.40871445422647,-194.32633672276108,111.31154087056052,314.3314780389106,264.8181805259378,496.6958940932642,64.94500395217105,-14.330104014365874,266.8151162652701,302.8908796781089,29.259155428601446,-40.22924399299309,28.448686906524657,594.246990239402,-330.7725513956408
1060,656.3275573022601,80.98865522048162,-93.71520137355998,324.58326992775795,326.74833361379734,254.6087038292945,529.0812613035508,56.145239480516956,-41.29684778152129,273.37956137541147,303.43854819674664,31.54145559097945,-34.187189929977855,56.47468843431199,614.8871059230034,-395.80667490338203
1061,650.8104220569343,85.36797086160068,-194.6184794091943,89.43579332729637,299.7234087592568,257.1965183000901,436.7538088896637,63.58860503591544,-5.331329368939636,254.2650365347779,291.08140891559725,24.77109492035529,-39.55634252169368,20.99981334206594,570.584129559284,-301.8966025573908
1062,596.3360586891399,81.3115722799046,-204.02148797424616,351.3851446236462,286.71054778226693,253.2156663165571,420.1103817117664,68.51211339225546,4.76562316618894,249.64911355846903,284.51309750479646,51.728388775621646,-47.46168905182207,27.117676521838632,554.8308621516675,-242.20005423452795
1063,310.8137816879196,50.87989665936855,-61.54422716947829,136.6227023715671,144.40657569451673,113.37749199249129,201.5138974347999,195.11804847792388,-4.787167447121047,137.36474210770973,136.9734062842961,28.547005805595827,-16.8519177931911,31.522002458099074,275.44570440953675,-130.60108345985688
1064,650.6845949685081,79.91244879188535,-89.4491083412859,319.74845159355436,322.7514235274601,250.83140434030207,525.9030454599723,54.862947356184634,-41.526112676645305,270.8975544691015,299.88957011071057,29.582779172228268,-33.37552540263167,55.57355993845966,606.3283114653642,-392.7625249287579
1065,190.7408735723002,25.070369108482254,-25.808114244208728,77.25227934682252,66.41348132343131,54.347247607528125,141.6894572810476,6.475395249251935,-6.354799198203088,73.70172166988716,69.19502575218677,264.3903569389592,-11.798515918089409,2.130981752394904,162.28915478769932,-66.72344867736766
1066,678.3099019353998,71.11391920122249,-120.27184027232889,234.98999967725686,315.996840905908,246.13426916539632,390.90521684027516,67.5156069151844,-37.475697926663955,320.58044602130593,313.68597244642785,60.875752744213464,-52.42157827143822,92.52621615759053,597.7050415398637,-313.4322650562704
1067,672.3482573855497,83.29576927172327,-196.32909133408546,100.05213778191599,311.9957859036301,262.58453762234063,463.659554929036,67.11870393699107,-13.77950098570478,276.70648701822887,304.8147550325945,34.37538620499071,-43.973923770239956,36.790707872923356,590.6743646018704,-313.68509707466836
1068,656.5404186432689,70.29350977335795,-99.63340761209224,257.6309001331378,304.0110703519779,236.2655145121157,341.11896789369365,63.86049690453426,-34.424319251119606,309.0713250033846,301.667613132368,50.804703387142744,-49.84395840012565,88.72278251228632,577.8630008224605,-300.3200123863627
1070,782.1972456058783,89.07773069830257,-136.10709166176255,253.34225224355646,319.10224299631983,258.8955230996741,468.05885594052495,70.5992612471921,-8.987395595091751,283.49533931502845,303.91225816883235,35.08416333137265,-53.712751894261416,51.640277465628785,610.2933718652923,-280.9624443788284
1071,650.8104220569343,85.36797086160068,-194.6184794091943,89.43579332729637,299.7234087592568,257.1965183000901,436.7538088896637,63.58860503591544,-5.331329368939636,254.2650365347779,291.08140891559725,24.77109492035529,-39.55634252169368,20.99981334206594,570.584129559284,-301.8966025573908
1072,782.9383783272302,92.03493041831608,-172.9979666111911,250.92500946209287,299.9413664719305,254.9053239357708,479.70411742443616,67.39924260794135,-13.193705082637809,290.7821496090501,300.9166786734904,32.383451662574544,-52.386910745062885,54.29980464315463,619.3611202697792,-284.4423329195071
1073,650.8104220569343,85.36797086160068,-194.6184794091943,89.43579332729637,299.7234087592568,257.1965183000901,436.7538088896637,63.58860503591544,-5.331329368939636,254.2650365347779,291.08140891559725,24.77109492035529,-39.55634252169368,20.99981334206594,570.584129559284,-301.8966025573908
1075,679.7627584738237,70.99480395276228,-119.19442648038184,235.12215937548993,316.0973309503753,246.0585249141166,393.51980501150115,67.41394024553546,-37.60509485340249,321.3532634646714,314.1838396249817,55.09625221103532,-52.36090597949806,92.11966895899046,596.4440429611174,-313.23817855952854
1076,672.3482573855497,83.29576927172327,-196.32909133408546,100.05213778191599,311.9957859036301,262.58453762234063,463.659554929036,67.11870393699107,-13.77950098570478,276.70648701822887,304.8147550325945,34.37538620499071,-43.973923770239956,36.790707872923356,590.6743646018704,-313.68509707466836
1077,568.7648898046077,80.78493725735271,-95.17591480572584,215.2045322114372,253.70798721552845,216.50039270005584,229.370835285548,49.36324489923903,3.6970254456098712,210.62916272295035,244.39119438418825,9.101153049748664,-30.82268257348085,19.2303206120184,496.5728025224138,-251.4269307121319
1078,656.5404186432689,70.29350977335795,-99.63340761209224,257.6309001331378,304.0110703519779,236.2655145121157,341.11896789369365,63.86049690453426,-34.424319251119606,309.0713250033846,301.667613132368,50.804703387142744,-49.84395840012565,88.72278251228632,577.8630008224605,-300.3200123863627
1079,765.3527817434829,84.17656575824455,-129.33490408008157,241.54583531721158,286.4018098244513,243.57396182208083,444.79007049207445,65.25203122114327,-11.779608139748971,269.5257943995995,285.4089292359361,38.465563185066905,-47.30796214084986,49.031461631637505,573.4916665088297,-269.5241748047626
1080,672.3482573855497,83.29576927172327,-196.32909133408546,100.05213778191599,311.9957859036301,262.58453762234063,463.659554929036,67.11870393699107,-13.77950098570478,276.70648701822887,304.8147550325945,34.37538620499071,-43.973923770239956,36.790707872923356,590.6743646018704,-313.68509707466836
1081,643.8097431556514,82.77697723676863,-112.3108275270505,340.9296318364334,322.7917613551385,256.9539423937534,542.1511812272462,56.78066520284601,-34.20410810487196,262.2269397056488,299.5969825519626,31.530710083784353,-33.63714520269663,45.03286031092599,609.187373983408,-384.4886816586976
1082,673.5086235582382,71.2912728398627,-123.08487255029054,289.3509917063751,316.56769052067966,248.18040313010138,388.92759475693725,69.2180979718686,-35.20583590235101,321.65777146308756,315.3200687097229,61.38043787001307,-54.32391353272935,93.76114048996719,600.2532391480121,-304.2907409504031
1083,670.5472915827654,70.65094021086082,-126.44624599399732,287.852302494993,315.2366456235983,246.6454532550796,390.25604510787974,68.84652688002953,-35.797371984411896,321.2058742866486,313.8755175377957,61.62996209957951,-54.236996443448625,94.29817770273515,597.7309234686226,-303.1351869956703
1084,666.0199143407061,70.05955877525936,-122.7356580085532,286.86854931398346,313.2106980682441,245.10046327185785,386.41558479261636,68.46268680788906,-35.711008053146244,319.08915339683097,315.16996610582737,61.38951476212665,-53.88937504800441,93.63020352709977,593.4934131070596,-300.8654486866266
1085,420.6982910309613,48.76830580725927,-263.2445869910647,140.27007164233072,187.15574236145875,139.75289894896736,295.7933528326713,30.784690307285725,-25.879778657434322,188.03430390100246,172.16363578782824,21.57736452807062,-26.47682810944442,46.082181250416134,370.4570185529348,-193.6492329754915
1086,559.1706239577862,74.5403897990237,-236.77252066693435,333.6470220847365,269.85047312054684,235.20504073860474,429.8482191264681,67.31926533420786,-0.3807357770783899,241.17135888361344,266.3933026771936,53.54540465033237,-45.82226050245941,30.979338449677854,522.9529150574489,-226.91816501801244
1087,650.6845949685081,79.91244879188535,-89.4491083412859,319.74845159355436,322.7514235274601,250.83140434030207,525.9030454599723,54.862947356184634,-41.526112676645305,270.8975544691015,299.88957011071057,29.582779172228268,-33.37552540263167,55.57355993845966,606.3283114653642,-392.7625249287579
1088,636.7759125833874,81.89947325442648,-110.11091517849759,337.9110759365271,318.3552321289502,253.43722496747867,540.4251787085227,55.56897593655025,-33.64529081370161,258.50575261380965,295.6211638387283,29.57083971978927,-32.764364594541426,42.86041757914188,599.9952759769246,-380.1869768791085
1089,587.3801198181316,72.01491295080599,-69.64989720430964,292.5814484943975,282.82266049176616,219.18094750382926,510.36902279145994,43.95774395952283,-36.49675705611206,237.40687064254922,264.1072016916021,11.943945896272533,-25.52049992923481,36.02157535240266,523.5994294070142,-354.0471819124561
1090,412.2073572376505,47.5681339174993,-260.63912377395155,134.79177298735075,182.87477158838823,135.81370821442277,288.83960220578734,29.566443074039015,-26.234347259327794,184.21137152211384,170.9144464647979,20.5204918893575,-25.612563344578913,45.46801468671854,362.09824772276096,-190.17166279253797
1091,764.9036438238313,89.24303144020402,-133.85182282575937,252.29469183109526,297.5418250026425,251.8069759642132,469.13229636749804,67.31419733242804,-10.824094525811553,283.1851147643804,297.017984375588,33.8155744183934,-48.25832374256453,47.687159289620745,643.4287080336464,-282.4899051306733
1092,596.3360586891399,81.3115722799046,-204.02148797424616,351.3851446236462,286.71054778226693,253.2156663165571,420.1103817117664,68.51211339225546,4.76562316618894,249.64911355846903,284.51309750479646,51.728388775621646,-47.46168905182207,27.117676521838632,554.8308621516675,-242.20005423452795
1093,479.64003252662434,102.34248310654465,-81.6879960359513,178.0233165363023,212.0008502065645,184.31586174539146,180.7623025363518,45.48124382815782,8.790571849693848,166.54798557657955,201.95368407494726,1.9759317868949473,-21.552490681866907,4.227672469608819,415.97701547626116,-212.46227780014738
1094,267.4526913789028,24.537014210219432,-25.19466342580256,98.54073964909101,67.71227090893771,70.62140586741023,180.86961222888795,12.355107923834927,-4.137885036820044,106.10443124862297,100.21993755042779,-33.760694110045286,-33.800768099237295,19.753448575892385,343.94297204061337,-65.64301216738068
1095,622.4055375843534,60.8402000676253,-81.38744578692297,242.28919976597294,278.0533933311518,211.60744224386684,362.51336162777903,56.910069600494104,-37.88996775105722,299.00505686891944,281.5463564262566,42.42281962515372,-46.75288239112905,85.66932025214673,518.0593076590799,-274.9774754879848
1096,759.7483382728187,86.2424050361064,-118.23313046970328,244.20733227558298,278.9254583642105,238.11389612012056,474.2505131286525,62.04047668761862,-10.656919191239604,278.34570377808745,286.7214990003825,20.93069773635126,-48.37527039781664,43.14645393566644,566.1389428226937,-262.57836644906575
1097,612.7148718554215,78.64126987806749,-205.05946614641238,360.4298524814685,296.79689669621996,256.5412276246564,446.45898899412384,74.95730836490475,-3.8522323084308208,270.62527562961515,296.0980878597959,61.721597115374,-51.59985500476256,43.15440468961765,570.4985552319965,-251.57203180676004
1098,658.4059536496487,70.76803017183461,-98.64444462516458,256.81403271499266,305.78520132246945,238.2088286847514,345.6321157622577,64.2891927383133,-34.31250280784528,307.7940108962863,303.0316206660636,52.883018805944964,-50.21529459498053,88.90308149098256,581.4985999138675,-300.4706185923284
1099,650.6845949685081,79.91244879188535,-89.4491083412859,319.74845159355436,322.7514235274601,250.83140434030207,525.9030454599723,54.862947356184634,-41.526112676645305,270.8975544691015,299.88957011071057,29.582779172228268,-33.37552540263167,55.57355993845966,606.3283114653642,-392.7625249287579
1100,560.8167060716451,79.50329461725755,-92.03068794590922,210.44714700149487,249.46717193254113,212.3187619687797,221.53787438537205,48.17116845530937,3.1231101567254633,209.33154507693567,240.63051927904667,8.118964344318663,-30.210263962142196,18.54102904180895,488.57306729985316,-247.9267034206846
1101,218.6526257042494,219.68320238628812,-41.627310561782124,86.21951915138717,98.29180474674162,83.06243605404308,159.90864710741982,-20.061531992351263,-9.116440177261593,96.08973143072457,104.92111558765532,11.869225794265533,-16.706110789842672,18.41700104770967,196.5615546370036,-92.35692836779344
1102,619.6251473677083,79.24344504928975,-205.702885630494,364.1890638325923,300.4437318546056,259.3658518613924,453.01033627149883,72.1778521849566,-4.582425915118824,273.3455720149692,299.4273906980449,61.781486111081676,-51.946560447498285,43.65345840914191,577.2873832622658,-256.8761436356305
1103,769.6925836627895,89.83700285632655,-134.26433905510635,254.39975573420423,297.96067576561984,253.24553069253264,471.4774646050344,67.67000814276645,-11.549864176596698,286.39133830252547,299.2747271719773,34.36009822288635,-48.597356201075264,49.01021966840862,648.2053631358699,-284.95320211728614
1104,677.6747947491846,83.6067607854485,-197.29259489345876,101.3385291835497,313.4505895774746,263.78457162603036,469.027480235664,67.63359680893979,-14.170983883170896,278.8738414871603,306.5308236094886,35.00453214764318,-44.51953790210148,37.71017259362624,594.0683776893318,-314.8133313584915
1105,682.0011358757621,71.6158960060789,-102.48649178547568,284.26403288634424,322.85995491461904,248.06880746923957,408.8940139974701,66.40897226471952,-42.849178607661436,322.9190223798915,317.23775900002124,56.27495260081891,-51.1292784827637,96.86094764695449,609.5255967251389,-332.69618851606
1106,670.5472915827654,70.65094021086082,-126.44624599399732,287.852302494993,315.2366456235983,246.6454532550796,390.25604510787974,68.84652688002953,-35.797371984411896,321.2058742866486,313.8755175377957,61.62996209957951,-54.236996443448625,94.29817770273515,597.7309234686226,-303.1351869956703
1107,378.1551221967791,49.64713932261782,-71.78662952995117,171.55370070544424,173.34867907553706,317.3657732721537,219.43210659991178,29.380944261480245,11.166975993856834,108.56716500865927,162.80691222020351,25.266929012896746,-29.340842886494702,10.040359721442178,337.57863242627224,-149.6357203506198
1108,621.1971023022049,78.964644571582,-228.232213846262,74.44890121347505,286.41295978844283,241.84701954987244,450.0383123990883,59.87289411752478,-11.246690189548476,249.74606477038833,276.63589719632523,27.26633721601968,-38.68717162888639,26.370185469745486,545.360972765388,-290.3410630100627
1109,595.6546587533624,60.62742992432595,-90.30131556877532,236.64315921825767,272.34708269864046,208.49516146120388,328.947105598123,56.815612478249584,-36.33048688795734,286.87799865465524,272.0695144517636,99.83990445349266,-46.814072810234926,88.76518371978729,521.8055069549623,-277.03716963094575
1110,658.4059536496487,70.76803017183461,-98.64444462516458,256.81403271499266,305.78520132246945,238.2088286847514,345.6321157622577,64.2891927383133,-34.31250280784528,307.7940108962863,303.0316206660636,52.883018805944964,-50.21529459498053,88.90308149098256,581.4985999138675,-300.4706185923284
1111,267.4526913789028,24.537014210219432,-25.19466342580256,98.54073964909101,67.71227090893771,70.62140586741023,180.86961222888795,12.355107923834927,-4.137885036820044,106.10443124862297,100.21993755042779,-33.760694110045286,-33.800768099237295,19.753448575892385,343.94297204061337,-65.64301216738068
1112,566.7227389344106,74.9082459898859,-237.6352224113139,336.39825250982494,273.40009881145295,237.8661675663394,433.3948852211911,64.79640247386479,-1.1497376544198985,245.13014179407944,270.0675857855245,54.223631071286036,-46.59251815901478,32.48804864951818,529.6077053577716,-230.6445146871999
1113,610.9279348605711,77.92618587508863,-204.84312171469645,360.2399601309119,295.6660879642878,255.28130578383264,443.62490751352595,71.31297191866858,-4.4070672883623665,272.04726070853735,295.58485523578696,61.41644088565376,-51.69657796917026,42.70250908331675,568.5203067609148,-250.54059937953522
1114,560.8167060716451,79.50329461725755,-92.03068794590922,210.44714700149487,249.46717193254113,212.3187619687797,221.53787438537205,48.17116845530937,3.1231101567254633,209.33154507693567,240.63051927904667,8.118964344318663,-30.210263962142196,18.54102904180895,488.57306729985316,-247.9267034206846
1115,672.3482573855497,83.29576927172327,-196.32909133408546,100.05213778191599,311.9957859036301,262.58453762234063,463.659554929036,67.11870393699107,-13.77950098570478,276.70648701822887,304.8147550325945,34.37538620499071,-43.973923770239956,36.790707872923356,590.6743646018704,-313.68509707466836
1116,311.46569241431615,45.260621005926176,-60.097876697875584,110.80279766545945,148.86704550578645,131.9535876089157,242.5227396592018,24.511595649995368,3.2142023369935653,340.7422678418133,115.78935974379104,18.18000230038704,-14.02734714703182,11.55860462947955,289.23002561268373,-140.6819293706575
1117,287.0934086234106,30.365318077921422,-54.04943753242108,125.80915114366793,132.6272541026923,101.16326975818214,220.77300299991333,22.3296594153438,-11.056469838083672,127.73973382744629,126.62328627321092,13.107259447371394,-5.222388975796675,6.035361940676874,467.00611750665945,-151.63783262392732
1119,473.3018700737815,43.66942866049251,-88.66901977913399,164.86779318549236,298.6999639428858,177.2987263626466,279.1162076822737,51.46044240493193,-1.8447230728864004,168.29199895841734,206.03689709081715,30.823112488380076,-37.96058271735472,32.12102695647565,372.756577800506,-189.6945025270677
1120,313.12074079133873,41.45131816688498,-17.99388067777899,50.24120558588715,175.2186875592241,150.68851754425373,301.8658221923828,33.98674190612736,-21.864745110358083,134.36885362440367,176.98424840600347,111.8027609814462,-38.123761723013295,5.276770318524972,355.76415696772324,-87.1810888167894
1121,679.3230720809928,71.26388813974005,-119.32632966591164,234.38272508160605,317.6275567242168,247.5975078444686,393.3782078234679,67.93285175971715,-37.83792880388856,321.2603386178684,315.33615013957177,58.15105534315872,-52.93148809036046,92.51180486332959,600.6387012876031,-312.93270744867107
1122,829.4487956526015,95.25830651501771,-139.08499974211617,274.68928395891857,322.4512608214154,272.7247933955477,494.5888847733683,73.82559637234246,-16.106384322819885,316.5148792632128,326.6456451428584,38.599773763621094,-57.29172463921083,64.30242815131032,657.7146624378437,-304.7944949286657
1123,385.19463144071244,42.99232689928467,-75.24462420410687,156.8955163020165,178.60397010334185,137.2070025711216,276.99185510000666,33.29451173055563,-12.97662793622301,164.05802726161062,166.28213121307192,27.081815940692223,-8.137889179434719,12.55477945202736,526.9291839261936,-195.64514936616348
1124,610.9279348605711,77.92618587508863,-204.84312171469645,360.2399601309119,295.6660879642878,255.28130578383264,443.62490751352595,71.31297191866858,-4.4070672883623665,272.04726070853735,295.58485523578696,61.41644088565376,-51.69657796917026,42.70250908331675,568.5203067609148,-250.54059937953522
1125,782.9383783272302,92.03493041831608,-172.9979666111911,250.92500946209287,299.9413664719305,254.9053239357708,479.70411742443616,67.39924260794135,-13.193705082637809,290.7821496090501,300.9166786734904,32.383451662574544,-52.386910745062885,54.29980464315463,619.3611202697792,-284.4423329195071
1126,274.15904785038373,14.015148260797044,17.90906507727827,88.29068035459059,64.53062385515469,40.732975613226785,243.05137314787987,-0.4793235926742993,-11.883383831502488,103.69879663885409,80.90568943264927,-35.83642491437229,-1.172598614035682,-16.433206199027406,60.745247082349984,-68.08302811175855
1127,655.3253327264816,81.020197395325,-91.45895269818423,321.5874136651696,325.82435529316245,253.74945295299344,524.6395206409878,55.68240341124977,-41.14624423261954,272.12524706277947,302.3394614776118,30.47550606015275,-33.75746364983729,55.991458833481836,613.2881611337824,-395.754396984205
1128,643.8097431556514,82.77697723676863,-112.3108275270505,340.9296318364334,322.7917613551385,256.9539423937534,542.1511812272462,56.78066520284601,-34.20410810487196,262.2269397056488,299.5969825519626,31.530710083784353,-33.63714520269663,45.03286031092599,609.187373983408,-384.4886816586976
1129,361.0573334084831,29.492800349511707,0.7007861811619299,119.19319334562502,97.81604078233944,73.3905914648787,310.07449362291175,8.666519607064675,-10.19234105362566,142.54382127371252,120.08310124856816,-39.94421548672681,-11.273175235130857,-10.348090693336042,151.98443258751237,-97.77411287825406
1130,556.8409369025878,73.90677654638004,-237.09593987792195,332.7362162891422,268.6795088985315,234.1875588945125,427.8933479191622,63.64875809865461,-0.7162240700190013,240.06802922966162,268.39155583529595,53.165564487329014,-45.667137313340255,30.602567849888807,520.6156309787539,-225.90938969928143
1131,666.5626644010541,69.97808802492416,-122.19589436584967,287.58946275902116,313.25085355832726,244.8580232751263,385.5363745193244,68.48885759720612,-35.930354740137176,321.6144681297049,312.6584803237161,61.46419869540977,-54.14122120153126,93.55507852058788,593.8524487146728,-300.84279157813285
1132,313.74145768861,38.883258609102135,0.977392438076906,83.28885767389338,175.64870930185006,146.68785770678713,281.02547617054495,33.87318178579912,-26.78749073107994,143.34397638627257,178.41306504949253,116.13901572886788,-39.82514947617964,17.458941477035353,356.7142906365742,-86.50749447772426
1133,656.3275573022601,80.98865522048162,-93.71520137355998,324.58326992775795,326.74833361379734,254.6087038292945,529.0812613035508,56.145239480516956,-41.29684778152129,273.37956137541147,303.43854819674664,31.54145559097945,-34.187189929977855,56.47468843431199,614.8871059230034,-395.80667490338203
1134,833.4688165133036,98.93411467624021,-160.06611721487042,243.4805939425276,325.09417084449177,279.64350184570566,514.1657059762218,74.75861254773584,-10.803770258072253,308.7674490950218,327.6667198662706,35.15624590412391,-55.9722751332501,52.53815588782211,663.7243784374108,-308.45996132317794
1135,781.9142235790769,89.56621557203118,-136.45769249364284,254.32639241527306,319.8065709896324,259.5563655256995,470.3794626480228,70.74244978566692,-8.895971362399429,284.7893581683487,304.91936222378837,34.494451492213756,-53.81746575762965,51.49780197374707,617.2700696912467,-282.04893008302975
1136,385.19463144071244,42.99232689928467,-75.24462420410687,156.8955163020165,178.60397010334185,137.2070025711216,276.99185510000666,33.29451173055563,-12.97662793622301,164.05802726161062,166.28213121307192,27.081815940692223,-8.137889179434719,12.55477945202736,526.9291839261936,-195.64514936616348
1137,758.103400095455,87.75004612529773,-126.34858822489541,245.25184444809793,278.83921853898283,243.31046670691066,459.0178746435723,64.43964252030204,-9.308684232541438,277.5980398525669,289.53921632287,22.023155243059183,-54.785236077306344,50.69327620574391,615.5694370385127,-261.0401972440526
1138,656.5404186432689,70.29350977335795,-99.63340761209224,257.6309001331378,304.0110703519779,236.2655145121157,341.11896789369365,63.86049690453426,-34.424319251119606,309.0713250033846,301.667613132368,50.804703387142744,-49.84395840012565,88.72278251228632,577.8630008224605,-300.3200123863627
1139,335.10506043288433,27.997108817996843,-11.398721401288835,87.21292028008014,98.70739886715293,73.73937102665336,308.94568159404577,8.041166197043378,-10.223047586054825,139.0150959645531,119.36872267650266,-40.9373956247237,-9.594656179892867,-14.330024898430995,146.03124064343422,-102.45464435966332
1140,765.488973358539,84.07465013669827,-128.55841838775038,241.53979811713174,286.48086660630526,243.12038900600433,446.54539501133223,65.0264334917224,-11.905289212349556,269.72996267748357,285.2278679091829,38.29734625048023,-46.67743695923771,48.26253185544159,569.2462868698434,-269.78664029568404
1141,759.9934645127045,87.78595547327852,-126.63812929910468,245.47758895745102,281.3130792042039,244.17150999152022,459.15644867474174,64.82055945955081,-9.094448325495648,277.7762891196745,290.41714719489227,22.09858602903922,-55.40291852342469,51.116680948424616,612.6629216671349,-260.99120001653665
1142,650.6845949685081,79.91244879188535,-89.4491083412859,319.74845159355436,322.7514235274601,250.83140434030207,525.9030454599723,54.862947356184634,-41.526112676645305,270.8975544691015,299.88957011071057,29.582779172228268,-33.37552540263167,55.57355993845966,606.3283114653642,-392.7625249287579
1143,658.4059536496487,70.76803017183461,-98.64444462516458,256.81403271499266,305.78520132246945,238.2088286847514,345.6321157622577,64.2891927383133,-34.31250280784528,307.7940108962863,303.0316206660636,52.883018805944964,-50.21529459498053,88.90308149098256,581.4985999138675,-300.4706185923284
1144,292.20362235999465,40.955460198979544,2.688004362968074,72.67251321927374,163.37633215747678,141.29983838453654,254.11973013117264,30.34308288472352,-18.3393191143148,120.90252590282154,164.67971893249526,106.53472444423245,-35.40756822763336,1.668046946177949,336.6240555939876,-74.71899996044671
1145,656.3275573022601,80.98865522048162,-93.71520137355998,324.58326992775795,326.74833361379734,254.6087038292945,529.0812613035508,56.145239480516956,-41.29684778152129,273.37956137541147,303.43854819674664,31.54145559097945,-34.187189929977855,56.47468843431199,614.8871059230034,-395.80667490338203
1146,680.9989112999835,71.64743818092228,-100.23024311009995,281.2681766237559,321.9359765939841,247.2095565929385,404.45227333490703,65.94613619545234,-42.69857505875968,321.6647080672594,316.13867228088645,55.20900306999221,-50.699552202623146,96.37771804612433,607.9266519359178,-332.64391059688296
1147,761.213287920954,83.81780223595227,-129.07671381255602,240.09255801815624,285.63120434609664,242.60080313878734,442.08435821362906,65.10722994098177,-11.743247207842215,267.93334658172313,283.93785934929775,39.23272118868026,-46.641761733842344,48.660049762836344,568.4574612333037,-268.87240264559784
1148,656.3275573022601,80.98865522048162,-93.71520137355998,324.58326992775795,326.74833361379734,254.6087038292945,529.0812613035508,56.145239480516956,-41.29684778152129,273.37956137541147,303.43854819674664,31.54145559097945,-34.187189929977855,56.47468843431199,614.8871059230034,-395.80667490338203
1149,672.3482573855497,83.29576927172327,-196.32909133408546,100.05213778191599,311.9957859036301,262.58453762234063,463.659554929036,67.11870393699107,-13.77950098570478,276.70648701822887,304.8147550325945,34.37538620499071,-43.973923770239956,36.790707872923356,590.6743646018704,-313.68509707466836
1150,764.0361168201151,84.19376538515847,-129.63583217969745,241.40763841889867,286.380376561838,243.19613325728406,443.9308068401063,65.12810016137135,-11.77589228561102,268.9571452341181,284.73000073062906,44.07684678365838,-46.738109251177875,48.66907905404165,570.5072854485898,-269.9807267924259
1151,292.20362235999465,40.955460198979544,2.688004362968074,72.67251321927374,163.37633215747678,141.29983838453654,254.11973013117264,30.34308288472352,-18.3393191143148,120.90252590282154,164.67971893249526,106.53472444423245,-35.40756822763336,1.668046946177949,336.6240555939876,-74.71899996044671
1152,833.4688165133036,98.93411467624021,-160.06611721487042,243.4805939425276,325.09417084449177,279.64350184570566,514.1657059762218,74.75861254773584,-10.803770258072253,308.7674490950218,327.6667198662706,35.15624590412391,-55.9722751332501,52.53815588782211,663.7243784374108,-308.45996132317794
1153,683.090623143118,71.69702397771282,-102.29843161417465,279.02504586041726,323.1202121341588,248.1484245089102,409.2268825410281,66.31050209759273,-43.05111765836401,323.01134083941764,317.36912522823724,55.73580672371358,-50.97117155216114,96.73859038335904,609.8406620732914,-333.89011948251726
1154,613.8485921886704,81.35231587253037,-203.72934528781298,373.26089216691037,301.3186170619207,260.8373285424048,480.05246691536695,69.86851230851104,-4.233151479237293,262.1991932889612,296.3225682673081,56.2164492838678,-48.134590523121474,34.56655008629735,578.4937228317854,-271.07600307277795
1155,552.2071951408509,68.20985056783763,-78.66685084874533,284.25595190113097,275.4480975576669,213.47318881861327,466.10628577234417,39.885446967813884,-42.21232324987454,208.05007686939615,247.8705185966339,15.816037568464882,12.013536274170999,32.54571435791964,524.8296577378261,-338.64525340548636
1156,560.8167060716451,79.50329461725755,-92.03068794590922,210.44714700149487,249.46717193254113,212.3187619687797,221.53787438537205,48.17116845530937,3.1231101567254633,209.33154507693567,240.63051927904667,8.118964344318663,-30.210263962142196,18.54102904180895,488.57306729985316,-247.9267034206846
1157,568.7648898046077,80.78493725735271,-95.17591480572584,215.2045322114372,253.70798721552845,216.50039270005584,229.370835285548,49.36324489923903,3.6970254456098712,210.62916272295035,244.39119438418825,9.101153049748664,-30.82268257348085,19.2303206120184,496.5728025224138,-251.4269307121319
1158,643.8097431556514,82.77697723676863,-112.3108275270505,340.9296318364334,322.7917613551385,256.9539423937534,542.1511812272462,56.78066520284601,-34.20410810487196,262.2269397056488,299.5969825519626,31.530710083784353,-33.63714520269663,45.03286031092599,609.187373983408,-384.4886816586976
1159,655.3253327264816,81.020197395325,-91.45895269818423,321.5874136651696,325.82435529316245,253.74945295299344,524.6395206409878,55.68240341124977,-41.14624423261954,272.12524706277947,302.3394614776118,30.47550606015275,-33.75746364983729,55.991458833481836,613.2881611337824,-395.754396984205
1160,762.5857274414725,84.2567955857572,-129.4250863242022,240.5842808251746,288.97479963224725,242.9701349540696,442.73355066321466,65.00491392878303,-11.711046049149893,268.4068490642544,284.3819667352046,39.18146929704142,-46.705010968501014,48.59767739719101,568.8260463032498,-269.4929158127612
1161,610.9279348605711,77.92618587508863,-204.84312171469645,360.2399601309119,295.6660879642878,255.28130578383264,443.62490751352595,71.31297191866858,-4.4070672883623665,272.04726070853735,295.58485523578696,61.41644088565376,-51.69657796917026,42.70250908331675,568.5203067609148,-250.54059937953522
1162,334.9990503624966,43.9098371797005,-42.613809287937976,113.91279543660438,165.4173987818512,113.61175146159628,246.11193345706602,38.76047580949283,155.5339014593551,163.29577219498492,180.88285620417662,28.211403038529692,-19.03594451761923,87.77580723499,311.73489040091306,-151.93720311407566
1163,549.7833357158734,73.93024382940546,-193.96031660576372,331.72596852119733,269.23722575965843,232.80978824412543,424.34694947858264,66.48412678815964,35.102877659157606,240.43329831540234,272.0312472126211,55.763628679543196,-45.19028669667786,40.92341976659898,518.1830686852115,-222.31256429875214
1164,209.32319892549884,218.02360061363345,-39.80121685862683,82.79777299386586,94.60355911187203,79.50063042498245,152.72590016229626,-21.06410794113136,-9.243533503944573,91.73737980138144,100.58919663372669,12.276980576369578,-15.58991025093342,17.64809053418185,186.55295233080736,-89.03774134481408
1165,758.103400095455,87.75004612529773,-126.34858822489541,245.25184444809793,278.83921853898283,243.31046670691066,459.0178746435723,64.43964252030204,-9.308684232541438,277.5980398525669,289.53921632287,22.023155243059183,-54.785236077306344,50.69327620574391,615.5694370385127,-261.0401972440526
1166,613.8485921886704,81.35231587253037,-203.72934528781298,373.26089216691037,301.3186170619207,260.8373285424048,480.05246691536695,69.86851230851104,-4.233151479237293,262.1991932889612,296.3225682673081,56.2164492838678,-48.134590523121474,34.56655008629735,578.4937228317854,-271.07600307277795
1167,315.83316953174443,38.93284440589268,-1.0907960659978042,81.04572691055472,176.8329448420248,147.62672562275884,285.80008537666595,34.2375476879395,-27.140033330684272,144.6906091584308,179.64351799684337,116.66581938258925,-40.09676882571763,17.819813814270056,358.6283007739478,-87.75370336335854
1168,672.3482573855497,83.29576927172327,-196.32909133408546,100.05213778191599,311.9957859036301,262.58453762234063,463.659554929036,67.11870393699107,-13.77950098570478,276.70648701822887,304.8147550325945,34.37538620499071,-43.973923770239956,36.790707872923356,590.6743646018704,-313.68509707466836
1169,119.12912222522017,-21.02922020003086,-11.095827523959727,31.873491891491227,47.51956060823396,36.79217897039685,78.64621316575553,219.29621723443432,-16.481778483216125,39.54531169238064,46.460078820827256,-8.75772123151742,-10.968565545982791,-0.5483974441740432,97.6638292777301,-51.71764504961849
1170,264.83420375891245,31.388886042486213,-46.268923614141976,115.84016221075967,95.57372531437866,74.288089975757,163.370135531268,13.14657945078764,-9.575824334392541,110.60435453119653,97.08512746854738,252.82269183243008,-14.396948677197756,18.92439354652876,212.39758931762145,-114.37296974151634
1171,215.5558434627972,32.17892684938954,6.8152449882424975,90.46541616156382,98.56215572525895,85.5241782344378,162.42153353393942,18.790650454305766,1.269080800637996,76.54574150474575,281.8302097608405,7.4928507256081165,-14.521184669334431,6.604673821363049,194.2722999767244,-94.68403659331207
1172,772.2214229596469,85.23198453692845,-132.63645124872343,241.13562942540833,290.73803391218235,246.97730553466744,450.05647939846887,66.21025544892792,-11.877963367928118,272.30428804331973,288.908212223435,39.71687679212609,-47.33099455598132,49.041303087698466,578.1201466756349,-274.02472123676546
1173,643.8097431556514,82.77697723676863,-112.3108275270505,340.9296318364334,322.7917613551385,256.9539423937534,542.1511812272462,56.78066520284601,-34.20410810487196,262.2269397056488,299.5969825519626,31.530710083784353,-33.63714520269663,45.03286031092599,609.187373983408,-384.4886816586976
1174,781.4232056479643,89.42050797533864,-135.7363231409774,253.64468212790865,318.1836964097886,258.79281892843017,469.38187787874716,70.49308599837921,-8.723006742367838,284.2484756038781,304.25927850571884,33.32275265327833,-54.53192523571567,51.840754139627464,614.1934910545955,-279.8990595716161
1175,667.6929850882229,82.55763642667337,-195.32297419723722,98.0862201716711,310.2484537013693,260.5439498150975,464.08321170571764,66.91590527658148,-10.745775536407914,275.7849054939222,303.56657000337697,34.77891019538286,-43.74678353472554,38.17128219739939,587.0095852552248,-311.6963480810908
1176,560.8167060716451,79.50329461725755,-92.03068794590922,210.44714700149487,249.46717193254113,212.3187619687797,221.53787438537205,48.17116845530937,3.1231101567254633,209.33154507693567,240.63051927904667,8.118964344318663,-30.210263962142196,18.54102904180895,488.57306729985316,-247.9267034206846
1177,388.17736795456426,49.33171757418403,-94.3491162837086,201.51226333132766,182.58846228188642,325.9582820351643,263.8495132255425,34.00930495415208,9.660940504839267,121.11030813497962,173.79777941155157,35.92642432116377,-33.63810568790031,14.87265572974374,353.56808031848453,-150.15849954238993
1178,560.8167060716451,79.50329461725755,-92.03068794590922,210.44714700149487,249.46717193254113,212.3187619687797,221.53787438537205,48.17116845530937,3.1231101567254633,209.33154507693567,240.63051927904667,8.118964344318663,-30.210263962142196,18.54102904180895,488.57306729985316,-247.9267034206846
1179,390.29646012989576,49.530049361644046,-99.58843089878391,202.59197048544465,182.80012337666588,325.80239784248187,264.0560359455338,33.93827840319647,9.682106817290215,121.97902839902157,173.6508090919356,34.01387230653129,-33.362544734962796,15.435455933194751,353.81095598102735,-152.30028875396175
1180,494.6346082768763,76.90767290247668,-84.48271667820941,185.8759655262552,218.65134944631788,189.62854235999126,192.45196101346295,74.52127064463323,10.598962032730583,172.28051380381922,208.07520392807774,2.3200827854559747,-23.18122208873606,5.414532849546971,430.65820306803045,-215.42098882522234
1181,762.5857274414725,84.2567955857572,-129.4250863242022,240.5842808251746,288.97479963224725,242.9701349540696,442.73355066321466,65.00491392878303,-11.711046049149893,268.4068490642544,284.3819667352046,39.18146929704142,-46.705010968501014,48.59767739719101,568.8260463032498,-269.4929158127612
1182,204.44966547853187,20.512146818629407,-36.73506008779279,81.78949301628013,59.597327845147646,45.12155336731856,114.70036255549985,4.7266695504907394,-4.866334656845706,64.73178444134963,56.20247173551482,252.70060421111705,-4.260984981956222,3.059074614917042,124.95694076907063,-77.6057545085329
1183,758.3864221222564,87.2615612515691,-125.9979873930151,244.2677042763813,278.1348905456702,242.6496242808853,456.69726793607447,64.29645398182721,-9.40010846523376,276.30402099924663,288.532112267914,22.612867082218077,-54.68052221393811,50.835751697625625,608.5927392125583,-259.9537115398513
1184,765.3527817434829,84.17656575824455,-129.33490408008157,241.54583531721158,286.4018098244513,243.57396182208083,444.79007049207445,65.25203122114327,-11.779608139748971,269.5257943995995,285.4089292359361,38.465563185066905,-47.30796214084986,49.031461631637505,573.4916665088297,-269.5241748047626
1185,657.4170445696159,81.06978319211555,-93.52714120225896,319.344282901831,327.00859083333717,254.68832086896518,529.4141298471088,56.04676931339016,-41.498786832223864,273.4718798349377,303.56991442496263,31.002309713874123,-34.029082999375284,56.35233117071654,615.202171271156,-397.00060586983926
1186,408.18047688435263,50.55662782354628,-281.8402131445552,156.61643355100614,183.19917010279985,142.0981375134263,308.86327275636665,31.420116029614782,-18.78703898078499,176.88168223123978,168.32207014304421,21.56661902087552,-25.926783382163194,34.640353127030124,364.75728661333926,-182.33123973080706
1187,633.7874973978662,83.09239898520241,-89.74834077329307,310.97106921054996,313.55197814878915,248.36143363074285,497.7337746016154,52.152304510174176,-32.69807261585439,249.6837965793285,288.6061153606145,20.871214775517334,-29.339882401291025,40.20056430262443,593.1979260911958,-383.96590246692745
1188,656.3275573022601,80.98865522048162,-93.71520137355998,324.58326992775795,326.74833361379734,254.6087038292945,529.0812613035508,56.145239480516956,-41.29684778152129,273.37956137541147,303.43854819674664,31.54145559097945,-34.187189929977855,56.47468843431199,614.8871059230034,-395.80667490338203
1189,758.3864221222564,87.2615612515691,-125.9979873930151,244.2677042763813,278.1348905456702,242.6496242808853,456.69726793607447,64.29645398182721,-9.40010846523376,276.30402099924663,288.532112267914,22.612867082218077,-54.68052221393811,50.835751697625625,608.5927392125583,-259.9537115398513
1190,378.7986492113062,41.87396126145272,-74.19196606867028,153.58056771783782,175.00693068183085,134.24656213216724,272.1875061238031,32.41459544249362,-12.55651842517598,159.37953560303768,162.14035348970435,27.051573189378136,-7.076460411437408,10.950789822440486,518.0823463693936,-192.1443639028653
1191,656.5404186432689,70.29350977335795,-99.63340761209224,257.6309001331378,304.0110703519779,236.2655145121157,341.11896789369365,63.86049690453426,-34.424319251119606,309.0713250033846,301.667613132368,50.804703387142744,-49.84395840012565,88.72278251228632,577.8630008224605,-300.3200123863627
1192,398.2986748525298,49.555158380040425,-281.3009306111633,152.95439733032342,178.47858018987836,138.4195288415994,303.36173545433775,30.27247165440463,-18.35352539638409,171.81956966682193,166.64604019281563,20.508552436918503,-25.001402536488662,32.754872327400754,355.76521223432144,-177.5961147428886
1193,318.67970271101797,46.45332225322128,-61.64763751781904,114.09870955537183,152.23795127294161,131.4434664141882,244.40142761319785,25.164334385413397,4.160835140392095,342.3158250854863,118.85459988252835,18.501073254958776,-14.565895002686966,11.215634039934212,295.91487497247584,-143.56029757719628
1194,287.0934086234106,30.365318077921422,-54.04943753242108,125.80915114366793,132.6272541026923,101.16326975818214,220.77300299991333,22.3296594153438,-11.056469838083672,127.73973382744629,126.62328627321092,13.107259447371394,-5.222388975796675,6.035361940676874,467.00611750665945,-151.63783262392732
1195,672.3482573855497,83.29576927172327,-196.32909133408546,100.05213778191599,311.9957859036301,262.58453762234063,463.659554929036,67.11870393699107,-13.77950098570478,276.70648701822887,304.8147550325945,34.37538620499071,-43.973923770239956,36.790707872923356,590.6743646018704,-313.68509707466836
1196,656.5404186432689,70.29350977335795,-99.63340761209224,257.6309001331378,304.0110703519779,236.2655145121157,341.11896789369365,63.86049690453426,-34.424319251119606,309.0713250033846,301.667613132368,50.804703387142744,-49.84395840012565,88.72278251228632,577.8630008224605,-300.3200123863627
1197,655.8072415586474,70.17783688817227,-99.45548842701305,256.93142373986075,303.5594043315158,236.24292535870975,341.58195607213304,63.39863260599454,-34.72380244181397,305.2718787195885,300.48131612161563,50.2698772214901,-45.92521210962861,88.29566552507393,577.9046299306851,-299.4822265511502
1198,639.1995954093587,65.51435981200302,-135.09962379297417,245.69192836830413,295.47226201736083,225.43842962056274,363.16261694735914,61.38891923275479,-40.00664413140839,306.7630110413091,291.59975837599694,53.84533080006291,-49.70309397037798,95.21868133004804,562.4346475493653,-293.34065649512803
1199,255.46767427790883,26.171402904941324,-23.27905404947851,94.89744675166462,63.40638908069767,66.82764578810928,173.7755823175339,11.85130844181237,-4.0969250155122205,101.89853554466275,95.74336122622277,-34.03533809743691,-32.81286553108306,18.961131454117297,334.65829823171754,-61.80238983600453
1200,556.8409369025878,73.90677654638004,-237.09593987792195,332.7362162891422,268.6795088985315,234.1875588945125,427.8933479191622,63.64875809865461,-0.7162240700190013,240.06802922966162,268.39155583529595,53.165564487329014,-45.667137313340255,30.602567849888807,520.6156309787539,-225.90938969928143
1201,324.21018775932544,27.185829101657617,-13.279323114299206,139.60279053935014,96.10482667175495,72.94320062994676,305.61699615846635,9.025867868311373,-8.20365707902911,138.09191136929132,118.05506039434253,-35.545936853670426,-11.175725485918548,-13.106452262476456,142.8805871619109,-90.51533469509077
1202,672.3482573855497,83.29576927172327,-196.32909133408546,100.05213778191599,311.9957859036301,262.58453762234063,463.659554929036,67.11870393699107,-13.77950098570478,276.70648701822887,304.8147550325945,34.37538620499071,-43.973923770239956,36.790707872923356,590.6743646018704,-313.68509707466836
1203,760.961476458622,92.45724858873794,-132.6578946468738,250.19553560794014,291.3915331385421,249.6302425444756,460.8482263448619,100.26591424206896,-8.975182840575156,280.64823725039156,293.878632772784,33.77737991807958,-50.461928681812225,51.38776888469122,600.3588574410996,-271.83270301638026
1204,758.3864221222564,87.2615612515691,-125.9979873930151,244.2677042763813,278.1348905456702,242.6496242808853,456.69726793607447,64.29645398182721,-9.40010846523376,276.30402099924663,288.532112267914,22.612867082218077,-54.68052221393811,50.835751697625625,608.5927392125583,-259.9537115398513
1205,311.7337435538337,45.14013743828274,-60.758659333378155,112.33718060801786,148.92111431058922,128.12108655921315,241.01020737558497,24.435094010750923,3.436316302605931,342.27252175210367,116.19301149652158,18.584834080355474,-14.383202671488876,11.00957207055492,289.5140845391365,-140.11234820492598
1206,559.6889083621465,74.03074200754374,-235.43531006276095,333.3796966099186,268.96356958526474,234.34945014006465,431.6688827024675,63.584713207569,-0.5909203632495378,241.4089547022403,266.0917670722902,52.263760707290956,-45.71973755085958,30.315605917734064,520.4156073512884,-226.3428099076108
1207,311.7337435538337,45.14013743828274,-60.758659333378155,112.33718060801786,148.92111431058922,128.12108655921315,241.01020737558497,24.435094010750923,3.436316302605931,342.27252175210367,116.19301149652158,18.584834080355474,-14.383202671488876,11.00957207055492,289.5140845391365,-140.11234820492598
1209,655.3253327264816,81.020197395325,-91.45895269818423,321.5874136651696,325.82435529316245,253.74945295299344,524.6395206409878,55.68240341124977,-41.14624423261954,272.12524706277947,302.3394614776118,30.47550606015275,-33.75746364983729,55.991458833481836,613.2881611337824,-395.754396984205
1210,556.8409369025878,73.90677654638004,-237.09593987792195,332.7362162891422,268.6795088985315,234.1875588945125,427.8933479191622,63.64875809865461,-0.7162240700190013,240.06802922966162,268.39155583529595,53.165564487329014,-45.667137313340255,30.602567849888807,520.6156309787539,-225.90938969928143
1211,535.6942645141527,77.50618898985236,-196.1529766383913,332.13228333158844,260.63558986318304,229.3986912858495,409.8233621991827,97.28193428668794,3.6569474466805905,230.4641937022309,258.74310479117406,54.90491780598131,-43.73440529852183,27.948616653220633,502.4825334695926,-214.01266401237802
1212,697.6798134638772,87.359520361021,-203.20085686749056,98.98475875945466,310.6744060761906,266.23641789803264,485.6287129797399,67.8576174673406,-8.826048832553754,271.2600895655194,304.1003169611709,31.03231159556592,-43.951055072311604,28.590470919507922,595.6774228770977,-309.67815993232415
1213,604.1741776431369,76.68907269518373,-123.36207521036081,295.9841770967287,300.24152917797517,233.01193488052516,511.01827811104,48.43659359178351,-38.61343343646323,245.16482481493892,274.1606036413425,23.366457071181724,-28.47071150848374,45.57093643030398,567.9747692972999,-372.4103629195994
1214,753.3715455782095,120.67978769948697,-130.16474983030915,244.21483400008393,286.89472568659716,246.92342407074324,456.96885425923756,57.10195014202453,-10.54907772391903,276.5962068915417,291.77587072582423,31.9242249237538,-51.21442253728562,50.330324424720196,591.6219943891443,-268.5123368051301
1215,336.0012749382751,43.87829500485713,-44.87005796331372,116.90865169919272,166.34137710248615,114.47100233789735,250.5536741196291,39.223311878760015,155.38329791045334,164.55008650761692,181.9819429233114,29.277352569356392,-19.465670797759792,88.25903683582015,313.3338351901343,-151.98948103325267
1216,567.1419483315581,83.38453898997894,-111.890939246206,179.16102386084265,252.35398715226756,219.6418016612214,245.7694406448228,49.01396895030009,8.770374615233486,200.39972564844945,241.86329102156435,3.6989487715002918,-28.691568540173947,6.564919852677859,494.0237240643415,-252.04824713202004
1217,587.3801198181316,72.01491295080599,-69.64989720430964,292.5814484943975,282.82266049176616,219.18094750382926,510.36902279145994,43.95774395952283,-36.49675705611206,237.40687064254922,264.1072016916021,11.943945896272533,-25.52049992923481,36.02157535240266,523.5994294070142,-354.0471819124561
1218,398.2986748525298,49.555158380040425,-281.3009306111633,152.95439733032342,178.47858018987836,138.4195288415994,303.36173545433775,30.27247165440463,-18.35352539638409,171.81956966682193,166.64604019281563,20.508552436918503,-25.001402536488662,32.754872327400754,355.76521223432144,-177.5961147428886
1219,833.4688165133036,98.93411467624021,-160.06611721487042,243.4805939425276,325.09417084449177,279.64350184570566,514.1657059762218,74.75861254773584,-10.803770258072253,308.7674490950218,327.6667198662706,35.15624590412391,-55.9722751332501,52.53815588782211,663.7243784374108,-308.45996132317794
1220,213.71419403610648,12.720933925146793,25.880269884132613,72.31641020867741,42.3529117198992,25.93804377436078,223.03743042922142,-4.11998169945456,-8.155026689518106,89.78787816098767,64.39936666201096,-46.80344708497699,-1.7938721249525116,-19.917482971441565,39.42346257709783,-45.71551601831221
1221,758.3864221222564,87.2615612515691,-125.9979873930151,244.2677042763813,278.1348905456702,242.6496242808853,456.69726793607447,64.29645398182721,-9.40010846523376,276.30402099924663,288.532112267914,22.612867082218077,-54.68052221393811,50.835751697625625,608.5927392125583,-259.9537115398513
1222,760.64101111114,92.01262768587117,-133.12216524650103,250.86326041012046,293.7460001507383,250.05313580333794,466.7618326626003,67.28886832146198,-10.961701317558864,281.85930256933545,294.9882920783334,33.64745670207659,-47.664225403832965,47.38282343057448,640.0824540763703,-280.93098134559114
1223,679.3230720809928,71.26388813974005,-119.32632966591164,234.38272508160605,317.6275567242168,247.5975078444686,393.3782078234679,67.93285175971715,-37.83792880388856,321.2603386178684,315.33615013957177,58.15105534315872,-52.93148809036046,92.51180486332959,600.6387012876031,-312.93270744867107
1224,763.2966014333832,88.7186372184946,-133.2116809196698,251.08480715002554,294.3636363441088,250.28509025357826,466.67311562883083,66.79009185470444,-11.129754665549665,281.7128466439525,295.1329494486098,34.32985547157226,-47.53592743307795,47.40623003882175,639.3585255790699,-281.45241665398794
1225,521.4489665138182,68.99443163387119,-200.52934255687273,326.56072069973004,253.140623257911,222.4162677341221,394.9902820685577,60.95800175246013,-0.28609834176335885,223.96293289590292,283.0120714658409,51.819157696757465,-43.11630420457263,25.808306893164296,487.23260174214215,-207.94713159676297
1226,758.3864221222564,87.2615612515691,-125.9979873930151,244.2677042763813,278.1348905456702,242.6496242808853,456.69726793607447,64.29645398182721,-9.40010846523376,276.30402099924663,288.532112267914,22.612867082218077,-54.68052221393811,50.835751697625625,608.5927392125583,-259.9537115398513
1227,326.51777961319425,204.9737041337911,-58.86779494869858,119.00915522822469,137.0447412009021,117.2062767677517,223.75491630960633,-15.527336654148248,-9.485080369031998,133.9427927663666,145.21030250550047,14.341021680790218,-25.597233903230777,25.547855143685453,280.1236189170664,-126.92252935017883
1228,600.0061805488905,76.9813266969819,-175.83906769550887,63.65182967230524,284.29634884064814,243.4058614766966,447.97308519917567,60.583159627080896,-11.45835331405795,241.05886212996873,278.10560039248503,46.39185736234448,-41.44278115826155,20.742183435235365,542.9322161399602,-268.92317089434465
1229,376.4665080263515,27.496418038494635,-70.12749647091654,129.99120700259445,263.47195081545476,140.9741390327852,206.55524034040062,41.081390375957824,-2.782705396393204,124.4026736184905,162.03776538768568,33.85515574330071,-27.01479949736766,24.198614260749604,271.90505372226687,-155.4079884980603
1230,259.0576485798745,33.49775686572682,-44.295383271460956,124.91199054507778,96.44861052169375,75.75956665676937,190.41226617513615,10.83723957434207,-9.22654989851101,99.45797580518854,93.98030503781061,247.2576550052162,-10.584978752820941,9.837485223684197,213.60392888714097,-128.57282917866377
1231,758.3864221222564,87.2615612515691,-125.9979873930151,244.2677042763813,278.1348905456702,242.6496242808853,456.69726793607447,64.29645398182721,-9.40010846523376,276.30402099924663,288.532112267914,22.612867082218077,-54.68052221393811,50.835751697625625,608.5927392125583,-259.9537115398513
1232,567.1419483315581,83.38453898997894,-111.890939246206,179.16102386084265,252.35398715226756,219.6418016612214,245.7694406448228,49.01396895030009,8.770374615233486,200.39972564844945,241.86329102156435,3.6989487715002918,-28.691568540173947,6.564919852677859,494.0237240643415,-252.04824713202004
1233,599.8919506618606,74.15488007971894,-86.19061398426773,297.7422952705075,321.05684892362916,236.29560300517332,498.6395187364912,51.28331968986115,-34.07417300559418,237.51220547442182,276.47624097283943,25.02166417386001,-30.012774826787684,42.678101692330316,558.1415198765361,-367.8358305797069
1234,759.7483382728187,86.2424050361064,-118.23313046970328,244.20733227558298,278.9254583642105,238.11389612012056,474.2505131286525,62.04047668761862,-10.656919191239604,278.34570377808745,286.7214990003825,20.93069773635126,-48.37527039781664,43.14645393566644,566.1389428226937,-262.57836644906575
1235,672.3482573855497,83.29576927172327,-196.32909133408546,100.05213778191599,311.9957859036301,262.58453762234063,463.659554929036,67.11870393699107,-13.77950098570478,276.70648701822887,304.8147550325945,34.37538620499071,-43.973923770239956,36.790707872923356,590.6743646018704,-313.68509707466836
1236,643.8097431556514,82.77697723676863,-112.3108275270505,340.9296318364334,322.7917613551385,256.9539423937534,542.1511812272462,56.78066520284601,-34.20410810487196,262.2269397056488,299.5969825519626,31.530710083784353,-33.63714520269663,45.03286031092599,609.187373983408,-384.4886816586976
1237,310.8137816879196,50.87989665936855,-61.54422716947829,136.6227023715671,144.40657569451673,113.37749199249129,201.5138974347999,195.11804847792388,-4.787167447121047,137.36474210770973,136.9734062842961,28.547005805595827,-16.8519177931911,31.522002458099074,275.44570440953675,-130.60108345985688
1238,238.66582242107012,20.90275508611458,-72.25113413593807,137.30669128940355,99.95737943058863,87.98727780608382,135.49892528848622,11.414508118127609,184.98081555568595,87.93472879622745,70.08212320993454,10.17024504669883,-18.627271398501808,-44.67597070505385,195.76770801201852,-101.36410358462618
1239,664.4886023762316,71.57515241345311,-102.77863447190886,262.3882853430801,308.2518856349652,240.44714524339182,348.95192879386957,65.05257334846394,-33.8504039622352,310.36894264939923,305.4282882375096,51.78689209257274,-50.456377011464305,89.41207408249578,585.862736045021,-303.82023967781
1240,614.9125620422824,78.5990380610253,-209.0934733428441,360.5027998668837,297.6518800295588,257.06873576378587,448.34457810208124,71.67064120149199,-4.274084532637086,271.638666865481,296.80189244986656,61.5822042898235,-51.792353211087615,43.445608265463996,572.3987815148645,-252.83299479707273
1241,560.8167060716451,79.50329461725755,-92.03068794590922,210.44714700149487,249.46717193254113,212.3187619687797,221.53787438537205,48.17116845530937,3.1231101567254633,209.33154507693567,240.63051927904667,8.118964344318663,-30.210263962142196,18.54102904180895,488.57306729985316,-247.9267034206846
1242,656.3275573022601,80.98865522048162,-93.71520137355998,324.58326992775795,326.74833361379734,254.6087038292945,529.0812613035508,56.145239480516956,-41.29684778152129,273.37956137541147,303.43854819674664,31.54145559097945,-34.187189929977855,56.47468843431199,614.8871059230034,-395.80667490338203
1243,658.4059536496487,70.76803017183461,-98.64444462516458,256.81403271499266,305.78520132246945,238.2088286847514,345.6321157622577,64.2891927383133,-34.31250280784528,307.7940108962863,303.0316206660636,52.883018805944964,-50.21529459498053,88.90308149098256,581.4985999138675,-300.4706185923284
1244,315.83316953174443,38.93284440589268,-1.0907960659978042,81.04572691055472,176.8329448420248,147.62672562275884,285.80008537666595,34.2375476879395,-27.140033330684272,144.6906091584308,179.64351799684337,116.66581938258925,-40.09676882571763,17.819813814270056,358.6283007739478,-87.75370336335854
1245,643.8097431556514,82.77697723676863,-112.3108275270505,340.9296318364334,322.7917613551385,256.9539423937534,542.1511812272462,56.78066520284601,-34.20410810487196,262.2269397056488,299.5969825519626,31.530710083784353,-33.63714520269663,45.03286031092599,609.187373983408,-384.4886816586976
1246,617.8738940177552,79.23937069002717,-205.73209989913732,362.0014890782659,298.9829249266402,258.60368563880763,447.01612775113875,72.04221229333105,-3.682548450576202,272.09056404192,298.24644362179373,61.33268006025706,-51.87927030036835,42.90857105269604,574.9210971942541,-253.98854875180552
1247,656.5404186432689,70.29350977335795,-99.63340761209224,257.6309001331378,304.0110703519779,236.2655145121157,341.11896789369365,63.86049690453426,-34.424319251119606,309.0713250033846,301.667613132368,50.804703387142744,-49.84395840012565,88.72278251228632,577.8630008224605,-300.3200123863627
1249,324.21018775932544,27.185829101657617,-13.279323114299206,139.60279053935014,96.10482667175495,72.94320062994676,305.61699615846635,9.025867868311373,-8.20365707902911,138.09191136929132,118.05506039434253,-35.545936853670426,-11.175725485918548,-13.106452262476456,142.8805871619109,-90.51533469509077
1250,677.6747947491846,83.6067607854485,-197.29259489345876,101.3385291835497,313.4505895774746,263.78457162603036,469.027480235664,67.63359680893979,-14.170983883170896,278.8738414871603,306.5308236094886,35.00453214764318,-44.51953790210148,37.71017259362624,594.0683776893318,-314.8133313584915
1251,758.3864221222564,87.2615612515691,-125.9979873930151,244.2677042763813,278.1348905456702,242.6496242808853,456.69726793607447,64.29645398182721,-9.40010846523376,276.30402099924663,288.532112267914,22.612867082218077,-54.68052221393811,50.835751697625625,608.5927392125583,-259.9537115398513
1252,600.0061805488905,76.9813266969819,-175.83906769550887,63.65182967230524,284.29634884064814,243.4058614766966,447.97308519917567,60.583159627080896,-11.45835331405795,241.05886212996873,278.10560039248503,46.39185736234448,-41.44278115826155,20.742183435235365,542.9322161399602,-268.92317089434465
1253,614.9125620422824,78.5990380610253,-209.0934733428441,360.5027998668837,297.6518800295588,257.06873576378587,448.34457810208124,71.67064120149199,-4.274084532637086,271.638666865481,296.80189244986656,61.5822042898235,-51.792353211087615,43.445608265463996,572.3987815148645,-252.83299479707273
1254,585.9892515796195,72.21361539706011,-71.7160778880308,294.3977109286948,282.38304135191515,219.4415295665469,511.821236116315,44.028346817559395,-35.70867486981769,236.16769045702,263.6803610644038,11.942751951028631,-25.459383848425784,34.75026111647088,522.9661258581702,-352.7896271074911
1255,656.5404186432689,70.29350977335795,-99.63340761209224,257.6309001331378,304.0110703519779,236.2655145121157,341.11896789369365,63.86049690453426,-34.424319251119606,309.0713250033846,301.667613132368,50.804703387142744,-49.84395840012565,88.72278251228632,577.8630008224605,-300.3200123863627
1256,650.6845949685081,79.91244879188535,-89.4491083412859,319.74845159355436,322.7514235274601,250.83140434030207,525.9030454599723,54.862947356184634,-41.526112676645305,270.8975544691015,299.88957011071057,29.582779172228268,-33.37552540263167,55.57355993845966,606.3283114653642,-392.7625249287579
1257,420.6982910309613,48.76830580725927,-263.2445869910647,140.27007164233072,187.15574236145875,139.75289894896736,295.7933528326713,30.784690307285725,-25.879778657434322,188.03430390100246,172.16363578782824,21.57736452807062,-26.47682810944442,46.082181250416134,370.4570185529348,-193.6492329754915
1258,758.3864221222564,87.2615612515691,-125.9979873930151,244.2677042763813,278.1348905456702,242.6496242808853,456.69726793607447,64.29645398182721,-9.40010846523376,276.30402099924663,288.532112267914,22.612867082218077,-54.68052221393811,50.835751697625625,608.5927392125583,-259.9537115398513
1259,326.51777961319425,204.9737041337911,-58.86779494869858,119.00915522822469,137.0447412009021,117.2062767677517,223.75491630960633,-15.527336654148248,-9.485080369031998,133.9427927663666,145.21030250550047,14.341021680790218,-25.597233903230777,25.547855143685453,280.1236189170664,-126.92252935017883
1260,473.3018700737815,43.66942866049251,-88.66901977913399,164.86779318549236,298.6999639428858,177.2987263626466,279.1162076822737,51.46044240493193,-1.8447230728864004,168.29199895841734,206.03689709081715,30.823112488380076,-37.96058271735472,32.12102695647565,372.756577800506,-189.6945025270677
1261,600.0061805488905,76.9813266969819,-175.83906769550887,63.65182967230524,284.29634884064814,243.4058614766966,447.97308519917567,60.583159627080896,-11.45835331405795,241.05886212996873,278.10560039248503,46.39185736234448,-41.44278115826155,20.742183435235365,542.9322161399602,-268.92317089434465
1262,197.81256922644505,192.6077574527317,-37.8009951505003,78.20044757616385,116.70671706485393,74.52291008459369,144.592467951995,-29.086021553680546,-7.4265042026318815,86.76118600798073,95.09169132776357,7.9635238406325515,-16.597450205192406,15.525674403929152,172.38258569233665,-82.78422112824796
1263,557.1829899692078,73.90744391674416,-198.3506925231963,343.1104606047409,269.4226887115514,271.5170259435968,423.03965073765403,64.2411065428993,5.033478865738455,231.01750227071668,267.75161056572045,54.916735213722944,-47.32244171146556,26.718127803765785,519.1772540283171,-220.82969704801673
1264,764.9706889541787,84.58429792817823,-129.8956289919238,241.8071235919496,287.36777014158736,243.97597960454442,444.72473143533284,68.76098561836123,-11.695104626178408,269.49236685885666,285.5294035140863,39.57899019352165,-46.77995991083754,48.92626438738537,571.7835945760039,-270.36199540608567
1265,758.3864221222564,87.2615612515691,-125.9979873930151,244.2677042763813,278.1348905456702,242.6496242808853,456.69726793607447,64.29645398182721,-9.40010846523376,276.30402099924663,288.532112267914,22.612867082218077,-54.68052221393811,50.835751697625625,608.5927392125583,-259.9537115398513
1267,529.7512613155503,100.76537436437573,-194.5004298047385,327.8161296657193,258.1997662383112,227.2784055604444,402.84933566450565,68.62304729151703,1.2603944046060185,229.26370120818123,256.90802003168756,55.27340832823005,-43.03880468889496,28.389152511116613,495.924254937323,-215.076173758998
1268,656.5404186432689,70.29350977335795,-99.63340761209224,257.6309001331378,304.0110703519779,236.2655145121157,341.11896789369365,63.86049690453426,-34.424319251119606,309.0713250033846,301.667613132368,50.804703387142744,-49.84395840012565,88.72278251228632,577.8630008224605,-300.3200123863627
1269,516.0945417240546,68.58434362596681,-203.70064800892493,323.88243766005684,250.4459809003437,220.28264904551693,393.3292050817921,60.194197449390444,0.06105131137188472,221.01754122130276,280.0415929475807,51.00153845025331,-42.53854475434232,24.590800269170316,482.4780377246874,-205.4817449178882
1270,314.74368226438855,38.851716434258755,-1.2788562372988395,86.28471393648171,176.572687622485,147.54710858308817,285.467216833108,34.3360178550663,-26.938094279981698,144.59829069890458,179.51215176862735,117.20496525969457,-40.254875756320196,17.94217107786551,358.31323542579554,-86.5597723969013
1271,302.8655979549568,49.598254019273384,-58.39900030966166,131.86531716162477,140.16576041152942,109.1958612612152,193.68093653462395,193.9259720339942,-5.361082736005455,136.06712446169504,133.21273117915447,27.564817100165822,-16.239499181852445,30.832710887889625,267.44596918697613,-127.10085616840959
1272,563.5749810771343,75.01926687944638,-200.33132261145133,347.1369974306826,273.95642740521913,275.1972407788729,427.7703344390297,65.19620248959,4.513469845221598,233.50020283744382,271.38244900887287,56.258268152472034,-47.77167010580112,27.880914055233834,528.5033897647469,-226.70916398728883
1273,643.8097431556514,82.77697723676863,-112.3108275270505,340.9296318364334,322.7917613551385,256.9539423937534,542.1511812272462,56.78066520284601,-34.20410810487196,262.2269397056488,299.5969825519626,31.530710083784353,-33.63714520269663,45.03286031092599,609.187373983408,-384.4886816586976
1274,665.5780896435875,71.65628038508703,-102.59057430060783,257.14929831715307,308.51214285450504,240.52676228306248,349.2847973374275,64.95410318133715,-34.05234301293777,310.46126110892544,305.5596544657256,51.24774621546742,-50.298270080861734,89.28971681890032,586.1778013931734,-305.01417064426727
1275,374.613662200867,41.95972363539565,-73.70620427838038,153.17383000818143,177.02891285710757,133.5003044976018,272.7904005619356,32.29503530308762,-12.426355689055367,159.7284872578159,161.607567788741,25.677849506886385,-7.33440492597613,10.947126731001926,519.7796835382255,-190.6725902469529
1276,763.4712313791536,87.12777894858503,-129.61615692769797,241.0218586929543,286.702720217612,243.44471154308445,443.55576558762175,65.85698293671369,-11.875943644482081,268.9191140361327,284.9172515287733,39.54457509366555,-46.617086770150614,48.80757834939156,570.315475816827,-270.0661243035782
1277,672.3482573855497,83.29576927172327,-196.32909133408546,100.05213778191599,311.9957859036301,262.58453762234063,463.659554929036,67.11870393699107,-13.77950098570478,276.70648701822887,304.8147550325945,34.37538620499071,-43.973923770239956,36.790707872923356,590.6743646018704,-313.68509707466836
1278,395.6508849196593,49.940137369548424,-96.41712544673172,205.27025352511785,185.4947657342332,327.93601653108703,265.71711293229936,34.702082706266154,9.334957164154972,124.92442007362176,176.62128761019582,34.831491553035455,-33.940304185193106,16.65296255718873,358.5655199984821,-154.7656754328365
1279,758.3864221222564,87.2615612515691,-125.9979873930151,244.2677042763813,278.1348905456702,242.6496242808853,456.69726793607447,64.29645398182721,-9.40010846523376,276.30402099924663,288.532112267914,22.612867082218077,-54.68052221393811,50.835751697625625,608.5927392125583,-259.9537115398513
1280,209.04017689869747,218.51208548736204,-40.15181769050714,83.78191316558248,95.30788710518466,80.1614728510078,155.04650686979411,-20.920919402656533,-9.15210927125225,93.0313986547017,101.59630068868269,11.687268737210681,-15.694624114301655,17.505615042300143,193.5296501567617,-90.12422704901539
1281,667.7075196275762,82.18802066828363,-194.3192469771871,98.21317571030075,308.92285413792774,259.6664890096493,464.9230797480204,66.29924788192594,-14.159369429730548,275.4787944245509,302.36486366569324,33.482659317066236,-43.59198552303434,36.37280897790118,583.7145149334524,-310.69322501922125
1282,617.8738940177552,79.23937069002717,-205.73209989913732,362.0014890782659,298.9829249266402,258.60368563880763,447.01612775113875,72.04221229333105,-3.682548450576202,272.09056404192,298.24644362179373,61.33268006025706,-51.87927030036835,42.90857105269604,574.9210971942541,-253.98854875180552
1283,782.6369973560741,92.31476083620412,-174.87608712361123,247.50228487046314,299.7620045516193,255.24552303815912,481.4891992928492,67.37137529885109,-12.607561947046012,289.63528788304706,300.6212042745082,31.84311184022531,-52.167687733651285,52.9061331436274,619.0428820690877,-284.37870908099944
1284,672.3482573855497,83.29576927172327,-196.32909133408546,100.05213778191599,311.9957859036301,262.58453762234063,463.659554929036,67.11870393699107,-13.77950098570478,276.70648701822887,304.8147550325945,34.37538620499071,-43.973923770239956,36.790707872923356,590.6743646018704,-313.68509707466836
1285,613.8485921886704,81.35231587253037,-203.72934528781298,373.26089216691037,301.3186170619207,260.8373285424048,480.05246691536695,69.86851230851104,-4.233151479237293,262.1991932889612,296.3225682673081,56.2164492838678,-48.134590523121474,34.56655008629735,578.4937228317854,-271.07600307277795
1286,758.3864221222564,87.2615612515691,-125.9979873930151,244.2677042763813,278.1348905456702,242.6496242808853,456.69726793607447,64.29645398182721,-9.40010846523376,276.30402099924663,288.532112267914,22.612867082218077,-54.68052221393811,50.835751697625625,608.5927392125583,-259.9537115398513
1287,584.5505091115294,59.04432848490096,-91.68038307282477,235.05498807021334,271.25468376011105,209.09463965383452,323.1494095065369,56.34469454230073,-36.523248461149116,278.44373917182173,267.89131036002357,50.51145153673682,-46.197997505002796,139.27158543801303,514.0006776300862,-266.11212095940084
1288,643.8097431556514,82.77697723676863,-112.3108275270505,340.9296318364334,322.7917613551385,256.9539423937534,542.1511812272462,56.78066520284601,-34.20410810487196,262.2269397056488,299.5969825519626,31.530710083784353,-33.63714520269663,45.03286031092599,609.187373983408,-384.4886816586976
1289,636.7759125833874,81.89947325442648,-110.11091517849759,337.9110759365271,318.3552321289502,253.43722496747867,540.4251787085227,55.56897593655025,-33.64529081370161,258.50575261380965,295.6211638387283,29.57083971978927,-32.764364594541426,42.86041757914188,599.9952759769246,-380.1869768791085
1290,643.8097431556514,82.77697723676863,-112.3108275270505,340.9296318364334,322.7917613551385,256.9539423937534,542.1511812272462,56.78066520284601,-34.20410810487196,262.2269397056488,299.5969825519626,31.530710083784353,-33.63714520269663,45.03286031092599,609.187373983408,-384.4886816586976
1291,679.3230720809928,71.26388813974005,-119.32632966591164,234.38272508160605,317.6275567242168,247.5975078444686,393.3782078234679,67.93285175971715,-37.83792880388856,321.2603386178684,315.33615013957177,58.15105534315872,-52.93148809036046,92.51180486332959,600.6387012876031,-312.93270744867107
1292,758.3864221222564,87.2615612515691,-125.9979873930151,244.2677042763813,278.1348905456702,242.6496242808853,456.69726793607447,64.29645398182721,-9.40010846523376,276.30402099924663,288.532112267914,22.612867082218077,-54.68052221393811,50.835751697625625,608.5927392125583,-259.9537115398513
1294,765.3527817434829,84.17656575824455,-129.33490408008157,241.54583531721158,286.4018098244513,243.57396182208083,444.79007049207445,65.25203122114327,-11.779608139748971,269.5257943995995,285.4089292359361,38.465563185066905,-47.30796214084986,49.031461631637505,573.4916665088297,-269.5241748047626
1295,385.62863916187405,50.25555911798221,-73.85463869297429,175.31169089923443,176.25498252788387,319.34350776807645,221.2997063066686,30.07372201359432,10.840992653172538,112.38127694730142,165.63042041884776,24.17199624476843,-29.6430413837875,11.82066654888717,342.57607210626975,-154.24289624106638
1296,656.3275573022601,80.98865522048162,-93.71520137355998,324.58326992775795,326.74833361379734,254.6087038292945,529.0812613035508,56.145239480516956,-41.29684778152129,273.37956137541147,303.43854819674664,31.54145559097945,-34.187189929977855,56.47468843431199,614.8871059230034,-395.80667490338203
1297,451.1222237917604,54.261795127120344,-270.7908824969507,136.09906034983,188.3280617145842,145.84616788970087,319.9102010654286,31.912816747339864,-20.609689330836773,184.86522206823088,174.1964143216552,16.65824331678399,-26.866438887961223,37.609032826230184,382.3897313950491,-193.02717953876083
1298,658.3273556381193,71.00859377633681,-99.84975204380817,257.8207924836944,305.14187908391006,237.52543635293947,343.95304937429154,67.50483335077045,-33.86948427118806,307.64933992446237,302.1808457563769,51.109859616862984,-49.747235435717954,89.17467811858724,579.8412492935423,-301.3514448135875
1299,613.8485921886704,81.35231587253037,-203.72934528781298,373.26089216691037,301.3186170619207,260.8373285424048,480.05246691536695,69.86851230851104,-4.233151479237293,262.1991932889612,296.3225682673081,56.2164492838678,-48.134590523121474,34.56655008629735,578.4937228317854,-271.07600307277795
1300,568.7648898046077,80.78493725735271,-95.17591480572584,215.2045322114372,253.70798721552845,216.50039270005584,229.370835285548,49.36324489923903,3.6970254456098712,210.62916272295035,244.39119438418825,9.101153049748664,-30.82268257348085,19.2303206120184,496.5728025224138,-251.4269307121319
1301,656.3275573022601,80.98865522048162,-93.71520137355998,324.58326992775795,326.74833361379734,254.6087038292945,529.0812613035508,56.145239480516956,-41.29684778152129,273.37956137541147,303.43854819674664,31.54145559097945,-34.187189929977855,56.47468843431199,614.8871059230034,-395.80667490338203
1302,484.38908707422047,108.42420248060226,-81.90005618847601,179.67371717849392,213.53690580100243,186.68976943601857,188.66130596160804,31.856083011346353,9.193120497377512,168.37493937035228,205.8277845108416,-0.2154709783654759,-24.06201391496448,4.33368178132868,422.6452685133754,-211.57918730557535
1303,353.4670931329787,37.810210172155,-67.32020053526517,154.64794674029915,176.3283105092703,130.59468185647532,250.2183480730993,31.67568191214408,-17.509970578327007,164.82593305574716,162.85479156112794,30.39464779880292,-7.099329109365764,19.151026775855915,513.0792880941663,-196.15130104520944
1304,656.3275573022601,80.98865522048162,-93.71520137355998,324.58326992775795,326.74833361379734,254.6087038292945,529.0812613035508,56.145239480516956,-41.29684778152129,273.37956137541147,303.43854819674664,31.54145559097945,-34.187189929977855,56.47468843431199,614.8871059230034,-395.80667490338203
1305,330.3096072625586,27.7406968889713,7.5091256421702175,133.33623789102816,101.03349360520839,72.23293615550156,322.5938880612911,5.8245089499316824,-14.908314049143407,136.859667787934,118.44682333830788,-41.718565598935186,-7.490248075003313,-11.761188942251081,149.9206964009726,-117.6109495366057
1306,650.6845949685081,79.91244879188535,-89.4491083412859,319.74845159355436,322.7514235274601,250.83140434030207,525.9030454599723,54.862947356184634,-41.526112676645305,270.8975544691015,299.88957011071057,29.582779172228268,-33.37552540263167,55.57355993845966,606.3283114653642,-392.7625249287579
1308,376.5770666102245,52.43118394752681,-72.71246488436894,171.77519557515066,172.04030691300238,316.1511128788818,216.58407436423448,29.692582192289855,11.429155512210373,107.84924121411142,161.34398532520382,23.45935472395867,-28.709910586545206,10.193270311053034,334.4531630467701,-150.22067546937143
1310,473.3018700737815,43.66942866049251,-88.66901977913399,164.86779318549236,298.6999639428858,177.2987263626466,279.1162076822737,51.46044240493193,-1.8447230728864004,168.29199895841734,206.03689709081715,30.823112488380076,-37.96058271735472,32.12102695647565,372.756577800506,-189.6945025270677
1311,643.8097431556514,82.77697723676863,-112.3108275270505,340.9296318364334,322.7917613551385,256.9539423937534,542.1511812272462,56.78066520284601,-34.20410810487196,262.2269397056488,299.5969825519626,31.530710083784353,-33.63714520269663,45.03286031092599,609.187373983408,-384.4886816586976
1312,613.8485921886704,81.35231587253037,-203.72934528781298,373.26089216691037,301.3186170619207,260.8373285424048,480.05246691536695,69.86851230851104,-4.233151479237293,262.1991932889612,296.3225682673081,56.2164492838678,-48.134590523121474,34.56655008629735,578.4937228317854,-271.07600307277795
1313,827.0728342838975,97.81574903840827,-159.01345907943386,240.1656453583489,321.4971314229808,276.68306140675134,509.3613570000182,73.87869625967383,-10.383660747025221,304.0889574364489,323.52494214290306,35.126003152809815,-54.91084636525279,50.93416625823524,654.8775408806107,-304.95917585987974
1314,704.0757956932835,88.47788599885294,-204.25351500292714,102.29970734363336,314.2714454977017,269.19685833698696,490.43306195594346,68.73753375540261,-9.246158343600786,275.9385812240924,308.2420946845384,31.062554346880006,-45.01248384030892,30.194460549094792,604.5242604338977,-313.17894539562235
1315,350.35998530832063,39.99326598383774,-241.2454635055354,110.08451264326747,142.79045009957665,104.58572468621975,278.5333276454355,18.667797644328164,-20.291605745730713,150.82243298261096,132.40544865548563,1.9786608881198042,-17.74902202789234,24.357753932575015,278.53603848810144,-150.63218517960067
1316,626.3843488281916,63.97165423367447,-133.78690569186355,241.92309457427882,290.6604658910808,221.15845575862954,355.2826816764103,60.11861519682654,-40.12033338473751,302.0270385061211,289.7335871952073,53.22526174952402,-48.72294135379151,94.16827964647774,552.2808084209514,-288.7871299475284
1317,218.6526257042494,219.68320238628812,-41.627310561782124,86.21951915138717,98.29180474674162,83.06243605404308,159.90864710741982,-20.061531992351263,-9.116440177261593,96.08973143072457,104.92111558765532,11.869225794265533,-16.706110789842672,18.41700104770967,196.5615546370036,-92.35692836779344
1318,667.1892352232159,82.69766845976359,-195.6564575813605,98.48050118511858,309.80975767320984,260.52207960818936,463.10241617202104,70.03380000856477,-13.949184843559399,275.241198605924,302.6663992705966,34.76430326010765,-43.69450847463417,37.036541509844966,586.2518226396129,-311.2685801296229
1319,559.2492219693156,74.2998261945215,-235.56721324829078,332.64026231603475,270.4937953591062,235.88843307041665,431.52728551443425,64.10362472175072,-0.8237543137356024,241.3160298554373,267.2440775868802,55.31856383941435,-46.29031966172198,30.707741822073185,524.610265677774,-226.03733879675332
1320,375.8226152758367,27.159173307888842,-69.92232095729116,130.24359390062284,263.8394897694667,140.93441243747492,207.8916326691707,41.31512277772495,-2.9854936035955815,125.1174343197642,162.18492185056738,33.52693662692877,-27.056521842800972,24.428258729758852,274.3678919073755,-155.03085864136162
1321,495.4205883921701,74.50203685745471,-72.42964249177354,175.80836783923812,225.08457183191155,196.46246567811065,209.24262489312457,42.3648645200617,6.168776666158456,173.72722352205818,216.58295302494398,20.05167467627573,-27.861813681361884,2.6985665735002575,447.23170927128217,-206.6127266126312
1322,679.3230720809928,71.26388813974005,-119.32632966591164,234.38272508160605,317.6275567242168,247.5975078444686,393.3782078234679,67.93285175971715,-37.83792880388856,321.2603386178684,315.33615013957177,58.15105534315872,-52.93148809036046,92.51180486332959,600.6387012876031,-312.93270744867107
1323,765.3527817434829,84.17656575824455,-129.33490408008157,241.54583531721158,286.4018098244513,243.57396182208083,444.79007049207445,65.25203122114327,-11.779608139748971,269.5257943995995,285.4089292359361,38.465563185066905,-47.30796214084986,49.031461631637505,573.4916665088297,-269.5241748047626
1324,313.74145768861,38.883258609102135,0.977392438076906,83.28885767389338,175.64870930185006,146.68785770678713,281.02547617054495,33.87318178579912,-26.78749073107994,143.34397638627257,178.41306504949253,116.13901572886788,-39.82514947617964,17.458941477035353,356.7142906365742,-86.50749447772426
1325,648.3793735692974,79.70701258038646,-90.56997451374336,319.82588471781565,322.50751833081,250.42707309801838,521.2483004033749,54.9531630365873,-41.8707630704057,272.0819437293968,299.677873091605,30.559266885549444,-33.5747713186392,55.785396864102545,606.887370700443,-392.30644761193474
1326,117.20790558793561,34.22321367196233,-27.692757937170068,64.67854176273508,41.26222927787089,24.04535965415283,60.08608290513566,-24.152368443033613,-41.865612744825995,-11.779720486606838,18.249215834752924,-19.303620367882377,-210.26001789247044,-25.1456801641452,104.71086474333127,-24.731325721490737
1327,656.3275573022601,80.98865522048162,-93.71520137355998,324.58326992775795,326.74833361379734,254.6087038292945,529.0812613035508,56.145239480516956,-41.29684778152129,273.37956137541147,303.43854819674664,31.54145559097945,-34.187189929977855,56.47468843431199,614.8871059230034,-395.80667490338203
1328,556.2470756579992,82.57325927363972,-113.77154095921637,231.55089412011262,249.75141495686955,218.8456312645148,242.44075520924338,49.99867062156808,10.789765122259201,199.47654105318767,240.54962873940423,9.090407542553564,-30.272637846199625,7.7884924886323965,490.87307058281823,-240.10893746744748
1329,648.6521846940228,80.02986082648684,-89.09121522620613,318.8260752239968,322.88930069305394,251.15335824091738,523.0736562578561,55.08247679323044,-41.34783426487537,269.7410548136474,303.2445894723052,30.48275233109374,-33.45989019846309,56.01123131477213,607.5399876817901,-392.9319330623141
1330,610.9279348605711,77.92618587508863,-204.84312171469645,360.2399601309119,295.6660879642878,255.28130578383264,443.62490751352595,71.31297191866858,-4.4070672883623665,272.04726070853735,295.58485523578696,61.41644088565376,-51.69657796917026,42.70250908331675,568.5203067609148,-250.54059937953522
1331,562.6822410780248,79.97781501573421,-91.04172495898158,209.63027958334973,251.24130290303265,214.26207614141543,226.0510222539361,48.59986428908839,3.234926599999797,208.05423096983742,241.9945268127422,10.19727976312088,-30.581600156997073,18.721328020505183,492.2086663912601,-248.07730962665028
1332,638.4553183658878,82.36688922886427,-115.48213297910272,338.2513487967602,320.09711899757116,254.82032370514827,540.4901042404807,56.016860899776326,-33.85695845173672,259.2815480310486,296.6265040337023,30.713090837280188,-33.05938575246631,43.81535368693201,604.4328099659531,-382.0232949798228
1333,600.0061805488905,76.9813266969819,-175.83906769550887,63.65182967230524,284.29634884064814,243.4058614766966,447.97308519917567,60.583159627080896,-11.45835331405795,241.05886212996873,278.10560039248503,46.39185736234448,-41.44278115826155,20.742183435235365,542.9322161399602,-268.92317089434465
1334,568.7648898046077,80.78493725735271,-95.17591480572584,215.2045322114372,253.70798721552845,216.50039270005584,229.370835285548,49.36324489923903,3.6970254456098712,210.62916272295035,244.39119438418825,9.101153049748664,-30.82268257348085,19.2303206120184,496.5728025224138,-251.4269307121319
1335,569.5139185787823,80.82055379145866,-92.8904518617068,214.39625070317527,254.2448158228589,216.40330804633956,230.92330314334498,49.0360487215974,2.947751529969006,210.62985638336755,244.4730547413046,8.484009569746576,-30.46024644047023,19.49197836763411,497.3401438012043,-254.2622476767799
1336,600.0061805488905,76.9813266969819,-175.83906769550887,63.65182967230524,284.29634884064814,243.4058614766966,447.97308519917567,60.583159627080896,-11.45835331405795,241.05886212996873,278.10560039248503,46.39185736234448,-41.44278115826155,20.742183435235365,542.9322161399602,-268.92317089434465
1337,656.5404186432689,70.29350977335795,-99.63340761209224,257.6309001331378,304.0110703519779,236.2655145121157,341.11896789369365,63.86049690453426,-34.424319251119606,309.0713250033846,301.667613132368,50.804703387142744,-49.84395840012565,88.72278251228632,577.8630008224605,-300.3200123863627
1339,353.9647306288701,35.07706630055385,-38.47409926727742,120.47919352133324,94.56752968295027,96.73007469472772,224.62887436751916,20.089594616582353,-3.8168631909041237,133.62942623282882,130.14327164118146,-32.12308059655161,-42.904148179106414,27.955922624578168,371.2301123627905,-85.73732403638328
1340,643.8097431556514,82.77697723676863,-112.3108275270505,340.9296318364334,322.7917613551385,256.9539423937534,542.1511812272462,56.78066520284601,-34.20410810487196,262.2269397056488,299.5969825519626,31.530710083784353,-33.63714520269663,45.03286031092599,609.187373983408,-384.4886816586976
1341,230.59067501085192,21.163615208426226,-50.01419282465591,108.39415244841764,91.61849147020676,83.63903476255598,92.10418457433148,3.565119595576039,186.62743874339606,75.36583166262061,59.96104495800013,-0.36334563647549767,-14.682777219481855,-49.576810948905894,181.55465107037696,-101.55097609720933
1342,628.7840210129315,58.43158351272738,-92.85998791808636,239.32527292324932,286.44829137792385,217.17021211707106,331.7298970529788,60.22779938283161,-39.2770455522905,289.43201120158176,279.8867663249237,61.71909575196367,-44.866400792708006,91.35385127411911,521.5119121559126,-282.98666865089405
1343,389.33702906502646,28.733012706600576,-72.23417645073637,134.07207776780055,265.50575322905956,145.24247570110097,214.47148517616174,42.43725886591105,-2.988563013033216,129.1208342943291,167.04962650545937,34.49290552731648,-27.9147778671715,25.200832334725234,282.67915704473984,-159.82181932025338
1344,672.3482573855497,83.29576927172327,-196.32909133408546,100.05213778191599,311.9957859036301,262.58453762234063,463.659554929036,67.11870393699107,-13.77950098570478,276.70648701822887,304.8147550325945,34.37538620499071,-43.973923770239956,36.790707872923356,590.6743646018704,-313.68509707466836
1345,419.07534955791147,51.3679075398855,-279.9596114315448,104.22656329173614,185.80174229819784,142.8943079101329,312.191958191946,30.43541435834679,-20.806429487810707,177.80486682650155,169.63573242520437,16.17516024982225,-24.345714076137515,33.41678049107559,367.9079400948625,-194.27054939537962
1346,636.7759125833874,81.89947325442648,-110.11091517849759,337.9110759365271,318.3552321289502,253.43722496747867,540.4251787085227,55.56897593655025,-33.64529081370161,258.50575261380965,295.6211638387283,29.57083971978927,-32.764364594541426,42.86041757914188,599.9952759769246,-380.1869768791085
1347,624.1305468515493,79.50588070640472,-229.00564941398073,74.55569878681767,286.50416600180137,242.4483847399787,452.41671036800824,59.99555377824287,-10.699487351818464,249.41992474115852,276.82603842688627,26.828339682601545,-38.74194339979832,25.535106353686437,546.5227375147842,-290.1594645697439
1348,669.3869254100766,82.65543664272141,-199.69046477779222,98.55344857053386,310.6647410065487,261.04958774731887,464.9880052799785,66.74713284515201,-14.371037067765664,276.25458984178994,303.3702038606673,34.62491043455715,-43.887006680959225,37.32774508569131,588.1520489224808,-312.52954311993557
1349,542.4551641443103,69.62566645014377,-181.85503524223958,329.23753371370356,253.07492667289722,222.05744569372075,430.87803019485415,59.62477508949,1.2929220666155723,233.5580756830476,257.1906756371398,43.89605266450516,-43.34010808247305,21.15838074417187,480.23492578748863,-207.6741577896101
1350,656.3275573022601,80.98865522048162,-93.71520137355998,324.58326992775795,326.74833361379734,254.6087038292945,529.0812613035508,56.145239480516956,-41.29684778152129,273.37956137541147,303.43854819674664,31.54145559097945,-34.187189929977855,56.47468843431199,614.8871059230034,-395.80667490338203
1351,260.05955315418595,5.169533267905592,-35.10936288616679,63.158113770289674,121.4744890554279,57.774816513176354,77.59761682943144,11.57692347981391,-14.938991157271339,47.84593783341668,61.13375386320358,48.78594362467355,6.901071940473982,8.048720585330997,63.20375901577923,-92.20999681495704
1352,309.1007199306365,37.77551000566249,2.9872367949752485,81.44989560227812,172.5757775361478,143.76980909409573,282.28900098952937,33.05372573073398,-27.167359175105705,142.11628379259463,175.9631736825913,115.2462888409434,-39.443211228974015,17.041042582013176,349.75444096815613,-83.51562242227713
1353,563.7373633997445,82.92942461469929,-90.91691151902576,223.46807903749337,255.119701030174,217.87478472735194,257.9654337872131,46.72670884515183,3.297025965850538,199.48347765735957,241.3682323105678,2.9189727425326994,-26.648276516093418,10.405070044789552,498.5464833707238,-268.4621071139274
1354,614.6619702029884,78.58670825194535,-205.38501158888764,361.475876266366,297.69779194218745,260.7854933441391,447.4816549055999,71.73628053502502,-3.711644609738287,270.59952162232867,296.9678767992096,61.8475017404667,-51.95262362714822,43.085860454067166,572.2749461825673,-252.28168351111333
1355,306.0150192297612,37.720126849666684,-56.289021330516626,138.59458180632038,139.6396214039855,322.4669852194285,200.64522705995128,22.85355690729995,1.700647959871535,92.83159257192904,132.15451083283045,22.0562194671794,-23.95536432994325,13.470065616895555,270.73013882835113,-120.85203828523201
1356,682.0011358757621,71.6158960060789,-102.48649178547568,284.26403288634424,322.85995491461904,248.06880746923957,408.8940139974701,66.40897226471952,-42.849178607661436,322.9190223798915,317.23775900002124,56.27495260081891,-51.1292784827637,96.86094764695449,609.5255967251389,-332.69618851606
1357,650.8104220569343,85.36797086160068,-194.6184794091943,89.43579332729637,299.7234087592568,257.1965183000901,436.7538088896637,63.58860503591544,-5.331329368939636,254.2650365347779,291.08140891559725,24.77109492035529,-39.55634252169368,20.99981334206594,570.584129559284,-301.8966025573908
1358,656.5404186432689,70.29350977335795,-99.63340761209224,257.6309001331378,304.0110703519779,236.2655145121157,341.11896789369365,63.86049690453426,-34.424319251119606,309.0713250033846,301.667613132368,50.804703387142744,-49.84395840012565,88.72278251228632,577.8630008224605,-300.3200123863627
1359,656.5404186432689,70.29350977335795,-99.63340761209224,257.6309001331378,304.0110703519779,236.2655145121157,341.11896789369365,63.86049690453426,-34.424319251119606,309.0713250033846,301.667613132368,50.804703387142744,-49.84395840012565,88.72278251228632,577.8630008224605,-300.3200123863627
1360,672.3482573855497,83.29576927172327,-196.32909133408546,100.05213778191599,311.9957859036301,262.58453762234063,463.659554929036,67.11870393699107,-13.77950098570478,276.70648701822887,304.8147550325945,34.37538620499071,-43.973923770239956,36.790707872923356,590.6743646018704,-313.68509707466836
1361,408.18047688435263,50.55662782354628,-281.8402131445552,156.61643355100614,183.19917010279985,142.0981375134263,308.86327275636665,31.420116029614782,-18.78703898078499,176.88168223123978,168.32207014304421,21.56661902087552,-25.926783382163194,34.640353127030124,364.75728661333926,-182.33123973080706
1362,755.730831800013,90.55555171894567,-125.90847171984635,244.04615753647622,277.5172543522997,242.41766983064497,456.785984969844,64.79523044858476,-9.232055117242957,276.4504769246296,288.3874548976376,21.930468312722404,-54.808820184693126,50.81234508937836,609.3166677098587,-259.4322762314545
1363,544.5742563196417,69.82399823760379,-187.0943498573149,330.31724086782054,253.2865877676767,221.90156150103834,431.08455291484546,59.55374853853439,1.31408837906652,234.42679594708957,257.0437053175238,41.98350064987269,-43.06454712953554,21.72118094762288,480.47780145003145,-209.81594700118188
1364,621.1971023022049,78.964644571582,-228.232213846262,74.44890121347505,286.41295978844283,241.84701954987244,450.0383123990883,59.87289411752478,-11.246690189548476,249.74606477038833,276.63589719632523,27.26633721601968,-38.68717162888639,26.370185469745486,545.360972765388,-290.3410630100627
1365,675.6003354013727,71.34085863665324,-125.15306105436525,287.1078609430365,317.75192606085443,249.1192710460731,393.7022039630583,69.58246387400898,-35.55837850195534,323.0044042352458,316.5505216570737,61.90724152373444,-54.59553288226734,94.12201282720189,602.1672492853857,-305.5369498360374
1366,646.4089095309231,79.65560089113936,-89.96740376609154,318.30121149457887,321.90176126725146,250.31181847308508,521.442008662269,54.943743805444,-41.36407067213796,269.1009383733411,298.5995615508254,30.5181541104283,-33.33985017723631,55.97107784585442,605.5394858288245,-391.8482872786717
1367,650.8104220569343,85.36797086160068,-194.6184794091943,89.43579332729637,299.7234087592568,257.1965183000901,436.7538088896637,63.58860503591544,-5.331329368939636,254.2650365347779,291.08140891559725,24.77109492035529,-39.55634252169368,20.99981334206594,570.584129559284,-301.8966025573908
1368,619.6251473677083,79.24344504928975,-205.702885630494,364.1890638325923,300.4437318546056,259.3658518613924,453.01033627149883,72.1778521849566,-4.582425915118824,273.3455720149692,299.4273906980449,61.781486111081676,-51.946560447498285,43.65345840914191,577.2873832622658,-256.8761436356305
1369,198.92687204100034,17.22944027514646,-46.760144983414754,113.51588412653078,74.66978363290124,44.13412975275189,28.462336702969203,8.908291195772684,-23.930141278031453,184.76823125773498,96.47934224771727,2.6189535041215266,-16.840758484889445,-7.3469019886337925,154.8441010236378,-67.1886896621624
1370,664.4886023762316,71.57515241345311,-102.77863447190886,262.3882853430801,308.2518856349652,240.44714524339182,348.95192879386957,65.05257334846394,-33.8504039622352,310.36894264939923,305.4282882375096,51.78689209257274,-50.456377011464305,89.41207408249578,585.862736045021,-303.82023967781
1371,568.7648898046077,80.78493725735271,-95.17591480572584,215.2045322114372,253.70798721552845,216.50039270005584,229.370835285548,49.36324489923903,3.6970254456098712,210.62916272295035,244.39119438418825,9.101153049748664,-30.82268257348085,19.2303206120184,496.5728025224138,-251.4269307121319
1372,560.2380101480705,79.3759721526142,-91.81267668915189,209.83804253405202,249.25422185213327,212.32440573033355,222.2632775230068,47.77261700445815,2.838217586848314,205.68111449851537,239.4548075896588,7.639187700715426,-34.09825375694555,18.124955847522084,488.4527114766017,-247.5572511458393
1373,765.3527817434829,84.17656575824455,-129.33490408008157,241.54583531721158,286.4018098244513,243.57396182208083,444.79007049207445,65.25203122114327,-11.779608139748971,269.5257943995995,285.4089292359361,38.465563185066905,-47.30796214084986,49.031461631637505,573.4916665088297,-269.5241748047626
1374,781.9142235790769,89.56621557203118,-136.45769249364284,254.32639241527306,319.8065709896324,259.5563655256995,470.3794626480228,70.74244978566692,-8.895971362399429,284.7893581683487,304.91936222378837,34.494451492213756,-53.81746575762965,51.49780197374707,617.2700696912467,-282.04893008302975
1375,767.1683791410396,84.54206611113605,-133.92963618835552,241.88007097736485,288.2227534749262,244.50348774367393,446.6103205432903,65.47431845494847,-12.116956850384673,270.5057580947226,286.233208104157,39.439597367971146,-46.972458117162596,49.21746796323172,573.6838208588719,-271.62295839639836
1376,658.4059536496487,70.76803017183461,-98.64444462516458,256.81403271499266,305.78520132246945,238.2088286847514,345.6321157622577,64.2891927383133,-34.31250280784528,307.7940108962863,303.0316206660636,52.883018805944964,-50.21529459498053,88.90308149098256,581.4985999138675,-300.4706185923284
1378,650.8104220569343,85.36797086160068,-194.6184794091943,89.43579332729637,299.7234087592568,257.1965183000901,436.7538088896637,63.58860503591544,-5.331329368939636,254.2650365347779,291.08140891559725,24.77109492035529,-39.55634252169368,20.99981334206594,570.584129559284,-301.8966025573908
1379,617.8738940177552,79.23937069002717,-205.73209989913732,362.0014890782659,298.9829249266402,258.60368563880763,447.01612775113875,72.04221229333105,-3.682548450576202,272.09056404192,298.24644362179373,61.33268006025706,-51.87927030036835,42.90857105269604,574.9210971942541,-253.98854875180552
1380,519.7227763327296,70.40673714801713,-179.80483072107302,320.109723991235,252.6394118682609,223.57611052396976,398.9502005784214,61.365202836851964,3.183236428031523,220.74507850273062,291.888347501502,50.74278490107456,-43.56057369240554,25.429920535112213,488.3570532527278,-209.24029002770027
1381,664.4886023762316,71.57515241345311,-102.77863447190886,262.3882853430801,308.2518856349652,240.44714524339182,348.95192879386957,65.05257334846394,-33.8504039622352,310.36894264939923,305.4282882375096,51.78689209257274,-50.456377011464305,89.41207408249578,585.862736045021,-303.82023967781
1382,602.7833094046248,76.88777514143784,-125.42825589408197,297.800439531026,299.80191003812416,233.2725169432428,512.4704914358952,48.50719644982008,-37.825351250168865,243.9256446294097,273.7337630141443,23.365263125937823,-28.409595427674713,44.299622194372205,567.3414657484559,-371.1528081146344
1383,613.8485921886704,81.35231587253037,-203.72934528781298,373.26089216691037,301.3186170619207,260.8373285424048,480.05246691536695,69.86851230851104,-4.233151479237293,262.1991932889612,296.3225682673081,56.2164492838678,-48.134590523121474,34.56655008629735,578.4937228317854,-271.07600307277795
1384,516.0945417240546,68.58434362596681,-203.70064800892493,323.88243766005684,250.4459809003437,220.28264904551693,393.3292050817921,60.194197449390444,0.06105131137188472,221.01754122130276,280.0415929475807,51.00153845025331,-42.53854475434232,24.590800269170316,482.4780377246874,-205.4817449178882
1386,650.8104220569343,85.36797086160068,-194.6184794091943,89.43579332729637,299.7234087592568,257.1965183000901,436.7538088896637,63.58860503591544,-5.331329368939636,254.2650365347779,291.08140891559725,24.77109492035529,-39.55634252169368,20.99981334206594,570.584129559284,-301.8966025573908
1387,314.74368226438855,38.851716434258755,-1.2788562372988395,86.28471393648171,176.572687622485,147.54710858308817,285.467216833108,34.3360178550663,-26.938094279981698,144.59829069890458,179.51215176862735,117.20496525969457,-40.254875756320196,17.94217107786551,358.31323542579554,-86.5597723969013
1388,348.0509230653817,40.12185780091231,-67.38362660766198,167.72361226324094,178.2243835046998,133.08890682279016,284.70690056218245,29.572584785360625,-17.27249142069373,153.69538211725916,160.50407557944413,25.27722307716976,-3.2935332513098645,9.537691573525446,516.0186101828536,-211.98120056121695
1389,265.1746622520938,31.43439748001418,-48.36632638686,111.4094566930946,95.29715392658801,74.46479166914395,162.15053621702896,13.375305461302464,-9.028489469454247,110.69597933030552,97.13463333964704,252.90068943532683,-14.601277879605808,18.54037852731759,211.94531338698323,-112.73158374332561
1390,656.5404186432689,70.29350977335795,-99.63340761209224,257.6309001331378,304.0110703519779,236.2655145121157,341.11896789369365,63.86049690453426,-34.424319251119606,309.0713250033846,301.667613132368,50.804703387142744,-49.84395840012565,88.72278251228632,577.8630008224605,-300.3200123863627
1391,544.7458370658023,75.33056416030776,-197.29515044699664,335.6687786556722,264.85026547806456,232.59108617504418,414.53899414161685,97.66307410799241,3.0687845876427553,234.99622943542087,263.02953988481795,55.617559326791074,-44.66753609576412,29.57601289105477,510.6054425290923,-218.03488478407297
1392,828.6798766743456,98.34014326011769,-159.6536009855234,241.37553003941863,324.6753200815145,278.20494711738627,511.8205377386856,74.40280173739743,-10.078000607287109,305.5612255568767,325.40997706988134,34.61172209963096,-55.63324267473937,51.21509550903423,658.9477233351873,-305.99666433656506
1393,765.3527817434829,84.17656575824455,-129.33490408008157,241.54583531721158,286.4018098244513,243.57396182208083,444.79007049207445,65.25203122114327,-11.779608139748971,269.5257943995995,285.4089292359361,38.465563185066905,-47.30796214084986,49.031461631637505,573.4916665088297,-269.5241748047626
1395,648.3793735692974,79.70701258038646,-90.56997451374336,319.82588471781565,322.50751833081,250.42707309801838,521.2483004033749,54.9531630365873,-41.8707630704057,272.0819437293968,299.677873091605,30.559266885549444,-33.5747713186392,55.785396864102545,606.887370700443,-392.30644761193474
1396,568.7648898046077,80.78493725735271,-95.17591480572584,215.2045322114372,253.70798721552845,216.50039270005584,229.370835285548,49.36324489923903,3.6970254456098712,210.62916272295035,244.39119438418825,9.101153049748664,-30.82268257348085,19.2303206120184,496.5728025224138,-251.4269307121319
1397,420.6982910309613,48.76830580725927,-263.2445869910647,140.27007164233072,187.15574236145875,139.75289894896736,295.7933528326713,30.784690307285725,-25.879778657434322,188.03430390100246,172.16363578782824,21.57736452807062,-26.47682810944442,46.082181250416134,370.4570185529348,-193.6492329754915
1398,636.7759125833874,81.89947325442648,-110.11091517849759,337.9110759365271,318.3552321289502,253.43722496747867,540.4251787085227,55.56897593655025,-33.64529081370161,258.50575261380965,295.6211638387283,29.57083971978927,-32.764364594541426,42.86041757914188,599.9952759769246,-380.1869768791085
1400,677.6747947491846,83.6067607854485,-197.29259489345876,101.3385291835497,313.4505895774746,263.78457162603036,469.027480235664,67.63359680893979,-14.170983883170896,278.8738414871603,306.5308236094886,35.00453214764318,-44.51953790210148,37.71017259362624,594.0683776893318,-314.8133313584915
1401,420.6982910309613,48.76830580725927,-263.2445869910647,140.27007164233072,187.15574236145875,139.75289894896736,295.7933528326713,30.784690307285725,-25.879778657434322,188.03430390100246,172.16363578782824,21.57736452807062,-26.47682810944442,46.082181250416134,370.4570185529348,-193.6492329754915
1402,472.6640217309237,43.9102903159823,-87.52176556601768,165.1641858697647,297.86047413820853,176.74244937532615,282.1945541397537,51.12866942669818,-1.7060152927630725,169.24930352515108,206.20285610095044,28.89348487569908,-38.14923087719683,31.552573854278414,372.41131735082274,-188.89358321077677
1403,634.8752826215023,65.17182612343441,-136.39236890897664,247.4013932292588,294.9414366641513,225.09764649317412,362.23643230329424,61.33686243007325,-39.76576478284404,305.84997088500967,290.98277651823764,54.28213438823714,-49.587206118657015,94.78244621017532,560.6395792511252,-292.2647001304819
1404,739.2878964521624,117.26217802870259,-129.16111670105946,240.01207820552517,281.84832247059035,242.0179639169468,446.674825599045,70.4891596760064,-10.272039279872539,271.5312362178992,284.622439251242,32.813274329045576,-47.87648237031398,48.454443383284485,583.8075301184847,-266.4596922322084
1405,560.8167060716451,79.50329461725755,-92.03068794590922,210.44714700149487,249.46717193254113,212.3187619687797,221.53787438537205,48.17116845530937,3.1231101567254633,209.33154507693567,240.63051927904667,8.118964344318663,-30.210263962142196,18.54102904180895,488.57306729985316,-247.9267034206846
1406,765.3527817434829,84.17656575824455,-129.33490408008157,241.54583531721158,286.4018098244513,243.57396182208083,444.79007049207445,65.25203122114327,-11.779608139748971,269.5257943995995,285.4089292359361,38.465563185066905,-47.30796214084986,49.031461631637505,573.4916665088297,-269.5241748047626
1407,384.23777092336195,50.45426156423632,-75.92081937669546,177.1279533335317,175.81536338803286,319.6040898307941,222.75191963152366,30.144324871630882,11.62907483946691,111.14209676177222,165.20357979164953,24.17080229952453,-29.581925302978476,10.549352312955392,341.94276855742584,-152.98534143610144
1408,479.64003252662434,102.34248310654465,-81.6879960359513,178.0233165363023,212.0008502065645,184.31586174539146,180.7623025363518,45.48124382815782,8.790571849693848,166.54798557657955,201.95368407494726,1.9759317868949473,-21.552490681866907,4.227672469608819,415.97701547626116,-212.46227780014738
1409,650.8104220569343,85.36797086160068,-194.6184794091943,89.43579332729637,299.7234087592568,257.1965183000901,436.7538088896637,63.58860503591544,-5.331329368939636,254.2650365347779,291.08140891559725,24.77109492035529,-39.55634252169368,20.99981334206594,570.584129559284,-301.8966025573908
1410,610.9279348605711,77.92618587508863,-204.84312171469645,360.2399601309119,295.6660879642878,255.28130578383264,443.62490751352595,71.31297191866858,-4.4070672883623665,272.04726070853735,295.58485523578696,61.41644088565376,-51.69657796917026,42.70250908331675,568.5203067609148,-250.54059937953522
1411,650.6845949685081,79.91244879188535,-89.4491083412859,319.74845159355436,322.7514235274601,250.83140434030207,525.9030454599723,54.862947356184634,-41.526112676645305,270.8975544691015,299.88957011071057,29.582779172228268,-33.37552540263167,55.57355993845966,606.3283114653642,-392.7625249287579
1412,656.5404186432689,70.29350977335795,-99.63340761209224,257.6309001331378,304.0110703519779,236.2655145121157,341.11896789369365,63.86049690453426,-34.424319251119606,309.0713250033846,301.667613132368,50.804703387142744,-49.84395840012565,88.72278251228632,577.8630008224605,-300.3200123863627
1413,656.8278980630942,73.55207479674361,-99.57027997958235,257.0355275846991,304.47682915993477,236.9941682914795,342.78408352658045,64.60083066912291,-34.050323289491736,307.07608710173844,301.5686937710639,51.075444517006886,-49.58436229503103,89.05599208059341,578.3731305343654,-301.05557371108
1414,556.2470756579992,82.57325927363972,-113.77154095921637,231.55089412011262,249.75141495686955,218.8456312645148,242.44075520924338,49.99867062156808,10.789765122259201,199.47654105318767,240.54962873940423,9.090407542553564,-30.272637846199625,7.7884924886323965,490.87307058281823,-240.10893746744748
1415,617.8738940177552,79.23937069002717,-205.73209989913732,362.0014890782659,298.9829249266402,258.60368563880763,447.01612775113875,72.04221229333105,-3.682548450576202,272.09056404192,298.24644362179373,61.33268006025706,-51.87927030036835,42.90857105269604,574.9210971942541,-253.98854875180552
1416,596.3360586891399,81.3115722799046,-204.02148797424616,351.3851446236462,286.71054778226693,253.2156663165571,420.1103817117664,68.51211339225546,4.76562316618894,249.64911355846903,284.51309750479646,51.728388775621646,-47.46168905182207,27.117676521838632,554.8308621516675,-242.20005423452795
1417,568.7648898046077,80.78493725735271,-95.17591480572584,215.2045322114372,253.70798721552845,216.50039270005584,229.370835285548,49.36324489923903,3.6970254456098712,210.62916272295035,244.39119438418825,9.101153049748664,-30.82268257348085,19.2303206120184,496.5728025224138,-251.4269307121319
1418,617.8738940177552,79.23937069002717,-205.73209989913732,362.0014890782659,298.9829249266402,258.60368563880763,447.01612775113875,72.04221229333105,-3.682548450576202,272.09056404192,298.24644362179373,61.33268006025706,-51.87927030036835,42.90857105269604,574.9210971942541,-253.98854875180552
1419,758.3864221222564,87.2615612515691,-125.9979873930151,244.2677042763813,278.1348905456702,242.6496242808853,456.69726793607447,64.29645398182721,-9.40010846523376,276.30402099924663,288.532112267914,22.612867082218077,-54.68052221393811,50.835751697625625,608.5927392125583,-259.9537115398513
1420,544.7458370658023,75.33056416030776,-197.29515044699664,335.6687786556722,264.85026547806456,232.59108617504418,414.53899414161685,97.66307410799241,3.0687845876427553,234.99622943542087,263.02953988481795,55.617559326791074,-44.66753609576412,29.57601289105477,510.6054425290923,-218.03488478407297
1421,621.1971023022049,78.964644571582,-228.232213846262,74.44890121347505,286.41295978844283,241.84701954987244,450.0383123990883,59.87289411752478,-11.246690189548476,249.74606477038833,276.63589719632523,27.26633721601968,-38.68717162888639,26.370185469745486,545.360972765388,-290.3410630100627
1422,824.9821294026157,98.17572594235826,-158.94361865826457,240.32987834438822,320.5571515738363,276.20252867071065,509.8251152862722,73.64858995108902,-10.115556040163359,304.27344455981716,323.19303397448243,38.97587607330697,-55.16016681703506,50.772260354638064,655.7932790096739,-304.35234304033065
1423,378.7986492113062,41.87396126145272,-74.19196606867028,153.58056771783782,175.00693068183085,134.24656213216724,272.1875061238031,32.41459544249362,-12.55651842517598,159.37953560303768,162.14035348970435,27.051573189378136,-7.076460411437408,10.950789822440486,518.0823463693936,-192.1443639028653
1424,395.6508849196593,49.940137369548424,-96.41712544673172,205.27025352511785,185.4947657342332,327.93601653108703,265.71711293229936,34.702082706266154,9.334957164154972,124.92442007362176,176.62128761019582,34.831491553035455,-33.940304185193106,16.65296255718873,358.5655199984821,-154.7656754328365
1425,683.090623143118,71.69702397771282,-102.29843161417465,279.02504586041726,323.1202121341588,248.1484245089102,409.2268825410281,66.31050209759273,-43.05111765836401,323.01134083941764,317.36912522823724,55.73580672371358,-50.97117155216114,96.73859038335904,609.8406620732914,-333.89011948251726
1426,650.8104220569343,85.36797086160068,-194.6184794091943,89.43579332729637,299.7234087592568,257.1965183000901,436.7538088896637,63.58860503591544,-5.331329368939636,254.2650365347779,291.08140891559725,24.77109492035529,-39.55634252169368,20.99981334206594,570.584129559284,-301.8966025573908
1427,476.7652383283712,69.7568328726881,-82.3192723610501,183.9770420206895,207.34326212699642,177.02932395175372,164.1111462074839,38.07790618227153,5.050612233415125,186.50036459304087,202.94287768798839,-0.7314795117464604,-24.148451732813097,0.8955767865379097,410.87571835721224,-205.10666455297434
1428,656.3275573022601,80.98865522048162,-93.71520137355998,324.58326992775795,326.74833361379734,254.6087038292945,529.0812613035508,56.145239480516956,-41.29684778152129,273.37956137541147,303.43854819674664,31.54145559097945,-34.187189929977855,56.47468843431199,614.8871059230034,-395.80667490338203
1429,561.1041854914703,82.76185964064321,-91.96756031339935,209.85177445305618,249.93293074049794,213.0474157481435,223.20299001825884,48.911502219898004,3.4971061183533365,207.33630717528956,240.53159991774254,8.3897054741828,-29.95066785704758,18.874238610116038,489.0831970117581,-248.6622647454019
1430,669.3869254100766,82.65543664272141,-199.69046477779222,98.55344857053386,310.6647410065487,261.04958774731887,464.9880052799785,66.74713284515201,-14.371037067765664,276.25458984178994,303.3702038606673,34.62491043455715,-43.887006680959225,37.32774508569131,588.1520489224808,-312.52954311993557
1431,672.3482573855497,83.29576927172327,-196.32909133408546,100.05213778191599,311.9957859036301,262.58453762234063,463.659554929036,67.11870393699107,-13.77950098570478,276.70648701822887,304.8147550325945,34.37538620499071,-43.973923770239956,36.790707872923356,590.6743646018704,-313.68509707466836
1432,542.3765661327809,69.86623005464597,-183.06034266088318,330.2442934824053,252.43160443433786,221.37405336190884,429.198963806888,62.84041570194715,1.735940603272785,233.41340471122373,256.33990072745314,42.12289347542319,-42.87204892321048,21.429977371776538,478.5775751671635,-208.55498401086922
1433,650.6845949685081,79.91244879188535,-89.4491083412859,319.74845159355436,322.7514235274601,250.83140434030207,525.9030454599723,54.862947356184634,-41.526112676645305,270.8975544691015,299.88957011071057,29.582779172228268,-33.37552540263167,55.57355993845966,606.3283114653642,-392.7625249287579
1434,758.103400095455,87.75004612529773,-126.34858822489541,245.25184444809793,278.83921853898283,243.31046670691066,459.0178746435723,64.43964252030204,-9.308684232541438,277.5980398525669,289.53921632287,22.023155243059183,-54.785236077306344,50.69327620574391,615.5694370385127,-261.0401972440526
1435,388.17736795456426,49.33171757418403,-94.3491162837086,201.51226333132766,182.58846228188642,325.9582820351643,263.8495132255425,34.00930495415208,9.660940504839267,121.11030813497962,173.79777941155157,35.92642432116377,-33.63810568790031,14.87265572974374,353.56808031848453,-150.15849954238993
1436,564.829736566698,72.16308784344184,-80.78069499084478,280.59054757304034,281.085913008851,221.66454071303917,477.2092844939346,46.1899950423222,-33.95778563337025,227.3685034625506,260.7850992400173,23.38346916761668,-29.340698716947855,39.699126326051825,538.5001920499872,-396.436537060582
1437,656.3275573022601,80.98865522048162,-93.71520137355998,324.58326992775795,326.74833361379734,254.6087038292945,529.0812613035508,56.145239480516956,-41.29684778152129,273.37956137541147,303.43854819674664,31.54145559097945,-34.187189929977855,56.47468843431199,614.8871059230034,-395.80667490338203
1439,650.8104220569343,85.36797086160068,-194.6184794091943,89.43579332729637,299.7234087592568,257.1965183000901,436.7538088896637,63.58860503591544,-5.331329368939636,254.2650365347779,291.08140891559725,24.77109492035529,-39.55634252169368,20.99981334206594,570.584129559284,-301.8966025573908
1440,298.2959675413109,52.66821867565556,-80.1398533229688,152.96906428024252,140.45000343585787,115.72273055695022,214.58381735849525,195.75347420025295,2.305572229528285,126.21212043794702,133.13184063951203,28.53626029840073,-16.301873065909874,20.08017433471307,269.7459724699412,-119.28309021517245
1441,494.6346082768763,76.90767290247668,-84.48271667820941,185.8759655262552,218.65134944631788,189.62854235999126,192.45196101346295,74.52127064463323,10.598962032730583,172.28051380381922,208.07520392807774,2.3200827854559747,-23.18122208873606,5.414532849546971,430.65820306803045,-215.42098882522234
1442,650.6845949685081,79.91244879188535,-89.4491083412859,319.74845159355436,322.7514235274601,250.83140434030207,525.9030454599723,54.862947356184634,-41.526112676645305,270.8975544691015,299.88957011071057,29.582779172228268,-33.37552540263167,55.57355993845966,606.3283114653642,-392.7625249287579
1443,658.4059536496487,70.76803017183461,-98.64444462516458,256.81403271499266,305.78520132246945,238.2088286847514,345.6321157622577,64.2891927383133,-34.31250280784528,307.7940108962863,303.0316206660636,52.883018805944964,-50.21529459498053,88.90308149098256,581.4985999138675,-300.4706185923284
1444,245.85037075276284,33.29909135326097,-32.23450004536278,83.29264986066966,121.24740922546425,84.16742570495451,196.00315446923992,26.31080686612386,199.5760723633713,115.35317892448252,130.98637143403437,18.40640274305309,-12.025852476674746,60.21650766997262,229.07614155447902,-110.12831378923718
1445,334.3783334652252,46.47789673748335,-61.585082403793876,80.86514334859818,164.98737703922527,117.61241129906288,266.95227947890385,38.87403592982107,160.45664708007695,154.32064943311602,179.45403956068753,23.875148291108022,-17.334556764452888,75.59363607647961,310.784756732062,-152.61079745314078
1446,672.3482573855497,83.29576927172327,-196.32909133408546,100.05213778191599,311.9957859036301,262.58453762234063,463.659554929036,67.11870393699107,-13.77950098570478,276.70648701822887,304.8147550325945,34.37538620499071,-43.973923770239956,36.790707872923356,590.6743646018704,-313.68509707466836
1447,676.0172520496274,70.96017503734278,-99.60480253784932,279.30597729588635,319.92505544154506,245.52560308474716,404.8417199947113,65.47141470656118,-42.692310935842066,324.3235276007628,313.64992212523595,55.41832046471294,-50.38301097681008,96.22708890669925,603.9454722807035,-330.4876234925678
1448,656.3275573022601,80.98865522048162,-93.71520137355998,324.58326992775795,326.74833361379734,254.6087038292945,529.0812613035508,56.145239480516956,-41.29684778152129,273.37956137541147,303.43854819674664,31.54145559097945,-34.187189929977855,56.47468843431199,614.8871059230034,-395.80667490338203
1449,226.29140757204777,35.59237813996739,-53.113424432240194,87.68333806150977,106.35758536519349,93.09223060490483,185.03569252255184,14.412434595749644,6.151900565589962,318.2021610826796,78.07852927826504,9.733196279046457,-8.260274361350751,-7.907194420647898,211.18343204765162,-96.0347545322508
1450,636.7759125833874,81.89947325442648,-110.11091517849759,337.9110759365271,318.3552321289502,253.43722496747867,540.4251787085227,55.56897593655025,-33.64529081370161,258.50575261380965,295.6211638387283,29.57083971978927,-32.764364594541426,42.86041757914188,599.9952759769246,-380.1869768791085
1451,666.5626644010541,69.97808802492416,-122.19589436584967,287.58946275902116,313.25085355832726,244.8580232751263,385.5363745193244,68.48885759720612,-35.930354740137176,321.6144681297049,312.6584803237161,61.46419869540977,-54.14122120153126,93.55507852058788,593.8524487146728,-300.84279157813285
1452,643.8097431556514,82.77697723676863,-112.3108275270505,340.9296318364334,322.7917613551385,256.9539423937534,542.1511812272462,56.78066520284601,-34.20410810487196,262.2269397056488,299.5969825519626,31.530710083784353,-33.63714520269663,45.03286031092599,609.187373983408,-384.4886816586976
1453,255.40381416715368,29.95595398309941,-45.23124051326522,111.19158211580225,90.34441540359879,70.18095474479122,154.44769495173446,11.819834885959892,-9.699948898330447,105.50659694096858,92.0562949955371,251.9228204413495,-10.228219908372685,17.546327233491198,203.67214192449504,-107.19963965020852
1454,656.3275573022601,80.98865522048162,-93.71520137355998,324.58326992775795,326.74833361379734,254.6087038292945,529.0812613035508,56.145239480516956,-41.29684778152129,273.37956137541147,303.43854819674664,31.54145559097945,-34.187189929977855,56.47468843431199,614.8871059230034,-395.80667490338203
1455,192.5321357666733,8.759573278257395,-39.82644274581455,96.6728614715946,77.21863507751539,50.66358802899543,96.07998028664149,-7.026346376445395,-46.7735449375558,25.942467132801244,52.52619061445563,-10.699637860578004,-216.08755575374448,-11.876437571289616,170.51548969287,-60.55684835635234
1456,656.3275573022601,80.98865522048162,-93.71520137355998,324.58326992775795,326.74833361379734,254.6087038292945,529.0812613035508,56.145239480516956,-41.29684778152129,273.37956137541147,303.43854819674664,31.54145559097945,-34.187189929977855,56.47468843431199,614.8871059230034,-395.80667490338203
1457,681.4421642563243,71.46221992720007,-124.56564428098694,235.46243223572304,317.83921781899625,247.4416236517862,393.58473054345916,67.86182520876153,-37.81676249143761,322.1290588819104,315.18917981995577,56.238503328526235,-52.65592713742294,93.07460506678059,600.8815769501458,-315.07449666024286
1458,266.13767938916124,42.32089999933411,-95.61694071371676,90.31173542122816,126.21550601790335,110.96653040443759,232.23239840810518,17.989127423983696,7.481728122842768,314.1162226521165,90.24890141906083,11.39083032074385,-9.218026780524381,-0.4762025991754278,249.96817958714942,-118.9587087076257
1459,309.8115571121411,50.91143883421193,-59.287978494102546,133.62684610897875,143.48259737388182,112.51824111619023,197.0721567722368,194.6552124086567,-4.63656389821929,136.1104277950777,135.87431956516127,27.481056274769127,-16.422191513050535,31.038772857268917,273.8467596203155,-130.5488055406799
1460,567.1419483315581,83.38453898997894,-111.890939246206,179.16102386084265,252.35398715226756,219.6418016612214,245.7694406448228,49.01396895030009,8.770374615233486,200.39972564844945,241.86329102156435,3.6989487715002918,-28.691568540173947,6.564919852677859,494.0237240643415,-252.04824713202004
1461,656.3275573022601,80.98865522048162,-93.71520137355998,324.58326992775795,326.74833361379734,254.6087038292945,529.0812613035508,56.145239480516956,-41.29684778152129,273.37956137541147,303.43854819674664,31.54145559097945,-34.187189929977855,56.47468843431199,614.8871059230034,-395.80667490338203
1462,331.7004755010707,27.54199444271719,9.57530632589139,131.5199754567309,101.47311274505938,71.9723540927839,321.14167473643613,5.753906091895122,-15.696396235437776,138.0988479734632,118.87366396550611,-41.71737165369129,-7.5513641558123386,-10.489874706319304,150.55399994981656,-118.86850434157063
1463,656.3275573022601,80.98865522048162,-93.71520137355998,324.58326992775795,326.74833361379734,254.6087038292945,529.0812613035508,56.145239480516956,-41.29684778152129,273.37956137541147,303.43854819674664,31.54145559097945,-34.187189929977855,56.47468843431199,614.8871059230034,-395.80667490338203
1464,765.8437996745955,84.3222733549371,-130.05627343274705,242.227545604576,288.02468440429516,244.33750841935012,445.7876552613501,65.50139500843099,-11.952572759780562,270.0666769640701,286.0690129540057,39.637262024002325,-46.59350266276383,48.688509465757114,576.5682451454809,-271.67404531617626
1465,613.2331562597818,78.13162208658753,-203.72225554223897,360.16252700665063,295.90999316093786,255.68563702611632,448.27965257012323,71.22275623826592,-4.062416894601968,270.86287144824206,295.7965522548925,60.43995317233259,-51.49733205316273,42.49067215767386,567.961247525836,-250.9966766963584
1466,473.0188480469802,44.15791353422112,-89.0196206110143,165.85193335720896,299.40429193619843,177.95956878867193,281.43681438977154,51.60363094340676,-1.7532988401940788,169.5860178117376,207.04400114577317,30.233400649221178,-38.06529658072296,31.978551464593945,379.73327562646034,-190.780988231269
1467,673.3504819613281,83.26422709687989,-198.5853400094612,103.04799404450434,312.919764224265,263.4437884986417,468.10129559159907,67.58154000625825,-13.930104534606537,277.9608013308609,305.9138417517293,35.44133573581741,-44.40365005038052,37.27393747375351,592.2733093910916,-313.7373749938454
1468,563.5749810771343,75.01926687944638,-200.33132261145133,347.1369974306826,273.95642740521913,275.1972407788729,427.7703344390297,65.19620248959,4.513469845221598,233.50020283744382,271.38244900887287,56.258268152472034,-47.77167010580112,27.880914055233834,528.5033897647469,-226.70916398728883
1469,538.4738197060243,72.79589194631731,-192.27869968201645,327.2601725223155,263.9510342732616,228.77348495063364,418.1599101621559,65.35323397112326,35.82373695483531,234.91549512780273,266.76541993950167,54.73913325374814,-44.28183086312728,39.14849494220963,508.2021450421888,-217.09662186907684
1470,559.7688559023591,79.56339703934087,-91.8098409904417,209.47534622156218,249.08428870740812,212.50589126479906,222.34884269425166,48.029620949355525,3.580344544620237,206.18232806256057,239.53840987730484,7.907659463338367,-29.96711834269414,23.733042146739965,487.78765189169906,-247.603840921114
1471,760.64101111114,92.01262768587117,-133.12216524650103,250.86326041012046,293.7460001507383,250.05313580333794,466.7618326626003,67.28886832146198,-10.961701317558864,281.85930256933545,294.9882920783334,33.64745670207659,-47.664225403832965,47.38282343057448,640.0824540763703,-280.93098134559114
1473,827.431053673216,98.31143532690447,-140.14273828206376,274.17134453474114,322.6731144327222,273.0491159326278,491.5992553496578,74.65614581733375,-16.077038754952408,315.70403062186193,326.33502876244876,39.84700260680641,-57.23137445012374,64.84747464526029,658.7838513848274,-305.07397893655985
1474,556.8409369025878,73.90677654638004,-237.09593987792195,332.7362162891422,268.6795088985315,234.1875588945125,427.8933479191622,63.64875809865461,-0.7162240700190013,240.06802922966162,268.39155583529595,53.165564487329014,-45.667137313340255,30.602567849888807,520.6156309787539,-225.90938969928143
1475,376.4033420603482,32.301036948268106,-73.54332254559898,140.7941632117976,267.94224094078504,148.1863901610499,231.817827244239,42.760393053066345,-1.9370251600690664,138.46180748703833,173.13576843797725,27.242131239737237,-28.664889303398848,23.207643576379017,346.3376521873901,-166.3041045320746
1476,650.8104220569343,85.36797086160068,-194.6184794091943,89.43579332729637,299.7234087592568,257.1965183000901,436.7538088896637,63.58860503591544,-5.331329368939636,254.2650365347779,291.08140891559725,24.77109492035529,-39.55634252169368,20.99981334206594,570.584129559284,-301.8966025573908
1477,683.090623143118,71.69702397771282,-102.29843161417465,279.02504586041726,323.1202121341588,248.1484245089102,409.2268825410281,66.31050209759273,-43.05111765836401,323.01134083941764,317.36912522823724,55.73580672371358,-50.97117155216114,96.73859038335904,609.8406620732914,-333.89011948251726
1478,762.5857274414725,84.2567955857572,-129.4250863242022,240.5842808251746,288.97479963224725,242.9701349540696,442.73355066321466,65.00491392878303,-11.711046049149893,268.4068490642544,284.3819667352046,39.18146929704142,-46.705010968501014,48.59767739719101,568.8260463032498,-269.4929158127612
1479,343.32113207471355,34.98808190126097,-67.64812770387996,124.35622839015392,278.3193767343991,134.94003548723043,201.30393989520087,37.076131872606474,0.3633450203691004,121.89274707811066,156.58968209575775,23.615339754281667,-29.433362393105366,22.248780163427483,267.21858928273815,-145.3486720244523
1480,618.0812247964969,60.497666379056696,-82.68019090292542,243.9986646269276,277.5225679779423,211.26665911647822,361.58717698371413,56.85801279781257,-37.649088402492865,298.09201671261997,280.9293745684973,42.85962321332795,-46.636994539408086,85.23308513227401,516.2642393608397,-273.90151912333863
1481,556.2470756579992,82.57325927363972,-113.77154095921637,231.55089412011262,249.75141495686955,218.8456312645148,242.44075520924338,49.99867062156808,10.789765122259201,199.47654105318767,240.54962873940423,9.090407542553564,-30.272637846199625,7.7884924886323965,490.87307058281823,-240.10893746744748
1482,408.18047688435263,50.55662782354628,-281.8402131445552,156.61643355100614,183.19917010279985,142.0981375134263,308.86327275636665,31.420116029614782,-18.78703898078499,176.88168223123978,168.32207014304421,21.56661902087552,-25.926783382163194,34.640353127030124,364.75728661333926,-182.33123973080706
1483,566.7227389344106,74.9082459898859,-237.6352224113139,336.39825250982494,273.40009881145295,237.8661675663394,433.3948852211911,64.79640247386479,-1.1497376544198985,245.13014179407944,270.0675857855245,54.223631071286036,-46.59251815901478,32.48804864951818,529.6077053577716,-230.6445146871999
1484,590.3135643674759,72.55614908562872,-70.42333277202836,292.6882460677401,282.9138667051247,219.78231269393552,512.7474207603799,44.08040362024092,-35.94955421838205,237.08073061331942,264.2973429221632,11.505948362854399,-25.575271700146747,35.18649623634361,524.7611941564105,-353.86558347213725
1485,257.52763552372903,56.49816469121179,-22.14773233644197,91.67076649914941,60.24336025142608,67.2597396845752,171.16535085929468,2.6669662111550476,-3.557208095189408,100.98779149621217,96.86285882764227,-36.16632465786373,-37.479263203444965,22.67754296179083,296.2064408506878,-52.70293231852275
1486,386.4035845156821,28.19177657177786,-71.46074088301765,133.9652801944579,265.41454701570103,144.6411105109947,212.09308720724184,42.314599205192955,-3.535765850763228,129.4469743235589,166.85948527489828,34.930903060734614,-27.860006096259564,26.035911450784283,281.51739229534365,-160.00341776057218
1487,762.6587530905255,88.9594988739844,-132.06442670655343,251.38119983429792,293.52414653943157,249.72881326625784,469.7514620863108,66.45831887647068,-10.99104688542634,282.6701512106863,295.298908458743,32.40022785889127,-47.724575592920054,46.83777693662451,639.0132651293867,-280.65149733769704
1488,656.3275573022601,80.98865522048162,-93.71520137355998,324.58326992775795,326.74833361379734,254.6087038292945,529.0812613035508,56.145239480516956,-41.29684778152129,273.37956137541147,303.43854819674664,31.54145559097945,-34.187189929977855,56.47468843431199,614.8871059230034,-395.80667490338203
1489,568.7648898046077,80.78493725735271,-95.17591480572584,215.2045322114372,253.70798721552845,216.50039270005584,229.370835285548,49.36324489923903,3.6970254456098712,210.62916272295035,244.39119438418825,9.101153049748664,-30.82268257348085,19.2303206120184,496.5728025224138,-251.4269307121319
1492,758.3864221222564,87.2615612515691,-125.9979873930151,244.2677042763813,278.1348905456702,242.6496242808853,456.69726793607447,64.29645398182721,-9.40010846523376,276.30402099924663,288.532112267914,22.612867082218077,-54.68052221393811,50.835751697625625,608.5927392125583,-259.9537115398513
1493,564.829736566698,72.16308784344184,-80.78069499084478,280.59054757304034,281.085913008851,221.66454071303917,477.2092844939346,46.1899950423222,-33.95778563337025,227.3685034625506,260.7850992400173,23.38346916761668,-29.340698716947855,39.699126326051825,538.5001920499872,-396.436537060582
1494,643.8097431556514,82.77697723676863,-112.3108275270505,340.9296318364334,322.7917613551385,256.9539423937534,542.1511812272462,56.78066520284601,-34.20410810487196,262.2269397056488,299.5969825519626,31.530710083784353,-33.63714520269663,45.03286031092599,609.187373983408,-384.4886816586976
1495,656.5404186432689,70.29350977335795,-99.63340761209224,257.6309001331378,304.0110703519779,236.2655145121157,341.11896789369365,63.86049690453426,-34.424319251119606,309.0713250033846,301.667613132368,50.804703387142744,-49.84395840012565,88.72278251228632,577.8630008224605,-300.3200123863627
1496,315.83316953174443,38.93284440589268,-1.0907960659978042,81.04572691055472,176.8329448420248,147.62672562275884,285.80008537666595,34.2375476879395,-27.140033330684272,144.6906091584308,179.64351799684337,116.66581938258925,-40.09676882571763,17.819813814270056,358.6283007739478,-87.75370336335854
1497,331.7004755010707,27.54199444271719,9.57530632589139,131.5199754567309,101.47311274505938,71.9723540927839,321.14167473643613,5.753906091895122,-15.696396235437776,138.0988479734632,118.87366396550611,-41.71737165369129,-7.5513641558123386,-10.489874706319304,150.55399994981656,-118.86850434157063
1498,656.5404186432689,70.29350977335795,-99.63340761209224,257.6309001331378,304.0110703519779,236.2655145121157,341.11896789369365,63.86049690453426,-34.424319251119606,309.0713250033846,301.667613132368,50.804703387142744,-49.84395840012565,88.72278251228632,577.8630008224605,-300.3200123863627
1499,590.3135643674759,72.55614908562872,-70.42333277202836,292.6882460677401,282.9138667051247,219.78231269393552,512.7474207603799,44.08040362024092,-35.94955421838205,237.08073061331942,264.2973429221632,11.505948362854399,-25.575271700146747,35.18649623634361,524.7611941564105,-353.86558347213725
1500,679.3230720809928,71.26388813974005,-119.32632966591164,234.38272508160605,317.6275567242168,247.5975078444686,393.3782078234679,67.93285175971715,-37.83792880388856,321.2603386178684,315.33615013957177,58.15105534315872,-52.93148809036046,92.51180486332959,600.6387012876031,-312.93270744867107
1501,559.2492219693156,74.2998261945215,-235.56721324829078,332.64026231603475,270.4937953591062,235.88843307041665,431.52728551443425,64.10362472175072,-0.8237543137356024,241.3160298554373,267.2440775868802,55.31856383941435,-46.29031966172198,30.707741822073185,524.610265677774,-226.03733879675332
1502,334.3783334652252,46.47789673748335,-61.585082403793876,80.86514334859818,164.98737703922527,117.61241129906288,266.95227947890385,38.87403592982107,160.45664708007695,154.32064943311602,179.45403956068753,23.875148291108022,-17.334556764452888,75.59363607647961,310.784756732062,-152.61079745314078
1503,536.4655763343467,72.16483616754512,-182.68427079692805,321.66024869919124,266.98483580306385,236.23024596750412,426.7742663004388,64.51450815417095,-0.6243050759890777,231.56525240636657,270.9164896300447,72.28925401248121,-48.55971187606615,25.125275259536416,519.1985269422863,-205.09432592544897
1504,619.6251473677083,79.24344504928975,-205.702885630494,364.1890638325923,300.4437318546056,259.3658518613924,453.01033627149883,72.1778521849566,-4.582425915118824,273.3455720149692,299.4273906980449,61.781486111081676,-51.946560447498285,43.65345840914191,577.2873832622658,-256.8761436356305
1505,658.4059536496487,70.76803017183461,-98.64444462516458,256.81403271499266,305.78520132246945,238.2088286847514,345.6321157622577,64.2891927383133,-34.31250280784528,307.7940108962863,303.0316206660636,52.883018805944964,-50.21529459498053,88.90308149098256,581.4985999138675,-300.4706185923284
1506,643.8097431556514,82.77697723676863,-112.3108275270505,340.9296318364334,322.7917613551385,256.9539423937534,542.1511812272462,56.78066520284601,-34.20410810487196,262.2269397056488,299.5969825519626,31.530710083784353,-33.63714520269663,45.03286031092599,609.187373983408,-384.4886816586976
1507,656.5404186432689,70.29350977335795,-99.63340761209224,257.6309001331378,304.0110703519779,236.2655145121157,341.11896789369365,63.86049690453426,-34.424319251119606,309.0713250033846,301.667613132368,50.804703387142744,-49.84395840012565,88.72278251228632,577.8630008224605,-300.3200123863627
1508,656.3275573022601,80.98865522048162,-93.71520137355998,324.58326992775795,326.74833361379734,254.6087038292945,529.0812613035508,56.145239480516956,-41.29684778152129,273.37956137541147,303.43854819674664,31.54145559097945,-34.187189929977855,56.47468843431199,614.8871059230034,-395.80667490338203
1509,479.64003252662434,102.34248310654465,-81.6879960359513,178.0233165363023,212.0008502065645,184.31586174539146,180.7623025363518,45.48124382815782,8.790571849693848,166.54798557657955,201.95368407494726,1.9759317868949473,-21.552490681866907,4.227672469608819,415.97701547626116,-212.46227780014738
1510,597.6130877346,77.2115713180794,-175.64899970385432,62.472235844014165,282.9327513801622,242.80719266311317,444.98355786146766,60.19092641585028,-10.519667578861824,238.5653676318075,276.579673046152,45.324713886273884,-40.95193879731196,18.987639598473432,540.6999678018951,-267.61333817020267
1511,656.3275573022601,80.98865522048162,-93.71520137355998,324.58326992775795,326.74833361379734,254.6087038292945,529.0812613035508,56.145239480516956,-41.29684778152129,273.37956137541147,303.43854819674664,31.54145559097945,-34.187189929977855,56.47468843431199,614.8871059230034,-395.80667490338203
1512,633.7874973978662,83.09239898520241,-89.74834077329307,310.97106921054996,313.55197814878915,248.36143363074285,497.7337746016154,52.152304510174176,-32.69807261585439,249.6837965793285,288.6061153606145,20.871214775517334,-29.339882401291025,40.20056430262443,593.1979260911958,-383.96590246692745
1513,667.1892352232159,82.69766845976359,-195.6564575813605,98.48050118511858,309.80975767320984,260.52207960818936,463.10241617202104,70.03380000856477,-13.949184843559399,275.241198605924,302.6663992705966,34.76430326010765,-43.69450847463417,37.036541509844966,586.2518226396129,-311.2685801296229
1514,758.3864221222564,87.2615612515691,-125.9979873930151,244.2677042763813,278.1348905456702,242.6496242808853,456.69726793607447,64.29645398182721,-9.40010846523376,276.30402099924663,288.532112267914,22.612867082218077,-54.68052221393811,50.835751697625625,608.5927392125583,-259.9537115398513
1515,610.9279348605711,77.92618587508863,-204.84312171469645,360.2399601309119,295.6660879642878,255.28130578383264,443.62490751352595,71.31297191866858,-4.4070672883623665,272.04726070853735,295.58485523578696,61.41644088565376,-51.69657796917026,42.70250908331675,568.5203067609148,-250.54059937953522
1516,420.6982910309613,48.76830580725927,-263.2445869910647,140.27007164233072,187.15574236145875,139.75289894896736,295.7933528326713,30.784690307285725,-25.879778657434322,188.03430390100246,172.16363578782824,21.57736452807062,-26.47682810944442,46.082181250416134,370.4570185529348,-193.6492329754915
1517,759.7483382728187,86.2424050361064,-118.23313046970328,244.20733227558298,278.9254583642105,238.11389612012056,474.2505131286525,62.04047668761862,-10.656919191239604,278.34570377808745,286.7214990003825,20.93069773635126,-48.37527039781664,43.14645393566644,566.1389428226937,-262.57836644906575
1518,624.1305468515493,79.50588070640472,-229.00564941398073,74.55569878681767,286.50416600180137,242.4483847399787,452.41671036800824,59.99555377824287,-10.699487351818464,249.41992474115852,276.82603842688627,26.828339682601545,-38.74194339979832,25.535106353686437,546.5227375147842,-290.1594645697439
1519,378.7986492113062,41.87396126145272,-74.19196606867028,153.58056771783782,175.00693068183085,134.24656213216724,272.1875061238031,32.41459544249362,-12.55651842517598,159.37953560303768,162.14035348970435,27.051573189378136,-7.076460411437408,10.950789822440486,518.0823463693936,-192.1443639028653
1520,289.2443949896614,54.84384350520016,-78.99767951436347,149.43256895615878,136.23532782097638,112.53033566775555,209.86818541606112,195.3723343789485,2.8937350885661197,121.68008470475702,128.84540554586812,27.82361877759097,-15.36874226866757,18.452778096878937,261.62306341044155,-115.2608694434775
1521,334.9990503624966,43.9098371797005,-42.613809287937976,113.91279543660438,165.4173987818512,113.61175146159628,246.11193345706602,38.76047580949283,155.5339014593551,163.29577219498492,180.88285620417662,28.211403038529692,-19.03594451761923,87.77580723499,311.73489040091306,-151.93720311407566
1522,562.6822410780248,79.97781501573421,-91.04172495898158,209.63027958334973,251.24130290303265,214.26207614141543,226.0510222539361,48.59986428908839,3.234926599999797,208.05423096983742,241.9945268127422,10.19727976312088,-30.581600156997073,18.721328020505183,492.2086663912601,-248.07730962665028
1523,611.9985760699141,59.690544137438195,-78.54600105618114,238.42441199884013,275.0558836654465,209.02834255783782,358.2673639521023,56.09463218766193,-38.11118724810294,295.51708495950703,278.5327069970512,43.955749926700165,-46.39591212292431,84.7240925407608,511.9001032296862,-270.55189803785703
1524,643.8097431556514,82.77697723676863,-112.3108275270505,340.9296318364334,322.7917613551385,256.9539423937534,542.1511812272462,56.78066520284601,-34.20410810487196,262.2269397056488,299.5969825519626,31.530710083784353,-33.63714520269663,45.03286031092599,609.187373983408,-384.4886816586976
1525,516.0945417240546,68.58434362596681,-203.70064800892493,323.88243766005684,250.4459809003437,220.28264904551693,393.3292050817921,60.194197449390444,0.06105131137188472,221.01754122130276,280.0415929475807,51.00153845025331,-42.53854475434232,24.590800269170316,482.4780377246874,-205.4817449178882
1526,643.8097431556514,82.77697723676863,-112.3108275270505,340.9296318364334,322.7917613551385,256.9539423937534,542.1511812272462,56.78066520284601,-34.20410810487196,262.2269397056488,299.5969825519626,31.530710083784353,-33.63714520269663,45.03286031092599,609.187373983408,-384.4886816586976
1527,656.3275573022601,80.98865522048162,-93.71520137355998,324.58326992775795,326.74833361379734,254.6087038292945,529.0812613035508,56.145239480516956,-41.29684778152129,273.37956137541147,303.43854819674664,31.54145559097945,-34.187189929977855,56.47468843431199,614.8871059230034,-395.80667490338203
1528,560.8167060716451,79.50329461725755,-92.03068794590922,210.44714700149487,249.46717193254113,212.3187619687797,221.53787438537205,48.17116845530937,3.1231101567254633,209.33154507693567,240.63051927904667,8.118964344318663,-30.210263962142196,18.54102904180895,488.57306729985316,-247.9267034206846
1529,376.4665080263515,27.496418038494635,-70.12749647091654,129.99120700259445,263.47195081545476,140.9741390327852,206.55524034040062,41.081390375957824,-2.782705396393204,124.4026736184905,162.03776538768568,33.85515574330071,-27.01479949736766,24.198614260749604,271.90505372226687,-155.4079884980603
1530,371.98418068033396,30.989668578035165,-67.05099837160981,134.6587706255178,253.33636972219034,141.3144707856262,222.83956432075829,40.51611896747685,-0.3803435797847504,133.59386440680308,167.19501497535103,16.69684168931848,-35.09502460617298,26.294213069302508,318.64844445752976,-146.95526992935163
1531,562.6822410780248,79.97781501573421,-91.04172495898158,209.63027958334973,251.24130290303265,214.26207614141543,226.0510222539361,48.59986428908839,3.234926599999797,208.05423096983742,241.9945268127422,10.19727976312088,-30.581600156997073,18.721328020505183,492.2086663912601,-248.07730962665028
1532,154.34354212200228,19.787030365373866,-23.49931481543034,96.36345576029302,244.54671174275472,62.47332173053381,197.36907376905899,16.364548033282677,-16.123648435573493,107.68120237568726,83.93642841067395,-13.922175144229085,-11.016181890643235,17.749625831614672,252.68388087557753,-85.3257873604967
1533,656.5404186432689,70.29350977335795,-99.63340761209224,257.6309001331378,304.0110703519779,236.2655145121157,341.11896789369365,63.86049690453426,-34.424319251119606,309.0713250033846,301.667613132368,50.804703387142744,-49.84395840012565,88.72278251228632,577.8630008224605,-300.3200123863627
1534,377.1773820182622,31.95825967123203,-73.91409106638413,140.4917333274454,268.8607875273163,148.28909433229384,230.49480530601676,42.866568301879234,-2.201414012792978,137.70867119818863,172.78874810109082,29.003541917831548,-27.8457159619446,23.007166902380337,342.4375329980869,-167.367489339287
1535,262.46223351168817,33.95287124100648,-65.26941099864119,80.60493536842705,93.68289664378729,77.52658359063882,178.21627303274582,13.124499679490324,-3.7532012491280575,100.37422379627843,94.47536374880715,248.0376310341838,-12.628270776901472,5.997335031572505,209.08116958075863,-112.15896919675647
1536,667.2678332347452,82.45710485526139,-194.4511501627169,97.47374141641689,310.45307991176924,261.2054719400013,464.7814825599872,66.81815939610762,-14.392203380216612,275.38586957774794,303.51717418028323,36.53746244918963,-44.16256763389675,36.76494488224029,587.909173259938,-310.3877539083638
1537,408.18047688435263,50.55662782354628,-281.8402131445552,156.61643355100614,183.19917010279985,142.0981375134263,308.86327275636665,31.420116029614782,-18.78703898078499,176.88168223123978,168.32207014304421,21.56661902087552,-25.926783382163194,34.640353127030124,364.75728661333926,-182.33123973080706
1538,614.9125620422824,78.5990380610253,-209.0934733428441,360.5027998668837,297.6518800295588,257.06873576378587,448.34457810208124,71.67064120149199,-4.274084532637086,271.638666865481,296.80189244986656,61.5822042898235,-51.792353211087615,43.445608265463996,572.3987815148645,-252.83299479707273
1540,643.8097431556514,82.77697723676863,-112.3108275270505,340.9296318364334,322.7917613551385,256.9539423937534,542.1511812272462,56.78066520284601,-34.20410810487196,262.2269397056488,299.5969825519626,31.530710083784353,-33.63714520269663,45.03286031092599,609.187373983408,-384.4886816586976
1541,658.4059536496487,70.76803017183461,-98.64444462516458,256.81403271499266,305.78520132246945,238.2088286847514,345.6321157622577,64.2891927383133,-34.31250280784528,307.7940108962863,303.0316206660636,52.883018805944964,-50.21529459498053,88.90308149098256,581.4985999138675,-300.4706185923284
1542,402.086050339685,47.34469311164291,-73.68730944649691,183.34963898835497,186.98465368039626,323.3524614079877,249.32737997699215,33.30327637378646,1.7801186418955648,133.50210999027152,178.06618568353383,35.93836377360277,-34.24926649599056,27.585798089061516,359.90111580692405,-162.73404759203933
1543,621.1971023022049,78.964644571582,-228.232213846262,74.44890121347505,286.41295978844283,241.84701954987244,450.0383123990883,59.87289411752478,-11.246690189548476,249.74606477038833,276.63589719632523,27.26633721601968,-38.68717162888639,26.370185469745486,545.360972765388,-290.3410630100627
1544,389.33702906502646,28.733012706600576,-72.23417645073637,134.07207776780055,265.50575322905956,145.24247570110097,214.47148517616174,42.43725886591105,-2.988563013033216,129.1208342943291,167.04962650545937,34.49290552731648,-27.9147778671715,25.200832334725234,282.67915704473984,-159.82181932025338
1545,594.2923756113141,75.68760325167788,-122.82279267696889,292.322140876046,295.52093926505364,229.33332620869822,505.5167408090111,47.288949216573364,-38.17991985206234,240.10271225052108,272.48457369111395,22.308390487224703,-27.545330662809207,43.68545563067461,558.9826949182822,-367.6752379316809
1546,820.1271550921595,97.78364176767734,-137.75884507558908,283.8135759273149,325.917288522152,274.20951343362674,520.8238522517711,71.23814361335245,-15.524058453085182,302.80690039886355,322.34994126806146,33.30052255772242,-53.083776510277666,54.541008889899125,658.6347991707164,-320.27839204257333
1547,478.2491642881123,102.54118555279877,-83.75417671967246,179.83957897059958,211.56123106671353,184.5764438081091,182.21451586120682,45.55184668619439,9.578654035988217,165.30880539105033,201.52684344774903,1.9747378416510473,-21.49137460105788,2.956358233677038,415.3437119274172,-211.20472299518244
1548,596.3360586891399,81.3115722799046,-204.02148797424616,351.3851446236462,286.71054778226693,253.2156663165571,420.1103817117664,68.51211339225546,4.76562316618894,249.64911355846903,284.51309750479646,51.728388775621646,-47.46168905182207,27.117676521838632,554.8308621516675,-242.20005423452795
1549,762.6587530905255,88.9594988739844,-132.06442670655343,251.38119983429792,293.52414653943157,249.72881326625784,469.7514620863108,66.45831887647068,-10.99104688542634,282.6701512106863,295.298908458743,32.40022785889127,-47.724575592920054,46.83777693662451,639.0132651293867,-280.65149733769704
1550,765.3527817434829,84.17656575824455,-129.33490408008157,241.54583531721158,286.4018098244513,243.57396182208083,444.79007049207445,65.25203122114327,-11.779608139748971,269.5257943995995,285.4089292359361,38.465563185066905,-47.30796214084986,49.031461631637505,573.4916665088297,-269.5241748047626
1551,388.17736795456426,49.33171757418403,-94.3491162837086,201.51226333132766,182.58846228188642,325.9582820351643,263.8495132255425,34.00930495415208,9.660940504839267,121.11030813497962,173.79777941155157,35.92642432116377,-33.63810568790031,14.87265572974374,353.56808031848453,-150.15849954238993
1552,766.1443205022249,87.36077067393835,-119.28578860513987,247.52228085976168,282.5224977857215,241.07433655907494,479.0548621048561,62.92039297568063,-11.077028702286636,283.0241954366604,290.86327672375006,20.96094048766535,-49.436699165813955,44.75044356525331,574.9857803794937,-266.0791519123639
1553,781.5593972630205,89.31859235379235,-134.9598374486462,253.6386449278288,318.26275319164256,258.33924611235375,471.13720239800494,70.26748826895835,-8.848687814968423,284.4526438817622,304.07821717896564,33.154535718691655,-53.90140005410352,51.071824363431546,609.9481114156092,-280.1615250625375
1554,600.0061805488905,76.9813266969819,-175.83906769550887,63.65182967230524,284.29634884064814,243.4058614766966,447.97308519917567,60.583159627080896,-11.45835331405795,241.05886212996873,278.10560039248503,46.39185736234448,-41.44278115826155,20.742183435235365,542.9322161399602,-268.92317089434465
1555,560.8167060716451,79.50329461725755,-92.03068794590922,210.44714700149487,249.46717193254113,212.3187619687797,221.53787438537205,48.17116845530937,3.1231101567254633,209.33154507693567,240.63051927904667,8.118964344318663,-30.210263962142196,18.54102904180895,488.57306729985316,-247.9267034206846
1556,611.8961561771155,65.62568646869966,-93.79604826928359,243.6760631125177,285.46762501012796,218.96331422557785,338.9388005611569,93.74069799493373,-35.39663899187963,294.4617442137191,282.84564389839636,54.61011311291548,-47.23249777526579,91.38718085088175,540.0383716332244,-279.602792308178
1557,658.2079607730187,73.94268425119492,-99.70570337569538,257.5542171813266,305.05190228086667,237.55079854946166,344.04554706334943,63.27642856957218,-34.06888471062715,307.7119860544347,302.3847473240177,50.92756839256182,-49.92862769806502,89.22933263554881,579.8522467440267,-301.36948673879226
1558,656.3275573022601,80.98865522048162,-93.71520137355998,324.58326992775795,326.74833361379734,254.6087038292945,529.0812613035508,56.145239480516956,-41.29684778152129,273.37956137541147,303.43854819674664,31.54145559097945,-34.187189929977855,56.47468843431199,614.8871059230034,-395.80667490338203
1559,682.0011358757621,71.6158960060789,-102.48649178547568,284.26403288634424,322.85995491461904,248.06880746923957,408.8940139974701,66.40897226471952,-42.849178607661436,322.9190223798915,317.23775900002124,56.27495260081891,-51.1292784827637,96.86094764695449,609.5255967251389,-332.69618851606
1560,672.3482573855497,83.29576927172327,-196.32909133408546,100.05213778191599,311.9957859036301,262.58453762234063,463.659554929036,67.11870393699107,-13.77950098570478,276.70648701822887,304.8147550325945,34.37538620499071,-43.973923770239956,36.790707872923356,590.6743646018704,-313.68509707466836
1562,755.730831800013,90.55555171894567,-125.90847171984635,244.04615753647622,277.5172543522997,242.41766983064497,456.785984969844,64.79523044858476,-9.232055117242957,276.4504769246296,288.3874548976376,21.930468312722404,-54.808820184693126,50.81234508937836,609.3166677098587,-259.4322762314545
1563,587.3801198181316,72.01491295080599,-69.64989720430964,292.5814484943975,282.82266049176616,219.18094750382926,510.36902279145994,43.95774395952283,-36.49675705611206,237.40687064254922,264.1072016916021,11.943945896272533,-25.52049992923481,36.02157535240266,523.5994294070142,-354.0471819124561
1564,675.6003354013727,71.34085863665324,-125.15306105436525,287.1078609430365,317.75192606085443,249.1192710460731,393.7022039630583,69.58246387400898,-35.55837850195534,323.0044042352458,316.5505216570737,61.90724152373444,-54.59553288226734,94.12201282720189,602.1672492853857,-305.5369498360374
1565,331.7004755010707,27.54199444271719,9.57530632589139,131.5199754567309,101.47311274505938,71.9723540927839,321.14167473643613,5.753906091895122,-15.696396235437776,138.0988479734632,118.87366396550611,-41.71737165369129,-7.5513641558123386,-10.489874706319304,150.55399994981656,-118.86850434157063
1566,658.4059536496487,70.76803017183461,-98.64444462516458,256.81403271499266,305.78520132246945,238.2088286847514,345.6321157622577,64.2891927383133,-34.31250280784528,307.7940108962863,303.0316206660636,52.883018805944964,-50.21529459498053,88.90308149098256,581.4985999138675,-300.4706185923284
1567,556.8409369025878,73.90677654638004,-237.09593987792195,332.7362162891422,268.6795088985315,234.1875588945125,427.8933479191622,63.64875809865461,-0.7162240700190013,240.06802922966162,268.39155583529595,53.165564487329014,-45.667137313340255,30.602567849888807,520.6156309787539,-225.90938969928143
1568,575.9233298816125,73.05083021556729,-191.12633399182084,64.61136940338014,266.15348423490093,226.39711971765513,411.6337092464549,56.03449339612015,-10.383050876891936,228.57885587221182,289.58038287664164,24.861863841491108,-35.210957674444245,19.690443713391605,502.9858691497585,-267.6436799196258
1569,613.8485921886704,81.35231587253037,-203.72934528781298,373.26089216691037,301.3186170619207,260.8373285424048,480.05246691536695,69.86851230851104,-4.233151479237293,262.1991932889612,296.3225682673081,56.2164492838678,-48.134590523121474,34.56655008629735,578.4937228317854,-271.07600307277795
1570,634.8752826215023,65.17182612343441,-136.39236890897664,247.4013932292588,294.9414366641513,225.09764649317412,362.23643230329424,61.33686243007325,-39.76576478284404,305.84997088500967,290.98277651823764,54.28213438823714,-49.587206118657015,94.78244621017532,560.6395792511252,-292.2647001304819
1571,665.4022982283655,81.98258445678474,-195.4401131496446,98.29060883456202,308.67894894127767,259.26215776736564,460.26833469142315,66.3894635623286,-14.504019823490944,276.6631836848462,302.1531666465877,34.45914703038741,-43.791231439041866,36.584645903544065,584.2735741685311,-310.2371477023981
1572,479.64003252662434,102.34248310654465,-81.6879960359513,178.0233165363023,212.0008502065645,184.31586174539146,180.7623025363518,45.48124382815782,8.790571849693848,166.54798557657955,201.95368407494726,1.9759317868949473,-21.552490681866907,4.227672469608819,415.97701547626116,-212.46227780014738
1573,665.5780896435875,71.65628038508703,-102.59057430060783,257.14929831715307,308.51214285450504,240.52676228306248,349.2847973374275,64.95410318133715,-34.05234301293777,310.46126110892544,305.5596544657256,51.24774621546742,-50.298270080861734,89.28971681890032,586.1778013931734,-305.01417064426727
1574,613.8485921886704,81.35231587253037,-203.72934528781298,373.26089216691037,301.3186170619207,260.8373285424048,480.05246691536695,69.86851230851104,-4.233151479237293,262.1991932889612,296.3225682673081,56.2164492838678,-48.134590523121474,34.56655008629735,578.4937228317854,-271.07600307277795
1575,106.19353411958916,10.874245636444485,-20.86491782138299,62.90219905638774,236.49339800998894,44.153202344397066,141.38683729846966,14.63564537636202,-8.742500890517714,84.61935944010409,61.6841294791882,-13.803993527171647,-10.904664539103315,12.869121725427947,201.70681282303113,-42.50089613844123
1576,473.0188480469802,44.15791353422112,-89.0196206110143,165.85193335720896,299.40429193619843,177.95956878867193,281.43681438977154,51.60363094340676,-1.7532988401940788,169.5860178117376,207.04400114577317,30.233400649221178,-38.06529658072296,31.978551464593945,379.73327562646034,-190.780988231269
1577,451.42360476291657,53.981964709232315,-268.9127619845306,139.5217849414597,188.5074236348954,145.50596878731258,318.12511919701564,31.940684056430097,-21.195832466428573,186.01208379423392,174.4918887206374,17.19858313913322,-27.085661899372816,39.00270432575741,382.7079695957408,-193.09080337726851
1578,569.5139185787823,80.82055379145866,-92.8904518617068,214.39625070317527,254.2448158228589,216.40330804633956,230.92330314334498,49.0360487215974,2.947751529969006,210.62985638336755,244.4730547413046,8.484009569746576,-30.46024644047023,19.49197836763411,497.3401438012043,-254.2622476767799
1579,636.7759125833874,81.89947325442648,-110.11091517849759,337.9110759365271,318.3552321289502,253.43722496747867,540.4251787085227,55.56897593655025,-33.64529081370161,258.50575261380965,295.6211638387283,29.57083971978927,-32.764364594541426,42.86041757914188,599.9952759769246,-380.1869768791085
1580,656.3275573022601,80.98865522048162,-93.71520137355998,324.58326992775795,326.74833361379734,254.6087038292945,529.0812613035508,56.145239480516956,-41.29684778152129,273.37956137541147,303.43854819674664,31.54145559097945,-34.187189929977855,56.47468843431199,614.8871059230034,-395.80667490338203
1581,643.8097431556514,82.77697723676863,-112.3108275270505,340.9296318364334,322.7917613551385,256.9539423937534,542.1511812272462,56.78066520284601,-34.20410810487196,262.2269397056488,299.5969825519626,31.530710083784353,-33.63714520269663,45.03286031092599,609.187373983408,-384.4886816586976
1582,676.3581735420101,70.53968957748263,-98.22039875320161,279.42921455214065,318.8630448282818,244.29150798024713,405.71579815389146,65.12668014038721,-43.07844350278545,320.43701547358154,313.68878091398517,54.31627618206773,-50.31761395541752,95.95981915110215,600.9668022674997,-329.65203854143584
1583,672.3482573855497,83.29576927172327,-196.32909133408546,100.05213778191599,311.9957859036301,262.58453762234063,463.659554929036,67.11870393699107,-13.77950098570478,276.70648701822887,304.8147550325945,34.37538620499071,-43.973923770239956,36.790707872923356,590.6743646018704,-313.68509707466836
1584,419.07534955791147,51.3679075398855,-279.9596114315448,104.22656329173614,185.80174229819784,142.8943079101329,312.191958191946,30.43541435834679,-20.806429487810707,177.80486682650155,169.63573242520437,16.17516024982225,-24.345714076137515,33.41678049107559,367.9079400948625,-194.27054939537962
1585,762.5857274414725,84.2567955857572,-129.4250863242022,240.5842808251746,288.97479963224725,242.9701349540696,442.73355066321466,65.00491392878303,-11.711046049149893,268.4068490642544,284.3819667352046,39.18146929704142,-46.705010968501014,48.59767739719101,568.8260463032498,-269.4929158127612
1586,613.5472112175141,81.6321462904184,-205.60746580023311,369.83816757528064,301.1392551416095,261.1775276447931,481.83754878377994,69.8406449994208,-3.647008343645494,261.0523315629582,296.0270938683259,55.67610946151858,-47.91536751170988,33.17287858677012,578.1754846310938,-271.01237923427027
1587,696.9057735059632,87.70229763805708,-202.83008834670542,99.28718864380686,309.75585948965943,266.13371372678864,486.9517349179621,67.75144221852771,-8.561659979829843,272.0132258543691,304.44733729805733,29.270900917471607,-44.77022841376586,28.7909475935066,599.5775420664007,-308.6147751251118
1588,655.8072415586474,70.17783688817227,-99.45548842701305,256.93142373986075,303.5594043315158,236.24292535870975,341.58195607213304,63.39863260599454,-34.72380244181397,305.2718787195885,300.48131612161563,50.2698772214901,-45.92521210962861,88.29566552507393,577.9046299306851,-299.4822265511502
1589,656.3275573022601,80.98865522048162,-93.71520137355998,324.58326992775795,326.74833361379734,254.6087038292945,529.0812613035508,56.145239480516956,-41.29684778152129,273.37956137541147,303.43854819674664,31.54145559097945,-34.187189929977855,56.47468843431199,614.8871059230034,-395.80667490338203
1590,765.3527817434829,84.17656575824455,-129.33490408008157,241.54583531721158,286.4018098244513,243.57396182208083,444.79007049207445,65.25203122114327,-11.779608139748971,269.5257943995995,285.4089292359361,38.465563185066905,-47.30796214084986,49.031461631637505,573.4916665088297,-269.5241748047626
1591,753.3715455782095,120.67978769948697,-130.16474983030915,244.21483400008393,286.89472568659716,246.92342407074324,456.96885425923756,57.10195014202453,-10.54907772391903,276.5962068915417,291.77587072582423,31.9242249237538,-51.21442253728562,50.330324424720196,591.6219943891443,-268.5123368051301
1592,567.1419483315581,83.38453898997894,-111.890939246206,179.16102386084265,252.35398715226756,219.6418016612214,245.7694406448228,49.01396895030009,8.770374615233486,200.39972564844945,241.86329102156435,3.6989487715002918,-28.691568540173947,6.564919852677859,494.0237240643415,-252.04824713202004
1593,341.53909541987485,56.093555561341596,-67.21240216294423,135.8744156706961,145.75825696795337,119.1305618308365,223.84566379914426,196.27404222706826,-0.10322125611529716,135.34252200094116,139.30165921710523,24.16822441665843,-17.460751583119492,24.44252553344036,287.6966554523427,-130.0426538616339
1594,829.0091092597705,95.52739070199547,-139.21690292764598,273.9498496650347,323.9814865952569,274.2637763258997,494.44728758533506,74.34450788652414,-16.339218273305946,316.4219544164098,327.7979556574485,41.65457689574449,-57.86230675007323,64.69456405564944,661.9093207643294,-304.48902381780823
1595,554.8926600773674,71.46772931015863,-79.44745057874367,276.6164743811769,279.1433168086047,217.99756923482965,471.67143762709344,44.95678621308707,-33.20472517900023,222.32420275748223,255.96337935280468,22.30772185018278,-28.495492118055953,37.86182913601714,528.8878534769103,-391.8411077980701
1596,619.1715722073797,57.26046661380133,-91.38449504681137,236.88766693744464,283.4643737363669,214.26924891403578,326.86775681535306,59.36841197252634,-39.31271464628116,286.3736784255589,276.56195142595107,61.53713869490882,-43.854914117167,90.44246526870958,518.4800076756707,-280.75396733211596
1597,617.8738940177552,79.23937069002717,-205.73209989913732,362.0014890782659,298.9829249266402,258.60368563880763,447.01612775113875,72.04221229333105,-3.682548450576202,272.09056404192,298.24644362179373,61.33268006025706,-51.87927030036835,42.90857105269604,574.9210971942541,-253.98854875180552
1598,376.1430588890629,45.16795172882927,-74.10245039550153,153.35902097793274,174.38929448846037,134.01460768192692,272.2762231575726,32.91337190925116,-12.388465077185176,159.5259915284206,161.99569611942798,26.369174419882462,-7.204758382192423,10.927383214193222,518.806274866694,-191.62292859446853
1599,828.1143917235402,98.52402666833584,-163.2374226669226,240.8023109028544,322.39952848692445,277.50988315710055,512.5046289894564,73.99480824466615,-10.456620604937012,305.8220574204216,324.6962413480104,34.33862665761974,-55.39451568301978,51.32064926382813,658.969814419956,-305.99457464430316
1600,656.3275573022601,80.98865522048162,-93.71520137355998,324.58326992775795,326.74833361379734,254.6087038292945,529.0812613035508,56.145239480516956,-41.29684778152129,273.37956137541147,303.43854819674664,31.54145559097945,-34.187189929977855,56.47468843431199,614.8871059230034,-395.80667490338203
1601,758.3864221222564,87.2615612515691,-125.9979873930151,244.2677042763813,278.1348905456702,242.6496242808853,456.69726793607447,64.29645398182721,-9.40010846523376,276.30402099924663,288.532112267914,22.612867082218077,-54.68052221393811,50.835751697625625,608.5927392125583,-259.9537115398513
1602,169.99207586227945,10.863317042978192,-35.85958214554764,83.06066075438663,64.02227961250718,44.41631783044377,64.73249358470608,-11.019281346788173,-38.174769771888904,2.2467023367182044,37.69375777832352,-21.369878676040123,-211.24024822505766,-28.15056170297718,148.82630986106213,-48.71607591989776
1603,535.4067850943276,74.2476239664667,-196.21610427090118,332.72765588002716,260.1698310552262,228.67003750648573,408.15824656629593,96.54160052209932,3.282951485052718,232.459431603877,258.84202415247813,54.63417667611718,-43.994001403616444,27.615407084913542,501.97240375768774,-213.27710268766072
1604,643.8097431556514,82.77697723676863,-112.3108275270505,340.9296318364334,322.7917613551385,256.9539423937534,542.1511812272462,56.78066520284601,-34.20410810487196,262.2269397056488,299.5969825519626,31.530710083784353,-33.63714520269663,45.03286031092599,609.187373983408,-384.4886816586976
1605,758.3864221222564,87.2615612515691,-125.9979873930151,244.2677042763813,278.1348905456702,242.6496242808853,456.69726793607447,64.29645398182721,-9.40010846523376,276.30402099924663,288.532112267914,22.612867082218077,-54.68052221393811,50.835751697625625,608.5927392125583,-259.9537115398513
1606,643.8097431556514,82.77697723676863,-112.3108275270505,340.9296318364334,322.7917613551385,256.9539423937534,542.1511812272462,56.78066520284601,-34.20410810487196,262.2269397056488,299.5969825519626,31.530710083784353,-33.63714520269663,45.03286031092599,609.187373983408,-384.4886816586976
1607,191.52991119089478,8.791115453100774,-37.57019407043881,93.67700520900627,76.29465675688046,49.804337152694366,91.63823962407841,-7.489182445712578,-46.62294138865404,24.68815282016921,51.42710389532082,-11.765587391404706,-215.65782947360393,-12.359667172119773,168.91654490364877,-60.50457043717533
1608,643.3369050918393,84.7595510662363,-192.5504702461712,85.67780313350617,296.81710530691,255.21878380416737,434.88620918290684,62.89582728380137,-5.005346028255341,250.45092459613574,288.25790071695303,25.866027688483605,-39.25414402440088,19.21950651462095,565.5866898792865,-297.2894266669442
1609,685.4057208075757,72.07101038135855,-123.4605195126559,239.95697770969352,320.09424103671256,249.83582440310903,396.6980208550798,68.69623236986777,-37.37582995827848,323.83527037098133,317.7328177110178,57.054928629786495,-53.17257050684424,93.02079745484279,605.0028374187566,-316.28232853415267
1610,198.96791653137367,23.14105682985892,-32.33488908601021,10.607439171433013,80.9023953421629,243.17012690167277,149.9674432382636,15.684254427284536,-38.23528221400871,117.90775152615602,85.77777588605468,-11.259666188958137,-1.4619772601238845,21.933142502499752,154.78381639473886,-103.52266091463451
1611,765.8437996745955,84.3222733549371,-130.05627343274705,242.227545604576,288.02468440429516,244.33750841935012,445.7876552613501,65.50139500843099,-11.952572759780562,270.0666769640701,286.0690129540057,39.637262024002325,-46.59350266276383,48.688509465757114,576.5682451454809,-271.67404531617626
1612,161.71062140892823,174.17668332483242,-36.877425830671235,68.03089073662055,76.09744172653932,59.94223857942774,106.14673077715902,75.07594014094109,-6.927181775184016,70.35345205238023,70.0498165625332,20.045180548498,-1.0668002741005287,11.771912795936878,136.12516699630703,-79.80158644757255
1613,656.3275573022601,80.98865522048162,-93.71520137355998,324.58326992775795,326.74833361379734,254.6087038292945,529.0812613035508,56.145239480516956,-41.29684778152129,273.37956137541147,303.43854819674664,31.54145559097945,-34.187189929977855,56.47468843431199,614.8871059230034,-395.80667490338203
1614,610.3492389369966,77.79886341044528,-204.6251104579391,359.63085566346905,295.4531378838799,255.28694954538648,444.35031065116067,70.91442046781737,-4.691959858239516,268.396830130117,294.4091435463991,60.936664242050526,-55.584567763973624,42.28643588902988,568.3999509376631,-250.17114710468994
1615,669.3869254100766,82.65543664272141,-199.69046477779222,98.55344857053386,310.6647410065487,261.04958774731887,464.9880052799785,66.74713284515201,-14.371037067765664,276.25458984178994,303.3702038606673,34.62491043455715,-43.887006680959225,37.32774508569131,588.1520489224808,-312.52954311993557
1616,650.8104220569343,85.36797086160068,-194.6184794091943,89.43579332729637,299.7234087592568,257.1965183000901,436.7538088896637,63.58860503591544,-5.331329368939636,254.2650365347779,291.08140891559725,24.77109492035529,-39.55634252169368,20.99981334206594,570.584129559284,-301.8966025573908
1618,672.3482573855497,83.29576927172327,-196.32909133408546,100.05213778191599,311.9957859036301,262.58453762234063,463.659554929036,67.11870393699107,-13.77950098570478,276.70648701822887,304.8147550325945,34.37538620499071,-43.973923770239956,36.790707872923356,590.6743646018704,-313.68509707466836
1619,613.6843608681877,63.18850824883433,-83.99922275822344,236.604321688089,292.82482571635654,226.6564884199983,360.17120510338157,62.04712793962937,-39.977427907353515,297.1627682445901,292.45247971439744,73.40765453456191,-52.34281564803217,89.15444417566519,558.2108226256973,-270.84680801476384
1620,650.8104220569343,85.36797086160068,-194.6184794091943,89.43579332729637,299.7234087592568,257.1965183000901,436.7538088896637,63.58860503591544,-5.331329368939636,254.2650365347779,291.08140891559725,24.77109492035529,-39.55634252169368,20.99981334206594,570.584129559284,-301.8966025573908
1621,560.8167060716451,79.50329461725755,-92.03068794590922,210.44714700149487,249.46717193254113,212.3187619687797,221.53787438537205,48.17116845530937,3.1231101567254633,209.33154507693567,240.63051927904667,8.118964344318663,-30.210263962142196,18.54102904180895,488.57306729985316,-247.9267034206846
1622,558.8623957517084,74.37485989118194,-203.72191032380144,343.45073346497406,271.16457558017237,272.9001246812664,423.1045762696121,64.68899150612538,4.821811227703337,231.79329768795566,268.7569507606945,56.05898633121386,-47.61746286939045,27.673063911555918,523.6147880173455,-222.66601514873102
1623,288.6189553261842,50.96241247236466,-78.51567988670419,148.7987368992338,135.7694940283382,112.14806054144478,209.44191585016156,198.27935777715908,2.6882259684919236,121.17427796130902,128.47892733649638,27.26805065050656,-15.584946690776228,18.241870388564507,261.05345512893047,-114.80350946411193
1624,679.3230720809928,71.26388813974005,-119.32632966591164,234.38272508160605,317.6275567242168,247.5975078444686,393.3782078234679,67.93285175971715,-37.83792880388856,321.2603386178684,315.33615013957177,58.15105534315872,-52.93148809036046,92.51180486332959,600.6387012876031,-312.93270744867107
1625,656.3275573022601,80.98865522048162,-93.71520137355998,324.58326992775795,326.74833361379734,254.6087038292945,529.0812613035508,56.145239480516956,-41.29684778152129,273.37956137541147,303.43854819674664,31.54145559097945,-34.187189929977855,56.47468843431199,614.8871059230034,-395.80667490338203
1626,334.8243976538302,41.86891495336341,-55.07522697928887,149.52772724424332,160.8279226092752,305.5528509446829,232.5189826161806,27.068276604759774,4.713968708054226,99.17510254249225,152.65461189573557,45.792758686757615,-31.529480020355372,11.563036642056593,314.92415868694604,-121.26946457802025
1627,564.829736566698,72.16308784344184,-80.78069499084478,280.59054757304034,281.085913008851,221.66454071303917,477.2092844939346,46.1899950423222,-33.95778563337025,227.3685034625506,260.7850992400173,23.38346916761668,-29.340698716947855,39.699126326051825,538.5001920499872,-396.436537060582
1628,596.3360586891399,81.3115722799046,-204.02148797424616,351.3851446236462,286.71054778226693,253.2156663165571,420.1103817117664,68.51211339225546,4.76562316618894,249.64911355846903,284.51309750479646,51.728388775621646,-47.46168905182207,27.117676521838632,554.8308621516675,-242.20005423452795
1629,827.0728342838975,97.81574903840827,-159.01345907943386,240.1656453583489,321.4971314229808,276.68306140675134,509.3613570000182,73.87869625967383,-10.383660747025221,304.0889574364489,323.52494214290306,35.126003152809815,-54.91084636525279,50.93416625823524,654.8775408806107,-304.95917585987974
1630,760.64101111114,92.01262768587117,-133.12216524650103,250.86326041012046,293.7460001507383,250.05313580333794,466.7618326626003,67.28886832146198,-10.961701317558864,281.85930256933545,294.9882920783334,33.64745670207659,-47.664225403832965,47.38282343057448,640.0824540763703,-280.93098134559114
1631,655.3253327264816,81.020197395325,-91.45895269818423,321.5874136651696,325.82435529316245,253.74945295299344,524.6395206409878,55.68240341124977,-41.14624423261954,272.12524706277947,302.3394614776118,30.47550606015275,-33.75746364983729,55.991458833481836,613.2881611337824,-395.754396984205
1632,758.3864221222564,87.2615612515691,-125.9979873930151,244.2677042763813,278.1348905456702,242.6496242808853,456.69726793607447,64.29645398182721,-9.40010846523376,276.30402099924663,288.532112267914,22.612867082218077,-54.68052221393811,50.835751697625625,608.5927392125583,-259.9537115398513
1633,668.8678858002648,70.18352423642305,-121.07502819339221,287.51202963475987,313.49475875497734,245.26235451741,390.1911195759217,68.39864191680346,-35.58570434637678,320.4300788694096,312.87017734282165,60.48771098208859,-53.94197528552373,93.34324159494501,593.2933894795941,-301.298868894956
1634,566.7227389344106,74.9082459898859,-237.6352224113139,336.39825250982494,273.40009881145295,237.8661675663394,433.3948852211911,64.79640247386479,-1.1497376544198985,245.13014179407944,270.0675857855245,54.223631071286036,-46.59251815901478,32.48804864951818,529.6077053577716,-230.6445146871999
1635,765.3527817434829,84.17656575824455,-129.33490408008157,241.54583531721158,286.4018098244513,243.57396182208083,444.79007049207445,65.25203122114327,-11.779608139748971,269.5257943995995,285.4089292359361,38.465563185066905,-47.30796214084986,49.031461631637505,573.4916665088297,-269.5241748047626
1636,643.8097431556514,82.77697723676863,-112.3108275270505,340.9296318364334,322.7917613551385,256.9539423937534,542.1511812272462,56.78066520284601,-34.20410810487196,262.2269397056488,299.5969825519626,31.530710083784353,-33.63714520269663,45.03286031092599,609.187373983408,-384.4886816586976
1637,619.8062340636928,79.16334701783612,-230.29839452998317,76.26516364777231,285.97334064859183,242.1076016125901,451.49052572394334,59.943496975561345,-10.458608003254106,248.5068845848591,276.20905656912703,27.265143270775777,-38.62605554807736,25.09887123381371,544.7276692165441,-289.08350820509776
1638,560.8167060716451,79.50329461725755,-92.03068794590922,210.44714700149487,249.46717193254113,212.3187619687797,221.53787438537205,48.17116845530937,3.1231101567254633,209.33154507693567,240.63051927904667,8.118964344318663,-30.210263962142196,18.54102904180895,488.57306729985316,-247.9267034206846
1639,666.5626644010541,69.97808802492416,-122.19589436584967,287.58946275902116,313.25085355832726,244.8580232751263,385.5363745193244,68.48885759720612,-35.930354740137176,321.6144681297049,312.6584803237161,61.46419869540977,-54.14122120153126,93.55507852058788,593.8524487146728,-300.84279157813285
1641,658.4059536496487,70.76803017183461,-98.64444462516458,256.81403271499266,305.78520132246945,238.2088286847514,345.6321157622577,64.2891927383133,-34.31250280784528,307.7940108962863,303.0316206660636,52.883018805944964,-50.21529459498053,88.90308149098256,581.4985999138675,-300.4706185923284
1642,621.1971023022049,78.964644571582,-228.232213846262,74.44890121347505,286.41295978844283,241.84701954987244,450.0383123990883,59.87289411752478,-11.246690189548476,249.74606477038833,276.63589719632523,27.26633721601968,-38.68717162888639,26.370185469745486,545.360972765388,-290.3410630100627
1643,568.7648898046077,80.78493725735271,-95.17591480572584,215.2045322114372,253.70798721552845,216.50039270005584,229.370835285548,49.36324489923903,3.6970254456098712,210.62916272295035,244.39119438418825,9.101153049748664,-30.82268257348085,19.2303206120184,496.5728025224138,-251.4269307121319
1644,656.5404186432689,70.29350977335795,-99.63340761209224,257.6309001331378,304.0110703519779,236.2655145121157,341.11896789369365,63.86049690453426,-34.424319251119606,309.0713250033846,301.667613132368,50.804703387142744,-49.84395840012565,88.72278251228632,577.8630008224605,-300.3200123863627
1646,773.8868057755807,94.21055524786068,-171.85579280258577,247.3885141380091,295.72669085704905,251.71292904657614,474.9884854820021,67.01810278663687,-12.605542223599976,286.2501138758601,296.6302435798465,31.670810141764775,-51.45377994782058,52.672408405320496,611.2382112102797,-280.4201121478122
1647,636.7759125833874,81.89947325442648,-110.11091517849759,337.9110759365271,318.3552321289502,253.43722496747867,540.4251787085227,55.56897593655025,-33.64529081370161,258.50575261380965,295.6211638387283,29.57083971978927,-32.764364594541426,42.86041757914188,599.9952759769246,-380.1869768791085
1648,141.15189452072198,12.430936655602887,-70.82178743811126,65.88470271400712,79.21676467562865,45.5576724290401,76.38269910058006,7.227247989254724,-14.580434028855178,47.990731408945905,211.61080318430456,3.490998965269252,-4.809834928306306,-1.022282204768856,109.5781132705498,-54.37260270304687
1649,560.8167060716451,79.50329461725755,-92.03068794590922,210.44714700149487,249.46717193254113,212.3187619687797,221.53787438537205,48.17116845530937,3.1231101567254633,209.33154507693567,240.63051927904667,8.118964344318663,-30.210263962142196,18.54102904180895,488.57306729985316,-247.9267034206846
1650,643.3369050918393,84.7595510662363,-192.5504702461712,85.67780313350617,296.81710530691,255.21878380416737,434.88620918290684,62.89582728380137,-5.005346028255341,250.45092459613574,288.25790071695303,25.866027688483605,-39.25414402440088,19.21950651462095,565.5866898792865,-297.2894266669442
1651,672.3482573855497,83.29576927172327,-196.32909133408546,100.05213778191599,311.9957859036301,262.58453762234063,463.659554929036,67.11870393699107,-13.77950098570478,276.70648701822887,304.8147550325945,34.37538620499071,-43.973923770239956,36.790707872923356,590.6743646018704,-313.68509707466836
1652,334.3783334652252,46.47789673748335,-61.585082403793876,80.86514334859818,164.98737703922527,117.61241129906288,266.95227947890385,38.87403592982107,160.45664708007695,154.32064943311602,179.45403956068753,23.875148291108022,-17.334556764452888,75.59363607647961,310.784756732062,-152.61079745314078
1653,633.9279411238286,81.77550779326279,-111.77154499365858,337.2675956157507,318.07117144221695,253.27533372192653,536.6496439252172,55.63302082763586,-33.77059452047107,257.164827141231,297.92095260173403,30.47264349982733,-32.711764357022105,43.14737951129662,600.1952996043901,-379.7535566707791
1654,760.961476458622,92.45724858873794,-132.6578946468738,250.19553560794014,291.3915331385421,249.6302425444756,460.8482263448619,100.26591424206896,-8.975182840575156,280.64823725039156,293.878632772784,33.77737991807958,-50.461928681812225,51.38776888469122,600.3588574410996,-271.83270301638026
1655,763.2966014333832,88.7186372184946,-133.2116809196698,251.08480715002554,294.3636363441088,250.28509025357826,466.67311562883083,66.79009185470444,-11.129754665549665,281.7128466439525,295.1329494486098,34.32985547157226,-47.53592743307795,47.40623003882175,639.3585255790699,-281.45241665398794
1656,650.8104220569343,85.36797086160068,-194.6184794091943,89.43579332729637,299.7234087592568,257.1965183000901,436.7538088896637,63.58860503591544,-5.331329368939636,254.2650365347779,291.08140891559725,24.77109492035529,-39.55634252169368,20.99981334206594,570.584129559284,-301.8966025573908
1657,781.9142235790769,89.56621557203118,-136.45769249364284,254.32639241527306,319.8065709896324,259.5563655256995,470.3794626480228,70.74244978566692,-8.895971362399429,284.7893581683487,304.91936222378837,34.494451492213756,-53.81746575762965,51.49780197374707,617.2700696912467,-282.04893008302975
1658,393.25779210536865,50.170381990645915,-96.22705745507714,204.09065969682678,184.13116827374728,327.33734771750363,262.72758559459135,34.309849495035536,10.273642899351099,122.43092557546053,175.0953602638628,33.76434807696485,-33.44946182424352,14.898418720426797,356.3332716604169,-153.45584270869455
1659,556.8409369025878,73.90677654638004,-237.09593987792195,332.7362162891422,268.6795088985315,234.1875588945125,427.8933479191622,63.64875809865461,-0.7162240700190013,240.06802922966162,268.39155583529595,53.165564487329014,-45.667137313340255,30.602567849888807,520.6156309787539,-225.90938969928143
1661,683.090623143118,71.69702397771282,-102.29843161417465,279.02504586041726,323.1202121341588,248.1484245089102,409.2268825410281,66.31050209759273,-43.05111765836401,323.01134083941764,317.36912522823724,55.73580672371358,-50.97117155216114,96.73859038335904,609.8406620732914,-333.89011948251726
1662,675.6003354013727,71.34085863665324,-125.15306105436525,287.1078609430365,317.75192606085443,249.1192710460731,393.7022039630583,69.58246387400898,-35.55837850195534,323.0044042352458,316.5505216570737,61.90724152373444,-54.59553288226734,94.12201282720189,602.1672492853857,-305.5369498360374
1663,656.5404186432689,70.29350977335795,-99.63340761209224,257.6309001331378,304.0110703519779,236.2655145121157,341.11896789369365,63.86049690453426,-34.424319251119606,309.0713250033846,301.667613132368,50.804703387142744,-49.84395840012565,88.72278251228632,577.8630008224605,-300.3200123863627
1664,656.5404186432689,70.29350977335795,-99.63340761209224,257.6309001331378,304.0110703519779,236.2655145121157,341.11896789369365,63.86049690453426,-34.424319251119606,309.0713250033846,301.667613132368,50.804703387142744,-49.84395840012565,88.72278251228632,577.8630008224605,-300.3200123863627
1665,566.7227389344106,74.9082459898859,-237.6352224113139,336.39825250982494,273.40009881145295,237.8661675663394,433.3948852211911,64.79640247386479,-1.1497376544198985,245.13014179407944,270.0675857855245,54.223631071286036,-46.59251815901478,32.48804864951818,529.6077053577716,-230.6445146871999
1666,563.7373633997445,82.92942461469929,-90.91691151902576,223.46807903749337,255.119701030174,217.87478472735194,257.9654337872131,46.72670884515183,3.297025965850538,199.48347765735957,241.3682323105678,2.9189727425326994,-26.648276516093418,10.405070044789552,498.5464833707238,-268.4621071139274
1667,596.3360586891399,81.3115722799046,-204.02148797424616,351.3851446236462,286.71054778226693,253.2156663165571,420.1103817117664,68.51211339225546,4.76562316618894,249.64911355846903,284.51309750479646,51.728388775621646,-47.46168905182207,27.117676521838632,554.8308621516675,-242.20005423452795
1668,684.4034962317971,72.10255255620193,-121.20427083728018,236.96112144710517,319.1702627160776,248.97657352680795,392.2562801925167,68.2333963006006,-37.225226409376724,322.58095605834933,316.633730991883,55.988979098959796,-52.742844226703674,92.53756785401264,603.4038926295354,-316.23005061497565
1669,621.1971023022049,78.964644571582,-228.232213846262,74.44890121347505,286.41295978844283,241.84701954987244,450.0383123990883,59.87289411752478,-11.246690189548476,249.74606477038833,276.63589719632523,27.26633721601968,-38.68717162888639,26.370185469745486,545.360972765388,-290.3410630100627
1670,556.8409369025878,73.90677654638004,-237.09593987792195,332.7362162891422,268.6795088985315,234.1875588945125,427.8933479191622,63.64875809865461,-0.7162240700190013,240.06802922966162,268.39155583529595,53.165564487329014,-45.667137313340255,30.602567849888807,520.6156309787539,-225.90938969928143
1671,669.3869254100766,82.65543664272141,-199.69046477779222,98.55344857053386,310.6647410065487,261.04958774731887,464.9880052799785,66.74713284515201,-14.371037067765664,276.25458984178994,303.3702038606673,34.62491043455715,-43.887006680959225,37.32774508569131,588.1520489224808,-312.52954311993557
1672,638.4553183658878,82.36688922886427,-115.48213297910272,338.2513487967602,320.09711899757116,254.82032370514827,540.4901042404807,56.016860899776326,-33.85695845173672,259.2815480310486,296.6265040337023,30.713090837280188,-33.05938575246631,43.81535368693201,604.4328099659531,-382.0232949798228
1673,569.8543770719637,80.86606522898663,-94.9878546344248,209.9655451855102,253.96824443506827,216.5800097397265,229.70370382910593,49.26477473211223,3.4950863949073003,210.72148118247654,244.52256061240425,8.562007172643336,-30.664575642878283,19.107963348422942,496.8878678705661,-252.62086167858916
1674,562.6036430664955,80.21837862023641,-92.24703237762515,210.63703935205146,250.59798066447328,213.5786838096035,224.37195586596997,51.81550490154554,3.677945136657009,207.90955999801355,241.1437519030556,8.424120574038904,-30.113540997734493,18.992924648109856,490.551315770935,-248.9581358479094
1676,323.2711389512455,38.55490892594664,-255.78558097342426,101.83344700120651,140.3894623720946,102.70623016798068,239.32576648752715,19.237643697147657,-22.332724999719723,138.65235844235337,155.83017691274068,10.997892633744325,-17.284135733508144,28.498687490054227,281.16957831160136,-147.55553790127192
1677,563.1073929315025,80.07834658714617,-91.91354899350186,210.24275833860395,251.03667669263268,213.6005540165116,225.35275139966654,48.69761016956227,6.881354443808496,208.45326688601168,242.0439226358359,8.438727509314115,-30.165816057825868,20.127665335664275,491.30907838654696,-249.38590379937733
1678,567.1419483315581,83.38453898997894,-111.890939246206,179.16102386084265,252.35398715226756,219.6418016612214,245.7694406448228,49.01396895030009,8.770374615233486,200.39972564844945,241.86329102156435,3.6989487715002918,-28.691568540173947,6.564919852677859,494.0237240643415,-252.04824713202004
1679,782.9383783272302,92.03493041831608,-172.9979666111911,250.92500946209287,299.9413664719305,254.9053239357708,479.70411742443616,67.39924260794135,-13.193705082637809,290.7821496090501,300.9166786734904,32.383451662574544,-52.386910745062885,54.29980464315463,619.3611202697792,-284.4423329195071
1680,650.8104220569343,85.36797086160068,-194.6184794091943,89.43579332729637,299.7234087592568,257.1965183000901,436.7538088896637,63.58860503591544,-5.331329368939636,254.2650365347779,291.08140891559725,24.77109492035529,-39.55634252169368,20.99981334206594,570.584129559284,-301.8966025573908
1681,670.5472915827654,70.65094021086082,-126.44624599399732,287.852302494993,315.2366456235983,246.6454532550796,390.25604510787974,68.84652688002953,-35.797371984411896,321.2058742866486,313.8755175377957,61.62996209957951,-54.236996443448625,94.29817770273515,597.7309234686226,-303.1351869956703
1682,670.5472915827654,70.65094021086082,-126.44624599399732,287.852302494993,315.2366456235983,246.6454532550796,390.25604510787974,68.84652688002953,-35.797371984411896,321.2058742866486,313.8755175377957,61.62996209957951,-54.236996443448625,94.29817770273515,597.7309234686226,-303.1351869956703
1683,617.8738940177552,79.23937069002717,-205.73209989913732,362.0014890782659,298.9829249266402,258.60368563880763,447.01612775113875,72.04221229333105,-3.682548450576202,272.09056404192,298.24644362179373,61.33268006025706,-51.87927030036835,42.90857105269604,574.9210971942541,-253.98854875180552
1686,672.3482573855497,83.29576927172327,-196.32909133408546,100.05213778191599,311.9957859036301,262.58453762234063,463.659554929036,67.11870393699107,-13.77950098570478,276.70648701822887,304.8147550325945,34.37538620499071,-43.973923770239956,36.790707872923356,590.6743646018704,-313.68509707466836
1687,221.4669319453942,15.125696510425659,-50.72700558368167,127.12808484373875,87.86613909790945,50.38139995130355,59.80982340490462,12.901226166115462,-32.52891644369835,208.46399605381802,111.31177508384937,13.289194319583649,-21.688066013576282,8.927222143053774,176.53328085544567,-79.02946209861697
1688,704.0757956932835,88.47788599885294,-204.25351500292714,102.29970734363336,314.2714454977017,269.19685833698696,490.43306195594346,68.73753375540261,-9.246158343600786,275.9385812240924,308.2420946845384,31.062554346880006,-45.01248384030892,30.194460549094792,604.5242604338977,-313.17894539562235
1689,672.3482573855497,83.29576927172327,-196.32909133408546,100.05213778191599,311.9957859036301,262.58453762234063,463.659554929036,67.11870393699107,-13.77950098570478,276.70648701822887,304.8147550325945,34.37538620499071,-43.973923770239956,36.790707872923356,590.6743646018704,-313.68509707466836
1690,765.3527817434829,84.17656575824455,-129.33490408008157,241.54583531721158,286.4018098244513,243.57396182208083,444.79007049207445,65.25203122114327,-11.779608139748971,269.5257943995995,285.4089292359361,38.465563185066905,-47.30796214084986,49.031461631637505,573.4916665088297,-269.5241748047626
1691,247.91518671817707,55.32704779228575,-20.67223946516698,89.23316051334471,57.25944260986913,64.35877648153992,166.30321062166897,1.8075788008497775,-3.592877189180066,97.9294587201893,93.53804392866964,-36.348281714918585,-36.46777652790395,21.766156956381298,293.1745363704459,-50.47023099974468
1692,236.1956916399093,21.58603302541056,-50.55134912656018,110.09935908860862,94.26722191514541,82.05589587080792,94.6281847575784,4.2632845651126985,185.717849167362,79.35036858037314,62.76553912691733,0.18897615938546664,-15.10026625365157,-47.99955651351509,186.43305042012886,-104.5676740620435
1693,130.63197099033698,20.54682371017965,31.866149939323282,35.55547407313457,57.07804755799517,47.00973169444038,92.04415922279703,7.22483551649419,1.1369886750258984,38.622528785230564,270.54002286822066,-1.7796247832064485,-6.033335032370581,2.2614814038853623,113.97966199675903,-60.9114578256465
1694,315.83316953174443,38.93284440589268,-1.0907960659978042,81.04572691055472,176.8329448420248,147.62672562275884,285.80008537666595,34.2375476879395,-27.140033330684272,144.6906091584308,179.64351799684337,116.66581938258925,-40.09676882571763,17.819813814270056,358.6283007739478,-87.75370336335854
1695,765.3527817434829,84.17656575824455,-129.33490408008157,241.54583531721158,286.4018098244513,243.57396182208083,444.79007049207445,65.25203122114327,-11.779608139748971,269.5257943995995,285.4089292359361,38.465563185066905,-47.30796214084986,49.031461631637505,573.4916665088297,-269.5241748047626
1696,643.8097431556514,82.77697723676863,-112.3108275270505,340.9296318364334,322.7917613551385,256.9539423937534,542.1511812272462,56.78066520284601,-34.20410810487196,262.2269397056488,299.5969825519626,31.530710083784353,-33.63714520269663,45.03286031092599,609.187373983408,-384.4886816586976
1697,656.5404186432689,70.29350977335795,-99.63340761209224,257.6309001331378,304.0110703519779,236.2655145121157,341.11896789369365,63.86049690453426,-34.424319251119606,309.0713250033846,301.667613132368,50.804703387142744,-49.84395840012565,88.72278251228632,577.8630008224605,-300.3200123863627
1698,636.7759125833874,81.89947325442648,-110.11091517849759,337.9110759365271,318.3552321289502,253.43722496747867,540.4251787085227,55.56897593655025,-33.64529081370161,258.50575261380965,295.6211638387283,29.57083971978927,-32.764364594541426,42.86041757914188,599.9952759769246,-380.1869768791085
1699,675.2598769081914,71.29534719912527,-123.05565828164723,291.53856646070153,318.02849744864506,248.94256935268615,394.92180327729733,69.35373786349416,-36.10571336689364,322.91277943613676,316.50101578597406,61.82924392083768,-54.391203679859295,94.50602784641306,602.6195252160239,-307.17833583422816
1700,614.7738481355436,63.26963622046825,-83.81116258692242,231.36533466216198,293.08508293589637,226.73610545966895,360.5040736469395,61.94865777250257,-40.179366958056086,297.2550867041163,292.58384594261344,72.86850865745657,-52.18470871742961,89.03208691206974,558.5258879738496,-272.0407389812211
1701,758.3864221222564,87.2615612515691,-125.9979873930151,244.2677042763813,278.1348905456702,242.6496242808853,456.69726793607447,64.29645398182721,-9.40010846523376,276.30402099924663,288.532112267914,22.612867082218077,-54.68052221393811,50.835751697625625,608.5927392125583,-259.9537115398513
1702,629.2323202877503,64.09561969483816,-132.12627587670255,242.5665748950552,290.94452657781403,221.32034700418168,359.0582164597156,60.05457030574093,-39.99502967796805,303.3679639786997,287.43379843220157,52.323457969485965,-48.775541591310834,93.88131771432299,552.0807847934859,-289.2205501558578
1703,656.5404186432689,70.29350977335795,-99.63340761209224,257.6309001331378,304.0110703519779,236.2655145121157,341.11896789369365,63.86049690453426,-34.424319251119606,309.0713250033846,301.667613132368,50.804703387142744,-49.84395840012565,88.72278251228632,577.8630008224605,-300.3200123863627
1704,655.3253327264816,81.020197395325,-91.45895269818423,321.5874136651696,325.82435529316245,253.74945295299344,524.6395206409878,55.68240341124977,-41.14624423261954,272.12524706277947,302.3394614776118,30.47550606015275,-33.75746364983729,55.991458833481836,613.2881611337824,-395.754396984205
1705,762.5225614754693,89.06141449553068,-132.84091239888463,251.38723703437776,293.4450897575776,250.18238608233435,467.99613756705304,66.68391660589155,-10.865365812825754,282.4659829328022,295.4799697854962,32.568444793477944,-48.355100774532204,47.606706712820426,643.258644768373,-280.3890318467756
1706,758.103400095455,87.75004612529773,-126.34858822489541,245.25184444809793,278.83921853898283,243.31046670691066,459.0178746435723,64.43964252030204,-9.308684232541438,277.5980398525669,289.53921632287,22.023155243059183,-54.785236077306344,50.69327620574391,615.5694370385127,-261.0401972440526
1707,262.46223351168817,33.95287124100648,-65.26941099864119,80.60493536842705,93.68289664378729,77.52658359063882,178.21627303274582,13.124499679490324,-3.7532012491280575,100.37422379627843,94.47536374880715,248.0376310341838,-12.628270776901472,5.997335031572505,209.08116958075863,-112.15896919675647
1708,672.3482573855497,83.29576927172327,-196.32909133408546,100.05213778191599,311.9957859036301,262.58453762234063,463.659554929036,67.11870393699107,-13.77950098570478,276.70648701822887,304.8147550325945,34.37538620499071,-43.973923770239956,36.790707872923356,590.6743646018704,-313.68509707466836
1709,340.4116726765932,31.389244353376043,-67.1164581906458,123.65234782377506,280.3839219821143,133.86910204492315,200.55665376279484,37.78219736599364,0.344015829634329,121.45934385480972,155.38550021211694,23.071890965730656,-29.218743533855083,22.095183125280787,266.7128817446083,-144.0844206492244
1710,566.7227389344106,74.9082459898859,-237.6352224113139,336.39825250982494,273.40009881145295,237.8661675663394,433.3948852211911,64.79640247386479,-1.1497376544198985,245.13014179407944,270.0675857855245,54.223631071286036,-46.59251815901478,32.48804864951818,529.6077053577716,-230.6445146871999
1711,560.8167060716451,79.50329461725755,-92.03068794590922,210.44714700149487,249.46717193254113,212.3187619687797,221.53787438537205,48.17116845530937,3.1231101567254633,209.33154507693567,240.63051927904667,8.118964344318663,-30.210263962142196,18.54102904180895,488.57306729985316,-247.9267034206846
1712,540.8771085577556,72.40971107505277,-182.78087059665737,329.45902858341,251.7665545103625,220.84278530044884,428.0299979591769,59.93641302029961,1.5551015849691117,232.84015188849975,255.72774874214014,42.088478375567085,-42.70917578252356,21.311291333782723,477.10945640798656,-208.25911290836171
1713,643.8097431556514,82.77697723676863,-112.3108275270505,340.9296318364334,322.7917613551385,256.9539423937534,542.1511812272462,56.78066520284601,-34.20410810487196,262.2269397056488,299.5969825519626,31.530710083784353,-33.63714520269663,45.03286031092599,609.187373983408,-384.4886816586976
1714,669.3869254100766,82.65543664272141,-199.69046477779222,98.55344857053386,310.6647410065487,261.04958774731887,464.9880052799785,66.74713284515201,-14.371037067765664,276.25458984178994,303.3702038606673,34.62491043455715,-43.887006680959225,37.32774508569131,588.1520489224808,-312.52954311993557
1715,650.8104220569343,85.36797086160068,-194.6184794091943,89.43579332729637,299.7234087592568,257.1965183000901,436.7538088896637,63.58860503591544,-5.331329368939636,254.2650365347779,291.08140891559725,24.77109492035529,-39.55634252169368,20.99981334206594,570.584129559284,-301.8966025573908
1716,568.7648898046077,80.78493725735271,-95.17591480572584,215.2045322114372,253.70798721552845,216.50039270005584,229.370835285548,49.36324489923903,3.6970254456098712,210.62916272295035,244.39119438418825,9.101153049748664,-30.82268257348085,19.2303206120184,496.5728025224138,-251.4269307121319
1717,323.2711389512455,38.55490892594664,-255.78558097342426,101.83344700120651,140.3894623720946,102.70623016798068,239.32576648752715,19.237643697147657,-22.332724999719723,138.65235844235337,155.83017691274068,10.997892633744325,-17.284135733508144,28.498687490054227,281.16957831160136,-147.55553790127192
1718,398.2986748525298,49.555158380040425,-281.3009306111633,152.95439733032342,178.47858018987836,138.4195288415994,303.36173545433775,30.27247165440463,-18.35352539638409,171.81956966682193,166.64604019281563,20.508552436918503,-25.001402536488662,32.754872327400754,355.76521223432144,-177.5961147428886
1719,372.9923950078231,32.04402204517496,-73.42832927609423,140.084995617789,270.882769702593,147.5428366977284,231.09769974414925,42.747008162473236,-2.0712512766723643,138.0576228529669,172.2559624001275,27.629818235339794,-28.10366047648332,23.003503810941776,344.13487016691886,-165.8957156833746
1720,639.1995954093587,65.51435981200302,-135.09962379297417,245.69192836830413,295.47226201736083,225.43842962056274,363.16261694735914,61.38891923275479,-40.00664413140839,306.7630110413091,291.59975837599694,53.84533080006291,-49.70309397037798,95.21868133004804,562.4346475493653,-293.34065649512803
1721,638.4553183658878,82.36688922886427,-115.48213297910272,338.2513487967602,320.09711899757116,254.82032370514827,540.4901042404807,56.016860899776326,-33.85695845173672,259.2815480310486,296.6265040337023,30.713090837280188,-33.05938575246631,43.81535368693201,604.4328099659531,-382.0232949798228
1722,665.4022982283655,81.98258445678474,-195.4401131496446,98.29060883456202,308.67894894127767,259.26215776736564,460.26833469142315,66.3894635623286,-14.504019823490944,276.6631836848462,302.1531666465877,34.45914703038741,-43.791231439041866,36.584645903544065,584.2735741685311,-310.2371477023981
1723,656.3275573022601,80.98865522048162,-93.71520137355998,324.58326992775795,326.74833361379734,254.6087038292945,529.0812613035508,56.145239480516956,-41.29684778152129,273.37956137541147,303.43854819674664,31.54145559097945,-34.187189929977855,56.47468843431199,614.8871059230034,-395.80667490338203
1724,765.8437996745955,84.3222733549371,-130.05627343274705,242.227545604576,288.02468440429516,244.33750841935012,445.7876552613501,65.50139500843099,-11.952572759780562,270.0666769640701,286.0690129540057,39.637262024002325,-46.59350266276383,48.688509465757114,576.5682451454809,-271.67404531617626
1725,762.5857274414725,84.2567955857572,-129.4250863242022,240.5842808251746,288.97479963224725,242.9701349540696,442.73355066321466,65.00491392878303,-11.711046049149893,268.4068490642544,284.3819667352046,39.18146929704142,-46.705010968501014,48.59767739719101,568.8260463032498,-269.4929158127612
1726,763.4712313791536,87.12777894858503,-129.61615692769797,241.0218586929543,286.702720217612,243.44471154308445,443.55576558762175,65.85698293671369,-11.875943644482081,268.9191140361327,284.9172515287733,39.54457509366555,-46.617086770150614,48.80757834939156,570.315475816827,-270.0661243035782
1727,680.0190404619514,85.32481014011252,-97.18346401847303,320.81642732698066,323.6634856610457,256.84505624136494,549.6870251491719,56.089543963365564,-36.054084299345185,267.6361541768038,301.79098241632147,25.202803838046968,-33.923243111751034,47.22276877786916,617.9459589593263,-390.9465405255699
1729,559.6889083621465,74.03074200754374,-235.43531006276095,333.3796966099186,268.96356958526474,234.34945014006465,431.6688827024675,63.584713207569,-0.5909203632495378,241.4089547022403,266.0917670722902,52.263760707290956,-45.71973755085958,30.315605917734064,520.4156073512884,-226.3428099076108
1730,215.7191811549051,219.1419662514654,-40.85387499406341,86.11272157804454,98.20059853338304,82.4610708639368,157.53024913849987,-20.184191653069355,-9.663643014991605,96.41587145995435,104.73097435709424,12.307223327683664,-16.651339018930734,19.25208016376872,195.3997898876074,-92.53852680811224
1731,643.8097431556514,82.77697723676863,-112.3108275270505,340.9296318364334,322.7917613551385,256.9539423937534,542.1511812272462,56.78066520284601,-34.20410810487196,262.2269397056488,299.5969825519626,31.530710083784353,-33.63714520269663,45.03286031092599,609.187373983408,-384.4886816586976
1732,605.9745728759816,75.85087717748969,-183.05832833124137,71.2133421852848,268.2947294970521,233.15312552404754,434.21420985585013,57.772681440190766,-7.326000245461445,239.62028778992803,268.58324974467746,17.087997853559173,-42.09698363667087,23.675043037744306,544.6011940143633,-269.1716286533862
1733,563.5749810771343,75.01926687944638,-200.33132261145133,347.1369974306826,273.95642740521913,275.1972407788729,427.7703344390297,65.19620248959,4.513469845221598,233.50020283744382,271.38244900887287,56.258268152472034,-47.77167010580112,27.880914055233834,528.5033897647469,-226.70916398728883
1734,600.0061805488905,76.9813266969819,-175.83906769550887,63.65182967230524,284.29634884064814,243.4058614766966,447.97308519917567,60.583159627080896,-11.45835331405795,241.05886212996873,278.10560039248503,46.39185736234448,-41.44278115826155,20.742183435235365,542.9322161399602,-268.92317089434465
1735,313.74145768861,38.883258609102135,0.977392438076906,83.28885767389338,175.64870930185006,146.68785770678713,281.02547617054495,33.87318178579912,-26.78749073107994,143.34397638627257,178.41306504949253,116.13901572886788,-39.82514947617964,17.458941477035353,356.7142906365742,-86.50749447772426
1736,614.9125620422824,78.5990380610253,-209.0934733428441,360.5027998668837,297.6518800295588,257.06873576378587,448.34457810208124,71.67064120149199,-4.274084532637086,271.638666865481,296.80189244986656,61.5822042898235,-51.792353211087615,43.445608265463996,572.3987815148645,-252.83299479707273
1737,782.9383783272302,92.03493041831608,-172.9979666111911,250.92500946209287,299.9413664719305,254.9053239357708,479.70411742443616,67.39924260794135,-13.193705082637809,290.7821496090501,300.9166786734904,32.383451662574544,-52.386910745062885,54.29980464315463,619.3611202697792,-284.4423329195071
1738,665.4022982283655,81.98258445678474,-195.4401131496446,98.29060883456202,308.67894894127767,259.26215776736564,460.26833469142315,66.3894635623286,-14.504019823490944,276.6631836848462,302.1531666465877,34.45914703038741,-43.791231439041866,36.584645903544065,584.2735741685311,-310.2371477023981
1739,765.3527817434829,84.17656575824455,-129.33490408008157,241.54583531721158,286.4018098244513,243.57396182208083,444.79007049207445,65.25203122114327,-11.779608139748971,269.5257943995995,285.4089292359361,38.465563185066905,-47.30796214084986,49.031461631637505,573.4916665088297,-269.5241748047626
1740,311.7337435538337,45.14013743828274,-60.758659333378155,112.33718060801786,148.92111431058922,128.12108655921315,241.01020737558497,24.435094010750923,3.436316302605931,342.27252175210367,116.19301149652158,18.584834080355474,-14.383202671488876,11.00957207055492,289.5140845391365,-140.11234820492598
1741,656.3275573022601,80.98865522048162,-93.71520137355998,324.58326992775795,326.74833361379734,254.6087038292945,529.0812613035508,56.145239480516956,-41.29684778152129,273.37956137541147,303.43854819674664,31.54145559097945,-34.187189929977855,56.47468843431199,614.8871059230034,-395.80667490338203
1742,624.1305468515493,79.50588070640472,-229.00564941398073,74.55569878681767,286.50416600180137,242.4483847399787,452.41671036800824,59.99555377824287,-10.699487351818464,249.41992474115852,276.82603842688627,26.828339682601545,-38.74194339979832,25.535106353686437,546.5227375147842,-290.1594645697439
1743,683.090623143118,71.69702397771282,-102.29843161417465,279.02504586041726,323.1202121341588,248.1484245089102,409.2268825410281,66.31050209759273,-43.05111765836401,323.01134083941764,317.36912522823724,55.73580672371358,-50.97117155216114,96.73859038335904,609.8406620732914,-333.89011948251726
1744,758.103400095455,87.75004612529773,-126.34858822489541,245.25184444809793,278.83921853898283,243.31046670691066,459.0178746435723,64.43964252030204,-9.308684232541438,277.5980398525669,289.53921632287,22.023155243059183,-54.785236077306344,50.69327620574391,615.5694370385127,-261.0401972440526
1745,586.9970067176652,80.22863208606354,-202.94244179815072,348.4440218480012,282.0301133594286,249.29461764799865,413.72963413644555,67.39063980636236,4.979790063598902,247.11231572692512,280.32558177245664,50.74500612494774,-46.788154359674394,25.157070715697404,546.197823380263,-237.4422721381157
1746,560.8167060716451,79.50329461725755,-92.03068794590922,210.44714700149487,249.46717193254113,212.3187619687797,221.53787438537205,48.17116845530937,3.1231101567254633,209.33154507693567,240.63051927904667,8.118964344318663,-30.210263962142196,18.54102904180895,488.57306729985316,-247.9267034206846
1747,672.3482573855497,83.29576927172327,-196.32909133408546,100.05213778191599,311.9957859036301,262.58453762234063,463.659554929036,67.11870393699107,-13.77950098570478,276.70648701822887,304.8147550325945,34.37538620499071,-43.973923770239956,36.790707872923356,590.6743646018704,-313.68509707466836
1748,243.8248445834039,21.500855898074267,-72.92376788866304,138.87832788620096,102.14340766100887,90.04973582023513,136.05606404550116,8.499412046553912,185.15049941354056,89.40001720853226,72.23047897193238,9.781327991581886,-18.906686694107602,-44.92180434197546,200.19024997427607,-103.78062052967168
1749,619.6251473677083,79.24344504928975,-205.702885630494,364.1890638325923,300.4437318546056,259.3658518613924,453.01033627149883,72.1778521849566,-4.582425915118824,273.3455720149692,299.4273906980449,61.781486111081676,-51.946560447498285,43.65345840914191,577.2873832622658,-256.8761436356305
1750,526.8764671172972,68.17972413051918,-195.13170612983734,333.7698551501066,253.5421781587431,219.99186776680665,386.1981793356378,61.21970964563071,-2.4795652116727043,249.21608022464252,257.8972136447286,52.56599702958864,-45.63476573984116,25.05705682804571,490.82295781827406,-207.72056051182497
1751,658.4059536496487,70.76803017183461,-98.64444462516458,256.81403271499266,305.78520132246945,238.2088286847514,345.6321157622577,64.2891927383133,-34.31250280784528,307.7940108962863,303.0316206660636,52.883018805944964,-50.21529459498053,88.90308149098256,581.4985999138675,-300.4706185923284
1752,781.9142235790769,89.56621557203118,-136.45769249364284,254.32639241527306,319.8065709896324,259.5563655256995,470.3794626480228,70.74244978566692,-8.895971362399429,284.7893581683487,304.91936222378837,34.494451492213756,-53.81746575762965,51.49780197374707,617.2700696912467,-282.04893008302975
1753,656.3275573022601,80.98865522048162,-93.71520137355998,324.58326992775795,326.74833361379734,254.6087038292945,529.0812613035508,56.145239480516956,-41.29684778152129,273.37956137541147,303.43854819674664,31.54145559097945,-34.187189929977855,56.47468843431199,614.8871059230034,-395.80667490338203
1754,516.0945417240546,68.58434362596681,-203.70064800892493,323.88243766005684,250.4459809003437,220.28264904551693,393.3292050817921,60.194197449390444,0.06105131137188472,221.01754122130276,280.0415929475807,51.00153845025331,-42.53854475434232,24.590800269170316,482.4780377246874,-205.4817449178882
1755,757.7485737793985,87.5024229070589,-124.85073317989877,244.56409696065367,277.29540074099293,242.09334729356488,459.77561439355446,63.964681003593455,-9.261400685110434,277.2613255659804,288.6980712780473,20.683239469537085,-54.869170373780214,50.267298595428386,608.2474787628751,-259.1527922235604
1756,331.6023992235125,42.26581087211869,-61.72545816146874,151.89452460299535,155.87535705292862,296.95989519972204,223.66867436672797,27.35295765738444,41.5042304868255,99.35134976559259,150.32506192802816,29.302168916818292,-27.06944053135049,23.846102966202526,300.93083895981624,-129.74823041484396
1757,376.7079443300245,42.233938165402705,-74.122125647501,153.74480070387713,174.06695083268633,133.76602939612653,272.65126441005714,32.18448913390881,-12.288413718314116,159.56402272640594,161.80844532128373,30.90144610987529,-7.325780863219684,10.788883918843316,518.9980844984568,-191.53753108331625
1758,650.6845949685081,79.91244879188535,-89.4491083412859,319.74845159355436,322.7514235274601,250.83140434030207,525.9030454599723,54.862947356184634,-41.526112676645305,270.8975544691015,299.88957011071057,29.582779172228268,-33.37552540263167,55.57355993845966,606.3283114653642,-392.7625249287579
1759,689.7300335954321,72.41354406992716,-122.16777439665347,238.24751284873886,320.6250663899221,250.17660753049765,397.6242054991447,68.74828917254932,-37.61670930684284,324.7483105272808,318.3497995687771,56.61812504161227,-53.288458358565194,93.45703257471553,606.7979057169969,-317.35828489879884
1760,562.6822410780248,79.97781501573421,-91.04172495898158,209.63027958334973,251.24130290303265,214.26207614141543,226.0510222539361,48.59986428908839,3.234926599999797,208.05423096983742,241.9945268127422,10.19727976312088,-30.581600156997073,18.721328020505183,492.2086663912601,-248.07730962665028
1761,243.8248445834039,21.500855898074267,-72.92376788866304,138.87832788620096,102.14340766100887,90.04973582023513,136.05606404550116,8.499412046553912,185.15049941354056,89.40001720853226,72.23047897193238,9.781327991581886,-18.906686694107602,-44.92180434197546,200.19024997427607,-103.78062052967168
1762,676.0172520496274,70.96017503734278,-99.60480253784932,279.30597729588635,319.92505544154506,245.52560308474716,404.8417199947113,65.47141470656118,-42.692310935842066,324.3235276007628,313.64992212523595,55.41832046471294,-50.38301097681008,96.22708890669925,603.9454722807035,-330.4876234925678
1763,638.4553183658878,82.36688922886427,-115.48213297910272,338.2513487967602,320.09711899757116,254.82032370514827,540.4901042404807,56.016860899776326,-33.85695845173672,259.2815480310486,296.6265040337023,30.713090837280188,-33.05938575246631,43.81535368693201,604.4328099659531,-382.0232949798228
1764,782.6369973560741,92.31476083620412,-174.87608712361123,247.50228487046314,299.7620045516193,255.24552303815912,481.4891992928492,67.37137529885109,-12.607561947046012,289.63528788304706,300.6212042745082,31.84311184022531,-52.167687733651285,52.9061331436274,619.0428820690877,-284.37870908099944
1765,385.19463144071244,42.99232689928467,-75.24462420410687,156.8955163020165,178.60397010334185,137.2070025711216,276.99185510000666,33.29451173055563,-12.97662793622301,164.05802726161062,166.28213121307192,27.081815940692223,-8.137889179434719,12.55477945202736,526.9291839261936,-195.64514936616348
1766,684.4034962317971,72.10255255620193,-121.20427083728018,236.96112144710517,319.1702627160776,248.97657352680795,392.2562801925167,68.2333963006006,-37.225226409376724,322.58095605834933,316.633730991883,55.988979098959796,-52.742844226703674,92.53756785401264,603.4038926295354,-316.23005061497565
1767,828.1143917235402,98.52402666833584,-163.2374226669226,240.8023109028544,322.39952848692445,277.50988315710055,512.5046289894564,73.99480824466615,-10.456620604937012,305.8220574204216,324.6962413480104,34.33862665761974,-55.39451568301978,51.32064926382813,658.969814419956,-305.99457464430316
1768,762.5857274414725,84.2567955857572,-129.4250863242022,240.5842808251746,288.97479963224725,242.9701349540696,442.73355066321466,65.00491392878303,-11.711046049149893,268.4068490642544,284.3819667352046,39.18146929704142,-46.705010968501014,48.59767739719101,568.8260463032498,-269.4929158127612
1769,313.4885361948562,38.32854664503107,-58.35703049353974,142.35257200011054,142.5459248563323,324.4447197153513,202.51282676670814,23.546334659414025,1.3746646191872391,96.64570451057116,134.9780190314747,20.961286699051083,-24.257562827236047,15.250372444340547,275.7275785083487,-125.45921417567858
1770,215.4345277751643,33.62313218020546,-43.236312123110885,93.10316612718266,98.04110075917112,77.3702097747191,148.6426690266083,220.30628138894863,-1.7487122437790317,88.22549752685887,90.87111388133779,15.866103271898039,-9.743770122663717,14.410277232545178,189.15383454827335,-87.06283075421659
1771,656.5404186432689,70.29350977335795,-99.63340761209224,257.6309001331378,304.0110703519779,236.2655145121157,341.11896789369365,63.86049690453426,-34.424319251119606,309.0713250033846,301.667613132368,50.804703387142744,-49.84395840012565,88.72278251228632,577.8630008224605,-300.3200123863627
1772,656.3275573022601,80.98865522048162,-93.71520137355998,324.58326992775795,326.74833361379734,254.6087038292945,529.0812613035508,56.145239480516956,-41.29684778152129,273.37956137541147,303.43854819674664,31.54145559097945,-34.187189929977855,56.47468843431199,614.8871059230034,-395.80667490338203
1773,619.6251473677083,79.24344504928975,-205.702885630494,364.1890638325923,300.4437318546056,259.3658518613924,453.01033627149883,72.1778521849566,-4.582425915118824,273.3455720149692,299.4273906980449,61.781486111081676,-51.946560447498285,43.65345840914191,577.2873832622658,-256.8761436356305
1774,765.488973358539,84.07465013669827,-128.55841838775038,241.53979811713174,286.48086660630526,243.12038900600433,446.54539501133223,65.0264334917224,-11.905289212349556,269.72996267748357,285.2278679091829,38.29734625048023,-46.67743695923771,48.26253185544159,569.2462868698434,-269.78664029568404
1775,617.8738940177552,79.23937069002717,-205.73209989913732,362.0014890782659,298.9829249266402,258.60368563880763,447.01612775113875,72.04221229333105,-3.682548450576202,272.09056404192,298.24644362179373,61.33268006025706,-51.87927030036835,42.90857105269604,574.9210971942541,-253.98854875180552
1776,130.43863823506925,-19.894868316942706,-12.777444447707014,36.33928789037305,52.80575209463083,40.8284822638886,84.83325248218232,220.42711005147072,-17.202637778893827,45.06311487998024,51.7259060939467,-7.733225805722372,-11.877021379533364,1.2265273802153118,107.64475292075305,-56.933587479293756
1777,600.0061805488905,76.9813266969819,-175.83906769550887,63.65182967230524,284.29634884064814,243.4058614766966,447.97308519917567,60.583159627080896,-11.45835331405795,241.05886212996873,278.10560039248503,46.39185736234448,-41.44278115826155,20.742183435235365,542.9322161399602,-268.92317089434465
1778,679.3230720809928,71.26388813974005,-119.32632966591164,234.38272508160605,317.6275567242168,247.5975078444686,393.3782078234679,67.93285175971715,-37.83792880388856,321.2603386178684,315.33615013957177,58.15105534315872,-52.93148809036046,92.51180486332959,600.6387012876031,-312.93270744867107
1779,444.3897741906525,53.10446072689016,-266.7128496359777,136.5032290415534,184.0708944087072,141.9892513610378,316.39911667829205,30.728994790134337,-20.63701517525821,182.29089670239475,170.51607000740313,15.238712775138136,-26.212881291217606,36.830261593973304,373.5158715892574,-188.78909859767944
1780,836.1812452537093,96.41564091524789,-143.16303260308922,274.2851152671952,326.7084281272925,276.58170992421077,498.0999691605049,75.00941832954798,-16.079058478398444,319.08920462904894,330.3259894571105,40.01930430526694,-57.94528223595444,65.0811993835672,666.5885222436353,-309.03257586974706
1781,667.7075196275762,82.18802066828363,-194.3192469771871,98.21317571030075,308.92285413792774,259.6664890096493,464.9230797480204,66.29924788192594,-14.159369429730548,275.4787944245509,302.36486366569324,33.482659317066236,-43.59198552303434,36.37280897790118,583.7145149334524,-310.69322501922125
1782,630.6611342309569,64.55070586019596,-133.78903192335122,243.87992415477055,292.7323253590636,226.42020332220451,358.26021879519226,60.56809460250003,-39.64425739310437,303.1046141527863,288.60512297651866,53.731006537620075,-49.230833165296325,94.47650601071629,556.3944834502172,-290.50555697061264
1783,540.8771085577556,72.40971107505277,-182.78087059665737,329.45902858341,251.7665545103625,220.84278530044884,428.0299979591769,59.93641302029961,1.5551015849691117,232.84015188849975,255.72774874214014,42.088478375567085,-42.70917578252356,21.311291333782723,477.10945640798656,-208.25911290836171
1784,617.8738940177552,79.23937069002717,-205.73209989913732,362.0014890782659,298.9829249266402,258.60368563880763,447.01612775113875,72.04221229333105,-3.682548450576202,272.09056404192,298.24644362179373,61.33268006025706,-51.87927030036835,42.90857105269604,574.9210971942541,-253.98854875180552
1785,643.8097431556514,82.77697723676863,-112.3108275270505,340.9296318364334,322.7917613551385,256.9539423937534,542.1511812272462,56.78066520284601,-34.20410810487196,262.2269397056488,299.5969825519626,31.530710083784353,-33.63714520269663,45.03286031092599,609.187373983408,-384.4886816586976
1786,245.5426184227351,58.13255338593368,-20.232122960117916,88.02747360172302,55.93747842318603,63.46597960527424,164.0713209479406,2.163166729132489,-3.5162480738815853,96.78189579225194,92.38628250343726,-36.44096864525537,-36.49136063529073,21.885225840015742,286.92176704179195,-48.862309987146595
1787,564.829736566698,72.16308784344184,-80.78069499084478,280.59054757304034,281.085913008851,221.66454071303917,477.2092844939346,46.1899950423222,-33.95778563337025,227.3685034625506,260.7850992400173,23.38346916761668,-29.340698716947855,39.699126326051825,538.5001920499872,-396.436537060582
1788,677.764002136808,85.33962762937611,-98.29654379712653,319.61733723484497,323.4898109127542,257.09341556228594,546.3710513194193,56.312769071645505,-35.80018715707101,266.6323174588039,301.458772171163,26.346756165181382,-34.30526299052234,47.59052387523408,619.4360352236234,-395.18547604038247
1789,658.4059536496487,70.76803017183461,-98.64444462516458,256.81403271499266,305.78520132246945,238.2088286847514,345.6321157622577,64.2891927383133,-34.31250280784528,307.7940108962863,303.0316206660636,52.883018805944964,-50.21529459498053,88.90308149098256,581.4985999138675,-300.4706185923284
1790,587.3801198181316,72.01491295080599,-69.64989720430964,292.5814484943975,282.82266049176616,219.18094750382926,510.36902279145994,43.95774395952283,-36.49675705611206,237.40687064254922,264.1072016916021,11.943945896272533,-25.52049992923481,36.02157535240266,523.5994294070142,-354.0471819124561
1791,598.5061508258186,61.70740325917747,-76.8157968081086,233.96661942308967,279.4381682412112,214.3891134689151,334.84575282035047,58.72611099062898,-36.615578200434385,286.5277138184959,314.5614285415601,51.24221132198059,-47.11820636471168,89.87145665101446,529.1483428038894,-278.43091742354875
1792,665.5780896435875,71.65628038508703,-102.59057430060783,257.14929831715307,308.51214285450504,240.52676228306248,349.2847973374275,64.95410318133715,-34.05234301293777,310.46126110892544,305.5596544657256,51.24774621546742,-50.298270080861734,89.28971681890032,586.1778013931734,-305.01417064426727
1793,341.0523146937905,25.740040773939214,6.6090481551937605,121.54696376972005,100.59222428362337,70.93874519287645,293.4732608788359,8.442498948663848,-15.5372761042428,150.15757319535342,122.51360789688587,-35.97199493464956,-11.841658064920734,-1.2283890192177283,150.3753873997466,-102.90928430442136
1794,658.4059536496487,70.76803017183461,-98.64444462516458,256.81403271499266,305.78520132246945,238.2088286847514,345.6321157622577,64.2891927383133,-34.31250280784528,307.7940108962863,303.0316206660636,52.883018805944964,-50.21529459498053,88.90308149098256,581.4985999138675,-300.4706185923284
1795,781.9142235790769,89.56621557203118,-136.45769249364284,254.32639241527306,319.8065709896324,259.5563655256995,470.3794626480228,70.74244978566692,-8.895971362399429,284.7893581683487,304.91936222378837,34.494451492213756,-53.81746575762965,51.49780197374707,617.2700696912467,-282.04893008302975
1796,672.3482573855497,83.29576927172327,-196.32909133408546,100.05213778191599,311.9957859036301,262.58453762234063,463.659554929036,67.11870393699107,-13.77950098570478,276.70648701822887,304.8147550325945,34.37538620499071,-43.973923770239956,36.790707872923356,590.6743646018704,-313.68509707466836
1797,235.10748818166994,31.268108815444688,23.210958793180097,77.13761015279471,106.95525721010604,86.69565709625363,151.07761612896763,19.366913998272466,-6.382476167181696,91.41955026634758,289.6475941188588,9.463466596798296,-15.944010004770863,20.218944676533162,209.16412992280328,-110.3037346175856
1798,560.8167060716451,79.50329461725755,-92.03068794590922,210.44714700149487,249.46717193254113,212.3187619687797,221.53787438537205,48.17116845530937,3.1231101567254633,209.33154507693567,240.63051927904667,8.118964344318663,-30.210263962142196,18.54102904180895,488.57306729985316,-247.9267034206846
1799,621.1971023022049,78.964644571582,-228.232213846262,74.44890121347505,286.41295978844283,241.84701954987244,450.0383123990883,59.87289411752478,-11.246690189548476,249.74606477038833,276.63589719632523,27.26633721601968,-38.68717162888639,26.370185469745486,545.360972765388,-290.3410630100627
1800,650.6845949685081,79.91244879188535,-89.4491083412859,319.74845159355436,322.7514235274601,250.83140434030207,525.9030454599723,54.862947356184634,-41.526112676645305,270.8975544691015,299.88957011071057,29.582779172228268,-33.37552540263167,55.57355993845966,606.3283114653642,-392.7625249287579
1801,331.7004755010707,27.54199444271719,9.57530632589139,131.5199754567309,101.47311274505938,71.9723540927839,321.14167473643613,5.753906091895122,-15.696396235437776,138.0988479734632,118.87366396550611,-41.71737165369129,-7.5513641558123386,-10.489874706319304,150.55399994981656,-118.86850434157063
1802,655.3253327264816,81.020197395325,-91.45895269818423,321.5874136651696,325.82435529316245,253.74945295299344,524.6395206409878,55.68240341124977,-41.14624423261954,272.12524706277947,302.3394614776118,30.47550606015275,-33.75746364983729,55.991458833481836,613.2881611337824,-395.754396984205
1803,547.1955031063495,84.74888410318434,-112.62936715061103,228.01439879602887,245.53673934198807,215.6532363753201,237.72512326680925,49.61753080026362,11.377927981297036,194.94450531999766,236.26319364576028,8.377766021743803,-29.33950704895733,6.161096250798261,482.7501615233186,-236.08671669575253
1804,656.3275573022601,80.98865522048162,-93.71520137355998,324.58326992775795,326.74833361379734,254.6087038292945,529.0812613035508,56.145239480516956,-41.29684778152129,273.37956137541147,303.43854819674664,31.54145559097945,-34.187189929977855,56.47468843431199,614.8871059230034,-395.80667490338203
1805,566.4213579632544,75.18807640777392,-239.51334292373403,332.9755279181952,273.22073689114177,238.20636666872772,435.1799670896041,64.76853516477455,-0.5635945188280996,243.98328006807643,269.77211138654224,53.68329124893681,-46.37329514760319,31.094377149990944,529.2894671570799,-230.5808908486922
1806,560.8167060716451,79.50329461725755,-92.03068794590922,210.44714700149487,249.46717193254113,212.3187619687797,221.53787438537205,48.17116845530937,3.1231101567254633,209.33154507693567,240.63051927904667,8.118964344318663,-30.210263962142196,18.54102904180895,488.57306729985316,-247.9267034206846
1807,408.1686990662679,48.15181535326141,-77.8214992932412,188.9238916164424,189.45133799289206,325.59077796662814,252.64719300860403,34.0666569839371,2.2422174875056395,136.07704174338446,180.46285325497985,34.84223706023055,-34.49034891247433,28.094790680574732,364.26525193807765,-166.08366867752096
1808,673.5086235582382,71.2912728398627,-123.08487255029054,289.3509917063751,316.56769052067966,248.18040313010138,388.92759475693725,69.2180979718686,-35.20583590235101,321.65777146308756,315.3200687097229,61.38043787001307,-54.32391353272935,93.76114048996719,600.2532391480121,-304.2907409504031
1809,419.07534955791147,51.3679075398855,-279.9596114315448,104.22656329173614,185.80174229819784,142.8943079101329,312.191958191946,30.43541435834679,-20.806429487810707,177.80486682650155,169.63573242520437,16.17516024982225,-24.345714076137515,33.41678049107559,367.9079400948625,-194.27054939537962
1810,617.8738940177552,79.23937069002717,-205.73209989913732,362.0014890782659,298.9829249266402,258.60368563880763,447.01612775113875,72.04221229333105,-3.682548450576202,272.09056404192,298.24644362179373,61.33268006025706,-51.87927030036835,42.90857105269604,574.9210971942541,-253.98854875180552
1811,585.9892515796195,72.21361539706011,-71.7160778880308,294.3977109286948,282.38304135191515,219.4415295665469,511.821236116315,44.028346817559395,-35.70867486981769,236.16769045702,263.6803610644038,11.942751951028631,-25.459383848425784,34.75026111647088,522.9661258581702,-352.7896271074911
1812,682.0011358757621,71.6158960060789,-102.48649178547568,284.26403288634424,322.85995491461904,248.06880746923957,408.8940139974701,66.40897226471952,-42.849178607661436,322.9190223798915,317.23775900002124,56.27495260081891,-51.1292784827637,96.86094764695449,609.5255967251389,-332.69618851606
1813,280.7329403856704,28.21095431151346,-45.09862881204356,123.536917666418,132.90776494489674,94.58762167899171,233.60268198603518,19.595211650078728,-12.134713751034383,126.90133309737182,122.36578897872909,11.318563830429762,1.4766670697474584,-2.14191708401114,418.613901265175,-151.98078898684776
1814,319.6819272867965,46.42178007837791,-63.903886193194786,117.09456581796017,153.16192959357653,132.30271729048928,248.84316827576092,25.627170454680577,4.0102315914903395,343.57013939811833,119.95368660166315,19.56702278578548,-14.995621282827528,11.698863640764369,297.5138197616971,-143.6125754963733
1815,393.25779210536865,50.170381990645915,-96.22705745507714,204.09065969682678,184.13116827374728,327.33734771750363,262.72758559459135,34.309849495035536,10.273642899351099,122.43092557546053,175.0953602638628,33.76434807696485,-33.44946182424352,14.898418720426797,356.3332716604169,-153.45584270869455
1816,614.9125620422824,78.5990380610253,-209.0934733428441,360.5027998668837,297.6518800295588,257.06873576378587,448.34457810208124,71.67064120149199,-4.274084532637086,271.638666865481,296.80189244986656,61.5822042898235,-51.792353211087615,43.445608265463996,572.3987815148645,-252.83299479707273
1817,619.6251473677083,79.24344504928975,-205.702885630494,364.1890638325923,300.4437318546056,259.3658518613924,453.01033627149883,72.1778521849566,-4.582425915118824,273.3455720149692,299.4273906980449,61.781486111081676,-51.946560447498285,43.65345840914191,577.2873832622658,-256.8761436356305
1818,656.3275573022601,80.98865522048162,-93.71520137355998,324.58326992775795,326.74833361379734,254.6087038292945,529.0812613035508,56.145239480516956,-41.29684778152129,273.37956137541147,303.43854819674664,31.54145559097945,-34.187189929977855,56.47468843431199,614.8871059230034,-395.80667490338203
1819,656.3275573022601,80.98865522048162,-93.71520137355998,324.58326992775795,326.74833361379734,254.6087038292945,529.0812613035508,56.145239480516956,-41.29684778152129,273.37956137541147,303.43854819674664,31.54145559097945,-34.187189929977855,56.47468843431199,614.8871059230034,-395.80667490338203
1820,568.7648898046077,80.78493725735271,-95.17591480572584,215.2045322114372,253.70798721552845,216.50039270005584,229.370835285548,49.36324489923903,3.6970254456098712,210.62916272295035,244.39119438418825,9.101153049748664,-30.82268257348085,19.2303206120184,496.5728025224138,-251.4269307121319
1821,765.8437996745955,84.3222733549371,-130.05627343274705,242.227545604576,288.02468440429516,244.33750841935012,445.7876552613501,65.50139500843099,-11.952572759780562,270.0666769640701,286.0690129540057,39.637262024002325,-46.59350266276383,48.688509465757114,576.5682451454809,-271.67404531617626
1822,758.3864221222564,87.2615612515691,-125.9979873930151,244.2677042763813,278.1348905456702,242.6496242808853,456.69726793607447,64.29645398182721,-9.40010846523376,276.30402099924663,288.532112267914,22.612867082218077,-54.68052221393811,50.835751697625625,608.5927392125583,-259.9537115398513
1823,681.4421642563243,71.46221992720007,-124.56564428098694,235.46243223572304,317.83921781899625,247.4416236517862,393.58473054345916,67.86182520876153,-37.81676249143761,322.1290588819104,315.18917981995577,56.238503328526235,-52.65592713742294,93.07460506678059,600.8815769501458,-315.07449666024286
1824,559.6889083621465,74.03074200754374,-235.43531006276095,333.3796966099186,268.96356958526474,234.34945014006465,431.6688827024675,63.584713207569,-0.5909203632495378,241.4089547022403,266.0917670722902,52.263760707290956,-45.71973755085958,30.315605917734064,520.4156073512884,-226.3428099076108
1825,556.2470756579992,82.57325927363972,-113.77154095921637,231.55089412011262,249.75141495686955,218.8456312645148,242.44075520924338,49.99867062156808,10.789765122259201,199.47654105318767,240.54962873940423,9.090407542553564,-30.272637846199625,7.7884924886323965,490.87307058281823,-240.10893746744748
1826,314.74368226438855,38.851716434258755,-1.2788562372988395,86.28471393648171,176.572687622485,147.54710858308817,285.467216833108,34.3360178550663,-26.938094279981698,144.59829069890458,179.51215176862735,117.20496525969457,-40.254875756320196,17.94217107786551,358.31323542579554,-86.5597723969013
1827,621.1971023022049,78.964644571582,-228.232213846262,74.44890121347505,286.41295978844283,241.84701954987244,450.0383123990883,59.87289411752478,-11.246690189548476,249.74606477038833,276.63589719632523,27.26633721601968,-38.68717162888639,26.370185469745486,545.360972765388,-290.3410630100627
1828,665.5780896435875,71.65628038508703,-102.59057430060783,257.14929831715307,308.51214285450504,240.52676228306248,349.2847973374275,64.95410318133715,-34.05234301293777,310.46126110892544,305.5596544657256,51.24774621546742,-50.298270080861734,89.28971681890032,586.1778013931734,-305.01417064426727
1829,395.6508849196593,49.940137369548424,-96.41712544673172,205.27025352511785,185.4947657342332,327.93601653108703,265.71711293229936,34.702082706266154,9.334957164154972,124.92442007362176,176.62128761019582,34.831491553035455,-33.940304185193106,16.65296255718873,358.5655199984821,-154.7656754328365
1830,472.5278301158675,44.01220593752858,-88.29825125834886,165.17022306984455,297.78141735635455,177.19602219140265,280.4392296204959,51.35426715611904,-1.5803342201624884,169.045135247267,206.38391742770358,29.061701810285765,-38.77975605880898,32.32150363047433,376.65669698980923,-188.6311177198553
1831,613.8485921886704,81.35231587253037,-203.72934528781298,373.26089216691037,301.3186170619207,260.8373285424048,480.05246691536695,69.86851230851104,-4.233151479237293,262.1991932889612,296.3225682673081,56.2164492838678,-48.134590523121474,34.56655008629735,578.4937228317854,-271.07600307277795
1832,765.3527817434829,84.17656575824455,-129.33490408008157,241.54583531721158,286.4018098244513,243.57396182208083,444.79007049207445,65.25203122114327,-11.779608139748971,269.5257943995995,285.4089292359361,38.465563185066905,-47.30796214084986,49.031461631637505,573.4916665088297,-269.5241748047626
1833,315.83316953174443,38.93284440589268,-1.0907960659978042,81.04572691055472,176.8329448420248,147.62672562275884,285.80008537666595,34.2375476879395,-27.140033330684272,144.6906091584308,179.64351799684337,116.66581938258925,-40.09676882571763,17.819813814270056,358.6283007739478,-87.75370336335854
1834,679.3230720809928,71.26388813974005,-119.32632966591164,234.38272508160605,317.6275567242168,247.5975078444686,393.3782078234679,67.93285175971715,-37.83792880388856,321.2603386178684,315.33615013957177,58.15105534315872,-52.93148809036046,92.51180486332959,600.6387012876031,-312.93270744867107
1835,562.6822410780248,79.97781501573421,-91.04172495898158,209.63027958334973,251.24130290303265,214.26207614141543,226.0510222539361,48.59986428908839,3.234926599999797,208.05423096983742,241.9945268127422,10.19727976312088,-30.581600156997073,18.721328020505183,492.2086663912601,-248.07730962665028
1836,650.8104220569343,85.36797086160068,-194.6184794091943,89.43579332729637,299.7234087592568,257.1965183000901,436.7538088896637,63.58860503591544,-5.331329368939636,254.2650365347779,291.08140891559725,24.77109492035529,-39.55634252169368,20.99981334206594,570.584129559284,-301.8966025573908
1837,765.3527817434829,84.17656575824455,-129.33490408008157,241.54583531721158,286.4018098244513,243.57396182208083,444.79007049207445,65.25203122114327,-11.779608139748971,269.5257943995995,285.4089292359361,38.465563185066905,-47.30796214084986,49.031461631637505,573.4916665088297,-269.5241748047626
1838,419.07534955791147,51.3679075398855,-279.9596114315448,104.22656329173614,185.80174229819784,142.8943079101329,312.191958191946,30.43541435834679,-20.806429487810707,177.80486682650155,169.63573242520437,16.17516024982225,-24.345714076137515,33.41678049107559,367.9079400948625,-194.27054939537962
1839,559.1706239577862,74.5403897990237,-236.77252066693435,333.6470220847365,269.85047312054684,235.20504073860474,429.8482191264681,67.31926533420786,-0.3807357770783899,241.17135888361344,266.3933026771936,53.54540465033237,-45.82226050245941,30.979338449677854,522.9529150574489,-226.91816501801244
1840,614.9125620422824,78.5990380610253,-209.0934733428441,360.5027998668837,297.6518800295588,257.06873576378587,448.34457810208124,71.67064120149199,-4.274084532637086,271.638666865481,296.80189244986656,61.5822042898235,-51.792353211087615,43.445608265463996,572.3987815148645,-252.83299479707273
1841,313.4612150338811,45.98203876957791,-40.903197363046814,103.29645098198476,153.14502163747792,108.22373213934569,219.20618741769366,35.23037690841722,163.98207307612023,140.8543217115339,167.14951008717935,18.607111753894277,-14.61836326907295,71.9849127041326,291.6446553583263,-140.14870859679812
1842,606.8147616164063,80.4748118901882,-201.52943293926006,370.2423362670041,296.8820878357324,257.32061111613,478.32646439664336,68.65682304221528,-3.674334188066932,258.47800619712206,292.3467495540738,54.25657891987273,-47.261809914966264,32.39410735451324,569.3016248253022,-266.7742982931889
1843,781.9142235790769,89.56621557203118,-136.45769249364284,254.32639241527306,319.8065709896324,259.5563655256995,470.3794626480228,70.74244978566692,-8.895971362399429,284.7893581683487,304.91936222378837,34.494451492213756,-53.81746575762965,51.49780197374707,617.2700696912467,-282.04893008302975
1844,337.87471015508265,28.419519547103793,-65.90106567656233,127.56709468543187,282.74165734026974,134.87893615241146,215.63828931986095,40.38227006154579,-1.7226047458177352,129.5520180660887,158.39695459685316,20.573711645344098,-29.482736337017702,24.25281541493012,296.62062425281715,-142.8713814423513
1845,548.6949606813748,82.20540308277754,-112.90883921483683,228.79966369502415,246.2017892659634,216.1845044367801,238.89408911452037,52.521533481911156,11.558766999600708,195.51775814272165,236.87534563107334,8.412181121599904,-29.502380189644242,6.279782288792076,484.21828028249547,-236.38258779826003
1846,658.4059536496487,70.76803017183461,-98.64444462516458,256.81403271499266,305.78520132246945,238.2088286847514,345.6321157622577,64.2891927383133,-34.31250280784528,307.7940108962863,303.0316206660636,52.883018805944964,-50.21529459498053,88.90308149098256,581.4985999138675,-300.4706185923284
1847,833.4688165133036,98.93411467624021,-160.06611721487042,243.4805939425276,325.09417084449177,279.64350184570566,514.1657059762218,74.75861254773584,-10.803770258072253,308.7674490950218,327.6667198662706,35.15624590412391,-55.9722751332501,52.53815588782211,663.7243784374108,-308.45996132317794
1848,672.3482573855497,83.29576927172327,-196.32909133408546,100.05213778191599,311.9957859036301,262.58453762234063,463.659554929036,67.11870393699107,-13.77950098570478,276.70648701822887,304.8147550325945,34.37538620499071,-43.973923770239956,36.790707872923356,590.6743646018704,-313.68509707466836
1850,234.80482340139724,21.784735471664675,-52.61752981028135,111.91562152290588,93.82760277529444,82.31647793352559,96.08039808243343,4.3338874231492595,186.5059313536564,78.11118839484395,62.33869849971911,0.1877822141415667,-15.039150172842547,-49.270870749446864,185.79974687128495,-103.31011925707857
1851,568.7648898046077,80.78493725735271,-95.17591480572584,215.2045322114372,253.70798721552845,216.50039270005584,229.370835285548,49.36324489923903,3.6970254456098712,210.62916272295035,244.39119438418825,9.101153049748664,-30.82268257348085,19.2303206120184,496.5728025224138,-251.4269307121319
1852,311.7337435538337,45.14013743828274,-60.758659333378155,112.33718060801786,148.92111431058922,128.12108655921315,241.01020737558497,24.435094010750923,3.436316302605931,342.27252175210367,116.19301149652158,18.584834080355474,-14.383202671488876,11.00957207055492,289.5140845391365,-140.11234820492598
1854,560.8167060716451,79.50329461725755,-92.03068794590922,210.44714700149487,249.46717193254113,212.3187619687797,221.53787438537205,48.17116845530937,3.1231101567254633,209.33154507693567,240.63051927904667,8.118964344318663,-30.210263962142196,18.54102904180895,488.57306729985316,-247.9267034206846
1855,234.80482340139724,21.784735471664675,-52.61752981028135,111.91562152290588,93.82760277529444,82.31647793352559,96.08039808243343,4.3338874231492595,186.5059313536564,78.11118839484395,62.33869849971911,0.1877822141415667,-15.039150172842547,-49.270870749446864,185.79974687128495,-103.31011925707857
1856,656.3275573022601,80.98865522048162,-93.71520137355998,324.58326992775795,326.74833361379734,254.6087038292945,529.0812613035508,56.145239480516956,-41.29684778152129,273.37956137541147,303.43854819674664,31.54145559097945,-34.187189929977855,56.47468843431199,614.8871059230034,-395.80667490338203
1857,658.8456400424797,70.49894598485685,-98.51254143963479,257.5534670088765,304.25497554862795,236.66984575439938,345.7737129502909,63.770281224131594,-34.07966885735921,307.8869357430893,301.87931015147353,49.82821567382157,-49.64471248411812,88.51094558664344,577.3039415873818,-300.77608970318585
1858,261.8709934105436,40.00103064998108,-34.17685983579729,87.58008501401072,131.28473933327555,87.59915199783278,213.63479984754406,64.38133762415423,162.28523449757404,126.20143758848575,145.6659524672009,22.49628230506371,-11.824210313014996,74.44324907334872,247.4192357357509,-115.9835391463431
1859,526.8764671172972,68.17972413051918,-195.13170612983734,333.7698551501066,253.5421781587431,219.99186776680665,386.1981793356378,61.21970964563071,-2.4795652116727043,249.21608022464252,257.8972136447286,52.56599702958864,-45.63476573984116,25.05705682804571,490.82295781827406,-207.72056051182497
1860,315.83316953174443,38.93284440589268,-1.0907960659978042,81.04572691055472,176.8329448420248,147.62672562275884,285.80008537666595,34.2375476879395,-27.140033330684272,144.6906091584308,179.64351799684337,116.66581938258925,-40.09676882571763,17.819813814270056,358.6283007739478,-87.75370336335854
1861,568.7648898046077,80.78493725735271,-95.17591480572584,215.2045322114372,253.70798721552845,216.50039270005584,229.370835285548,49.36324489923903,3.6970254456098712,210.62916272295035,244.39119438418825,9.101153049748664,-30.82268257348085,19.2303206120184,496.5728025224138,-251.4269307121319
1862,339.6831259065895,31.287495734176908,-66.973261192625,122.90823811872832,276.67278774195177,133.53949682495116,198.5710689844392,37.65078097642525,0.5146028781443832,120.27108067100478,154.7942363633284,23.451361973741445,-29.113771953763102,21.927911021916866,263.88145848955344,-143.8410373387597
1863,650.6845949685081,79.91244879188535,-89.4491083412859,319.74845159355436,322.7514235274601,250.83140434030207,525.9030454599723,54.862947356184634,-41.526112676645305,270.8975544691015,299.88957011071057,29.582779172228268,-33.37552540263167,55.57355993845966,606.3283114653642,-392.7625249287579
1864,560.8167060716451,79.50329461725755,-92.03068794590922,210.44714700149487,249.46717193254113,212.3187619687797,221.53787438537205,48.17116845530937,3.1231101567254633,209.33154507693567,240.63051927904667,8.118964344318663,-30.210263962142196,18.54102904180895,488.57306729985316,-247.9267034206846
1865,602.7833094046248,76.88777514143784,-125.42825589408197,297.800439531026,299.80191003812416,233.2725169432428,512.4704914358952,48.50719644982008,-37.825351250168865,243.9256446294097,273.7337630141443,23.365263125937823,-28.409595427674713,44.299622194372205,567.3414657484559,-371.1528081146344
1866,310.8137816879196,50.87989665936855,-61.54422716947829,136.6227023715671,144.40657569451673,113.37749199249129,201.5138974347999,195.11804847792388,-4.787167447121047,137.36474210770973,136.9734062842961,28.547005805595827,-16.8519177931911,31.522002458099074,275.44570440953675,-130.60108345985688
1867,313.74145768861,38.883258609102135,0.977392438076906,83.28885767389338,175.64870930185006,146.68785770678713,281.02547617054495,33.87318178579912,-26.78749073107994,143.34397638627257,178.41306504949253,116.13901572886788,-39.82514947617964,17.458941477035353,356.7142906365742,-86.50749447772426
1868,353.9647306288701,35.07706630055385,-38.47409926727742,120.47919352133324,94.56752968295027,96.73007469472772,224.62887436751916,20.089594616582353,-3.8168631909041237,133.62942623282882,130.14327164118146,-32.12308059655161,-42.904148179106414,27.955922624578168,371.2301123627905,-85.73732403638328
1869,305.90910005725675,45.61418257871572,-40.040495618667286,100.54522055689627,149.59539594657178,105.562605311611,215.65952132297065,37.753239768760295,164.75107495346177,136.8955388010679,163.47522697884847,17.928885332940617,-13.848105612517568,70.47620250429227,284.98986505800355,-136.42235892761067
1870,758.3864221222564,87.2615612515691,-125.9979873930151,244.2677042763813,278.1348905456702,242.6496242808853,456.69726793607447,64.29645398182721,-9.40010846523376,276.30402099924663,288.532112267914,22.612867082218077,-54.68052221393811,50.835751697625625,608.5927392125583,-259.9537115398513
1871,680.9989112999835,71.64743818092228,-100.23024311009995,281.2681766237559,321.9359765939841,247.2095565929385,404.45227333490703,65.94613619545234,-42.69857505875968,321.6647080672594,316.13867228088645,55.20900306999221,-50.699552202623146,96.37771804612433,607.9266519359178,-332.64391059688296
1872,672.3482573855497,83.29576927172327,-196.32909133408546,100.05213778191599,311.9957859036301,262.58453762234063,463.659554929036,67.11870393699107,-13.77950098570478,276.70648701822887,304.8147550325945,34.37538620499071,-43.973923770239956,36.790707872923356,590.6743646018704,-313.68509707466836
1873,781.9142235790769,89.56621557203118,-136.45769249364284,254.32639241527306,319.8065709896324,259.5563655256995,470.3794626480228,70.74244978566692,-8.895971362399429,284.7893581683487,304.91936222378837,34.494451492213756,-53.81746575762965,51.49780197374707,617.2700696912467,-282.04893008302975
1874,643.8097431556514,82.77697723676863,-112.3108275270505,340.9296318364334,322.7917613551385,256.9539423937534,542.1511812272462,56.78066520284601,-34.20410810487196,262.2269397056488,299.5969825519626,31.530710083784353,-33.63714520269663,45.03286031092599,609.187373983408,-384.4886816586976
1876,656.5404186432689,70.29350977335795,-99.63340761209224,257.6309001331378,304.0110703519779,236.2655145121157,341.11896789369365,63.86049690453426,-34.424319251119606,309.0713250033846,301.667613132368,50.804703387142744,-49.84395840012565,88.72278251228632,577.8630008224605,-300.3200123863627
1877,495.4205883921701,74.50203685745471,-72.42964249177354,175.80836783923812,225.08457183191155,196.46246567811065,209.24262489312457,42.3648645200617,6.168776666158456,173.72722352205818,216.58295302494398,20.05167467627573,-27.861813681361884,2.6985665735002575,447.23170927128217,-206.6127266126312
1878,564.829736566698,72.16308784344184,-80.78069499084478,280.59054757304034,281.085913008851,221.66454071303917,477.2092844939346,46.1899950423222,-33.95778563337025,227.3685034625506,260.7850992400173,23.38346916761668,-29.340698716947855,39.699126326051825,538.5001920499872,-396.436537060582
1879,758.3864221222564,87.2615612515691,-125.9979873930151,244.2677042763813,278.1348905456702,242.6496242808853,456.69726793607447,64.29645398182721,-9.40010846523376,276.30402099924663,288.532112267914,22.612867082218077,-54.68052221393811,50.835751697625625,608.5927392125583,-259.9537115398513
1880,656.3275573022601,80.98865522048162,-93.71520137355998,324.58326992775795,326.74833361379734,254.6087038292945,529.0812613035508,56.145239480516956,-41.29684778152129,273.37956137541147,303.43854819674664,31.54145559097945,-34.187189929977855,56.47468843431199,614.8871059230034,-395.80667490338203
1881,51.31894281597542,9.29164214991419,-11.10272793622345,42.9023154123829,219.01655462219725,20.224995036460513,106.02603387724535,5.015055052549128,-9.066442891692692,63.28681646078368,33.79521949627447,-20.014482882434745,-2.2073570572759773,7.08549594107488,146.62870818216396,-17.998305206922648
1882,563.7373633997445,82.92942461469929,-90.91691151902576,223.46807903749337,255.119701030174,217.87478472735194,257.9654337872131,46.72670884515183,3.297025965850538,199.48347765735957,241.3682323105678,2.9189727425326994,-26.648276516093418,10.405070044789552,498.5464833707238,-268.4621071139274
1883,836.1812452537093,96.41564091524789,-143.16303260308922,274.2851152671952,326.7084281272925,276.58170992421077,498.0999691605049,75.00941832954798,-16.079058478398444,319.08920462904894,330.3259894571105,40.01930430526694,-57.94528223595444,65.0811993835672,666.5885222436353,-309.03257586974706
1884,670.5472915827654,70.65094021086082,-126.44624599399732,287.852302494993,315.2366456235983,246.6454532550796,390.25604510787974,68.84652688002953,-35.797371984411896,321.2058742866486,313.8755175377957,61.62996209957951,-54.236996443448625,94.29817770273515,597.7309234686226,-303.1351869956703
1885,386.50680879701287,33.617861443886696,-75.74018476953944,143.91347948496673,272.5490331621858,151.85089996135446,237.6775522511403,43.86914425065933,-2.0743206861099988,142.06102282753176,177.12066705501948,28.5957871357275,-28.96191650085385,23.77607741590816,352.4461353042832,-170.68667636226635
1886,672.3482573855497,83.29576927172327,-196.32909133408546,100.05213778191599,311.9957859036301,262.58453762234063,463.659554929036,67.11870393699107,-13.77950098570478,276.70648701822887,304.8147550325945,34.37538620499071,-43.973923770239956,36.790707872923356,590.6743646018704,-313.68509707466836
1887,697.6798134638772,87.359520361021,-203.20085686749056,98.98475875945466,310.6744060761906,266.23641789803264,485.6287129797399,67.8576174673406,-8.826048832553754,271.2600895655194,304.1003169611709,31.03231159556592,-43.951055072311604,28.590470919507922,595.6774228770977,-309.67815993232415
1888,758.3864221222564,87.2615612515691,-125.9979873930151,244.2677042763813,278.1348905456702,242.6496242808853,456.69726793607447,64.29645398182721,-9.40010846523376,276.30402099924663,288.532112267914,22.612867082218077,-54.68052221393811,50.835751697625625,608.5927392125583,-259.9537115398513
1889,655.8072415586474,70.17783688817227,-99.45548842701305,256.93142373986075,303.5594043315158,236.24292535870975,341.58195607213304,63.39863260599454,-34.72380244181397,305.2718787195885,300.48131612161563,50.2698772214901,-45.92521210962861,88.29566552507393,577.9046299306851,-299.4822265511502
1890,562.6822410780248,79.97781501573421,-91.04172495898158,209.63027958334973,251.24130290303265,214.26207614141543,226.0510222539361,48.59986428908839,3.234926599999797,208.05423096983742,241.9945268127422,10.19727976312088,-30.581600156997073,18.721328020505183,492.2086663912601,-248.07730962665028
1891,656.3275573022601,80.98865522048162,-93.71520137355998,324.58326992775795,326.74833361379734,254.6087038292945,529.0812613035508,56.145239480516956,-41.29684778152129,273.37956137541147,303.43854819674664,31.54145559097945,-34.187189929977855,56.47468843431199,614.8871059230034,-395.80667490338203
1892,672.3482573855497,83.29576927172327,-196.32909133408546,100.05213778191599,311.9957859036301,262.58453762234063,463.659554929036,67.11870393699107,-13.77950098570478,276.70648701822887,304.8147550325945,34.37538620499071,-43.973923770239956,36.790707872923356,590.6743646018704,-313.68509707466836
1893,562.6822410780248,79.97781501573421,-91.04172495898158,209.63027958334973,251.24130290303265,214.26207614141543,226.0510222539361,48.59986428908839,3.234926599999797,208.05423096983742,241.9945268127422,10.19727976312088,-30.581600156997073,18.721328020505183,492.2086663912601,-248.07730962665028
1895,209.15386223687435,21.231002864230998,-17.499813637252156,45.16995068989074,85.42295607731039,242.08606947610065,135.7693061293036,16.62783796121075,-43.83655377501919,132.04361899882522,91.26055367553886,-7.491540555943408,-3.7371828601210204,36.256492825689826,162.64539988096098,-108.70245135165023
1896,587.3801198181316,72.01491295080599,-69.64989720430964,292.5814484943975,282.82266049176616,219.18094750382926,510.36902279145994,43.95774395952283,-36.49675705611206,237.40687064254922,264.1072016916021,11.943945896272533,-25.52049992923481,36.02157535240266,523.5994294070142,-354.0471819124561
1897,656.5404186432689,70.29350977335795,-99.63340761209224,257.6309001331378,304.0110703519779,236.2655145121157,341.11896789369365,63.86049690453426,-34.424319251119606,309.0713250033846,301.667613132368,50.804703387142744,-49.84395840012565,88.72278251228632,577.8630008224605,-300.3200123863627
1898,367.15193466673315,30.89099640523169,-2.229992466694782,119.08541733817397,101.23371828353928,76.69123100622136,316.6639244675283,9.518568586036443,-10.026307429080894,146.07545120628242,123.92940457295349,-40.45431255776195,-12.115380991716576,-10.1377725632764,160.5130319436208,-101.21127450304454
1899,697.0419651210194,87.60038201651079,-202.05360265437423,99.28115144372703,309.8349162715134,265.6801409107122,488.70705943721987,67.52584448910685,-8.687341052430428,272.2173941322532,304.26627597130414,29.102683982884923,-44.13970323215371,28.022017817310683,595.3321624274145,-308.87724061603325
1900,643.8097431556514,82.77697723676863,-112.3108275270505,340.9296318364334,322.7917613551385,256.9539423937534,542.1511812272462,56.78066520284601,-34.20410810487196,262.2269397056488,299.5969825519626,31.530710083784353,-33.63714520269663,45.03286031092599,609.187373983408,-384.4886816586976
1901,473.0188480469802,44.15791353422112,-89.0196206110143,165.85193335720896,299.40429193619843,177.95956878867193,281.43681438977154,51.60363094340676,-1.7532988401940788,169.5860178117376,207.04400114577317,30.233400649221178,-38.06529658072296,31.978551464593945,379.73327562646034,-190.780988231269
1902,664.4886023762316,71.57515241345311,-102.77863447190886,262.3882853430801,308.2518856349652,240.44714524339182,348.95192879386957,65.05257334846394,-33.8504039622352,310.36894264939923,305.4282882375096,51.78689209257274,-50.456377011464305,89.41207408249578,585.862736045021,-303.82023967781
1904,656.5404186432689,70.29350977335795,-99.63340761209224,257.6309001331378,304.0110703519779,236.2655145121157,341.11896789369365,63.86049690453426,-34.424319251119606,309.0713250033846,301.667613132368,50.804703387142744,-49.84395840012565,88.72278251228632,577.8630008224605,-300.3200123863627
1905,330.3096072625586,27.7406968889713,7.5091256421702175,133.33623789102816,101.03349360520839,72.23293615550156,322.5938880612911,5.8245089499316824,-14.908314049143407,136.859667787934,118.44682333830788,-41.718565598935186,-7.490248075003313,-11.761188942251081,149.9206964009726,-117.6109495366057
1906,758.3864221222564,87.2615612515691,-125.9979873930151,244.2677042763813,278.1348905456702,242.6496242808853,456.69726793607447,64.29645398182721,-9.40010846523376,276.30402099924663,288.532112267914,22.612867082218077,-54.68052221393811,50.835751697625625,608.5927392125583,-259.9537115398513
1907,291.9003636532068,26.39630917273807,-56.98368717255395,122.67805472680337,141.72151375464605,101.58894628051533,205.16438564877126,23.268752242754648,-14.247561203052808,120.5345109681792,122.96294167378551,31.159363761732664,3.0241162096577665,4.8656743167491205,426.8431608642314,-162.4532791363698
1908,564.829736566698,72.16308784344184,-80.78069499084478,280.59054757304034,281.085913008851,221.66454071303917,477.2092844939346,46.1899950423222,-33.95778563337025,227.3685034625506,260.7850992400173,23.38346916761668,-29.340698716947855,39.699126326051825,538.5001920499872,-396.436537060582
1909,395.6508849196593,49.940137369548424,-96.41712544673172,205.27025352511785,185.4947657342332,327.93601653108703,265.71711293229936,34.702082706266154,9.334957164154972,124.92442007362176,176.62128761019582,34.831491553035455,-33.940304185193106,16.65296255718873,358.5655199984821,-154.7656754328365
1910,389.40865629145003,17.872724679570798,-56.38133819799045,103.71443452432217,141.44497423746418,100.49790979164462,155.4236728582727,24.901875977579078,-16.79477911646908,94.31278389052886,111.1052085780588,55.491660581203156,-2.056989412131078,17.841256856078054,168.48195405540028,-136.72543489358662
1911,388.17736795456426,49.33171757418403,-94.3491162837086,201.51226333132766,182.58846228188642,325.9582820351643,263.8495132255425,34.00930495415208,9.660940504839267,121.11030813497962,173.79777941155157,35.92642432116377,-33.63810568790031,14.87265572974374,353.56808031848453,-150.15849954238993
1912,656.5404186432689,70.29350977335795,-99.63340761209224,257.6309001331378,304.0110703519779,236.2655145121157,341.11896789369365,63.86049690453426,-34.424319251119606,309.0713250033846,301.667613132368,50.804703387142744,-49.84395840012565,88.72278251228632,577.8630008224605,-300.3200123863627
1914,782.6369973560741,92.31476083620412,-174.87608712361123,247.50228487046314,299.7620045516193,255.24552303815912,481.4891992928492,67.37137529885109,-12.607561947046012,289.63528788304706,300.6212042745082,31.84311184022531,-52.167687733651285,52.9061331436274,619.0428820690877,-284.37870908099944
1915,677.6747947491846,83.6067607854485,-197.29259489345876,101.3385291835497,313.4505895774746,263.78457162603036,469.027480235664,67.63359680893979,-14.170983883170896,278.8738414871603,306.5308236094886,35.00453214764318,-44.51953790210148,37.71017259362624,594.0683776893318,-314.8133313584915
1916,335.7257773301556,25.429049260213986,7.572551714567047,120.26057236808636,99.13742060977889,69.73871118918677,288.10533557220793,7.927606076715135,-15.145793206776686,147.99021872642197,120.79753931999176,-36.60114087730203,-11.296043933059211,-2.1478537399206123,146.9813743122852,-101.7810500205982
1918,549.627300138249,70.5139166633962,-185.80116491768283,329.572799315864,255.80186820493282,224.37537929203182,434.53071177002397,60.28968553251384,1.5530818615230755,236.22532589568672,259.7187094368018,42.26078007402762,-43.42308356835426,21.545016072089627,484.9141272667946,-212.21770984154895
1919,679.3230720809928,71.26388813974005,-119.32632966591164,234.38272508160605,317.6275567242168,247.5975078444686,393.3782078234679,67.93285175971715,-37.83792880388856,321.2603386178684,315.33615013957177,58.15105534315872,-52.93148809036046,92.51180486332959,600.6387012876031,-312.93270744867107
1920,658.4059536496487,70.76803017183461,-98.64444462516458,256.81403271499266,305.78520132246945,238.2088286847514,345.6321157622577,64.2891927383133,-34.31250280784528,307.7940108962863,303.0316206660636,52.883018805944964,-50.21529459498053,88.90308149098256,581.4985999138675,-300.4706185923284
1921,607.336489026544,74.83172096202699,-175.29347140792956,71.15297018448648,269.0852973155924,228.6173973632828,451.7674550484282,55.51670414598219,-8.582810971467287,241.66197056876882,266.77263647714585,15.405828507692354,-35.7917318205494,15.985745275785122,502.14739762449875,-271.7962835626006
1922,286.35333555139783,24.896107690027392,-28.090074167895306,100.79818474262191,92.45087756114873,79.2318387135061,182.25535254058207,16.16427731632259,-1.9955259663621283,107.8869239196989,108.99924627065035,-33.006386250244894,-39.97759256042076,23.98749600269942,314.87781832683584,-65.15303989222116
1923,51.31894281597542,9.29164214991419,-11.10272793622345,42.9023154123829,219.01655462219725,20.224995036460513,106.02603387724535,5.015055052549128,-9.066442891692692,63.28681646078368,33.79521949627447,-20.014482882434745,-2.2073570572759773,7.08549594107488,146.62870818216396,-17.998305206922648
1924,682.0011358757621,71.6158960060789,-102.48649178547568,284.26403288634424,322.85995491461904,248.06880746923957,408.8940139974701,66.40897226471952,-42.849178607661436,322.9190223798915,317.23775900002124,56.27495260081891,-51.1292784827637,96.86094764695449,609.5255967251389,-332.69618851606
1926,762.5857274414725,84.2567955857572,-129.4250863242022,240.5842808251746,288.97479963224725,242.9701349540696,442.73355066321466,65.00491392878303,-11.711046049149893,268.4068490642544,284.3819667352046,39.18146929704142,-46.705010968501014,48.59767739719101,568.8260463032498,-269.4929158127612
1928,395.6508849196593,49.940137369548424,-96.41712544673172,205.27025352511785,185.4947657342332,327.93601653108703,265.71711293229936,34.702082706266154,9.334957164154972,124.92442007362176,176.62128761019582,34.831491553035455,-33.940304185193106,16.65296255718873,358.5655199984821,-154.7656754328365
1929,683.090623143118,71.69702397771282,-102.29843161417465,279.02504586041726,323.1202121341588,248.1484245089102,409.2268825410281,66.31050209759273,-43.05111765836401,323.01134083941764,317.36912522823724,55.73580672371358,-50.97117155216114,96.73859038335904,609.8406620732914,-333.89011948251726
1930,656.3275573022601,80.98865522048162,-93.71520137355998,324.58326992775795,326.74833361379734,254.6087038292945,529.0812613035508,56.145239480516956,-41.29684778152129,273.37956137541147,303.43854819674664,31.54145559097945,-34.187189929977855,56.47468843431199,614.8871059230034,-395.80667490338203
1931,833.4688165133036,98.93411467624021,-160.06611721487042,243.4805939425276,325.09417084449177,279.64350184570566,514.1657059762218,74.75861254773584,-10.803770258072253,308.7674490950218,327.6667198662706,35.15624590412391,-55.9722751332501,52.53815588782211,663.7243784374108,-308.45996132317794
1932,560.8167060716451,79.50329461725755,-92.03068794590922,210.44714700149487,249.46717193254113,212.3187619687797,221.53787438537205,48.17116845530937,3.1231101567254633,209.33154507693567,240.63051927904667,8.118964344318663,-30.210263962142196,18.54102904180895,488.57306729985316,-247.9267034206846
1933,750.7159552559662,123.97377816686353,-130.07523415714041,243.99328726017885,286.27708949322664,246.69146962050291,457.0575712930071,57.60072660878207,-10.381024375928227,276.7426628169247,291.63121335554786,31.241826154258128,-51.342720508040635,50.30691781647293,592.3459228864448,-267.9909014967333
1935,656.3275573022601,80.98865522048162,-93.71520137355998,324.58326992775795,326.74833361379734,254.6087038292945,529.0812613035508,56.145239480516956,-41.29684778152129,273.37956137541147,303.43854819674664,31.54145559097945,-34.187189929977855,56.47468843431199,614.8871059230034,-395.80667490338203
1936,319.6819272867965,46.42178007837791,-63.903886193194786,117.09456581796017,153.16192959357653,132.30271729048928,248.84316827576092,25.627170454680577,4.0102315914903395,343.57013939811833,119.95368660166315,19.56702278578548,-14.995621282827528,11.698863640764369,297.5138197616971,-143.6125754963733
1937,613.9723228517137,63.58503350879551,-93.82258787175746,238.23456376666073,288.52354039464046,217.6470664196373,350.07520624906516,62.190179583261866,-3.9540820024256678,299.4469159172616,290.40280005427223,55.00570669523403,-47.6683312868988,103.27162493919393,545.0936821099543,-282.72491786812435
1938,289.2443949896614,54.84384350520016,-78.99767951436347,149.43256895615878,136.23532782097638,112.53033566775555,209.86818541606112,195.3723343789485,2.8937350885661197,121.68008470475702,128.84540554586812,27.82361877759097,-15.36874226866757,18.452778096878937,261.62306341044155,-115.2608694434775
1939,617.8738940177552,79.23937069002717,-205.73209989913732,362.0014890782659,298.9829249266402,258.60368563880763,447.01612775113875,72.04221229333105,-3.682548450576202,272.09056404192,298.24644362179373,61.33268006025706,-51.87927030036835,42.90857105269604,574.9210971942541,-253.98854875180552
1940,270.3514753760518,30.230397192597998,-56.06600070056314,125.3283655132317,132.41892473068043,96.94711632910958,212.80664969396355,20.711095837301464,-11.52770586378067,121.14089567674992,119.29887971949739,69.03975554145822,0.9544639056546536,2.2369588004613736,436.13457988480997,-157.9627131005622
1941,765.8437996745955,84.3222733549371,-130.05627343274705,242.227545604576,288.02468440429516,244.33750841935012,445.7876552613501,65.50139500843099,-11.952572759780562,270.0666769640701,286.0690129540057,39.637262024002325,-46.59350266276383,48.688509465757114,576.5682451454809,-271.67404531617626
1942,311.7337435538337,45.14013743828274,-60.758659333378155,112.33718060801786,148.92111431058922,128.12108655921315,241.01020737558497,24.435094010750923,3.436316302605931,342.27252175210367,116.19301149652158,18.584834080355474,-14.383202671488876,11.00957207055492,289.5140845391365,-140.11234820492598
1943,758.103400095455,87.75004612529773,-126.34858822489541,245.25184444809793,278.83921853898283,243.31046670691066,459.0178746435723,64.43964252030204,-9.308684232541438,277.5980398525669,289.53921632287,22.023155243059183,-54.785236077306344,50.69327620574391,615.5694370385127,-261.0401972440526
1944,636.7759125833874,81.89947325442648,-110.11091517849759,337.9110759365271,318.3552321289502,253.43722496747867,540.4251787085227,55.56897593655025,-33.64529081370161,258.50575261380965,295.6211638387283,29.57083971978927,-32.764364594541426,42.86041757914188,599.9952759769246,-380.1869768791085
1945,674.9053170035862,70.65880482594282,-99.29781254514864,279.2970548539076,318.7625547838145,244.36725223152686,403.1012099826655,65.22834681003616,-42.949046576046904,319.664198030216,313.1909137354313,60.095776715245876,-50.37828624735769,96.36636634970222,602.227800846246,-329.8461250381777
1946,667.7075196275762,82.18802066828363,-194.3192469771871,98.21317571030075,308.92285413792774,259.6664890096493,464.9230797480204,66.29924788192594,-14.159369429730548,275.4787944245509,302.36486366569324,33.482659317066236,-43.59198552303434,36.37280897790118,583.7145149334524,-310.69322501922125
1947,572.6911903493462,57.61361923424577,-85.54731752372132,230.6853022544609,301.2907154309355,205.06996728781877,329.1934041489569,57.77864551101713,-37.80176173313667,287.7298645909944,269.1029408116096,47.39536103466924,-46.48261833363272,90.37737465140323,527.3425954518127,-263.2345881024135
1948,670.5472915827654,70.65094021086082,-126.44624599399732,287.852302494993,315.2366456235983,246.6454532550796,390.25604510787974,68.84652688002953,-35.797371984411896,321.2058742866486,313.8755175377957,61.62996209957951,-54.236996443448625,94.29817770273515,597.7309234686226,-303.1351869956703
1949,656.5404186432689,70.29350977335795,-99.63340761209224,257.6309001331378,304.0110703519779,236.2655145121157,341.11896789369365,63.86049690453426,-34.424319251119606,309.0713250033846,301.667613132368,50.804703387142744,-49.84395840012565,88.72278251228632,577.8630008224605,-300.3200123863627
1950,676.3581735420101,70.53968957748263,-98.22039875320161,279.42921455214065,318.8630448282818,244.29150798024713,405.71579815389146,65.12668014038721,-43.07844350278545,320.43701547358154,313.68878091398517,54.31627618206773,-50.31761395541752,95.95981915110215,600.9668022674997,-329.65203854143584
1952,329.17336993543756,201.67971366641456,-58.957310621867336,119.23070196812976,137.6623773942726,117.43823121799203,223.66619927583685,-16.02611312090579,-9.653133717022799,133.79633684098368,145.35495987577684,15.023420450285894,-25.468935932475762,25.571261751932717,279.399690419766,-127.44396465857562
1953,561.1177223053531,74.48582817290156,-237.09806610940961,334.693045869634,270.7513683665143,239.44930645808748,430.87088503794416,64.09823750432813,-0.24014807838585617,241.1456048763269,267.2630916166073,53.67130927542507,-46.17502912484507,30.910794214127367,524.7293060080196,-227.62781672236574
1954,587.3801198181316,72.01491295080599,-69.64989720430964,292.5814484943975,282.82266049176616,219.18094750382926,510.36902279145994,43.95774395952283,-36.49675705611206,237.40687064254922,264.1072016916021,11.943945896272533,-25.52049992923481,36.02157535240266,523.5994294070142,-354.0471819124561
1955,650.1663105641478,80.42209658336532,-90.78631894545929,320.01577706837224,323.6383270627422,251.68699493884216,524.0823818839729,58.597499482823466,-41.31592809047415,270.6599586504746,300.19110571561396,30.86442311526969,-33.478048354231504,56.237292470403446,608.8656191715247,-393.33788003915953
1956,656.5404186432689,70.29350977335795,-99.63340761209224,257.6309001331378,304.0110703519779,236.2655145121157,341.11896789369365,63.86049690453426,-34.424319251119606,309.0713250033846,301.667613132368,50.804703387142744,-49.84395840012565,88.72278251228632,577.8630008224605,-300.3200123863627
1957,600.0061805488905,76.9813266969819,-175.83906769550887,63.65182967230524,284.29634884064814,243.4058614766966,447.97308519917567,60.583159627080896,-11.45835331405795,241.05886212996873,278.10560039248503,46.39185736234448,-41.44278115826155,20.742183435235365,542.9322161399602,-268.92317089434465
1958,665.5780896435875,71.65628038508703,-102.59057430060783,257.14929831715307,308.51214285450504,240.52676228306248,349.2847973374275,64.95410318133715,-34.05234301293777,310.46126110892544,305.5596544657256,51.24774621546742,-50.298270080861734,89.28971681890032,586.1778013931734,-305.01417064426727
1959,465.7141260501275,66.09440706218555,-75.86124934686613,168.66719023959658,203.70290978623325,177.85734585107116,173.0454384716913,72.8459358894086,7.305082086854303,157.59378136160583,194.81852044053986,-4.440267129203954,-23.125669508745165,0.6645397035857676,403.63713981131207,-204.18037026250897
1960,225.18884041033294,29.935054486102423,26.958756400648554,70.85555171961562,102.10868486356016,82.3987717400442,143.43836348768582,18.16541832319951,-6.449699057798365,87.14092726427717,284.8086074729376,8.440165116247146,-15.096670252029316,19.715334088075586,199.81650982862428,-106.34534699287528
1961,680.9989112999835,71.64743818092228,-100.23024311009995,281.2681766237559,321.9359765939841,247.2095565929385,404.45227333490703,65.94613619545234,-42.69857505875968,321.6647080672594,316.13867228088645,55.20900306999221,-50.699552202623146,96.37771804612433,607.9266519359178,-332.64391059688296
1962,672.3482573855497,83.29576927172327,-196.32909133408546,100.05213778191599,311.9957859036301,262.58453762234063,463.659554929036,67.11870393699107,-13.77950098570478,276.70648701822887,304.8147550325945,34.37538620499071,-43.973923770239956,36.790707872923356,590.6743646018704,-313.68509707466836
1963,650.6845949685081,79.91244879188535,-89.4491083412859,319.74845159355436,322.7514235274601,250.83140434030207,525.9030454599723,54.862947356184634,-41.526112676645305,270.8975544691015,299.88957011071057,29.582779172228268,-33.37552540263167,55.57355993845966,606.3283114653642,-392.7625249287579
1964,758.3864221222564,87.2615612515691,-125.9979873930151,244.2677042763813,278.1348905456702,242.6496242808853,456.69726793607447,64.29645398182721,-9.40010846523376,276.30402099924663,288.532112267914,22.612867082218077,-54.68052221393811,50.835751697625625,608.5927392125583,-259.9537115398513
1965,544.7458370658023,75.33056416030776,-197.29515044699664,335.6687786556722,264.85026547806456,232.59108617504418,414.53899414161685,97.66307410799241,3.0687845876427553,234.99622943542087,263.02953988481795,55.617559326791074,-44.66753609576412,29.57601289105477,510.6054425290923,-218.03488478407297
1966,643.8097431556514,82.77697723676863,-112.3108275270505,340.9296318364334,322.7917613551385,256.9539423937534,542.1511812272462,56.78066520284601,-34.20410810487196,262.2269397056488,299.5969825519626,31.530710083784353,-33.63714520269663,45.03286031092599,609.187373983408,-384.4886816586976
1967,656.5404186432689,70.29350977335795,-99.63340761209224,257.6309001331378,304.0110703519779,236.2655145121157,341.11896789369365,63.86049690453426,-34.424319251119606,309.0713250033846,301.667613132368,50.804703387142744,-49.84395840012565,88.72278251228632,577.8630008224605,-300.3200123863627
1968,595.0290108043889,58.443304264067706,-93.88885262750001,244.77299586954038,275.0835160114415,207.22334669364136,315.0397264177409,57.7601696018392,-41.09559234009684,309.93590931557276,278.81240437744185,52.62450034653974,-48.62945369948339,87.35145438870285,521.8548317116275,-269.340745955107
1969,600.0061805488905,76.9813266969819,-175.83906769550887,63.65182967230524,284.29634884064814,243.4058614766966,447.97308519917567,60.583159627080896,-11.45835331405795,241.05886212996873,278.10560039248503,46.39185736234448,-41.44278115826155,20.742183435235365,542.9322161399602,-268.92317089434465
1970,562.6822410780248,79.97781501573421,-91.04172495898158,209.63027958334973,251.24130290303265,214.26207614141543,226.0510222539361,48.59986428908839,3.234926599999797,208.05423096983742,241.9945268127422,10.19727976312088,-30.581600156997073,18.721328020505183,492.2086663912601,-248.07730962665028
1971,669.3869254100766,82.65543664272141,-199.69046477779222,98.55344857053386,310.6647410065487,261.04958774731887,464.9880052799785,66.74713284515201,-14.371037067765664,276.25458984178994,303.3702038606673,34.62491043455715,-43.887006680959225,37.32774508569131,588.1520489224808,-312.52954311993557
1972,388.602519808042,49.432249145596,-95.2209403182289,202.12474208658188,182.38383607148643,325.2967599102605,263.151242371273,34.10705083462595,13.307368348647966,121.50934405115386,173.84717523464525,34.167872067357,-33.2223215887291,16.27899304490283,352.6684923137713,-151.46709371511696
1975,386.5993123680097,52.11576219909303,-95.27495163812638,201.73375820103408,181.2800901193517,324.7436216418924,261.0014809898653,34.32094288496169,9.923120023192807,120.39238434043176,172.3348525165519,34.118850032225694,-33.007173387950814,15.025566319354594,350.44261093898245,-150.74345466114156
1976,681.4421642563243,71.46221992720007,-124.56564428098694,235.46243223572304,317.83921781899625,247.4416236517862,393.58473054345916,67.86182520876153,-37.81676249143761,322.1290588819104,315.18917981995577,56.238503328526235,-52.65592713742294,93.07460506678059,600.8815769501458,-315.07449666024286
1978,385.73313702460996,48.72987471106401,-95.1200680138789,201.72002628202992,180.60138123098702,324.02061162408245,260.0617684946132,33.182057669521846,9.264231491687784,118.73719166365755,171.25806018846814,33.368332258758315,-37.1547592878488,14.276283556760635,349.81212540382603,-149.63844106157896
1979,398.70389331644293,18.80240219321409,-57.49530034979368,108.69648864222097,143.4847799051899,104.3283786788555,163.96620090776594,25.87849148720915,-17.509031300185598,98.11859807048522,115.58194819518953,55.94907047339107,-2.478643797203332,18.66889756579667,178.22833035842368,-142.89862631578154
1980,621.1971023022049,78.964644571582,-228.232213846262,74.44890121347505,286.41295978844283,241.84701954987244,450.0383123990883,59.87289411752478,-11.246690189548476,249.74606477038833,276.63589719632523,27.26633721601968,-38.68717162888639,26.370185469745486,545.360972765388,-290.3410630100627
1981,674.0995107355027,83.29984363098585,-196.29987706544213,102.23971253624241,313.4565928315955,263.34670384492546,469.6537634493961,67.25434382861663,-14.679378450247404,277.9614949912781,305.99570210884565,34.824192255815326,-44.0412139173699,37.53559522936923,593.0406506698822,-316.57269195849335
1982,764.9036438238313,89.24303144020402,-133.85182282575937,252.29469183109526,297.5418250026425,251.8069759642132,469.13229636749804,67.31419733242804,-10.824094525811553,283.1851147643804,297.017984375588,33.8155744183934,-48.25832374256453,47.687159289620745,643.4287080336464,-282.4899051306733
1985,473.3018700737815,43.66942866049251,-88.66901977913399,164.86779318549236,298.6999639428858,177.2987263626466,279.1162076822737,51.46044240493193,-1.8447230728864004,168.29199895841734,206.03689709081715,30.823112488380076,-37.96058271735472,32.12102695647565,372.756577800506,-189.6945025270677
1986,650.8104220569343,85.36797086160068,-194.6184794091943,89.43579332729637,299.7234087592568,257.1965183000901,436.7538088896637,63.58860503591544,-5.331329368939636,254.2650365347779,291.08140891559725,24.77109492035529,-39.55634252169368,20.99981334206594,570.584129559284,-301.8966025573908
1987,385.19463144071244,42.99232689928467,-75.24462420410687,156.8955163020165,178.60397010334185,137.2070025711216,276.99185510000666,33.29451173055563,-12.97662793622301,164.05802726161062,166.28213121307192,27.081815940692223,-8.137889179434719,12.55477945202736,526.9291839261936,-195.64514936616348
1988,569.8543770719637,80.86606522898663,-94.9878546344248,209.9655451855102,253.96824443506827,216.5800097397265,229.70370382910593,49.26477473211223,3.4950863949073003,210.72148118247654,244.52256061240425,8.562007172643336,-30.664575642878283,19.107963348422942,496.8878678705661,-252.62086167858916
1989,385.62863916187405,50.25555911798221,-73.85463869297429,175.31169089923443,176.25498252788387,319.34350776807645,221.2997063066686,30.07372201359432,10.840992653172538,112.38127694730142,165.63042041884776,24.17199624476843,-29.6430413837875,11.82066654888717,342.57607210626975,-154.24289624106638
1990,755.730831800013,90.55555171894567,-125.90847171984635,244.04615753647622,277.5172543522997,242.41766983064497,456.785984969844,64.79523044858476,-9.232055117242957,276.4504769246296,288.3874548976376,21.930468312722404,-54.808820184693126,50.81234508937836,609.3166677098587,-259.4322762314545
1991,758.3864221222564,87.2615612515691,-125.9979873930151,244.2677042763813,278.1348905456702,242.6496242808853,456.69726793607447,64.29645398182721,-9.40010846523376,276.30402099924663,288.532112267914,22.612867082218077,-54.68052221393811,50.835751697625625,608.5927392125583,-259.9537115398513
1992,656.5404186432689,70.29350977335795,-99.63340761209224,257.6309001331378,304.0110703519779,236.2655145121157,341.11896789369365,63.86049690453426,-34.424319251119606,309.0713250033846,301.667613132368,50.804703387142744,-49.84395840012565,88.72278251228632,577.8630008224605,-300.3200123863627
1993,227.68227581055984,35.39367569371328,-51.04724374851903,85.86707562721251,106.79720450504446,92.83164854218715,183.58347919769682,14.341831737713084,5.3638183792955925,319.4413412682088,78.50536990546327,9.734390224290356,-8.321390442159776,-6.63588018471612,211.81673559649553,-97.29230933721573
1994,682.0011358757621,71.6158960060789,-102.48649178547568,284.26403288634424,322.85995491461904,248.06880746923957,408.8940139974701,66.40897226471952,-42.849178607661436,322.9190223798915,317.23775900002124,56.27495260081891,-51.1292784827637,96.86094764695449,609.5255967251389,-332.69618851606
1995,656.3275573022601,80.98865522048162,-93.71520137355998,324.58326992775795,326.74833361379734,254.6087038292945,529.0812613035508,56.145239480516956,-41.29684778152129,273.37956137541147,303.43854819674664,31.54145559097945,-34.187189929977855,56.47468843431199,614.8871059230034,-395.80667490338203
1996,237.18325462004722,33.86360056979862,-39.47723262939455,80.2882894923658,119.13547797327098,77.68491561962836,195.53830109933995,27.746868126658498,159.7184337544623,113.92896086343859,165.2216434210256,18.696686729786194,-10.211862341014486,69.40422883952648,223.4130913999569,-104.63823115406818
1997,656.5404186432689,70.29350977335795,-99.63340761209224,257.6309001331378,304.0110703519779,236.2655145121157,341.11896789369365,63.86049690453426,-34.424319251119606,309.0713250033846,301.667613132368,50.804703387142744,-49.84395840012565,88.72278251228632,577.8630008224605,-300.3200123863627
1998,408.1686990662679,48.15181535326141,-77.8214992932412,188.9238916164424,189.45133799289206,325.59077796662814,252.64719300860403,34.0666569839371,2.2422174875056395,136.07704174338446,180.46285325497985,34.84223706023055,-34.49034891247433,28.094790680574732,364.26525193807765,-166.08366867752096
1999,758.3864221222564,87.2615612515691,-125.9979873930151,244.2677042763813,278.1348905456702,242.6496242808853,456.69726793607447,64.29645398182721,-9.40010846523376,276.30402099924663,288.532112267914,22.612867082218077,-54.68052221393811,50.835751697625625,608.5927392125583,-259.9537115398513
2000,314.74368226438855,38.851716434258755,-1.2788562372988395,86.28471393648171,176.572687622485,147.54710858308817,285.467216833108,34.3360178550663,-26.938094279981698,144.59829069890458,179.51215176862735,117.20496525969457,-40.254875756320196,17.94217107786551,358.31323542579554,-86.5597723969013
2001,829.4487956526015,95.25830651501771,-139.08499974211617,274.68928395891857,322.4512608214154,272.7247933955477,494.5888847733683,73.82559637234246,-16.106384322819885,316.5148792632128,326.6456451428584,38.599773763621094,-57.29172463921083,64.30242815131032,657.7146624378437,-304.7944949286657
2002,534.8640350339796,74.3290947168019,-196.7558679136047,332.00674243498946,260.12967556514303,228.91247750321727,409.0374568395879,96.51542973278225,3.502298172043653,229.93411687100306,261.3535099345894,54.55949274283406,-43.742155250089596,27.6905320914254,501.6133681500745,-213.29975979615452
2003,833.4688165133036,98.93411467624021,-160.06611721487042,243.4805939425276,325.09417084449177,279.64350184570566,514.1657059762218,74.75861254773584,-10.803770258072253,308.7674490950218,327.6667198662706,35.15624590412391,-55.9722751332501,52.53815588782211,663.7243784374108,-308.45996132317794
2004,150.09022421451476,18.88248272738049,-40.12843361759461,35.0268618668317,58.353147103049345,56.31839274453484,96.11815804528209,11.003794609424034,2.4139298270386753,61.95314473685899,69.89253183249687,19.283703219942556,-20.50862287006823,-1.236101782782685,197.08493912902065,-286.787042611554
2005,656.5404186432689,70.29350977335795,-99.63340761209224,257.6309001331378,304.0110703519779,236.2655145121157,341.11896789369365,63.86049690453426,-34.424319251119606,309.0713250033846,301.667613132368,50.804703387142744,-49.84395840012565,88.72278251228632,577.8630008224605,-300.3200123863627
2006,758.3864221222564,87.2615612515691,-125.9979873930151,244.2677042763813,278.1348905456702,242.6496242808853,456.69726793607447,64.29645398182721,-9.40010846523376,276.30402099924663,288.532112267914,22.612867082218077,-54.68052221393811,50.835751697625625,608.5927392125583,-259.9537115398513
2007,556.7433035763769,74.17652810372192,-198.4825957087261,342.3710263108571,270.95291448539285,273.0560088739488,422.8980535496208,64.76001805708098,4.80064491525239,230.9245774239137,268.9039210803105,57.971538345846334,-47.89302382232796,27.110263708104906,523.3719123548027,-220.52422593715923
2008,782.1972456058783,89.07773069830257,-136.10709166176255,253.34225224355646,319.10224299631983,258.8955230996741,468.05885594052495,70.5992612471921,-8.987395595091751,283.49533931502845,303.91225816883235,35.08416333137265,-53.712751894261416,51.640277465628785,610.2933718652923,-280.9624443788284
2009,221.68892440993608,72.43744250856045,-48.05630839970373,99.44148669643216,102.6994386855528,81.19296103782692,152.90536468560367,191.2360474068427,0.3063789569629306,93.28356496133888,94.53589597505508,21.421784542742113,-7.581725901577149,16.519354315689494,194.84991736338412,-91.63643054787235
2010,679.421836981441,71.41528941262243,-120.57883026502955,234.99892211923563,317.1593415636386,247.29262001861662,392.645726852321,67.75867481170943,-37.21896228645912,325.2397755918527,314.1449808362325,56.19829649368053,-52.426303000890606,92.38693871458756,599.4227129743211,-314.0737635106605
2011,750.7159552559662,123.97377816686353,-130.07523415714041,243.99328726017885,286.27708949322664,246.69146962050291,457.0575712930071,57.60072660878207,-10.381024375928227,276.7426628169247,291.63121335554786,31.241826154258128,-51.342720508040635,50.30691781647293,592.3459228864448,-267.9909014967333
2012,758.103400095455,87.75004612529773,-126.34858822489541,245.25184444809793,278.83921853898283,243.31046670691066,459.0178746435723,64.43964252030204,-9.308684232541438,277.5980398525669,289.53921632287,22.023155243059183,-54.785236077306344,50.69327620574391,615.5694370385127,-261.0401972440526
2013,612.7934698669509,78.40070627356529,-203.85415872776878,359.42309271276673,297.4402189347793,257.2246199564683,448.13805538209,71.7416677524476,-4.295250845088034,270.7699466014391,296.94886276948256,63.49475630445598,-52.06791416402513,42.882808062012984,572.1559058523217,-250.6912055855009
2014,551.9087331423178,70.46392013533733,-76.26482143257398,285.5501445551099,311.43738029130526,217.28114103137924,485.61450259798454,46.07987234780035,-36.5822074961392,231.32334152299404,257.11975458063574,17.50298519816497,-26.21346347620099,41.66947545998945,544.0254055921665,-347.3386385162413
2017,646.2179287185223,82.8298682192259,-109.30772725743427,285.38904597902405,320.8573142798809,254.30913961546497,541.1392759728765,54.6859409349312,-35.53528439398878,258.6561197657059,296.4369589423345,29.958881481914148,-31.243967580455923,42.043392141787415,604.4069280371946,-392.32037304042285
2018,346.5211339757944,36.497025357216465,-66.43122235082429,152.88641779294517,173.0114735469179,127.27230200150026,246.8271278354864,30.946441537481604,-18.23448941611317,164.78262972236448,160.19320317512117,30.478408624199616,-6.916636778167671,18.944964806476623,506.67849766082725,-192.70335167293914
2019,769.6925836627895,89.83700285632655,-134.26433905510635,254.39975573420423,297.96067576561984,253.24553069253264,471.4774646050344,67.67000814276645,-11.549864176596698,286.39133830252547,299.2747271719773,34.36009822288635,-48.597356201075264,49.01021966840862,648.2053631358699,-284.95320211728614
2020,276.4884542323412,32.390316227094615,-52.26925155221004,122.68454784286908,128.89644539538412,97.92613993686334,214.94043662532832,20.501457833770544,-11.034071237911267,124.16973707618234,122.96276350195973,12.6847393355347,-4.578751810676429,5.416385373857187,459.200559907425,-148.11112332026346
2021,419.07534955791147,51.3679075398855,-279.9596114315448,104.22656329173614,185.80174229819784,142.8943079101329,312.191958191946,30.43541435834679,-20.806429487810707,177.80486682650155,169.63573242520437,16.17516024982225,-24.345714076137515,33.41678049107559,367.9079400948625,-194.27054939537962
2022,833.4688165133036,98.93411467624021,-160.06611721487042,243.4805939425276,325.09417084449177,279.64350184570566,514.1657059762218,74.75861254773584,-10.803770258072253,308.7674490950218,327.6667198662706,35.15624590412391,-55.9722751332501,52.53815588782211,663.7243784374108,-308.45996132317794
2023,656.5404186432689,70.29350977335795,-99.63340761209224,257.6309001331378,304.0110703519779,236.2655145121157,341.11896789369365,63.86049690453426,-34.424319251119606,309.0713250033846,301.667613132368,50.804703387142744,-49.84395840012565,88.72278251228632,577.8630008224605,-300.3200123863627
2024,378.7986492113062,41.87396126145272,-74.19196606867028,153.58056771783782,175.00693068183085,134.24656213216724,272.1875061238031,32.41459544249362,-12.55651842517598,159.37953560303768,162.14035348970435,27.051573189378136,-7.076460411437408,10.950789822440486,518.0823463693936,-192.1443639028653
2025,672.3482573855497,83.29576927172327,-196.32909133408546,100.05213778191599,311.9957859036301,262.58453762234063,463.659554929036,67.11870393699107,-13.77950098570478,276.70648701822887,304.8147550325945,34.37538620499071,-43.973923770239956,36.790707872923356,590.6743646018704,-313.68509707466836
2026,656.5404186432689,70.29350977335795,-99.63340761209224,257.6309001331378,304.0110703519779,236.2655145121157,341.11896789369365,63.86049690453426,-34.424319251119606,309.0713250033846,301.667613132368,50.804703387142744,-49.84395840012565,88.72278251228632,577.8630008224605,-300.3200123863627
2027,262.6569735258374,37.59539460495912,-22.12378564936141,77.51248732699365,137.71796171886925,94.43307531595217,230.42546372720568,32.22493149958268,157.85504913100192,127.64814730672472,154.17370156406716,40.22787419588347,-16.504801905640825,71.72728279730202,263.9927419390027,-107.17527693375199
2028,679.3230720809928,71.26388813974005,-119.32632966591164,234.38272508160605,317.6275567242168,247.5975078444686,393.3782078234679,67.93285175971715,-37.83792880388856,321.2603386178684,315.33615013957177,58.15105534315872,-52.93148809036046,92.51180486332959,600.6387012876031,-312.93270744867107
2029,566.7227389344106,74.9082459898859,-237.6352224113139,336.39825250982494,273.40009881145295,237.8661675663394,433.3948852211911,64.79640247386479,-1.1497376544198985,245.13014179407944,270.0675857855245,54.223631071286036,-46.59251815901478,32.48804864951818,529.6077053577716,-230.6445146871999
2030,388.17736795456426,49.33171757418403,-94.3491162837086,201.51226333132766,182.58846228188642,325.9582820351643,263.8495132255425,34.00930495415208,9.660940504839267,121.11030813497962,173.79777941155157,35.92642432116377,-33.63810568790031,14.87265572974374,353.56808031848453,-150.15849954238993
2031,613.8485921886704,81.35231587253037,-203.72934528781298,373.26089216691037,301.3186170619207,260.8373285424048,480.05246691536695,69.86851230851104,-4.233151479237293,262.1991932889612,296.3225682673081,56.2164492838678,-48.134590523121474,34.56655008629735,578.4937228317854,-271.07600307277795
2032,331.7004755010707,27.54199444271719,9.57530632589139,131.5199754567309,101.47311274505938,71.9723540927839,321.14167473643613,5.753906091895122,-15.696396235437776,138.0988479734632,118.87366396550611,-41.71737165369129,-7.5513641558123386,-10.489874706319304,150.55399994981656,-118.86850434157063
2033,670.5472915827654,70.65094021086082,-126.44624599399732,287.852302494993,315.2366456235983,246.6454532550796,390.25604510787974,68.84652688002953,-35.797371984411896,321.2058742866486,313.8755175377957,61.62996209957951,-54.236996443448625,94.29817770273515,597.7309234686226,-303.1351869956703
2034,537.7120064935383,74.4530601779656,-195.0952380984437,332.65022275576587,260.4137362518763,229.07436874876942,412.8129916228932,96.45138484169665,3.6276018788131164,231.27504234358173,259.0537211715837,53.657688962796,-43.79475548760892,27.403570159270657,501.41334452260895,-213.7331800044839
2035,115.4440624848173,5.539941887125274,-9.982723805448892,28.486638900420143,46.155252854877475,35.51580164928881,73.14359400507117,191.38708323499532,-19.011027961930562,39.33058665274058,45.60438624081623,-8.0773768042834,-10.248289972664208,0.03966700027715724,92.96356532898378,-53.9748764542188
2036,567.0560170732787,73.18903329682081,-66.07096605351188,283.3576847988215,284.2014321477046,222.40048650998241,482.07513077029927,46.153038329980866,-34.71397293841271,225.84187408800793,297.65739530754854,20.943677484927257,-26.364147887549027,40.39828911552738,535.7161915712735,-355.7412632480182
2037,658.4059536496487,70.76803017183461,-98.64444462516458,256.81403271499266,305.78520132246945,238.2088286847514,345.6321157622577,64.2891927383133,-34.31250280784528,307.7940108962863,303.0316206660636,52.883018805944964,-50.21529459498053,88.90308149098256,581.4985999138675,-300.4706185923284
2038,643.8097431556514,82.77697723676863,-112.3108275270505,340.9296318364334,322.7917613551385,256.9539423937534,542.1511812272462,56.78066520284601,-34.20410810487196,262.2269397056488,299.5969825519626,31.530710083784353,-33.63714520269663,45.03286031092599,609.187373983408,-384.4886816586976
2039,656.3275573022601,80.98865522048162,-93.71520137355998,324.58326992775795,326.74833361379734,254.6087038292945,529.0812613035508,56.145239480516956,-41.29684778152129,273.37956137541147,303.43854819674664,31.54145559097945,-34.187189929977855,56.47468843431199,614.8871059230034,-395.80667490338203
2040,679.7627584738237,70.99480395276228,-119.19442648038184,235.12215937548993,316.0973309503753,246.0585249141166,393.51980501150115,67.41394024553546,-37.60509485340249,321.3532634646714,314.1838396249817,55.09625221103532,-52.36090597949806,92.11966895899046,596.4440429611174,-313.23817855952854
2041,678.3099019353998,71.11391920122249,-120.27184027232889,234.98999967725686,315.996840905908,246.13426916539632,390.90521684027516,67.5156069151844,-37.475697926663955,320.58044602130593,313.68597244642785,60.875752744213464,-52.42157827143822,92.52621615759053,597.7050415398637,-313.4322650562704
2042,655.8072415586474,70.17783688817227,-99.45548842701305,256.93142373986075,303.5594043315158,236.24292535870975,341.58195607213304,63.39863260599454,-34.72380244181397,305.2718787195885,300.48131612161563,50.2698772214901,-45.92521210962861,88.29566552507393,577.9046299306851,-299.4822265511502
2043,673.3504819613281,83.26422709687989,-198.5853400094612,103.04799404450434,312.919764224265,263.4437884986417,468.10129559159907,67.58154000625825,-13.930104534606537,277.9608013308609,305.9138417517293,35.44133573581741,-44.40365005038052,37.27393747375351,592.2733093910916,-313.7373749938454
2044,647.6707852569463,82.71075297076571,-108.23031346548723,285.5212056772571,320.95780432434816,254.23339536418524,543.7538641441026,54.58427426528226,-35.66468132072732,259.4289372090714,296.93482612088843,24.179380948735997,-31.183295288515748,41.63684494318734,603.1459294584482,-392.126286543681
2045,658.8456400424797,70.49894598485685,-98.51254143963479,257.5534670088765,304.25497554862795,236.66984575439938,345.7737129502909,63.770281224131594,-34.07966885735921,307.8869357430893,301.87931015147353,49.82821567382157,-49.64471248411812,88.51094558664344,577.3039415873818,-300.77608970318585
2046,419.07534955791147,51.3679075398855,-279.9596114315448,104.22656329173614,185.80174229819784,142.8943079101329,312.191958191946,30.43541435834679,-20.806429487810707,177.80486682650155,169.63573242520437,16.17516024982225,-24.345714076137515,33.41678049107559,367.9079400948625,-194.27054939537962
2047,757.1108945099376,90.94616117339697,-126.04389511595936,244.56484713310377,278.09232747323165,242.97430008862716,458.04744850661297,63.470828349034036,-9.250616538378376,277.08637587732585,289.20350845059147,21.782592188277338,-55.15308558772711,50.98568564433376,610.79578391952,-259.74618925916684
2048,656.8278980630942,73.55207479674361,-99.57027997958235,257.0355275846991,304.47682915993477,236.9941682914795,342.78408352658045,64.60083066912291,-34.050323289491736,307.07608710173844,301.5686937710639,51.075444517006886,-49.58436229503103,89.05599208059341,578.3731305343654,-301.05557371108
2049,473.3018700737815,43.66942866049251,-88.66901977913399,164.86779318549236,298.6999639428858,177.2987263626466,279.1162076822737,51.46044240493193,-1.8447230728864004,168.29199895841734,206.03689709081715,30.823112488380076,-37.96058271735472,32.12102695647565,372.756577800506,-189.6945025270677
2050,633.7874973978662,83.09239898520241,-89.74834077329307,310.97106921054996,313.55197814878915,248.36143363074285,497.7337746016154,52.152304510174176,-32.69807261585439,249.6837965793285,288.6061153606145,20.871214775517334,-29.339882401291025,40.20056430262443,593.1979260911958,-383.96590246692745
2051,408.18047688435263,50.55662782354628,-281.8402131445552,156.61643355100614,183.19917010279985,142.0981375134263,308.86327275636665,31.420116029614782,-18.78703898078499,176.88168223123978,168.32207014304421,21.56661902087552,-25.926783382163194,34.640353127030124,364.75728661333926,-182.33123973080706
2052,833.4688165133036,98.93411467624021,-160.06611721487042,243.4805939425276,325.09417084449177,279.64350184570566,514.1657059762218,74.75861254773584,-10.803770258072253,308.7674490950218,327.6667198662706,35.15624590412391,-55.9722751332501,52.53815588782211,663.7243784374108,-308.45996132317794
2054,759.7483382728187,86.2424050361064,-118.23313046970328,244.20733227558298,278.9254583642105,238.11389612012056,474.2505131286525,62.04047668761862,-10.656919191239604,278.34570377808745,286.7214990003825,20.93069773635126,-48.37527039781664,43.14645393566644,566.1389428226937,-262.57836644906575
2056,617.8738940177552,79.23937069002717,-205.73209989913732,362.0014890782659,298.9829249266402,258.60368563880763,447.01612775113875,72.04221229333105,-3.682548450576202,272.09056404192,298.24644362179373,61.33268006025706,-51.87927030036835,42.90857105269604,574.9210971942541,-253.98854875180552
2057,161.71062140892823,174.17668332483242,-36.877425830671235,68.03089073662055,76.09744172653932,59.94223857942774,106.14673077715902,75.07594014094109,-6.927181775184016,70.35345205238023,70.0498165625332,20.045180548498,-1.0668002741005287,11.771912795936878,136.12516699630703,-79.80158644757255
2058,762.5857274414725,84.2567955857572,-129.4250863242022,240.5842808251746,288.97479963224725,242.9701349540696,442.73355066321466,65.00491392878303,-11.711046049149893,268.4068490642544,284.3819667352046,39.18146929704142,-46.705010968501014,48.59767739719101,568.8260463032498,-269.4929158127612
2059,685.4057208075757,72.07101038135855,-123.4605195126559,239.95697770969352,320.09424103671256,249.83582440310903,396.6980208550798,68.69623236986777,-37.37582995827848,323.83527037098133,317.7328177110178,57.054928629786495,-53.17257050684424,93.02079745484279,605.0028374187566,-316.28232853415267
2060,675.2598769081914,71.29534719912527,-123.05565828164723,291.53856646070153,318.02849744864506,248.94256935268615,394.92180327729733,69.35373786349416,-36.10571336689364,322.91277943613676,316.50101578597406,61.82924392083768,-54.391203679859295,94.50602784641306,602.6195252160239,-307.17833583422816
2061,656.3275573022601,80.98865522048162,-93.71520137355998,324.58326992775795,326.74833361379734,254.6087038292945,529.0812613035508,56.145239480516956,-41.29684778152129,273.37956137541147,303.43854819674664,31.54145559097945,-34.187189929977855,56.47468843431199,614.8871059230034,-395.80667490338203
2062,472.5278301158675,44.01220593752858,-88.29825125834886,165.17022306984455,297.78141735635455,177.19602219140265,280.4392296204959,51.35426715611904,-1.5803342201624884,169.045135247267,206.38391742770358,29.061701810285765,-38.77975605880898,32.32150363047433,376.65669698980923,-188.6311177198553
2063,153.4050769174566,16.7269942764996,-10.250130105789342,31.540608879610808,59.115013548235105,257.57725929119283,108.74422242842144,9.674055574934387,-35.32680115027057,93.34511154730288,63.511086385349074,-12.474418692203825,0.21848447016455166,21.877619971308988,114.1796445841335,-78.5990955418162
2064,650.6845949685081,79.91244879188535,-89.4491083412859,319.74845159355436,322.7514235274601,250.83140434030207,525.9030454599723,54.862947356184634,-41.526112676645305,270.8975544691015,299.88957011071057,29.582779172228268,-33.37552540263167,55.57355993845966,606.3283114653642,-392.7625249287579
2065,315.83316953174443,38.93284440589268,-1.0907960659978042,81.04572691055472,176.8329448420248,147.62672562275884,285.80008537666595,34.2375476879395,-27.140033330684272,144.6906091584308,179.64351799684337,116.66581938258925,-40.09676882571763,17.819813814270056,358.6283007739478,-87.75370336335854
2066,162.26801780992741,11.445796015862266,-37.864185729455166,78.5420644626789,52.08648260979557,43.00467208245342,51.61174562493825,-14.184923731213159,-38.90430081274968,-5.204082932069031,37.1644917100999,-24.12235477851099,179.0965560399625,-28.70275134925371,156.92555643487495,-25.299397901536334
2067,765.3527817434829,84.17656575824455,-129.33490408008157,241.54583531721158,286.4018098244513,243.57396182208083,444.79007049207445,65.25203122114327,-11.779608139748971,269.5257943995995,285.4089292359361,38.465563185066905,-47.30796214084986,49.031461631637505,573.4916665088297,-269.5241748047626
2068,833.4688165133036,98.93411467624021,-160.06611721487042,243.4805939425276,325.09417084449177,279.64350184570566,514.1657059762218,74.75861254773584,-10.803770258072253,308.7674490950218,327.6667198662706,35.15624590412391,-55.9722751332501,52.53815588782211,663.7243784374108,-308.45996132317794
2069,341.53909541987485,56.093555561341596,-67.21240216294423,135.8744156706961,145.75825696795337,119.1305618308365,223.84566379914426,196.27404222706826,-0.10322125611529716,135.34252200094116,139.30165921710523,24.16822441665843,-17.460751583119492,24.44252553344036,287.6966554523427,-130.0426538616339
2070,672.3482573855497,83.29576927172327,-196.32909133408546,100.05213778191599,311.9957859036301,262.58453762234063,463.659554929036,67.11870393699107,-13.77950098570478,276.70648701822887,304.8147550325945,34.37538620499071,-43.973923770239956,36.790707872923356,590.6743646018704,-313.68509707466836
2071,613.8485921886704,81.35231587253037,-203.72934528781298,373.26089216691037,301.3186170619207,260.8373285424048,480.05246691536695,69.86851230851104,-4.233151479237293,262.1991932889612,296.3225682673081,56.2164492838678,-48.134590523121474,34.56655008629735,578.4937228317854,-271.07600307277795
2072,650.6845949685081,79.91244879188535,-89.4491083412859,319.74845159355436,322.7514235274601,250.83140434030207,525.9030454599723,54.862947356184634,-41.526112676645305,270.8975544691015,299.88957011071057,29.582779172228268,-33.37552540263167,55.57355993845966,606.3283114653642,-392.7625249287579
2073,636.7759125833874,81.89947325442648,-110.11091517849759,337.9110759365271,318.3552321289502,253.43722496747867,540.4251787085227,55.56897593655025,-33.64529081370161,258.50575261380965,295.6211638387283,29.57083971978927,-32.764364594541426,42.86041757914188,599.9952759769246,-380.1869768791085
2075,666.2546630891522,82.30713591674382,-195.39666076913414,98.08101601206768,308.82236409346046,259.742233260929,462.30849157679444,66.40091455157487,-14.029972502992011,274.7059769811854,301.8669964871394,39.26215985024438,-43.6526578149745,36.779356176501246,584.9755135121987,-310.8873115159631
2076,633.7874973978662,83.09239898520241,-89.74834077329307,310.97106921054996,313.55197814878915,248.36143363074285,497.7337746016154,52.152304510174176,-32.69807261585439,249.6837965793285,288.6061153606145,20.871214775517334,-29.339882401291025,40.20056430262443,593.1979260911958,-383.96590246692745
2077,568.7648898046077,80.78493725735271,-95.17591480572584,215.2045322114372,253.70798721552845,216.50039270005584,229.370835285548,49.36324489923903,3.6970254456098712,210.62916272295035,244.39119438418825,9.101153049748664,-30.82268257348085,19.2303206120184,496.5728025224138,-251.4269307121319
2078,421.78777829831716,48.849433778893186,-263.05652681976363,135.03108461640372,187.41599958099854,139.83251598863802,296.12622137622924,30.68622014015893,-26.081717708136892,188.12662236052864,172.29500201604426,21.03821865096529,-26.31872117884185,45.95982398682068,370.7720839010871,-194.84316394194875
2079,313.12074079133873,41.45131816688498,-17.99388067777899,50.24120558588715,175.2186875592241,150.68851754425373,301.8658221923828,33.98674190612736,-21.864745110358083,134.36885362440367,176.98424840600347,111.8027609814462,-38.123761723013295,5.276770318524972,355.76415696772324,-87.1810888167894
2080,564.829736566698,72.16308784344184,-80.78069499084478,280.59054757304034,281.085913008851,221.66454071303917,477.2092844939346,46.1899950423222,-33.95778563337025,227.3685034625506,260.7850992400173,23.38346916761668,-29.340698716947855,39.699126326051825,538.5001920499872,-396.436537060582
2082,650.8104220569343,85.36797086160068,-194.6184794091943,89.43579332729637,299.7234087592568,257.1965183000901,436.7538088896637,63.58860503591544,-5.331329368939636,254.2650365347779,291.08140891559725,24.77109492035529,-39.55634252169368,20.99981334206594,570.584129559284,-301.8966025573908
2083,655.3253327264816,81.020197395325,-91.45895269818423,321.5874136651696,325.82435529316245,253.74945295299344,524.6395206409878,55.68240341124977,-41.14624423261954,272.12524706277947,302.3394614776118,30.47550606015275,-33.75746364983729,55.991458833481836,613.2881611337824,-395.754396984205
2084,556.8409369025878,73.90677654638004,-237.09593987792195,332.7362162891422,268.6795088985315,234.1875588945125,427.8933479191622,63.64875809865461,-0.7162240700190013,240.06802922966162,268.39155583529595,53.165564487329014,-45.667137313340255,30.602567849888807,520.6156309787539,-225.90938969928143
2085,656.3275573022601,80.98865522048162,-93.71520137355998,324.58326992775795,326.74833361379734,254.6087038292945,529.0812613035508,56.145239480516956,-41.29684778152129,273.37956137541147,303.43854819674664,31.54145559097945,-34.187189929977855,56.47468843431199,614.8871059230034,-395.80667490338203
2086,672.8110348744287,70.38459029593577,-98.88189117602803,278.7260841582119,321.7245168082357,244.10152733300214,403.2403461345439,65.33889297921496,-43.086988546788156,319.828662561626,312.9900362028886,54.87218011225697,-50.38691031011414,96.52460916186084,603.0093998860149,-328.98118420181436
2087,670.5472915827654,70.65094021086082,-126.44624599399732,287.852302494993,315.2366456235983,246.6454532550796,390.25604510787974,68.84652688002953,-35.797371984411896,321.2058742866486,313.8755175377957,61.62996209957951,-54.236996443448625,94.29817770273515,597.7309234686226,-303.1351869956703
2088,656.5404186432689,70.29350977335795,-99.63340761209224,257.6309001331378,304.0110703519779,236.2655145121157,341.11896789369365,63.86049690453426,-34.424319251119606,309.0713250033846,301.667613132368,50.804703387142744,-49.84395840012565,88.72278251228632,577.8630008224605,-300.3200123863627
2090,656.5404186432689,70.29350977335795,-99.63340761209224,257.6309001331378,304.0110703519779,236.2655145121157,341.11896789369365,63.86049690453426,-34.424319251119606,309.0713250033846,301.667613132368,50.804703387142744,-49.84395840012565,88.72278251228632,577.8630008224605,-300.3200123863627
2091,827.0728342838975,97.81574903840827,-159.01345907943386,240.1656453583489,321.4971314229808,276.68306140675134,509.3613570000182,73.87869625967383,-10.383660747025221,304.0889574364489,323.52494214290306,35.126003152809815,-54.91084636525279,50.93416625823524,654.8775408806107,-304.95917585987974
2092,408.18047688435263,50.55662782354628,-281.8402131445552,156.61643355100614,183.19917010279985,142.0981375134263,308.86327275636665,31.420116029614782,-18.78703898078499,176.88168223123978,168.32207014304421,21.56661902087552,-25.926783382163194,34.640353127030124,364.75728661333926,-182.33123973080706
2093,340.4116726765932,31.389244353376043,-67.1164581906458,123.65234782377506,280.3839219821143,133.86910204492315,200.55665376279484,37.78219736599364,0.344015829634329,121.45934385480972,155.38550021211694,23.071890965730656,-29.218743533855083,22.095183125280787,266.7128817446083,-144.0844206492244
2094,420.6982910309613,48.76830580725927,-263.2445869910647,140.27007164233072,187.15574236145875,139.75289894896736,295.7933528326713,30.784690307285725,-25.879778657434322,188.03430390100246,172.16363578782824,21.57736452807062,-26.47682810944442,46.082181250416134,370.4570185529348,-193.6492329754915
2095,600.0061805488905,76.9813266969819,-175.83906769550887,63.65182967230524,284.29634884064814,243.4058614766966,447.97308519917567,60.583159627080896,-11.45835331405795,241.05886212996873,278.10560039248503,46.39185736234448,-41.44278115826155,20.742183435235365,542.9322161399602,-268.92317089434465
2096,617.8738940177552,79.23937069002717,-205.73209989913732,362.0014890782659,298.9829249266402,258.60368563880763,447.01612775113875,72.04221229333105,-3.682548450576202,272.09056404192,298.24644362179373,61.33268006025706,-51.87927030036835,42.90857105269604,574.9210971942541,-253.98854875180552
2097,417.6844813193994,51.56660998613961,-282.025792115266,106.0428257260334,185.36212315834686,143.15488997285055,313.64417151680107,30.50601721638335,-20.018347301516336,176.56568664097233,169.20889179800614,16.17396630457835,-24.28459799532849,32.14546625514381,367.27463654601854,-193.01299459041468
2098,376.5770666102245,52.43118394752681,-72.71246488436894,171.77519557515066,172.04030691300238,316.1511128788818,216.58407436423448,29.692582192289855,11.429155512210373,107.84924121411142,161.34398532520382,23.45935472395867,-28.709910586545206,10.193270311053034,334.4531630467701,-150.22067546937143
2099,672.3482573855497,83.29576927172327,-196.32909133408546,100.05213778191599,311.9957859036301,262.58453762234063,463.659554929036,67.11870393699107,-13.77950098570478,276.70648701822887,304.8147550325945,34.37538620499071,-43.973923770239956,36.790707872923356,590.6743646018704,-313.68509707466836
2100,673.5086235582382,71.2912728398627,-123.08487255029054,289.3509917063751,316.56769052067966,248.18040313010138,388.92759475693725,69.2180979718686,-35.20583590235101,321.65777146308756,315.3200687097229,61.38043787001307,-54.32391353272935,93.76114048996719,600.2532391480121,-304.2907409504031
2101,668.4281994074339,70.45260842340082,-121.20693137892201,286.772595340876,315.02498452881883,246.80133744776202,390.0495223878885,68.91755343098514,-35.81853829686284,320.3371540226066,314.02248785741165,63.54251411421198,-54.512557396386136,93.73537749928413,597.4880478060797,-300.99339778409853
2102,568.7648898046077,80.78493725735271,-95.17591480572584,215.2045322114372,253.70798721552845,216.50039270005584,229.370835285548,49.36324489923903,3.6970254456098712,210.62916272295035,244.39119438418825,9.101153049748664,-30.82268257348085,19.2303206120184,496.5728025224138,-251.4269307121319
2103,672.3482573855497,83.29576927172327,-196.32909133408546,100.05213778191599,311.9957859036301,262.58453762234063,463.659554929036,67.11870393699107,-13.77950098570478,276.70648701822887,304.8147550325945,34.37538620499071,-43.973923770239956,36.790707872923356,590.6743646018704,-313.68509707466836
2104,665.2376311504062,71.61076894755907,-100.4931715278898,261.58000383481817,308.78871424229567,240.35006058967554,350.5043966516666,64.72537717082231,-34.59967787787607,310.3696363098164,305.51014859462595,51.169748612570665,-50.09394087845368,89.6737318381115,586.6300773238116,-306.65555664245795
2105,292.20362235999465,40.955460198979544,2.688004362968074,72.67251321927374,163.37633215747678,141.29983838453654,254.11973013117264,30.34308288472352,-18.3393191143148,120.90252590282154,164.67971893249526,106.53472444423245,-35.40756822763336,1.668046946177949,336.6240555939876,-74.71899996044671
2106,614.6720098726694,64.70252097765814,-96.52422874940264,242.76629206438466,288.14267411057483,223.6076101614785,352.84639539191215,60.305358459552224,-33.78776273305911,336.95713798443285,280.5407866810046,53.88006603978011,-47.29096475333364,87.90578268824497,546.0509394928777,-282.2573686346583
2107,560.8167060716451,79.50329461725755,-92.03068794590922,210.44714700149487,249.46717193254113,212.3187619687797,221.53787438537205,48.17116845530937,3.1231101567254633,209.33154507693567,240.63051927904667,8.118964344318663,-30.210263962142196,18.54102904180895,488.57306729985316,-247.9267034206846
2108,650.8104220569343,85.36797086160068,-194.6184794091943,89.43579332729637,299.7234087592568,257.1965183000901,436.7538088896637,63.58860503591544,-5.331329368939636,254.2650365347779,291.08140891559725,24.77109492035529,-39.55634252169368,20.99981334206594,570.584129559284,-301.8966025573908
2109,765.3527817434829,84.17656575824455,-129.33490408008157,241.54583531721158,286.4018098244513,243.57396182208083,444.79007049207445,65.25203122114327,-11.779608139748971,269.5257943995995,285.4089292359361,38.465563185066905,-47.30796214084986,49.031461631637505,573.4916665088297,-269.5241748047626
2110,395.6508849196593,49.940137369548424,-96.41712544673172,205.27025352511785,185.4947657342332,327.93601653108703,265.71711293229936,34.702082706266154,9.334957164154972,124.92442007362176,176.62128761019582,34.831491553035455,-33.940304185193106,16.65296255718873,358.5655199984821,-154.7656754328365
2111,636.7759125833874,81.89947325442648,-110.11091517849759,337.9110759365271,318.3552321289502,253.43722496747867,540.4251787085227,55.56897593655025,-33.64529081370161,258.50575261380965,295.6211638387283,29.57083971978927,-32.764364594541426,42.86041757914188,599.9952759769246,-380.1869768791085
2112,613.8485921886704,81.35231587253037,-203.72934528781298,373.26089216691037,301.3186170619207,260.8373285424048,480.05246691536695,69.86851230851104,-4.233151479237293,262.1991932889612,296.3225682673081,56.2164492838678,-48.134590523121474,34.56655008629735,578.4937228317854,-271.07600307277795
2113,656.3275573022601,80.98865522048162,-93.71520137355998,324.58326992775795,326.74833361379734,254.6087038292945,529.0812613035508,56.145239480516956,-41.29684778152129,273.37956137541147,303.43854819674664,31.54145559097945,-34.187189929977855,56.47468843431199,614.8871059230034,-395.80667490338203
2114,568.7648898046077,80.78493725735271,-95.17591480572584,215.2045322114372,253.70798721552845,216.50039270005584,229.370835285548,49.36324489923903,3.6970254456098712,210.62916272295035,244.39119438418825,9.101153049748664,-30.82268257348085,19.2303206120184,496.5728025224138,-251.4269307121319
2115,755.730831800013,90.55555171894567,-125.90847171984635,244.04615753647622,277.5172543522997,242.41766983064497,456.785984969844,64.79523044858476,-9.232055117242957,276.4504769246296,288.3874548976376,21.930468312722404,-54.808820184693126,50.81234508937836,609.3166677098587,-259.4322762314545
2116,282.07853207936375,63.783544525839275,-58.21619996971513,125.75628086737056,141.38708924361922,105.43706954804007,221.04458932307642,15.13515557554114,-12.205439096768941,128.03191971974132,129.86704473112118,22.418617288907114,-1.7562892991441887,5.52993466777144,450.0353726832453,-160.19645788920604
2117,568.7648898046077,80.78493725735271,-95.17591480572584,215.2045322114372,253.70798721552845,216.50039270005584,229.370835285548,49.36324489923903,3.6970254456098712,210.62916272295035,244.39119438418825,9.101153049748664,-30.82268257348085,19.2303206120184,496.5728025224138,-251.4269307121319
2118,617.8738940177552,79.23937069002717,-205.73209989913732,362.0014890782659,298.9829249266402,258.60368563880763,447.01612775113875,72.04221229333105,-3.682548450576202,272.09056404192,298.24644362179373,61.33268006025706,-51.87927030036835,42.90857105269604,574.9210971942541,-253.98854875180552
2119,479.64003252662434,102.34248310654465,-81.6879960359513,178.0233165363023,212.0008502065645,184.31586174539146,180.7623025363518,45.48124382815782,8.790571849693848,166.54798557657955,201.95368407494726,1.9759317868949473,-21.552490681866907,4.227672469608819,415.97701547626116,-212.46227780014738
2120,562.6036430664955,80.21837862023641,-92.24703237762515,210.63703935205146,250.59798066447328,213.5786838096035,224.37195586596997,51.81550490154554,3.677945136657009,207.90955999801355,241.1437519030556,8.424120574038904,-30.113540997734493,18.992924648109856,490.551315770935,-248.9581358479094
2121,833.4688165133036,98.93411467624021,-160.06611721487042,243.4805939425276,325.09417084449177,279.64350184570566,514.1657059762218,74.75861254773584,-10.803770258072253,308.7674490950218,327.6667198662706,35.15624590412391,-55.9722751332501,52.53815588782211,663.7243784374108,-308.45996132317794
2122,679.3230720809928,71.26388813974005,-119.32632966591164,234.38272508160605,317.6275567242168,247.5975078444686,393.3782078234679,67.93285175971715,-37.83792880388856,321.2603386178684,315.33615013957177,58.15105534315872,-52.93148809036046,92.51180486332959,600.6387012876031,-312.93270744867107
2123,337.87471015508265,28.419519547103793,-65.90106567656233,127.56709468543187,282.74165734026974,134.87893615241146,215.63828931986095,40.38227006154579,-1.7226047458177352,129.5520180660887,158.39695459685316,20.573711645344098,-29.482736337017702,24.25281541493012,296.62062425281715,-142.8713814423513
2124,758.3864221222564,87.2615612515691,-125.9979873930151,244.2677042763813,278.1348905456702,242.6496242808853,456.69726793607447,64.29645398182721,-9.40010846523376,276.30402099924663,288.532112267914,22.612867082218077,-54.68052221393811,50.835751697625625,608.5927392125583,-259.9537115398513
2125,656.5404186432689,70.29350977335795,-99.63340761209224,257.6309001331378,304.0110703519779,236.2655145121157,341.11896789369365,63.86049690453426,-34.424319251119606,309.0713250033846,301.667613132368,50.804703387142744,-49.84395840012565,88.72278251228632,577.8630008224605,-300.3200123863627
2126,600.0061805488905,76.9813266969819,-175.83906769550887,63.65182967230524,284.29634884064814,243.4058614766966,447.97308519917567,60.583159627080896,-11.45835331405795,241.05886212996873,278.10560039248503,46.39185736234448,-41.44278115826155,20.742183435235365,542.9322161399602,-268.92317089434465
2127,682.0011358757621,71.6158960060789,-102.48649178547568,284.26403288634424,322.85995491461904,248.06880746923957,408.8940139974701,66.40897226471952,-42.849178607661436,322.9190223798915,317.23775900002124,56.27495260081891,-51.1292784827637,96.86094764695449,609.5255967251389,-332.69618851606
2128,658.4059536496487,70.76803017183461,-98.64444462516458,256.81403271499266,305.78520132246945,238.2088286847514,345.6321157622577,64.2891927383133,-34.31250280784528,307.7940108962863,303.0316206660636,52.883018805944964,-50.21529459498053,88.90308149098256,581.4985999138675,-300.4706185923284
2129,557.1684554298546,74.2770596751339,-199.3544197432464,342.98350506611126,270.7482882749929,272.39448674904503,422.19978269535125,64.85776393755485,8.447072759061088,231.32361334008795,268.9533169034042,56.21298609203957,-47.47723972315676,28.516601023264,522.4723243500895,-221.83282010988626
2130,682.0011358757621,71.6158960060789,-102.48649178547568,284.26403288634424,322.85995491461904,248.06880746923957,408.8940139974701,66.40897226471952,-42.849178607661436,322.9190223798915,317.23775900002124,56.27495260081891,-51.1292784827637,96.86094764695449,609.5255967251389,-332.69618851606
2131,613.8485921886704,81.35231587253037,-203.72934528781298,373.26089216691037,301.3186170619207,260.8373285424048,480.05246691536695,69.86851230851104,-4.233151479237293,262.1991932889612,296.3225682673081,56.2164492838678,-48.134590523121474,34.56655008629735,578.4937228317854,-271.07600307277795
2132,656.5404186432689,70.29350977335795,-99.63340761209224,257.6309001331378,304.0110703519779,236.2655145121157,341.11896789369365,63.86049690453426,-34.424319251119606,309.0713250033846,301.667613132368,50.804703387142744,-49.84395840012565,88.72278251228632,577.8630008224605,-300.3200123863627
2134,650.6845949685081,79.91244879188535,-89.4491083412859,319.74845159355436,322.7514235274601,250.83140434030207,525.9030454599723,54.862947356184634,-41.526112676645305,270.8975544691015,299.88957011071057,29.582779172228268,-33.37552540263167,55.57355993845966,606.3283114653642,-392.7625249287579
2135,681.4421642563243,71.46221992720007,-124.56564428098694,235.46243223572304,317.83921781899625,247.4416236517862,393.58473054345916,67.86182520876153,-37.81676249143761,322.1290588819104,315.18917981995577,56.238503328526235,-52.65592713742294,93.07460506678059,600.8815769501458,-315.07449666024286
2136,738.295390866645,120.45829307680184,-128.85642359212338,239.32508089053104,281.1014314048392,241.6817972986633,445.7043994620857,69.5203455047384,-10.213971585709475,271.01957224265817,284.28673137896345,32.57271127426373,-48.24433188073475,48.746852821874334,579.0338769994921,-265.1656842473226
2137,643.8097431556514,82.77697723676863,-112.3108275270505,340.9296318364334,322.7917613551385,256.9539423937534,542.1511812272462,56.78066520284601,-34.20410810487196,262.2269397056488,299.5969825519626,31.530710083784353,-33.63714520269663,45.03286031092599,609.187373983408,-384.4886816586976
2138,549.9286811094053,70.23408624550817,-183.92304440526271,332.99552390749375,255.98123012524397,224.0351801896435,432.74562990161104,60.317552841604076,0.9669387259312765,237.37218762168973,260.014183835784,42.801119896376846,-43.64230657976585,22.93868757161686,485.2323654674862,-212.28133368005666
2139,760.64101111114,92.01262768587117,-133.12216524650103,250.86326041012046,293.7460001507383,250.05313580333794,466.7618326626003,67.28886832146198,-10.961701317558864,281.85930256933545,294.9882920783334,33.64745670207659,-47.664225403832965,47.38282343057448,640.0824540763703,-280.93098134559114
2140,683.090623143118,71.69702397771282,-102.29843161417465,279.02504586041726,323.1202121341588,248.1484245089102,409.2268825410281,66.31050209759273,-43.05111765836401,323.01134083941764,317.36912522823724,55.73580672371358,-50.97117155216114,96.73859038335904,609.8406620732914,-333.89011948251726
2141,682.0011358757621,71.6158960060789,-102.48649178547568,284.26403288634424,322.85995491461904,248.06880746923957,408.8940139974701,66.40897226471952,-42.849178607661436,322.9190223798915,317.23775900002124,56.27495260081891,-51.1292784827637,96.86094764695449,609.5255967251389,-332.69618851606
2142,781.9142235790769,89.56621557203118,-136.45769249364284,254.32639241527306,319.8065709896324,259.5563655256995,470.3794626480228,70.74244978566692,-8.895971362399429,284.7893581683487,304.91936222378837,34.494451492213756,-53.81746575762965,51.49780197374707,617.2700696912467,-282.04893008302975
2143,311.7337435538337,45.14013743828274,-60.758659333378155,112.33718060801786,148.92111431058922,128.12108655921315,241.01020737558497,24.435094010750923,3.436316302605931,342.27252175210367,116.19301149652158,18.584834080355474,-14.383202671488876,11.00957207055492,289.5140845391365,-140.11234820492598
2144,758.3864221222564,87.2615612515691,-125.9979873930151,244.2677042763813,278.1348905456702,242.6496242808853,456.69726793607447,64.29645398182721,-9.40010846523376,276.30402099924663,288.532112267914,22.612867082218077,-54.68052221393811,50.835751697625625,608.5927392125583,-259.9537115398513
2145,336.0012749382751,43.87829500485713,-44.87005796331372,116.90865169919272,166.34137710248615,114.47100233789735,250.5536741196291,39.223311878760015,155.38329791045334,164.55008650761692,181.9819429233114,29.277352569356392,-19.465670797759792,88.25903683582015,313.3338351901343,-151.98948103325267
2146,633.7874973978662,83.09239898520241,-89.74834077329307,310.97106921054996,313.55197814878915,248.36143363074285,497.7337746016154,52.152304510174176,-32.69807261585439,249.6837965793285,288.6061153606145,20.871214775517334,-29.339882401291025,40.20056430262443,593.1979260911958,-383.96590246692745
2147,613.6843608681877,63.18850824883433,-83.99922275822344,236.604321688089,292.82482571635654,226.6564884199983,360.17120510338157,62.04712793962937,-39.977427907353515,297.1627682445901,292.45247971439744,73.40765453456191,-52.34281564803217,89.15444417566519,558.2108226256973,-270.84680801476384
2148,161.71062140892823,174.17668332483242,-36.877425830671235,68.03089073662055,76.09744172653932,59.94223857942774,106.14673077715902,75.07594014094109,-6.927181775184016,70.35345205238023,70.0498165625332,20.045180548498,-1.0668002741005287,11.771912795936878,136.12516699630703,-79.80158644757255
2149,319.6819272867965,46.42178007837791,-63.903886193194786,117.09456581796017,153.16192959357653,132.30271729048928,248.84316827576092,25.627170454680577,4.0102315914903395,343.57013939811833,119.95368660166315,19.56702278578548,-14.995621282827528,11.698863640764369,297.5138197616971,-143.6125754963733
2150,560.8167060716451,79.50329461725755,-92.03068794590922,210.44714700149487,249.46717193254113,212.3187619687797,221.53787438537205,48.17116845530937,3.1231101567254633,209.33154507693567,240.63051927904667,8.118964344318663,-30.210263962142196,18.54102904180895,488.57306729985316,-247.9267034206846
2151,612.7148718554215,78.64126987806749,-205.05946614641238,360.4298524814685,296.79689669621996,256.5412276246564,446.45898899412384,74.95730836490475,-3.8522323084308208,270.62527562961515,296.0980878597959,61.721597115374,-51.59985500476256,43.15440468961765,570.4985552319965,-251.57203180676004
2152,385.19463144071244,42.99232689928467,-75.24462420410687,156.8955163020165,178.60397010334185,137.2070025711216,276.99185510000666,33.29451173055563,-12.97662793622301,164.05802726161062,166.28213121307192,27.081815940692223,-8.137889179434719,12.55477945202736,526.9291839261936,-195.64514936616348
2153,781.9142235790769,89.56621557203118,-136.45769249364284,254.32639241527306,319.8065709896324,259.5563655256995,470.3794626480228,70.74244978566692,-8.895971362399429,284.7893581683487,304.91936222378837,34.494451492213756,-53.81746575762965,51.49780197374707,617.2700696912467,-282.04893008302975
2154,261.8709934105436,40.00103064998108,-34.17685983579729,87.58008501401072,131.28473933327555,87.59915199783278,213.63479984754406,64.38133762415423,162.28523449757404,126.20143758848575,145.6659524672009,22.49628230506371,-11.824210313014996,74.44324907334872,247.4192357357509,-115.9835391463431
2155,665.6897776481907,85.24114948017039,-195.37698551713467,97.6952362861233,309.14470774923456,259.9908115467294,461.93345032430994,67.12979732691723,-14.130023861863073,274.6679457832001,302.05424728528357,34.729888160251555,-43.53163533394724,36.917855471851155,584.783703880436,-310.97270902711534
2156,765.488973358539,84.07465013669827,-128.55841838775038,241.53979811713174,286.48086660630526,243.12038900600433,446.54539501133223,65.0264334917224,-11.905289212349556,269.72996267748357,285.2278679091829,38.29734625048023,-46.67743695923771,48.26253185544159,569.2462868698434,-269.78664029568404
2157,683.090623143118,71.69702397771282,-102.29843161417465,279.02504586041726,323.1202121341588,248.1484245089102,409.2268825410281,66.31050209759273,-43.05111765836401,323.01134083941764,317.36912522823724,55.73580672371358,-50.97117155216114,96.73859038335904,609.8406620732914,-333.89011948251726
2158,479.64003252662434,102.34248310654465,-81.6879960359513,178.0233165363023,212.0008502065645,184.31586174539146,180.7623025363518,45.48124382815782,8.790571849693848,166.54798557657955,201.95368407494726,1.9759317868949473,-21.552490681866907,4.227672469608819,415.97701547626116,-212.46227780014738
2159,728.0602887799099,91.35784999407223,-126.81029416105255,234.43061261610654,303.24715243025963,236.3794011505327,436.2207866812459,62.32405752498236,-8.546434211252171,265.26102357117827,278.11782989032287,29.089529432467437,-48.77930846120473,46.474502744913494,562.6604656540596,-259.11968631144094
2160,758.3864221222564,87.2615612515691,-125.9979873930151,244.2677042763813,278.1348905456702,242.6496242808853,456.69726793607447,64.29645398182721,-9.40010846523376,276.30402099924663,288.532112267914,22.612867082218077,-54.68052221393811,50.835751697625625,608.5927392125583,-259.9537115398513
2161,765.8437996745955,84.3222733549371,-130.05627343274705,242.227545604576,288.02468440429516,244.33750841935012,445.7876552613501,65.50139500843099,-11.952572759780562,270.0666769640701,286.0690129540057,39.637262024002325,-46.59350266276383,48.688509465757114,576.5682451454809,-271.67404531617626
2162,826.2987943259834,98.15852631544435,-158.6426905586487,240.46807524270113,320.5785848364495,276.58035723550734,510.6843789382404,73.77252101086094,-10.11927189430131,304.8420937252985,323.87196247978954,33.3645924747155,-55.73001970670704,51.134642932233916,658.7776600699138,-303.8957910526674
2163,560.2380101480705,79.3759721526142,-91.81267668915189,209.83804253405202,249.25422185213327,212.32440573033355,222.2632775230068,47.77261700445815,2.838217586848314,205.68111449851537,239.4548075896588,7.639187700715426,-34.09825375694555,18.124955847522084,488.4527114766017,-247.5572511458393
2164,658.4059536496487,70.76803017183461,-98.64444462516458,256.81403271499266,305.78520132246945,238.2088286847514,345.6321157622577,64.2891927383133,-34.31250280784528,307.7940108962863,303.0316206660636,52.883018805944964,-50.21529459498053,88.90308149098256,581.4985999138675,-300.4706185923284
2165,124.03977986567848,4.912299629113042,-43.26799956604132,88.69146020261456,41.099859108545346,13.334731170316873,3.3422370597604356,1.3541795559773917,-28.98186278598375,159.0820505951689,94.97831620876177,2.7097224252573495,-12.495373637640002,-8.656271617308128,87.24584061411223,-32.9357670243974
2166,568.7648898046077,80.78493725735271,-95.17591480572584,215.2045322114372,253.70798721552845,216.50039270005584,229.370835285548,49.36324489923903,3.6970254456098712,210.62916272295035,244.39119438418825,9.101153049748664,-30.82268257348085,19.2303206120184,496.5728025224138,-251.4269307121319
2168,772.5228039308031,84.95215411904042,-130.7583307363033,244.55835401703806,290.9173958324935,246.63710643227913,448.2713975300558,66.23812275801816,-12.464106503519915,273.45114976932274,289.2036866224172,40.25721661447531,-47.55021756739292,50.434974587225696,578.4383848763266,-274.08834507527314
2169,262.9714969731951,28.95310062027185,-56.64194282792571,113.65108064816985,131.58986822495888,98.50976961652103,202.78811192604618,22.18327354321651,-10.321511979077716,120.06918945551824,121.30042932353349,23.302610906266857,-2.6825641764763173,2.858694268425905,438.2913190103713,-196.83344112158647
2171,568.7648898046077,80.78493725735271,-95.17591480572584,215.2045322114372,253.70798721552845,216.50039270005584,229.370835285548,49.36324489923903,3.6970254456098712,210.62916272295035,244.39119438418825,9.101153049748664,-30.82268257348085,19.2303206120184,496.5728025224138,-251.4269307121319
2172,236.1956916399093,21.58603302541056,-50.55134912656018,110.09935908860862,94.26722191514541,82.05589587080792,94.6281847575784,4.2632845651126985,185.717849167362,79.35036858037314,62.76553912691733,0.18897615938546664,-15.10026625365157,-47.99955651351509,186.43305042012886,-104.5676740620435
2173,643.8097431556514,82.77697723676863,-112.3108275270505,340.9296318364334,322.7917613551385,256.9539423937534,542.1511812272462,56.78066520284601,-34.20410810487196,262.2269397056488,299.5969825519626,31.530710083784353,-33.63714520269663,45.03286031092599,609.187373983408,-384.4886816586976
2174,378.02460925339216,42.21673853848879,-73.82119754788513,153.88299760219002,174.0883840952996,134.1438579609233,273.5105280620253,32.30842019368073,-12.292129572452067,160.13267189188738,162.48737382659078,25.290162511283825,-7.895633752891659,11.151266496439165,521.9824655586966,-191.08097909565294
2175,656.3275573022601,80.98865522048162,-93.71520137355998,324.58326992775795,326.74833361379734,254.6087038292945,529.0812613035508,56.145239480516956,-41.29684778152129,273.37956137541147,303.43854819674664,31.54145559097945,-34.187189929977855,56.47468843431199,614.8871059230034,-395.80667490338203
2177,765.3527817434829,84.17656575824455,-129.33490408008157,241.54583531721158,286.4018098244513,243.57396182208083,444.79007049207445,65.25203122114327,-11.779608139748971,269.5257943995995,285.4089292359361,38.465563185066905,-47.30796214084986,49.031461631637505,573.4916665088297,-269.5241748047626
2178,679.7627584738237,70.99480395276228,-119.19442648038184,235.12215937548993,316.0973309503753,246.0585249141166,393.51980501150115,67.41394024553546,-37.60509485340249,321.3532634646714,314.1838396249817,55.09625221103532,-52.36090597949806,92.11966895899046,596.4440429611174,-313.23817855952854
2179,619.6251473677083,79.24344504928975,-205.702885630494,364.1890638325923,300.4437318546056,259.3658518613924,453.01033627149883,72.1778521849566,-4.582425915118824,273.3455720149692,299.4273906980449,61.781486111081676,-51.946560447498285,43.65345840914191,577.2873832622658,-256.8761436356305
2181,650.8104220569343,85.36797086160068,-194.6184794091943,89.43579332729637,299.7234087592568,257.1965183000901,436.7538088896637,63.58860503591544,-5.331329368939636,254.2650365347779,291.08140891559725,24.77109492035529,-39.55634252169368,20.99981334206594,570.584129559284,-301.8966025573908
2182,617.8738940177552,79.23937069002717,-205.73209989913732,362.0014890782659,298.9829249266402,258.60368563880763,447.01612775113875,72.04221229333105,-3.682548450576202,272.09056404192,298.24644362179373,61.33268006025706,-51.87927030036835,42.90857105269604,574.9210971942541,-253.98854875180552
2183,204.409665145056,218.00761436837723,-39.172258070316126,81.64692557916273,92.91440704698617,78.42476757044503,151.3432098220731,-21.31508447010575,-8.942783719313905,90.89806827235475,99.4651470839748,11.282727901888613,-15.74288318538016,17.47715533937937,185.41886624458445,-87.32258437843697
2184,674.0995107355027,83.29984363098585,-196.29987706544213,102.23971253624241,313.4565928315955,263.34670384492546,469.6537634493961,67.25434382861663,-14.679378450247404,277.9614949912781,305.99570210884565,34.824192255815326,-44.0412139173699,37.53559522936923,593.0406506698822,-316.57269195849335
2185,323.48346079166646,45.66661702114414,-63.46568411680424,133.25501360786816,162.38480484382725,116.81624090235628,263.62359404332443,39.85873760108907,162.47603758710264,153.39746483785424,178.14037727852738,29.266607062161295,-18.915626070478567,76.81720871243417,307.6341032505387,-140.67148778856824
