,F1,F2,F3,F4,F5,F6,F7,F8,F9,F10,F11,F12,F13,F14,F15,F16
1,530.6979128364937,-51.07876720957169,-9.502783232196501,-204.08980762537982,241.05534255876898,-54.47625013991473,-30.521191324361848,-85.91828186292491,53.08970589689881,137.850634122866,-251.23280315534024,273.68360917953765,-298.2961401046979,-20.28373296427813,-9.86240601162219,83.97355668674001
2,645.0516224047883,-56.011711388508125,0.33983994423674374,-192.89445796093315,260.87839489563686,-65.11089058341672,-21.12034170754227,-194.98835579107356,5.873031996438315,136.27030694782206,-215.2291627817795,249.2384583556622,-307.29844217340747,-83.39897449232456,-35.34076253867305,59.82492439168753
4,208.02050929102643,-16.78403557182173,10.995161413987136,-69.48845437580208,242.74579906829211,-22.315494254662717,-14.741590426002267,-32.826710961223675,-6.209694267067932,51.396838771495396,-72.11886988867376,82.25345813230014,-107.97977022512538,-19.344098833454545,-10.616402974724311,86.83296558287475
5,386.04280686215884,-76.60957883504787,-87.4518473643724,-137.81899170934165,149.70049969916923,-50.65576142458342,-38.23578819080021,-62.435096062761275,-3.4228668801762425,16.97456740277053,-169.2995707217803,236.51480324109173,-125.99518831039867,8.048315378795987,-26.602885322111593,-34.720680042062604
6,801.4519369215344,-80.39835444928487,-146.54085924057938,-234.73561596532306,275.7010618175658,-83.80981420534178,-55.286416017505886,-112.39817387228209,25.372383288231916,137.9799416428263,-294.76229330739835,335.3048682413609,-378.5528332385741,8.669218363234425,-15.663964838255898,78.95394879759856
7,715.1344289994195,-64.86799539935569,14.495186082008237,-211.42378508809597,249.06028954191885,-72.47048942068572,-26.655470216272697,-203.13310919926653,8.463841002991813,146.55967141866384,-239.6941485219073,281.5313526866215,-334.8454899296416,-66.43437166708041,-30.574601580927855,62.42333207105256
8,645.3524458168856,-60.94585934311483,104.79248411713189,-185.64311895959182,226.15773304453,-62.921853156444676,-44.784018928919,-77.30626924451752,13.301077568052774,130.4660126124822,-238.92720216342207,274.8531573735731,-293.78621536292553,58.495891322782576,19.105762086535638,68.90886562298014
9,342.6845488550013,96.98834553365371,0.5012672239236248,-101.32675023374057,128.57426568171002,-27.242138981300876,-16.863728346314943,-48.08736936315631,19.311567162303206,66.75272916561207,-122.74287104485734,220.74969906308118,-147.96870454361547,-14.980567403421036,-16.86260054894599,30.541207791495484
11,805.5427909936615,-70.09707676336915,-124.19541557199206,-239.25214535891197,265.012951630927,-82.53124503496716,-61.84250816522532,-113.2980604141815,36.11458493748213,142.91016522090666,-270.0900307805253,306.7206901663548,-393.54825817277066,-14.841904597077537,-20.2503118563302,105.22916550413355
12,521.9914482464111,-27.066657924112214,-30.425167363373074,-152.0944371580508,172.6803386048942,-35.311933442004914,-14.497759845449858,-55.52608656149325,36.290166292352566,140.60059352107479,-214.5107877602158,195.05338430351904,-35.413114952141555,-23.159880614595323,7.267123867203509,93.03112877017989
13,847.1218722180955,-70.5737081595619,-141.49141088451867,-247.2394600080649,286.97340889057205,-81.44447099945633,-52.31811623476098,-98.21458242005575,32.87334675305914,168.11356781398578,-302.1850078101294,330.5753476893615,-411.5735241965586,3.3229819474093976,-5.587295040193384,107.68643712609837
14,342.6845488550013,96.98834553365371,0.5012672239236248,-101.32675023374057,128.57426568171002,-27.242138981300876,-16.863728346314943,-48.08736936315631,19.311567162303206,66.75272916561207,-122.74287104485734,220.74969906308118,-147.96870454361547,-14.980567403421036,-16.86260054894599,30.541207791495484
15,579.7415437113137,-53.088144455241675,-12.454522614134033,-217.41049550186108,242.19494535846704,-58.07515302393862,-32.29393894531203,-90.00278406919472,91.43848788944355,141.0417876496715,-263.8162914466019,280.5321634550367,-306.94312194994393,-19.499695810023947,-9.76225031415795,84.4274200528224
16,510.25743905143315,-49.858494765358934,46.87504821419701,-164.49270351909007,207.78742737250855,-51.393587677068155,-41.37603940129648,-33.235869949870995,18.94361969874534,68.6775375238013,-109.33369066366501,226.8077145764162,-114.4252816372,-16.56627191711032,-25.493721406851783,23.216394799716742
17,521.9914482464111,-27.066657924112214,-30.425167363373074,-152.0944371580508,172.6803386048942,-35.311933442004914,-14.497759845449858,-55.52608656149325,36.290166292352566,140.60059352107479,-214.5107877602158,195.05338430351904,-35.413114952141555,-23.159880614595323,7.267123867203509,93.03112877017989
18,450.41233669073995,-39.9576470938893,-10.37780237251397,-172.79010792042274,142.7348910947533,-48.28980532168707,-26.007642311332926,-68.57539781365524,191.47755631023617,95.64752501888171,-187.2817083585499,180.04911999949644,-228.78432165330204,-14.688785698239807,-6.7242156636523704,51.753456533014976
19,392.5633206366876,-27.039484836291507,-7.689336377234514,-118.85457011439668,151.71391573847708,-35.166403883513816,149.49863725808464,-51.86768643701078,29.763031940253278,73.99269076850798,-117.5109707292749,164.5465189853535,-163.84429608075075,-10.63666061987107,-6.467828255600182,47.11016659371428
20,326.2033575947284,-23.712037408425548,13.9925406487036,-103.76684431772453,281.41995674984184,-32.975125256271895,-18.068136708536297,-70.21478341570156,-4.1406136309391535,80.6670735844441,-105.79463741321679,127.45897419432971,-167.91051965769284,-35.45071333132065,-11.577850433976037,53.71057216519442
21,309.2977370503071,-43.66534178705876,-22.835735033406326,-100.47481775153926,105.86283932911722,-24.917167358363994,-22.762401588573795,-33.086701557226526,27.077668191176485,52.546877900219116,-101.99259486809615,303.0932036515833,-133.2248107579874,-15.172221279141834,-31.93119216853974,-12.400421522454765
22,489.4092303024009,-38.36705524314487,-35.58705420524136,-146.39334337030286,165.8764299938026,-38.82417333739171,-17.9700513510217,-73.13702942839474,29.3603646905529,109.8736016744667,-210.70197182307203,208.09779691526103,-9.78286437560705,-19.890163083565977,-4.00812939898529,64.33698656837689
23,575.920284020829,-56.82989560831688,81.6111710373639,-167.9923923083554,193.11026337639458,-51.2218362927371,-32.211622751793854,-54.0749020564452,8.788420222782543,116.92077278607726,-315.13961678875285,251.66305740926427,-276.4515344685636,-8.296141866046106,-6.060155833681482,49.63039780267154
24,524.4136438787322,-47.418724977501746,-9.34842250956333,-201.60345380922442,239.48739276517657,-53.875517203129185,-30.139066977416483,-85.03535603810606,49.53341129452277,136.38481524732663,-248.8422634325714,270.42694779610207,-295.01049612099683,-19.942037265449315,-9.841148276087079,82.97281400536299
25,530.6979128364937,-51.07876720957169,-9.502783232196501,-204.08980762537982,241.05534255876898,-54.47625013991473,-30.521191324361848,-85.91828186292491,53.08970589689881,137.850634122866,-251.23280315534024,273.68360917953765,-298.2961401046979,-20.28373296427813,-9.86240601162219,83.97355668674001
26,645.3524458168856,-60.94585934311483,104.79248411713189,-185.64311895959182,226.15773304453,-62.921853156444676,-44.784018928919,-77.30626924451752,13.301077568052774,130.4660126124822,-238.92720216342207,274.8531573735731,-293.78621536292553,58.495891322782576,19.105762086535638,68.90886562298014
27,437.5221829543436,-78.30608473704619,-111.4818959024132,-143.94371198116428,156.781408852366,-55.912633289006266,-42.47335740232504,-67.52939770406951,-8.091542159336488,19.59012856395469,-177.1989075158261,247.07208358738194,-144.63839164131767,12.871190684723553,-27.17055382923773,-32.53688079819617
28,548.0896097415377,-49.70577752411348,-6.074476722410328,-143.58624343308102,209.02781676168715,-42.9521285892733,-20.510664597095207,-64.82630824663539,211.74248633065457,99.18504166951863,-184.691252596591,243.11155320036718,-217.42475702836327,-13.452363007075517,-11.970658798460898,47.135430828219434
29,494.6373233712292,-45.584792404137744,45.00384725576837,-151.73552274520682,192.2607559360637,-47.536454818391014,-38.08788760572216,-30.18674839364604,13.982723831695044,65.3147365973116,-99.55847552187315,209.66533355219028,-58.88318243871032,-17.437321743412312,-23.537412270820973,22.45710970521846
30,582.2879607712455,-53.63028386507666,-7.836961741678504,-155.2732797867359,234.78940117109443,-45.871835541735244,-22.34412197967112,-70.70820380289953,186.81525165562545,109.7816680441732,-204.97199113417713,266.8538584107979,-236.66858744222924,-14.179238120135322,-12.61926805108384,54.82143679347225
31,529.5651641308325,-51.819621169664416,-11.045415622335236,-203.41151040159957,241.2340767846785,-54.529651542005084,-30.76721196490295,-85.80478867550121,49.275676820299054,136.2930771670116,-250.9063340935711,274.8592193970544,-296.26575895849015,-19.828311618780063,-10.261224816432792,82.25038360093662
32,391.2742390261556,-26.57993612450881,30.121968692443193,-134.29298811385812,82.70252368385002,-45.20280011536852,-68.39995884275078,-94.53411023718523,37.99839148610017,28.56270748709252,-29.101678472651837,80.5930907487878,-185.189319438315,-121.15865036441542,-58.21601128817917,82.12809976672808
33,718.5660559337612,-64.43938515076431,17.475964271890746,-212.11043350364054,249.99420435689683,-72.44726684404058,-26.48608501991952,-202.938790437725,8.869821086960929,148.59197773008634,-242.76409459118577,281.8625050558956,-337.87970204223825,-67.055085641885,-30.272129507348414,64.1671453757981
34,198.58259500025923,-19.15225552049632,5.870350591856085,-62.202372117563066,60.995783173099106,-17.11612536312965,146.36684688221106,-32.67864884168125,6.497748310566308,33.14291246881777,-99.31329944187611,85.52238478493283,-94.63866229757294,-21.589006022677992,-14.107367824567556,20.199949049235943
35,571.8572584401873,-56.556300635666425,82.62604546317993,-166.89267758355794,192.12979770711985,-50.81028532185037,-32.558411472502414,-50.58419723475948,8.811910761137572,115.24425532526628,-312.29625616634394,250.46764056358853,-271.8657840828015,-6.94192565595927,-5.835511293394015,48.73795743330369
36,426.70899049702814,-27.687049711179387,-15.169379101435528,-125.87166358807599,152.36047688427632,132.81574754936682,-19.517998160691093,-22.29774109529929,22.87651721343255,94.75801834148814,-152.0875355018739,168.56190076422794,-192.854471694937,-15.896140253908104,10.87653363039342,61.431711614675436
37,840.4299167150527,-69.79883562661263,-140.8062666848954,-245.61052263792854,283.58421389915685,-80.87304064210947,-53.23750358633537,-95.56860509318422,33.486151348330665,165.70046709752918,-297.90172343381363,326.5552469830358,-408.43927572854625,2.795517881931259,-5.916592485097263,108.12205335739648
38,492.5932178096865,-38.581262733769144,-34.55008046268999,-147.3289212730484,167.46327633574563,-39.321901255991996,-18.373942188393016,-72.97525936899928,28.924849652644724,109.6543534305967,-210.42505909340068,206.3284112907676,-8.630912295184748,-19.766391369145246,-3.935897979950473,64.54730497549369
39,525.6208825916955,-50.79192887663971,47.95272350469312,-161.28057556012675,203.9364968181044,-52.99969250425676,-39.34420371543496,-52.64598458535968,9.44456935290297,67.79494859162371,-102.37753223965552,221.46380962300614,-111.10018280659101,-27.748793585302327,-29.993246907148034,18.234887190917053
40,847.1218722180955,-70.5737081595619,-141.49141088451867,-247.2394600080649,286.97340889057205,-81.44447099945633,-52.31811623476098,-98.21458242005575,32.87334675305914,168.11356781398578,-302.1850078101294,330.5753476893615,-411.5735241965586,3.3229819474093976,-5.587295040193384,107.68643712609837
41,460.72024971957245,-26.372212514591126,-18.587164958179905,-134.50025389170457,154.8488073379948,-34.19034057879381,-12.166605540589012,-72.7240886803251,34.026069676435704,151.0334234812323,-201.64121690540142,179.1734093468074,2.756055123193152,-20.94944392182905,1.0308027068337577,82.00541206784608
42,664.7241023678328,-67.5097986921134,-18.1674346353303,-200.35699246704786,232.32850345819392,-69.67322173302388,-25.353476131241905,-197.74879376740833,3.7128803260220877,123.43330895455288,-226.0864853033027,271.8755005730779,-298.72535878341057,-77.05234604631197,-39.80164595954528,41.090513229374736
43,440.8735492639147,-80.6286778337824,-112.70327310644808,-144.88101142634585,157.3854925594973,-55.8945096851698,-42.52747946069239,-65.81420153448651,-7.915510933952301,21.087807472866686,-177.87240158025568,246.59442418342363,-146.35365934425525,12.941892933574211,-26.35253624731561,-31.333626058486775
44,269.04600932957305,-28.45190111011846,-3.256554174007573,-84.68242298827623,101.25081676013285,176.83865998690044,-17.93013757110465,-58.633615538144674,14.856169686479703,40.839947491357194,-94.34679062320086,125.87016994809647,-114.80907111505844,-5.8994492859569965,-28.321068734802726,18.972123410143293
45,532.465311576316,-50.967735906854074,-9.701172119723859,-203.93796558092302,242.03158381191167,-54.33257460788674,-30.341388380879035,-86.15303776438499,50.18755753292672,138.69615548926126,-252.1860001652318,274.49574523877675,-294.7517182142544,-20.502468617915586,-9.735559694968941,84.76000105842344
46,532.465311576316,-50.967735906854074,-9.701172119723859,-203.93796558092302,242.03158381191167,-54.33257460788674,-30.341388380879035,-86.15303776438499,50.18755753292672,138.69615548926126,-252.1860001652318,274.49574523877675,-294.7517182142544,-20.502468617915586,-9.735559694968941,84.76000105842344
47,847.1218722180955,-70.5737081595619,-141.49141088451867,-247.2394600080649,286.97340889057205,-81.44447099945633,-52.31811623476098,-98.21458242005575,32.87334675305914,168.11356781398578,-302.1850078101294,330.5753476893615,-411.5735241965586,3.3229819474093976,-5.587295040193384,107.68643712609837
48,548.9938576928186,-50.46689453103167,-7.724273824833551,-144.03451945742057,209.5003172032228,-43.45145800333802,-20.853999618924902,-65.3115232320737,210.87583942829616,97.96365345373081,-185.6648058934698,241.59011679418091,-216.57070714817428,-12.862931410062764,-11.931422081585499,46.197707982139654
49,541.2778335253671,-34.60970743953726,-20.251318903963607,-166.4503685649636,191.9454837137966,-41.61981574437245,-17.057069423019655,-82.99757663574772,42.98106210761656,138.72445504039402,-235.84029557420857,221.03146757789276,-53.61835443707938,-26.991127744285315,-0.8602004416302519,91.29520501422802
50,847.1218722180955,-70.5737081595619,-141.49141088451867,-247.2394600080649,286.97340889057205,-81.44447099945633,-52.31811623476098,-98.21458242005575,32.87334675305914,168.11356781398578,-302.1850078101294,330.5753476893615,-411.5735241965586,3.3229819474093976,-5.587295040193384,107.68643712609837
52,613.704239126959,-27.643753780619214,-87.64513884527949,-177.44472569905616,195.07091057716366,-38.95394477641908,-26.70257796070164,21.023452941902104,27.775978560970746,158.18061900959265,-197.46251789465416,204.02354598312212,-283.95336330622894,-6.0518079859595675,26.16018568305492,105.74533598187647
53,813.5217115278966,-70.85375229696841,-131.0401890686013,-238.39666094240533,311.49758307096505,-80.42497384247172,-51.4426114956701,-111.67419723200379,34.77204125946984,152.58811932772718,-295.2336390110728,325.82648924239857,-392.60583745585416,4.424968803983505,-10.6949814255414,92.25710474139504
54,296.70009442745715,-5.226508078378003,-2.934501212692696,-93.56966414132381,102.75193754234192,-20.280722308983666,-18.03887717671037,-30.609599454860366,32.013426943057624,62.66078193019472,-94.21352830898509,292.4782768443094,-137.00697808692183,-19.761475009373026,-29.257201851341595,1.4697145348620626
55,463.7552427932516,-53.95244454919649,31.42087940895027,-146.68612760548066,184.54104826492784,-49.28591103590148,-42.53534794666174,-24.513698972462592,5.864245678655942,41.344654356984805,-87.42610779524719,213.70337145174315,-73.77591087115192,-9.462927675883554,-28.272379439470654,-2.094000525277525
56,869.102329955069,-77.87380650660255,-130.0017353866328,-254.65723915370967,301.35731896311773,-88.14359889273726,-52.56108417557226,-141.10379516409157,30.17640843540794,165.48862753684688,-312.2277376637773,346.44681138491507,-422.99397417882363,-9.457065256638746,-17.468106045826207,99.33006995268211
58,645.3524458168856,-60.94585934311483,104.79248411713189,-185.64311895959182,226.15773304453,-62.921853156444676,-44.784018928919,-77.30626924451752,13.301077568052774,130.4660126124822,-238.92720216342207,274.8531573735731,-293.78621536292553,58.495891322782576,19.105762086535638,68.90886562298014
59,299.4830057473946,-8.723697286139387,-2.817556645578112,-94.30506317132985,103.07398976050075,-20.37305084382594,-18.213496746589215,-30.958804367519296,31.882782480233338,63.60291493995021,-94.74857006166663,297.2525164585678,-138.41511892012926,-20.224679354775247,-28.57889405350215,4.279117720725581
60,511.9831499673392,-51.18824676683309,65.23890737280918,-156.43804884822293,200.03700607818251,-51.892940876349485,-43.994906251700634,-28.59786811498075,9.638367920743221,62.73379837811495,-97.52611740146166,221.76051040283474,-105.55797064153636,1.2764388372613025,-19.342374566554586,17.80131360266024
61,581.8702358454524,-52.84672136945927,92.16525370844744,-168.74403468464226,202.86355659763262,-58.24496305469918,-42.331500434583944,-79.4640405254542,15.327683993308208,116.32081329061707,-189.84143355942047,240.9640978616987,-266.2562424194589,104.0185261009655,14.233559463984601,67.62915958128124
62,195.85902412160945,-30.688052613762437,-3.2254682885994663,-102.18779483551293,136.39927307453254,-30.338533250054226,-18.322735368445194,-47.36908395687646,-22.58084984618581,71.32631044603177,-121.76406794631976,150.72134266995604,-174.25767533723152,-16.335876811743198,-9.252068326800307,40.64159764591211
63,693.0129812460588,-62.61039046568304,10.530370392762363,-205.40077496269637,239.0150705951654,-68.79781850597283,-19.91924180041736,-195.963957731039,7.724161781022382,143.1870899883732,-256.42298647496415,272.5652399849628,-328.8729389351881,-83.35320808480941,-36.543685725248906,58.63666389425865
64,611.6072983901472,-55.02368603575158,97.54023398030891,-179.45714185961444,204.8552163466945,-61.95082107453702,-52.4626266358168,-84.71758618142259,19.42224540367388,114.47503412179019,-184.16720428847592,242.0107197369374,-279.5658417978856,39.87541327917172,10.646923980134485,77.12415148351819
65,537.2148079447254,-34.33611246688681,-19.236444478147586,-165.35065384016616,190.96501804452186,-41.20826477348572,-17.40385814372822,-79.50687181406201,43.004552645971586,137.04793757958305,-232.99693495179966,219.83605073221705,-49.03260405131727,-25.636911534198482,-0.6355559013427867,90.40276464486017
66,589.519132697898,-57.55753426696517,60.43228353114387,-173.0912057777797,197.1317178516202,-52.82200398356648,-28.597563810730488,-76.06871052058565,8.12074053266361,119.87935700924052,-320.0965091345482,253.05367807965735,-285.1114042336589,-34.93510109552241,-16.762251027078122,48.30891763647695
67,450.41233669073995,-39.9576470938893,-10.37780237251397,-172.79010792042274,142.7348910947533,-48.28980532168707,-26.007642311332926,-68.57539781365524,191.47755631023617,95.64752501888171,-187.2817083585499,180.04911999949644,-228.78432165330204,-14.688785698239807,-6.7242156636523704,51.753456533014976
68,556.0208691761508,-35.848117297334475,-17.831116271104285,-163.1990873050828,188.41139203256668,-43.42139601021498,-15.511613136723671,-101.41245713751886,33.00126291359677,136.44092775788457,-226.3540050519882,215.8030875644532,-51.509394150472794,-37.965152295933834,-5.85239636123093,84.9521212011381
69,618.9732457457181,-27.324882499714047,-84.11019968904819,-178.60013514900157,196.8555237755769,-39.233511395638814,-26.83883295075888,20.549719903199666,28.294187815112743,160.59346925319554,-198.6982376138596,204.96433627264574,-287.5355862008287,-5.036576536295613,27.0861895911326,107.9934219913639
70,811.8503028582904,-81.3869579663299,-146.60531583577756,-240.59380403404236,279.2825072543136,-84.90172914409935,-55.547687969452966,-115.93655272135955,25.589369305115667,140.13544301057235,-298.1870248888236,339.2632820159536,-383.4919519594211,7.199247441191802,-16.304177066799614,79.71113875051404
71,503.91467391478676,-50.13180930900239,45.20315179503844,-162.90568691588663,205.69261580282642,-50.98363820164585,-41.662272306463414,-30.392150173019047,18.535978372650135,65.99888009107252,-107.74079606780626,225.86024694904765,-110.1374334516712,-14.746395824431463,-25.302071568723736,21.1759131771523
72,807.1789463912502,-71.12706684061187,-132.71208548775988,-236.8096443392019,309.402771501283,-80.01502436704942,-51.72884440083703,-108.83047745515184,34.364399933374635,149.9094618949984,-293.64074441521404,324.87902161502996,-388.31798927032537,6.244844896662362,-10.503331587413355,90.2166231188306
73,265.0920211847292,-34.51258213299389,-3.497771849645861,-91.22370008485578,101.79662777178703,-20.027525702638272,-18.12507390574802,-29.04531320603649,26.006224301695166,62.27236294245004,-90.06344783241335,283.9647655100486,-139.19251506685526,-20.40160737265768,-28.43812028072896,1.6801792836164584
74,811.8503028582904,-81.3869579663299,-146.60531583577756,-240.59380403404236,279.2825072543136,-84.90172914409935,-55.547687969452966,-115.93655272135955,25.589369305115667,140.13544301057235,-298.1870248888236,339.2632820159536,-383.4919519594211,7.199247441191802,-16.304177066799614,79.71113875051404
75,477.1729411790606,-12.633308480431577,-57.776905513580424,-138.52442178232099,149.7523390788314,-26.3751205072746,-18.659538160204733,37.117672435885936,24.017139976329094,129.80150237209622,-145.42988891113137,146.77471791146732,-216.81515683035838,-12.94232082983224,79.07905677269838,86.97312806803504
76,693.0129812460588,-62.61039046568304,10.530370392762363,-205.40077496269637,239.0150705951654,-68.79781850597283,-19.91924180041736,-195.963957731039,7.724161781022382,143.1870899883732,-256.42298647496415,272.5652399849628,-328.8729389351881,-83.35320808480941,-36.543685725248906,58.63666389425865
77,309.05258653991353,-35.354338459342294,-4.718909735798417,-103.81537388692519,99.63658293645967,-23.115058929200817,-19.52408265954371,-32.663744847229914,64.49940805212933,66.17714878420061,-100.75021840234866,289.40775457040917,-147.7900351744453,-20.195604827466937,-27.127412212781174,5.568097600269133
78,649.4154713975272,-61.21945431576528,103.77760969131587,-186.74283368438927,227.13819871380474,-63.333404127331406,-44.43723020821044,-80.79697406620323,13.277587029697745,132.14253007329316,-241.770562785831,276.04857421924885,-298.3719657486876,57.14167511269574,18.881117546248174,69.80130599234799
79,671.8348979175319,-61.99753883229508,91.3739361836997,-194.11757819084173,235.35797126943086,-67.09369429065872,-44.18814047164722,-108.53138212326637,13.907004046230167,136.19294056989966,-222.71676367531785,278.1916260938683,-307.77407800999663,44.62258986847496,13.61060098426941,73.20360540183518
80,362.86717796237986,-29.05516378616105,-27.49995631868615,-111.90290351033198,290.56324048915735,-27.49986155346135,-19.40377031114415,-36.035673382362695,29.658682845026604,53.740848696602974,-135.90333032328232,159.83741947449454,-136.0917442307028,0.4279653854543744,-1.9233781184787087,3.4432661279610253
81,311.5969860984858,-32.85412736633056,-4.800079716524142,-104.61529760151502,101.22622119429737,-23.3492625226066,-19.600528845314773,-33.02697171141877,64.92468456014005,66.44341126555948,-102.00555153836781,288.6746525284022,-148.73004669950734,-20.07700363362436,-27.97212593022783,3.630539107828279
82,807.2654439857372,-47.621091735843144,-130.9495352633285,-236.27944895304603,278.8377602495772,-81.2157575623987,-52.0631285562544,-112.52282433903386,30.705393173122076,150.4581212921371,-293.8571725699745,334.404474101576,-390.1329989816539,4.435835551581674,-13.57582102128652,93.61340810643992
83,520.749433037079,-55.00841583184853,70.15172356091988,-153.8009042515923,175.05338165505137,-49.135761316455955,-26.401281461621046,-6.5882829768125015,6.820577137143708,100.14298440630108,-296.96833497750237,230.73754743354678,-251.51864888548943,-28.952266502455874,-18.844501012007807,39.23611657270622
84,628.3994806543076,-56.02594539171053,-2.1054875480012085,-187.2023411902753,216.76572124875568,-63.20381109120024,11.674730398164774,-193.3151253928206,7.513853343134644,128.79205420919124,-214.2726419223948,243.7572671690324,-297.13304135201537,-82.80122186895976,-36.86982658151157,54.24687398717568
85,559.010136238905,-36.076155532723234,-16.982947959847564,-163.86719487662225,189.08165933057253,-43.70256412489914,-15.58731231123929,-102.53317522105506,33.08834030328853,137.8516380295696,-228.8401907977438,216.99182707228402,-55.38951924530586,-36.484260963677855,-4.959387155312666,86.05216595742895
86,589.519132697898,-57.55753426696517,60.43228353114387,-173.0912057777797,197.1317178516202,-52.82200398356648,-28.597563810730488,-76.06871052058565,8.12074053266361,119.87935700924052,-320.0965091345482,253.05367807965735,-285.1114042336589,-34.93510109552241,-16.762251027078122,48.30891763647695
87,840.7791070814491,-70.84702270320537,-143.16330730367724,-245.65244340486146,284.8785973208899,-81.03452152403403,-52.60434913992791,-95.3708626432038,32.465705426963936,165.434910381257,-300.5921132142706,329.62788006199287,-407.2856760110298,5.142858040088254,-5.395645202065339,105.64595550353393
88,373.40333248306086,-72.44246575555896,-89.35679430969643,-125.33513619736473,133.97614890447713,-46.70725070212527,-35.0029947119782,-59.207065873043675,-7.11486381455343,13.750468784480201,-159.51532895664354,222.63676324636705,-70.34449414503561,7.0761168818549205,-25.034734257539295,-36.04771173109591
89,834.509012176479,-73.14141988186985,-134.83477722882236,-244.27133922407344,285.1627659569629,-82.52101032749364,-51.575685034380776,-116.57532383334535,34.30053510529704,161.48756880034017,-309.39079100957196,334.6810728058085,-364.0636963315352,2.2775535425154345,-10.855876014033068,102.76683170281778
90,645.3524458168856,-60.94585934311483,104.79248411713189,-185.64311895959182,226.15773304453,-62.921853156444676,-44.784018928919,-77.30626924451752,13.301077568052774,130.4660126124822,-238.92720216342207,274.8531573735731,-293.78621536292553,58.495891322782576,19.105762086535638,68.90886562298014
91,838.0361691124596,-72.06009490119305,-134.32338673369645,-244.9359048214757,285.93185612058875,-82.17528451302933,-51.25272786091158,-114.80312680321498,35.02893285009139,164.28538128068152,-309.7905893017026,333.81227937314935,-366.8718535552489,1.8899269931371938,-9.784187811372444,105.56436154037623
92,238.19410626045465,-14.966230876786781,23.54939112302178,-77.99839730962034,71.73705279553396,-25.779630929576,-21.68297388366137,-47.41023435270006,19.03890504083486,37.812188872696574,-55.4939706567001,76.24067562151367,-115.87291782242006,226.0881130753026,-29.297946244999334,38.76966574733783
93,811.8503028582904,-81.3869579663299,-146.60531583577756,-240.59380403404236,279.2825072543136,-84.90172914409935,-55.547687969452966,-115.93655272135955,25.589369305115667,140.13544301057235,-298.1870248888236,339.2632820159536,-383.4919519594211,7.199247441191802,-16.304177066799614,79.71113875051404
94,847.1218722180955,-70.5737081595619,-141.49141088451867,-247.2394600080649,286.97340889057205,-81.44447099945633,-52.31811623476098,-98.21458242005575,32.87334675305914,168.11356781398578,-302.1850078101294,330.5753476893615,-411.5735241965586,3.3229819474093976,-5.587295040193384,107.68643712609837
95,529.7566398290593,-49.52341010268431,-5.109994311849943,-133.4470842000028,206.38392082105204,-38.93877648150405,-19.634835165497876,-59.4379346908775,185.21604676248245,96.15952300891932,-172.99105136875926,267.3849728136944,-206.83777563419443,-14.658455270707693,-15.913158493634912,40.066378670707
96,623.595470287959,-59.37964532190274,-4.018774587118726,-192.6536777261828,228.4659467249026,-65.59530772565132,-21.305986929880184,-195.33271529278548,-0.7407718415750307,133.25802805851913,-217.6916845945138,254.6944035582351,-308.64970945426774,-81.46951542745673,-36.34542711587352,54.99716638232624
97,196.81598220086136,-33.351116731082726,-3.415603597621497,-103.13882590707246,136.05553239212844,-30.612734058591712,-18.453793959740644,-47.53957800484752,-19.31918728899621,71.58373383045681,-122.36423278038797,149.93686648114016,-175.19516696266314,-16.332969359012367,-9.10692014272821,40.77049563386646
98,845.09281368382,-77.05529874315448,-114.93449119987969,-247.02868103622998,288.3114570328246,-84.53912052144558,-54.2763239011454,-111.62337836779497,29.759738072853622,160.19269893567122,-328.52931070495515,342.568128370849,-413.12844779445885,3.8272152354886773,-12.161802584799462,97.35687618489236
99,805.6833283480534,-78.25635443256036,-146.54444455577539,-238.73405358305962,277.3527021411261,-84.16417745804921,-55.45684164278335,-113.03583208396022,25.734094498430622,138.75691914927293,-296.32043452066586,337.9246803598841,-380.2969932946685,8.56079473564176,-15.858856607933065,79.26493222579863
100,847.1218722180955,-70.5737081595619,-141.49141088451867,-247.2394600080649,286.97340889057205,-81.44447099945633,-52.31811623476098,-98.21458242005575,32.87334675305914,168.11356781398578,-302.1850078101294,330.5753476893615,-411.5735241965586,3.3229819474093976,-5.587295040193384,107.68643712609837
101,847.1218722180955,-70.5737081595619,-141.49141088451867,-247.2394600080649,286.97340889057205,-81.44447099945633,-52.31811623476098,-98.21458242005575,32.87334675305914,168.11356781398578,-302.1850078101294,330.5753476893615,-411.5735241965586,3.3229819474093976,-5.587295040193384,107.68643712609837
102,868.9351890881084,-78.9271270735387,-131.55824806335042,-254.87695346287336,298.1358113814525,-88.59127442290003,-52.97159182295055,-141.53003071302714,29.25814123997252,164.2433599051314,-312.52307625155237,347.79049066227054,-422.08258562918036,-9.179637392917915,-18.02902560995203,98.075473353594
103,671.8348979175319,-61.99753883229508,91.3739361836997,-194.11757819084173,235.35797126943086,-67.09369429065872,-44.18814047164722,-108.53138212326637,13.907004046230167,136.19294056989966,-222.71676367531785,278.1916260938683,-307.77407800999663,44.62258986847496,13.61060098426941,73.20360540183518
104,306.3137736930614,-9.202889243852443,-3.100130727010362,-97.17989399041075,106.8487957327215,-21.123492999608935,-18.57001375973035,-32.03219333676179,33.1636627681666,65.30840226477834,-98.53478655582471,298.2613123894067,-142.3024101000284,-20.2348013792091,-29.347244183826536,3.332830097372342
105,805.6833283480534,-78.25635443256036,-146.54444455577539,-238.73405358305962,277.3527021411261,-84.16417745804921,-55.45684164278335,-113.03583208396022,25.734094498430622,138.75691914927293,-296.32043452066586,337.9246803598841,-380.2969932946685,8.56079473564176,-15.858856607933065,79.26493222579863
106,415.33481256660133,-25.224093982042223,-7.940675135983981,-124.72775917046452,311.1413468293779,-30.481441991967387,-15.840647057385377,-63.03709154416171,33.05675682347756,78.80764029260506,-147.67299311071906,164.88664961303078,-173.81514030866907,-18.316521689095534,-3.7293730744012024,22.915822609647694
107,579.7415437113137,-53.088144455241675,-12.454522614134033,-217.41049550186108,242.19494535846704,-58.07515302393862,-32.29393894531203,-90.00278406919472,91.43848788944355,141.0417876496715,-263.8162914466019,280.5321634550367,-306.94312194994393,-19.499695810023947,-9.76225031415795,84.4274200528224
108,620.0470042636055,-27.370439236975745,-85.97324242612092,-179.03174230225963,197.16572214684578,-39.36389425184138,-26.416345055534705,18.17973316505015,28.18361988706595,160.85927644232143,-199.0554124905129,204.97101361049067,-288.2412114917577,-7.871684078638424,25.96853584492687,107.78581760444091
109,529.5651641308325,-51.819621169664416,-11.045415622335236,-203.41151040159957,241.2340767846785,-54.529651542005084,-30.76721196490295,-85.80478867550121,49.275676820299054,136.2930771670116,-250.9063340935711,274.8592193970544,-296.26575895849015,-19.828311618780063,-10.261224816432792,82.25038360093662
110,381.82573545781474,-26.583917463674542,10.941090993492898,-114.53849858181637,148.61193202578832,-33.862575321488215,145.27375830584288,-28.167819055515636,30.86871122072118,71.33461887724887,-113.9392219627418,164.47974560690443,-156.78804317146037,17.71441480355703,4.708709206457117,49.18621046294429
111,275.8005328847805,-29.289174404749062,-2.0953185757207313,-86.48230288825093,103.67828097175006,176.3298158796372,-18.140710548467297,-58.766908892219575,14.651159990118655,42.42211916962481,-99.53970354584192,129.37861758385148,-118.02064344798131,-10.587134384783969,-27.85631292657637,19.189338051249965
113,529.4609551351032,-22.690307250870244,-57.729164049476665,-153.91111243457874,168.04181822125062,-33.43732141050322,-18.911014721773952,71.64170263183625,23.26889184070748,138.98461237327456,-165.20326457602246,172.07078196667302,-242.5251465880776,-18.42088657952921,18.973093964506145,92.46890252946376
114,871.8353365335919,-78.07524181072836,-130.21400456073903,-255.4034086421968,298.9333184086857,-88.39419748878167,-52.54576823892664,-141.8782798019109,30.17002195260018,166.64643822738108,-313.8027423232131,347.42701650399295,-420.56854488494463,-9.85379439205344,-17.50336048848818,100.58509081108083
115,597.4155311095366,-51.97783142806547,-14.438411489407624,-215.89207505729317,251.9573578898938,-56.638397703658704,-30.495909510483916,-92.3503430837956,62.417004249722524,149.49700131362417,-273.34826154551735,288.6535240474278,-271.4989030455092,-21.687052346398495,-8.49378714762547,92.29186376965671
116,422.7739684809445,-27.36942168788637,-10.757876228870161,-124.65731449797401,151.13080775047055,133.24246953437316,-19.329666044736875,-21.633813274504465,22.549085551130368,94.19169882045807,-150.34521704595835,167.23137613443905,-190.545229548203,-14.773148905517106,11.519745107938487,60.88475229856301
117,320.5472190554885,-17.101997936692715,0.37214950176407735,-106.47391443498277,105.76614811819186,-30.655101060171766,-43.34539556725537,-46.33886282443756,33.41143505412691,42.4107078264232,-311.4468333581276,107.52619871004927,-120.96960279095028,-40.48472645577868,-25.509700320728506,45.42096389847672
118,518.3259151039856,-50.91493222318963,66.91080379196774,-158.02506545142637,202.13181764786464,-52.30289035177179,-43.7086733465337,-31.441587891832704,10.046009246838427,65.41245581084374,-99.11901199732041,222.7079780302033,-109.84581882706516,-0.5434372554175547,-19.534024404682633,19.841795225224683
119,847.1218722180955,-70.5737081595619,-141.49141088451867,-247.2394600080649,286.97340889057205,-81.44447099945633,-52.31811623476098,-98.21458242005575,32.87334675305914,168.11356781398578,-302.1850078101294,330.5753476893615,-411.5735241965586,3.3229819474093976,-5.587295040193384,107.68643712609837
120,589.519132697898,-57.55753426696517,60.43228353114387,-173.0912057777797,197.1317178516202,-52.82200398356648,-28.597563810730488,-76.06871052058565,8.12074053266361,119.87935700924052,-320.0965091345482,253.05367807965735,-285.1114042336589,-34.93510109552241,-16.762251027078122,48.30891763647695
121,582.3537646021091,-39.11573967394159,-46.00248847100512,-170.53920479511623,196.49175375752827,-46.38638879371713,-21.559257432965964,-84.99885300880571,36.95012695263626,138.44391110500845,-241.45590687116072,229.28950970220035,-67.84346490875578,-20.37833047382367,-1.1409683767837255,91.34971697829579
122,872.4623460240889,-77.8458020928619,-131.0468575682245,-255.54151906027562,298.90490154507836,-88.24554860843571,-52.64863464948135,-139.75783368289675,29.986538984766867,167.04117238547275,-312.922874543683,346.92169722961137,-424.89074285289405,-9.567263942296156,-16.95733740729141,100.87300319115245
123,847.1218722180955,-70.5737081595619,-141.49141088451867,-247.2394600080649,286.97340889057205,-81.44447099945633,-52.31811623476098,-98.21458242005575,32.87334675305914,168.11356781398578,-302.1850078101294,330.5753476893615,-411.5735241965586,3.3229819474093976,-5.587295040193384,107.68643712609837
124,195.85902412160945,-30.688052613762437,-3.2254682885994663,-102.18779483551293,136.39927307453254,-30.338533250054226,-18.322735368445194,-47.36908395687646,-22.58084984618581,71.32631044603177,-121.76406794631976,150.72134266995604,-174.25767533723152,-16.335876811743198,-9.252068326800307,40.64159764591211
125,426.70899049702814,-27.687049711179387,-15.169379101435528,-125.87166358807599,152.36047688427632,132.81574754936682,-19.517998160691093,-22.29774109529929,22.87651721343255,94.75801834148814,-152.0875355018739,168.56190076422794,-192.854471694937,-15.896140253908104,10.87653363039342,61.431711614675436
126,517.7300036437945,-26.593988188326033,-76.93894137638028,-152.40567410619371,163.58518083930963,-31.40487834535757,-23.03980452529748,32.79487936303638,19.763553007086607,128.5210056561149,-165.66331848631293,178.30005606223884,-224.34188357038732,-5.759647617136508,28.864933263191144,78.64046421965088
127,579.7415437113137,-53.088144455241675,-12.454522614134033,-217.41049550186108,242.19494535846704,-58.07515302393862,-32.29393894531203,-90.00278406919472,91.43848788944355,141.0417876496715,-263.8162914466019,280.5321634550367,-306.94312194994393,-19.499695810023947,-9.76225031415795,84.4274200528224
128,528.6609161795517,-51.058504162746225,-9.395618519912013,-202.96323437726002,240.76157634314285,-54.03032212794037,-30.423876943073253,-85.31957369006291,50.14232372265747,137.51446538279941,-249.9327807966923,276.3806558032407,-297.11980883867915,-20.417743215792818,-10.30046153330819,83.18810644701641
129,564.5291674023148,-59.62897776751854,-26.197303426202783,-209.90592197781274,243.70746653427406,-58.20121549455839,-34.35545201214103,-88.56154584301217,52.89594509313125,126.54890399871594,-259.5870741553763,290.5453610068894,-287.60195533492873,-15.433765281416953,-13.401517007680855,68.70115863540333
131,872.36681602245,-78.49851682494733,-128.5774698734679,-255.56360187841793,299.0697261964305,-88.56805184625489,-52.802206626597375,-141.33571195148562,29.664121323941636,166.2756662165539,-315.5930223208309,348.1216430315446,-425.116797741777,-9.80035136772251,-17.726553536372588,99.81928665833955
132,541.2778335253671,-34.60970743953726,-20.251318903963607,-166.4503685649636,191.9454837137966,-41.61981574437245,-17.057069423019655,-82.99757663574772,42.98106210761656,138.72445504039402,-235.84029557420857,221.03146757789276,-53.61835443707938,-26.991127744285315,-0.8602004416302519,91.29520501422802
133,446.565131397606,-40.434587119061725,-12.003770946754221,-172.45545418459977,141.03860948698056,-48.39364287034971,-26.33344950232715,-68.41606178589139,187.68083898012642,93.76972928790188,-186.58755048377265,179.47719698856864,-226.5516007737242,-14.234468969733706,-7.010866436164588,49.93250480749199
134,724.3384576342622,-64.86675214174353,13.618622365674181,-213.79354362814334,252.07457187413786,-73.17677802491178,-26.980057322284154,-204.27077005876376,9.309481919435992,149.5388411832968,-242.67218669702828,283.8026676059341,-340.7369549709754,-66.54213156580747,-30.29180915039524,65.21837739665244
135,548.0896097415377,-49.70577752411348,-6.074476722410328,-143.58624343308102,209.02781676168715,-42.9521285892733,-20.510664597095207,-64.82630824663539,211.74248633065457,99.18504166951863,-184.691252596591,243.11155320036718,-217.42475702836327,-13.452363007075517,-11.970658798460898,47.135430828219434
136,530.6979128364937,-51.07876720957169,-9.502783232196501,-204.08980762537982,241.05534255876898,-54.47625013991473,-30.521191324361848,-85.91828186292491,53.08970589689881,137.850634122866,-251.23280315534024,273.68360917953765,-298.2961401046979,-20.28373296427813,-9.86240601162219,83.97355668674001
137,442.6802421452191,-39.56688083041127,-10.320227857435606,-171.73385289835386,140.76378840369216,-47.985691320066,-25.93475616374514,-68.10975543394572,187.27858694981174,94.8524151954903,-185.62302381023872,177.73429236525362,-227.51424562078657,-14.722751896107386,-6.66194508158147,51.43797424810679
139,277.637912569198,-29.39891337243527,-1.5411576093719321,-86.95106392265177,104.52897935518531,176.02702668377236,-18.44635073487771,-59.43496069246353,14.763389160291537,42.80266310180521,-97.70547719576888,129.9882555041011,-118.56865422998442,-8.951188960315422,-27.232781092078127,19.693610755991877
141,548.0896097415377,-49.70577752411348,-6.074476722410328,-143.58624343308102,209.02781676168715,-42.9521285892733,-20.510664597095207,-64.82630824663539,211.74248633065457,99.18504166951863,-184.691252596591,243.11155320036718,-217.42475702836327,-13.452363007075517,-11.970658798460898,47.135430828219434
142,589.519132697898,-57.55753426696517,60.43228353114387,-173.0912057777797,197.1317178516202,-52.82200398356648,-28.597563810730488,-76.06871052058565,8.12074053266361,119.87935700924052,-320.0965091345482,253.05367807965735,-285.1114042336589,-34.93510109552241,-16.762251027078122,48.30891763647695
143,529.5651641308325,-51.819621169664416,-11.045415622335236,-203.41151040159957,241.2340767846785,-54.529651542005084,-30.76721196490295,-85.80478867550121,49.275676820299054,136.2930771670116,-250.9063340935711,274.8592193970544,-296.26575895849015,-19.828311618780063,-10.261224816432792,82.25038360093662
144,392.5633206366876,-27.039484836291507,-7.689336377234514,-118.85457011439668,151.71391573847708,-35.166403883513816,149.49863725808464,-51.86768643701078,29.763031940253278,73.99269076850798,-117.5109707292749,164.5465189853535,-163.84429608075075,-10.63666061987107,-6.467828255600182,47.11016659371428
145,564.5291674023148,-59.62897776751854,-26.197303426202783,-209.90592197781274,243.70746653427406,-58.20121549455839,-34.35545201214103,-88.56154584301217,52.89594509313125,126.54890399871594,-259.5870741553763,290.5453610068894,-287.60195533492873,-15.433765281416953,-13.401517007680855,68.70115863540333
146,511.9831499673392,-51.18824676683309,65.23890737280918,-156.43804884822293,200.03700607818251,-51.892940876349485,-43.994906251700634,-28.59786811498075,9.638367920743221,62.73379837811495,-97.52611740146166,221.76051040283474,-105.55797064153636,1.2764388372613025,-19.342374566554586,17.80131360266024
147,667.7133694305871,-67.73783692750217,-17.319266324073574,-201.02510003858728,232.99877075619978,-69.95438984770804,-25.42917530575752,-198.86951185094452,3.79995771571385,124.84401922623796,-228.5726710490583,273.0642400809087,-302.60548387824366,-75.57145471405599,-38.908636753627015,42.190557985665585
148,372.5656605530589,-75.82882520095325,-76.04995439003329,-127.19405246924136,139.9672122486328,-49.3499708544785,-40.11311532499678,-50.3931007658129,-11.381028899353405,1.2590554802724803,-137.44474885725353,223.62134018403043,-85.691998880484,9.16346762779735,-29.592167525847433,-48.0156506531413
149,571.8572584401873,-56.556300635666425,82.62604546317993,-166.89267758355794,192.12979770711985,-50.81028532185037,-32.558411472502414,-50.58419723475948,8.811910761137572,115.24425532526628,-312.29625616634394,250.46764056358853,-271.8657840828015,-6.94192565595927,-5.835511293394015,48.73795743330369
150,343.4605077865862,-22.43146512656766,25.993935487238474,-107.44923834596656,129.55480162389512,-50.07797513504388,-11.312991635205478,146.45104716966475,4.3477350735539755,41.61454559880432,-120.7406611704895,163.61523179204198,-156.5688022968245,-57.491471897435915,-50.62276969311403,14.999827521122507
151,872.4623460240889,-77.8458020928619,-131.0468575682245,-255.54151906027562,298.90490154507836,-88.24554860843571,-52.64863464948135,-139.75783368289675,29.986538984766867,167.04117238547275,-312.922874543683,346.92169722961137,-424.89074285289405,-9.567263942296156,-16.95733740729141,100.87300319115245
152,391.9161515036474,-27.470818176841615,11.036193438409352,-117.46091496641091,152.24497870787133,-34.91730375297482,141.88016465925864,-31.50017229815559,30.89374006705702,73.58041841846428,-117.1455421062742,168.29694673343565,-161.56833453141172,16.453920883921697,4.250825167667701,49.970633214883534
153,575.8566544589269,-52.22043816659122,-10.770979524815418,-216.6888942156152,241.92012427517867,-57.66720147365491,-31.89524560673002,-89.69647771724905,91.03623585912885,142.1244735572599,-262.85176477306806,278.7892588317217,-307.9057667970063,-19.987978736397626,-9.41332895957483,85.9328894934372
154,578.8372957600329,-52.327027448323484,-10.804725511710812,-216.96221947752153,241.72244491693138,-57.57582360987391,-31.950603923482333,-89.51756908375641,92.30513479180196,142.26317586545932,-262.8427381497232,282.053599861223,-307.7971718301329,-20.089127407036703,-9.801487031033348,85.36514289890218
155,805.6746785886046,-80.60695194303722,-146.7206995782185,-238.78707312167523,280.40920326629674,-84.04410413851429,-55.42341322724161,-112.66659739557203,26.09999517445588,138.70205320955904,-296.2987917051898,336.97213511122953,-380.1154923235356,8.741695670149829,-15.551607664545747,78.9252537270377
156,519.4536389503763,-33.38576254348041,-8.697246438760114,-153.30165478190565,179.58720100909414,-39.717437272234456,-18.632711623100697,-69.99611374234742,33.21267775879202,121.35227061058576,-200.763759450308,205.04433595337156,-10.237640678613838,-25.777206405152306,-3.830595498643744,76.92015787682747
157,585.5841106818145,-57.23990624367215,64.84378640370925,-171.8768566876777,195.90204871781444,-52.39528199856015,-28.40923169477627,-75.40478269979083,7.79330887036143,119.31303748821044,-318.3541906786327,251.72315344986845,-282.8021620869249,-33.812109747131416,-16.119039549533053,47.76195832036452
158,528.6609161795517,-51.058504162746225,-9.395618519912013,-202.96323437726002,240.76157634314285,-54.03032212794037,-30.423876943073253,-85.31957369006291,50.14232372265747,137.51446538279941,-249.9327807966923,276.3806558032407,-297.11980883867915,-20.417743215792818,-10.30046153330819,83.18810644701641
159,452.046200812611,-28.770659924008278,-33.71713334653406,-134.81774697396185,319.78659304881046,-34.2664084669183,-22.038821360080338,-49.11834089469006,37.677092419119404,83.23203401102836,-164.29856849523003,181.22672137567605,-193.40277778823554,-2.361749795767886,0.43010391818679583,30.639155680924283
160,872.4623460240889,-77.8458020928619,-131.0468575682245,-255.54151906027562,298.90490154507836,-88.24554860843571,-52.64863464948135,-139.75783368289675,29.986538984766867,167.04117238547275,-312.922874543683,346.92169722961137,-424.89074285289405,-9.567263942296156,-16.95733740729141,100.87300319115245
161,620.0470042636055,-27.370439236975745,-85.97324242612092,-179.03174230225963,197.16572214684578,-39.36389425184138,-26.416345055534705,18.17973316505015,28.18361988706595,160.85927644232143,-199.0554124905129,204.97101361049067,-288.2412114917577,-7.871684078638424,25.96853584492687,107.78581760444091
163,718.5660559337612,-64.43938515076431,17.475964271890746,-212.11043350364054,249.99420435689683,-72.44726684404058,-26.48608501991952,-202.938790437725,8.869821086960929,148.59197773008634,-242.76409459118577,281.8625050558956,-337.87970204223825,-67.055085641885,-30.272129507348414,64.1671453757981
164,513.9696085006041,-16.314487808908382,-53.26089648451843,-151.93570714668536,150.72049214581506,-29.732189229037434,-29.554572903432984,31.039659212160124,29.738619872889966,134.9453543933433,-138.17686032290806,148.07035462222285,-236.7783476391568,-29.203470421314535,18.030137158543557,102.81496975494215
165,620.0470042636055,-27.370439236975745,-85.97324242612092,-179.03174230225963,197.16572214684578,-39.36389425184138,-26.416345055534705,18.17973316505015,28.18361988706595,160.85927644232143,-199.0554124905129,204.97101361049067,-288.2412114917577,-7.871684078638424,25.96853584492687,107.78581760444091
166,445.66088344632516,-39.673470112143534,-10.353973844330998,-172.00717816026022,140.5661090454449,-47.894313456285,-25.990114480497454,-67.93084680045308,188.54748588248484,94.9911175036897,-185.61399718689384,180.9986333947549,-227.40565065391317,-14.823900566746461,-7.050103153039987,50.87022765357177
167,396.54324564491475,-26.26106484360364,33.656907848674514,-135.44839756380352,84.48713688226324,-45.482366734588254,-68.53621383280802,-95.00784327588768,38.51660074024216,30.9755577306954,-30.33739819185728,81.53388103831148,-188.77154233291475,-120.14341891475148,-57.290007380101486,84.37618577621554
168,805.6833283480534,-78.25635443256036,-146.54444455577539,-238.73405358305962,277.3527021411261,-84.16417745804921,-55.45684164278335,-113.03583208396022,25.734094498430622,138.75691914927293,-296.32043452066586,337.9246803598841,-380.2969932946685,8.56079473564176,-15.858856607933065,79.26493222579863
169,585.5841106818145,-57.23990624367215,64.84378640370925,-171.8768566876777,195.90204871781444,-52.39528199856015,-28.40923169477627,-75.40478269979083,7.79330887036143,119.31303748821044,-318.3541906786327,251.72315344986845,-282.8021620869249,-33.812109747131416,-16.119039549533053,47.76195832036452
170,465.63584891639414,-54.10364503224126,31.561412229654607,-146.47097095197233,184.28568566373232,-49.507224159574406,-42.34612344596128,-26.704257504808282,4.863916705418463,41.283953374814956,-86.76181480526606,213.30007513496676,-74.02358988106747,-10.695751752057088,-28.79406348545947,-2.6390648696497347
171,649.4154713975272,-61.21945431576528,103.77760969131587,-186.74283368438927,227.13819871380474,-63.333404127331406,-44.43723020821044,-80.79697406620323,13.277587029697745,132.14253007329316,-241.770562785831,276.04857421924885,-298.3719657486876,57.14167511269574,18.881117546248174,69.80130599234799
172,846.1665722017074,-77.10085548041617,-116.79753393695243,-247.46028818948798,288.62165540409336,-84.66950337764814,-53.85383600592123,-113.99336510594448,29.64917014480683,160.45850612479714,-328.88648558160844,342.574805708694,-413.83407308538784,0.9921076931458667,-13.279456331005191,97.14927179796935
173,553.7411296201459,-36.39502681362839,-20.517887116078878,-162.7117854266768,187.2970461321593,-43.422997505679405,-15.451057321182047,-102.05944218235261,32.57013104914654,135.43878778596675,-227.60447107853835,216.05103678276035,-51.807296350706096,-37.499492413341805,-5.88539106339035,83.8040799479415
174,531.9278127501331,-28.04160789965159,-30.451049937247117,-155.07429197186838,176.13464364127884,-36.276194082235705,-14.79758173299247,-58.743993889381194,36.18533656223317,139.3089956948211,-217.2664026371154,198.83589380985117,-41.29823491808436,-24.99687307301448,6.556339506368293,93.41504372044587
175,675.6157152182699,-62.61711566029645,91.9976737548004,-194.8461473733192,237.5862695061419,-67.23195259593817,-43.38560082888658,-108.13932091174443,13.292538208832552,137.95969016504995,-228.47709952505338,281.59541154209944,-309.65469040507685,46.34921605182737,14.434020340880778,72.47132085271816
176,562.9451582549887,-36.39378355601625,-21.394450832412932,-165.0815439667242,190.3113284643783,-44.12928610990547,-15.775644427193505,-103.1971030418499,33.415771965590714,138.4179575505997,-230.58250925365934,218.32235170207292,-57.69876139203987,-37.60725231206886,-5.602598632857733,86.59912527354138
177,564.5291674023148,-59.62897776751854,-26.197303426202783,-209.90592197781274,243.70746653427406,-58.20121549455839,-34.35545201214103,-88.56154584301217,52.89594509313125,126.54890399871594,-259.5870741553763,290.5453610068894,-287.60195533492873,-15.433765281416953,-13.401517007680855,68.70115863540333
178,865.1875381789222,-77.76691181672817,-129.9814540891083,-253.54155368148224,296.5975762690517,-87.94649546683571,-49.29176527119936,-141.04139724723913,29.640753719731887,164.67621779664475,-310.90965070387875,344.9207571631079,-421.5901424547578,-9.739019565961438,-17.76279140929066,99.3315322242192
179,376.974170882298,-45.65739609392988,13.780163446889704,-116.82223279778198,135.59563869520787,-49.89673909667924,-11.854212218878992,163.60300886549484,6.108047327395843,56.59133468792423,-127.47560181478565,158.8386377524588,-173.7214793262005,-56.78444940892934,-42.44259387389285,27.03237491821651
180,645.3524458168856,-60.94585934311483,104.79248411713189,-185.64311895959182,226.15773304453,-62.921853156444676,-44.784018928919,-77.30626924451752,13.301077568052774,130.4660126124822,-238.92720216342207,274.8531573735731,-293.78621536292553,58.495891322782576,19.105762086535638,68.90886562298014
181,528.6609161795517,-51.058504162746225,-9.395618519912013,-202.96323437726002,240.76157634314285,-54.03032212794037,-30.423876943073253,-85.31957369006291,50.14232372265747,137.51446538279941,-249.9327807966923,276.3806558032407,-297.11980883867915,-20.417743215792818,-10.30046153330819,83.18810644701641
182,868.9351890881084,-78.9271270735387,-131.55824806335042,-254.87695346287336,298.1358113814525,-88.59127442290003,-52.97159182295055,-141.53003071302714,29.25814123997252,164.2433599051314,-312.52307625155237,347.79049066227054,-422.08258562918036,-9.179637392917915,-18.02902560995203,98.075473353594
183,754.4846491602556,-68.04427563228586,-29.619842643645427,-223.5672759891157,261.35698087997656,-76.73770927074906,-28.538791375814853,-209.77238740721475,11.738157626013633,152.22286662896462,-257.1173330810628,294.83659898451054,-357.93791139698163,-77.6642851509904,-37.00671635637853,67.89292523217684
184,523.6885534346021,-22.262940259891018,-53.8718221432601,-152.22800231007594,165.9614507040096,-32.70781022963203,-18.417042419409324,72.97368225287502,22.82923100823242,138.03774892006408,-165.29517247017998,170.13061941663452,-239.66789365934048,-18.933840655606758,18.99277360755297,91.41767050860942
185,693.0129812460588,-62.61039046568304,10.530370392762363,-205.40077496269637,239.0150705951654,-68.79781850597283,-19.91924180041736,-195.963957731039,7.724161781022382,143.1870899883732,-256.42298647496415,272.5652399849628,-328.8729389351881,-83.35320808480941,-36.543685725248906,58.63666389425865
186,450.41233669073995,-39.9576470938893,-10.37780237251397,-172.79010792042274,142.7348910947533,-48.28980532168707,-26.007642311332926,-68.57539781365524,191.47755631023617,95.64752501888171,-187.2817083585499,180.04911999949644,-228.78432165330204,-14.688785698239807,-6.7242156636523704,51.753456533014976
187,539.5914177672603,-22.782932790892623,-4.266408057895618,-134.30449443266156,216.15923160892905,-40.26177438780037,-19.13290605859212,-63.180347203427495,179.17748105183557,96.63468724119588,-179.36781896501273,248.09119940498405,-208.10717944350148,-13.169433801091905,-12.821984358180652,46.1633247016842
188,872.4623460240889,-77.8458020928619,-131.0468575682245,-255.54151906027562,298.90490154507836,-88.24554860843571,-52.64863464948135,-139.75783368289675,29.986538984766867,167.04117238547275,-312.922874543683,346.92169722961137,-424.89074285289405,-9.567263942296156,-16.95733740729141,100.87300319115245
189,529.5651641308325,-51.819621169664416,-11.045415622335236,-203.41151040159957,241.2340767846785,-54.529651542005084,-30.76721196490295,-85.80478867550121,49.275676820299054,136.2930771670116,-250.9063340935711,274.8592193970544,-296.26575895849015,-19.828311618780063,-10.261224816432792,82.25038360093662
190,531.8449036868374,-51.27271165337051,-8.358644777360647,-203.89881228000556,242.3484226850859,-54.528050046540656,-30.82776778044457,-85.15780363066746,49.70680868474929,137.29521713892942,-249.65586806702092,274.61127017874725,-295.96785675825686,-20.293971501372088,-10.228230114273373,83.39842485413321
191,553.7411296201459,-36.39502681362839,-20.517887116078878,-162.7117854266768,187.2970461321593,-43.422997505679405,-15.451057321182047,-102.05944218235261,32.57013104914654,135.43878778596675,-227.60447107853835,216.05103678276035,-51.807296350706096,-37.499492413341805,-5.88539106339035,83.8040799479415
192,610.1106397598835,-26.395489261436367,-85.94735985224689,-176.05188748844205,193.71141711046113,-38.39963361161058,-26.116523167992096,21.3976404929381,28.288449617185343,162.1508742685751,-196.29979761361332,201.18850410415854,-282.356091525815,-6.034691620219264,26.67932020576209,107.40190265417493
193,590.360610763755,-24.604169639400844,-58.62559833412193,-170.77271578056218,187.6608161502079,-36.27012010760108,-20.730632838974962,3.489130729652756,23.91419191162302,157.58834593415384,-184.84680182123722,191.72586335320577,-271.499417642779,-22.157738475813737,22.341766904525976,100.44778496100963
194,757.9162760945973,-67.61566538369449,-26.639064453762913,-224.25392440466027,262.29089569495454,-76.71448669410393,-28.36940617946168,-209.57806864567323,12.144137709982749,154.25517294038713,-260.18727915034134,295.16775135378464,-360.9721235095783,-78.28499912579498,-36.70424428279909,69.63673853692238
195,530.6979128364937,-51.07876720957169,-9.502783232196501,-204.08980762537982,241.05534255876898,-54.47625013991473,-30.521191324361848,-85.91828186292491,53.08970589689881,137.850634122866,-251.23280315534024,273.68360917953765,-298.2961401046979,-20.28373296427813,-9.86240601162219,83.97355668674001
196,649.4154713975272,-61.21945431576528,103.77760969131587,-186.74283368438927,227.13819871380474,-63.333404127331406,-44.43723020821044,-80.79697406620323,13.277587029697745,132.14253007329316,-241.770562785831,276.04857421924885,-298.3719657486876,57.14167511269574,18.881117546248174,69.80130599234799
197,528.6609161795517,-51.058504162746225,-9.395618519912013,-202.96323437726002,240.76157634314285,-54.03032212794037,-30.423876943073253,-85.31957369006291,50.14232372265747,137.51446538279941,-249.9327807966923,276.3806558032407,-297.11980883867915,-20.417743215792818,-10.30046153330819,83.18810644701641
198,645.3524458168856,-60.94585934311483,104.79248411713189,-185.64311895959182,226.15773304453,-62.921853156444676,-44.784018928919,-77.30626924451752,13.301077568052774,130.4660126124822,-238.92720216342207,274.8531573735731,-293.78621536292553,58.495891322782576,19.105762086535638,68.90886562298014
199,724.3384576342622,-64.86675214174353,13.618622365674181,-213.79354362814334,252.07457187413786,-73.17677802491178,-26.980057322284154,-204.27077005876376,9.309481919435992,149.5388411832968,-242.67218669702828,283.8026676059341,-340.7369549709754,-66.54213156580747,-30.29180915039524,65.21837739665244
200,320.5472190554885,-17.101997936692715,0.37214950176407735,-106.47391443498277,105.76614811819186,-30.655101060171766,-43.34539556725537,-46.33886282443756,33.41143505412691,42.4107078264232,-311.4468333581276,107.52619871004927,-120.96960279095028,-40.48472645577868,-25.509700320728506,45.42096389847672
201,383.43680129276623,-25.272483489081498,50.09663956578197,-130.50337176060125,80.39804699839443,-43.70189461922456,-72.19901421096861,-71.18249194457385,40.01595147919573,28.307713918083106,-26.809595777779442,80.16284321206112,-176.6190257847889,-93.48173194012284,-46.513808704658025,86.71376109344492
202,556.0208691761508,-35.848117297334475,-17.831116271104285,-163.1990873050828,188.41139203256668,-43.42139601021498,-15.511613136723671,-101.41245713751886,33.00126291359677,136.44092775788457,-226.3540050519882,215.8030875644532,-51.509394150472794,-37.965152295933834,-5.85239636123093,84.9521212011381
203,262.4954441683854,-9.616418146350712,-9.91348339167799,-91.045181048625,123.99642573658038,-25.913444706129056,-41.15290182779603,-42.03090764183218,31.535276423207012,33.24812524465663,-267.04668952141066,80.38221595421747,-94.61481466921835,-39.269998943658486,-23.848893095363238,45.82480164396635
204,422.7739684809445,-27.36942168788637,-10.757876228870161,-124.65731449797401,151.13080775047055,133.24246953437316,-19.329666044736875,-21.633813274504465,22.549085551130368,94.19169882045807,-150.34521704595835,167.23137613443905,-190.545229548203,-14.773148905517106,11.519745107938487,60.88475229856301
205,658.6967119026418,-66.89649295159678,-19.277411506062773,-198.53429080725076,229.67592244538565,-69.03004427242402,-21.613093763949088,-197.9071453464541,3.6643609413312213,122.86402687414846,-225.72352578217922,269.2537162922224,-298.5308178092214,-77.14606833676348,-39.56840646104333,41.19853084680334
206,170.10645427469854,-26.869609411977432,5.431869611924267,-57.51132150717084,69.68205269680334,-18.35557613703835,-25.324225224327492,-7.834453363838936,1.9336686608064628,211.78527223380289,-18.93091387946418,87.3039321072749,-124.04790221690237,-29.609479234489815,-24.688783455024765,-18.674788400652886
207,620.0470042636055,-27.370439236975745,-85.97324242612092,-179.03174230225963,197.16572214684578,-39.36389425184138,-26.416345055534705,18.17973316505015,28.18361988706595,160.85927644232143,-199.0554124905129,204.97101361049067,-288.2412114917577,-7.871684078638424,25.96853584492687,107.78581760444091
208,575.8566544589269,-52.22043816659122,-10.770979524815418,-216.6888942156152,241.92012427517867,-57.66720147365491,-31.89524560673002,-89.69647771724905,91.03623585912885,142.1244735572599,-262.85176477306806,278.7892588317217,-307.9057667970063,-19.987978736397626,-9.41332895957483,85.9328894934372
209,529.7409547572419,-48.4157030922514,-9.31264792317447,-203.13877655382026,241.3990832411731,-54.202049331377246,-30.390132733066398,-85.74778781495384,49.82804333970921,137.59321073844097,-250.63263832127208,274.4680853683535,-297.3586484792663,-20.28664041700896,-10.007554195694286,83.84465869878565
210,588.6965297387555,-38.84242513029813,-44.33059205184655,-172.12622139831967,198.5865653272104,-46.79633826913943,-21.273024527799027,-87.84257278565767,37.35776827873146,141.12256853773724,-243.04880146701947,230.2369773295689,-72.13131309428458,-22.198206566502527,-1.3326182149117716,93.39019860086023
211,559.3715771418931,-52.88551398698704,-11.38287549128916,-206.14476302066305,239.2572832022058,-53.615872904195,-31.320795132426106,-84.01570234057483,61.96466614703009,137.68010024900562,-250.81606786012216,307.50262969206705,-295.1798092897563,-20.839798325170808,-14.142805531017965,76.57291765558637
212,392.5633206366876,-27.039484836291507,-7.689336377234514,-118.85457011439668,151.71391573847708,-35.166403883513816,149.49863725808464,-51.86768643701078,29.763031940253278,73.99269076850798,-117.5109707292749,164.5465189853535,-163.84429608075075,-10.63666061987107,-6.467828255600182,47.11016659371428
213,444.8777532074109,-39.4858221075315,-9.526357590439885,-159.58243223242346,136.84985802680933,-45.65754021797896,-23.948453232583244,-64.13097086297346,212.97627958722964,87.89346086361239,-173.21444095898613,173.0395516005424,-212.5172869889835,-13.494168106246795,-7.114666581789329,44.87210836029209
214,847.1218722180955,-70.5737081595619,-141.49141088451867,-247.2394600080649,286.97340889057205,-81.44447099945633,-52.31811623476098,-98.21458242005575,32.87334675305914,168.11356781398578,-302.1850078101294,330.5753476893615,-411.5735241965586,3.3229819474093976,-5.587295040193384,107.68643712609837
215,620.0470042636055,-27.370439236975745,-85.97324242612092,-179.03174230225963,197.16572214684578,-39.36389425184138,-26.416345055534705,18.17973316505015,28.18361988706595,160.85927644232143,-199.0554124905129,204.97101361049067,-288.2412114917577,-7.871684078638424,25.96853584492687,107.78581760444091
216,553.4560167063224,-50.042379504343444,-6.192910226379309,-145.83669271413237,211.85049137410044,-43.64009435508739,-20.756991214458424,-65.96468447657998,212.28380972762884,100.70301186862945,-187.9219934793097,242.94088073832586,-220.61087632378752,-13.449983426568087,-11.60138787372473,48.7832539490763
217,516.445308980843,-50.76373174014486,66.77027097126341,-158.24022210493473,202.38718024906015,-52.08157722809886,-43.897897847234155,-29.25102935948702,11.046338220075908,65.47315679301359,-99.78330498730156,223.11127434697968,-109.59813981714962,0.6893868207559792,-19.012340358693816,20.386859569596886
218,445.66088344632516,-39.673470112143534,-10.353973844330998,-172.00717816026022,140.5661090454449,-47.894313456285,-25.990114480497454,-67.93084680045308,188.54748588248484,94.9911175036897,-185.61399718689384,180.9986333947549,-227.40565065391317,-14.823900566746461,-7.050103153039987,50.87022765357177
219,645.3524458168856,-60.94585934311483,104.79248411713189,-185.64311895959182,226.15773304453,-62.921853156444676,-44.784018928919,-77.30626924451752,13.301077568052774,130.4660126124822,-238.92720216342207,274.8531573735731,-293.78621536292553,58.495891322782576,19.105762086535638,68.90886562298014
220,417.9377859808137,-78.98804669653386,-88.60662596298177,-138.7587850005516,150.43597710272144,-53.98313281582244,-37.06682362838912,-85.78464859766108,-12.178263665792194,18.264041438116585,-166.59920567062375,236.4960596159554,-133.4007986038256,-3.8994023552927204,-31.88585470605024,-38.88174760079961
221,88.57699316455079,-5.1405832406316945,-0.12051446344931507,140.24274064977934,31.753667870099278,-7.418223960216576,-6.202902512591445,-12.859614044821626,-5.396445676402049,16.666272802332337,-32.1148573768672,38.079432090060145,-39.33197462988309,-6.074158045908818,-3.4027922326598405,12.7425606590946
222,811.8503028582904,-81.3869579663299,-146.60531583577756,-240.59380403404236,279.2825072543136,-84.90172914409935,-55.547687969452966,-115.93655272135955,25.589369305115667,140.13544301057235,-298.1870248888236,339.2632820159536,-383.4919519594211,7.199247441191802,-16.304177066799614,79.71113875051404
223,575.920284020829,-56.82989560831688,81.6111710373639,-167.9923923083554,193.11026337639458,-51.2218362927371,-32.211622751793854,-54.0749020564452,8.788420222782543,116.92077278607726,-315.13961678875285,251.66305740926427,-276.4515344685636,-8.296141866046106,-6.060155833681482,49.63039780267154
224,529.5651641308325,-51.819621169664416,-11.045415622335236,-203.41151040159957,241.2340767846785,-54.529651542005084,-30.76721196490295,-85.80478867550121,49.275676820299054,136.2930771670116,-250.9063340935711,274.8592193970544,-296.26575895849015,-19.828311618780063,-10.261224816432792,82.25038360093662
225,334.7949096254551,-16.86351038232353,-5.519029902087815,-102.32765771669686,313.3488600996246,-22.303316392202984,-15.431530541591114,-31.701395864499624,31.40694448264404,63.973763064107004,-123.74208731851446,133.59513517615426,-137.59824746493425,-6.936431762407898,1.764975560632653,21.03655578639246
226,276.5834097202447,-31.22559712324498,-2.0870268190465926,-87.10574974002131,88.76724543996147,-18.265218503173898,-17.52548107464963,-27.689762589819654,28.055293908136655,61.20655260772055,-83.45057183749417,303.85043483663054,-129.95501519457093,-21.292090099358422,-20.97647059648228,21.717144152693272
227,847.1218722180955,-70.5737081595619,-141.49141088451867,-247.2394600080649,286.97340889057205,-81.44447099945633,-52.31811623476098,-98.21458242005575,32.87334675305914,168.11356781398578,-302.1850078101294,330.5753476893615,-411.5735241965586,3.3229819474093976,-5.587295040193384,107.68643712609837
228,493.5635648533419,-45.539235666876046,46.86688999284111,-151.3039155919488,191.95055756479482,-47.40607196218845,-38.51037550094633,-27.816761655496528,14.093291759741835,65.04892940818567,-99.20130064521985,209.65865621434537,-58.177557147781286,-14.602214201069502,-22.419758524615244,22.66471409214146
229,556.0208691761508,-35.848117297334475,-17.831116271104285,-163.1990873050828,188.41139203256668,-43.42139601021498,-15.511613136723671,-101.41245713751886,33.00126291359677,136.44092775788457,-226.3540050519882,215.8030875644532,-51.509394150472794,-37.965152295933834,-5.85239636123093,84.9521212011381
230,518.3259151039856,-50.91493222318963,66.91080379196774,-158.02506545142637,202.13181764786464,-52.30289035177179,-43.7086733465337,-31.441587891832704,10.046009246838427,65.41245581084374,-99.11901199732041,222.7079780302033,-109.84581882706516,-0.5434372554175547,-19.534024404682633,19.841795225224683
231,556.0208691761508,-35.848117297334475,-17.831116271104285,-163.1990873050828,188.41139203256668,-43.42139601021498,-15.511613136723671,-101.41245713751886,33.00126291359677,136.44092775788457,-226.3540050519882,215.8030875644532,-51.509394150472794,-37.965152295933834,-5.85239636123093,84.9521212011381
232,687.6981863574769,-58.37764032349326,-5.834976479948997,-203.79884260048527,237.65099271771703,-67.05927493124062,-17.35485792370996,-201.38963623529185,12.783168067607805,146.89481009664505,-238.52018649878633,265.61897470944587,-283.3904103668642,-83.8876383281187,-34.31175524640483,66.29470542167154
233,675.6157152182699,-62.61711566029645,91.9976737548004,-194.8461473733192,237.5862695061419,-67.23195259593817,-43.38560082888658,-108.13932091174443,13.292538208832552,137.95969016504995,-228.47709952505338,281.59541154209944,-309.65469040507685,46.34921605182737,14.434020340880778,72.47132085271816
234,446.565131397606,-40.434587119061725,-12.003770946754221,-172.45545418459977,141.03860948698056,-48.39364287034971,-26.33344950232715,-68.41606178589139,187.68083898012642,93.76972928790188,-186.58755048377265,179.47719698856864,-226.5516007737242,-14.234468969733706,-7.010866436164588,49.93250480749199
235,529.7566398290593,-49.52341010268431,-5.109994311849943,-133.4470842000028,206.38392082105204,-38.93877648150405,-19.634835165497876,-59.4379346908775,185.21604676248245,96.15952300891932,-172.99105136875926,267.3849728136944,-206.83777563419443,-14.658455270707693,-15.913158493634912,40.066378670707
236,444.1965224654431,-39.53088013466044,-10.189833266867732,-171.38279662223067,139.61397768563745,-47.83183706631609,-25.879924084719534,-67.99583406115516,187.80792899152584,94.80360037797237,-185.05852157545445,179.81916500187472,-226.7044787694383,-14.81139896180518,-5.912482097979431,53.46433839778187
237,847.1218722180955,-70.5737081595619,-141.49141088451867,-247.2394600080649,286.97340889057205,-81.44447099945633,-52.31811623476098,-98.21458242005575,32.87334675305914,168.11356781398578,-302.1850078101294,330.5753476893615,-411.5735241965586,3.3229819474093976,-5.587295040193384,107.68643712609837
238,510.14663355242124,-48.00640433250236,60.93007899945354,-151.9386084584741,168.83585325727196,-44.68617567930518,-31.993255823602844,-47.18327980809206,12.81518982766838,98.97440833670325,-329.0748709032122,217.95858230742436,-240.97106187701615,-27.821422179740992,-14.938319407076822,44.754329383897286
239,157.28170863775824,-3.8734251572393275,-1.4128313822407323,-83.51363089509331,116.7327636450851,-25.692386188659334,-15.80209792211456,-40.97762501139364,-30.281283865488557,58.37328685480824,-98.98611772306937,135.0442609143435,-147.73215844369764,-15.177367847255375,-9.939340610900679,31.72015982412357
240,530.6979128364937,-51.07876720957169,-9.502783232196501,-204.08980762537982,241.05534255876898,-54.47625013991473,-30.521191324361848,-85.91828186292491,53.08970589689881,137.850634122866,-251.23280315534024,273.68360917953765,-298.2961401046979,-20.28373296427813,-9.86240601162219,83.97355668674001
241,351.39592292381064,96.3579530928959,0.3592259631957049,-103.98642439931314,132.09370905273525,-28.213894260756796,-17.031020858755625,-51.3513168647445,19.59211847699899,68.39751550827036,-125.8647945490343,221.35519867714368,-152.10367473343015,-16.223513504028418,-18.152634725259194,29.049855823770038
242,390.379214131477,-23.18783916675256,-8.399953585167184,-112.20413049665979,307.1560472102842,-25.34357175111802,-15.444904199112504,-36.193254053280654,66.94751686362292,70.79902327511539,-138.6856258999041,161.13120344862347,-153.2638672491596,-4.660928047367957,1.053633032001433,20.720523639233217
243,450.41233669073995,-39.9576470938893,-10.37780237251397,-172.79010792042274,142.7348910947533,-48.28980532168707,-26.007642311332926,-68.57539781365524,191.47755631023617,95.64752501888171,-187.2817083585499,180.04911999949644,-228.78432165330204,-14.688785698239807,-6.7242156636523704,51.753456533014976
244,485.60364949342284,-48.2289296978515,-5.677360476242013,-119.72710040847235,195.71423740621339,-37.67095028791479,-16.748474044369623,-55.60857254476815,173.93795229631854,82.78174576205183,-162.29524162484276,219.2429220678735,-183.72532021503434,-8.936619279008761,-15.637923339797604,84.48626304992275
245,872.36681602245,-78.49851682494733,-128.5774698734679,-255.56360187841793,299.0697261964305,-88.56805184625489,-52.802206626597375,-141.33571195148562,29.664121323941636,166.2756662165539,-315.5930223208309,348.1216430315446,-425.116797741777,-9.80035136772251,-17.726553536372588,99.81928665833955
246,394.1743864716391,-25.728050861698453,31.466212195054567,-134.81944329318156,83.50003071108316,-45.005723181250175,-67.97413525872686,-94.88235932606902,38.910272198727824,30.965785809342186,-30.381344544312547,80.22961659051018,-183.67527869407928,-121.83280736355094,-57.690346166715315,84.63771722421491
247,869.102329955069,-77.87380650660255,-130.0017353866328,-254.65723915370967,301.35731896311773,-88.14359889273726,-52.56108417557226,-141.10379516409157,30.17640843540794,165.48862753684688,-312.2277376637773,346.44681138491507,-422.99397417882363,-9.457065256638746,-17.468106045826207,99.33006995268211
248,668.8611916630624,-61.77984236566585,90.83643815651355,-193.0462674733445,235.15880529452468,-66.72310848867494,-43.175027851523936,-108.00602755766953,13.497547905193597,136.37751848678235,-223.28418660241232,278.0869639063444,-306.44311807215394,51.03690115065434,13.969264532654421,72.25410621161149
249,529.5651641308325,-51.819621169664416,-11.045415622335236,-203.41151040159957,241.2340767846785,-54.529651542005084,-30.76721196490295,-85.80478867550121,49.275676820299054,136.2930771670116,-250.9063340935711,274.8592193970544,-296.26575895849015,-19.828311618780063,-10.261224816432792,82.25038360093662
250,874.2041957068675,-78.60825579263354,-128.0233089071191,-256.03236291281894,299.9204245798658,-88.87084104211976,-53.10784681300779,-142.00376375172957,29.776350494114517,166.65621014873426,-313.75879597075783,348.7312809517942,-425.66480852378015,-8.164405943253962,-17.103021701874347,100.32355936308146
251,675.6157152182699,-62.61711566029645,91.9976737548004,-194.8461473733192,237.5862695061419,-67.23195259593817,-43.38560082888658,-108.13932091174443,13.292538208832552,137.95969016504995,-228.47709952505338,281.59541154209944,-309.65469040507685,46.34921605182737,14.434020340880778,72.47132085271816
252,531.7052539467402,-47.400563424111496,-8.891347797713683,-168.25046234472288,230.8122305546774,-51.68567486282686,-28.953289588588685,-82.08059750046655,59.00146754567023,132.5755744719347,-242.92738884802208,262.7507271688911,-282.3593260142625,-18.898850789911727,-8.978163685595044,81.84955761680112
253,675.6157152182699,-62.61711566029645,91.9976737548004,-194.8461473733192,237.5862695061419,-67.23195259593817,-43.38560082888658,-108.13932091174443,13.292538208832552,137.95969016504995,-228.47709952505338,281.59541154209944,-309.65469040507685,46.34921605182737,14.434020340880778,72.47132085271816
254,529.5651641308325,-51.819621169664416,-11.045415622335236,-203.41151040159957,241.2340767846785,-54.529651542005084,-30.76721196490295,-85.80478867550121,49.275676820299054,136.2930771670116,-250.9063340935711,274.8592193970544,-296.26575895849015,-19.828311618780063,-10.261224816432792,82.25038360093662
255,377.8562505503274,-52.29428238247036,39.02820136080473,-117.51182201360594,138.09458359216438,-53.42456067073591,-13.69557217644967,147.15617437936217,2.9960998893164024,49.31681693091596,-152.3428532361917,171.44773369204094,-176.53003899703276,-57.47937823872432,-49.51122333020642,16.999482294829395
256,847.1218722180955,-70.5737081595619,-141.49141088451867,-247.2394600080649,286.97340889057205,-81.44447099945633,-52.31811623476098,-98.21458242005575,32.87334675305914,168.11356781398578,-302.1850078101294,330.5753476893615,-411.5735241965586,3.3229819474093976,-5.587295040193384,107.68643712609837
257,847.1218722180955,-70.5737081595619,-141.49141088451867,-247.2394600080649,286.97340889057205,-81.44447099945633,-52.31811623476098,-98.21458242005575,32.87334675305914,168.11356781398578,-302.1850078101294,330.5753476893615,-411.5735241965586,3.3229819474093976,-5.587295040193384,107.68643712609837
258,847.1218722180955,-70.5737081595619,-141.49141088451867,-247.2394600080649,286.97340889057205,-81.44447099945633,-52.31811623476098,-98.21458242005575,32.87334675305914,168.11356781398578,-302.1850078101294,330.5753476893615,-411.5735241965586,3.3229819474093976,-5.587295040193384,107.68643712609837
259,445.66088344632516,-39.673470112143534,-10.353973844330998,-172.00717816026022,140.5661090454449,-47.894313456285,-25.990114480497454,-67.93084680045308,188.54748588248484,94.9911175036897,-185.61399718689384,180.9986333947549,-227.40565065391317,-14.823900566746461,-7.050103153039987,50.87022765357177
260,869.102329955069,-77.87380650660255,-130.0017353866328,-254.65723915370967,301.35731896311773,-88.14359889273726,-52.56108417557226,-141.10379516409157,30.17640843540794,165.48862753684688,-312.2277376637773,346.44681138491507,-422.99397417882363,-9.457065256638746,-17.468106045826207,99.33006995268211
261,868.9351890881084,-78.9271270735387,-131.55824806335042,-254.87695346287336,298.1358113814525,-88.59127442290003,-52.97159182295055,-141.53003071302714,29.25814123997252,164.2433599051314,-312.52307625155237,347.79049066227054,-422.08258562918036,-9.179637392917915,-18.02902560995203,98.075473353594
262,534.9350683887207,-34.88302198318072,-21.92321532312218,-164.86335196176017,189.85067214411447,-41.20986626895015,-17.343302328186592,-80.15385685889576,42.57342078152136,136.04579760766524,-234.24740097834982,220.0839999505242,-49.33050625155058,-25.171251651606458,-0.6685506035022059,89.25472339166357
263,847.1218722180955,-70.5737081595619,-141.49141088451867,-247.2394600080649,286.97340889057205,-81.44447099945633,-52.31811623476098,-98.21458242005575,32.87334675305914,168.11356781398578,-302.1850078101294,330.5753476893615,-411.5735241965586,3.3229819474093976,-5.587295040193384,107.68643712609837
264,537.2148079447254,-34.33611246688681,-19.236444478147586,-165.35065384016616,190.96501804452186,-41.20826477348572,-17.40385814372822,-79.50687181406201,43.004552645971586,137.04793757958305,-232.99693495179966,219.83605073221705,-49.03260405131727,-25.636911534198482,-0.6355559013427867,90.40276464486017
265,694.8774642010047,-59.10924533171243,-4.430992264308601,-205.82089079742096,240.1231426450959,-67.68083131065981,-20.86529927910798,-201.68395093953833,12.806535671817553,148.49425851655417,-243.20355811573847,268.8198605778826,-286.9170656538834,-83.94897012987977,-34.27551737348676,66.78245985579188
266,332.2183788011498,-17.19702450215969,-5.302316765209473,-102.05602536549368,313.7168668298352,-22.269364284042737,-14.918418905770963,-31.610518698686832,30.083806237698774,64.43823517302992,-120.14831551432917,134.2818877734996,-138.52671667655162,-6.487418107076042,2.07570936447762,20.781546059397254
267,616.6043865724425,-26.791868517808858,-86.30089534266811,-177.9711808783796,195.8684176043968,-38.75686784230074,-26.276754376677726,20.67520385301833,28.687859273598406,160.5836973318423,-198.74218396631485,203.66007182484447,-282.4393225619932,-6.725964985095089,26.68585080451877,108.25495343936329
268,414.94320869912445,-33.348230845361066,12.048350931509873,-123.04291955575431,150.45912995187197,134.08971412074308,-20.371967760394064,-37.06320263310324,19.306220776953882,84.86040749219765,-174.7968486455508,176.57507799308615,-189.53366480415895,-18.50144845372215,2.8229311524377,49.319071730655374
269,529.5651641308325,-51.819621169664416,-11.045415622335236,-203.41151040159957,241.2340767846785,-54.529651542005084,-30.76721196490295,-85.80478867550121,49.275676820299054,136.2930771670116,-250.9063340935711,274.8592193970544,-296.26575895849015,-19.828311618780063,-10.261224816432792,82.25038360093662
270,811.8503028582904,-81.3869579663299,-146.60531583577756,-240.59380403404236,279.2825072543136,-84.90172914409935,-55.547687969452966,-115.93655272135955,25.589369305115667,140.13544301057235,-298.1870248888236,339.2632820159536,-383.4919519594211,7.199247441191802,-16.304177066799614,79.71113875051404
271,548.0896097415377,-49.70577752411348,-6.074476722410328,-143.58624343308102,209.02781676168715,-42.9521285892733,-20.510664597095207,-64.82630824663539,211.74248633065457,99.18504166951863,-184.691252596591,243.11155320036718,-217.42475702836327,-13.452363007075517,-11.970658798460898,47.135430828219434
272,868.9351890881084,-78.9271270735387,-131.55824806335042,-254.87695346287336,298.1358113814525,-88.59127442290003,-52.97159182295055,-141.53003071302714,29.25814123997252,164.2433599051314,-312.52307625155237,347.79049066227054,-422.08258562918036,-9.179637392917915,-18.02902560995203,98.075473353594
273,620.0470042636055,-27.370439236975745,-85.97324242612092,-179.03174230225963,197.16572214684578,-39.36389425184138,-26.416345055534705,18.17973316505015,28.18361988706595,160.85927644232143,-199.0554124905129,204.97101361049067,-288.2412114917577,-7.871684078638424,25.96853584492687,107.78581760444091
274,377.8562505503274,-52.29428238247036,39.02820136080473,-117.51182201360594,138.09458359216438,-53.42456067073591,-13.69557217644967,147.15617437936217,2.9960998893164024,49.31681693091596,-152.3428532361917,171.44773369204094,-176.53003899703276,-57.47937823872432,-49.51122333020642,16.999482294829395
275,811.8503028582904,-81.3869579663299,-146.60531583577756,-240.59380403404236,279.2825072543136,-84.90172914409935,-55.547687969452966,-115.93655272135955,25.589369305115667,140.13544301057235,-298.1870248888236,339.2632820159536,-383.4919519594211,7.199247441191802,-16.304177066799614,79.71113875051404
276,336.7523131149901,97.78385286772684,2.0006317378283827,-97.74260901901744,122.5723954546606,-27.589130361067703,-15.929116900976403,-52.001189471765265,12.196549567409026,66.52234425109732,-120.31003843464036,209.56051474834166,-145.09195588868135,-16.098497454615618,-6.77642417465363,54.990963265871066
278,212.73330659922536,-34.504807896326824,-1.5891545059345298,-99.63341031635436,136.32491358170134,-32.46764098592042,-16.431362497199224,-69.0335513936574,-32.9692044640277,70.6785540862511,-114.21358882277752,144.92538231505634,-176.37795517962292,-28.85927482173802,-14.329283551536374,35.459464685983136
279,444.1965224654431,-39.53088013466044,-10.189833266867732,-171.38279662223067,139.61397768563745,-47.83183706631609,-25.879924084719534,-67.99583406115516,187.80792899152584,94.80360037797237,-185.05852157545445,179.81916500187472,-226.7044787694383,-14.81139896180518,-5.912482097979431,53.46433839778187
280,494.6373233712292,-45.584792404137744,45.00384725576837,-151.73552274520682,192.2607559360637,-47.536454818391014,-38.08788760572216,-30.18674839364604,13.982723831695044,65.3147365973116,-99.55847552187315,209.66533355219028,-58.88318243871032,-17.437321743412312,-23.537412270820973,22.45710970521846
281,847.1218722180955,-70.5737081595619,-141.49141088451867,-247.2394600080649,286.97340889057205,-81.44447099945633,-52.31811623476098,-98.21458242005575,32.87334675305914,168.11356781398578,-302.1850078101294,330.5753476893615,-411.5735241965586,3.3229819474093976,-5.587295040193384,107.68643712609837
282,494.77563726718563,-38.703657223374826,-35.705487709210345,-148.64379265135418,168.69910460621588,-39.5121391032058,-18.21637796838491,-74.27540565833931,29.90168808752717,111.39157187357752,-213.93271270579072,207.9271244532197,-12.968983671031305,-19.887783503058547,-3.6388584742491235,65.98480968923374
283,438.0849380583917,-80.84558496215878,-111.5138174795365,-144.14319360185434,156.9200366727138,-52.655392950307636,-42.50680497846808,-67.23984377596612,-8.006964344901982,19.796043521070253,-177.42098914549575,246.46778665105384,-145.03051377472676,12.803134816320021,-26.821644291405093,-32.276296354734505
284,392.5633206366876,-27.039484836291507,-7.689336377234514,-118.85457011439668,151.71391573847708,-35.166403883513816,149.49863725808464,-51.86768643701078,29.763031940253278,73.99269076850798,-117.5109707292749,164.5465189853535,-163.84429608075075,-10.63666061987107,-6.467828255600182,47.11016659371428
285,394.8013959621361,-25.498611143832008,30.633359187569084,-134.95755371126037,83.47161384747585,-44.857074300904216,-68.07700166928157,-92.76191320705486,38.72678923089452,31.360519967433873,-29.501476764782417,79.7242973161286,-187.99747666202876,-121.54627691379366,-57.14432308551854,84.92562960428653
286,524.6844550531627,-55.32604385514155,65.74022068835451,-155.0152533416943,176.28305078885714,-49.56248330146229,-26.589613577575264,-7.252210797607327,7.14800879944589,100.70930392733116,-298.7106534334179,232.06807206333568,-253.82789103222345,-30.075257850846874,-19.487712489552877,39.783075888818644
287,581.8702358454524,-52.84672136945927,92.16525370844744,-168.74403468464226,202.86355659763262,-58.24496305469918,-42.331500434583944,-79.4640405254542,15.327683993308208,116.32081329061707,-189.84143355942047,240.9640978616987,-266.2562424194589,104.0185261009655,14.233559463984601,67.62915958128124
288,537.5817911784126,-46.2430608373012,-5.621717684262243,-134.37885229612658,246.14700825458812,-39.09709101112299,-18.832922454475078,-59.61611712125776,182.08552225059583,96.10014724568886,-178.26548440199753,237.75529497995672,-206.11716044654176,-11.736482638778764,-9.917118632542724,43.374728696628914
289,515.4147769016807,-50.75963651824172,68.2196855626917,-157.1246972637675,200.9709208931605,-51.86971829970437,-43.82552105534746,-28.40354935343924,10.044348004712337,64.76610468953741,-100.59606347074015,222.09166277210878,-108.59218275413303,0.655724862456709,-19.039902492975145,19.545126907405773
290,320.5472190554885,-17.101997936692715,0.37214950176407735,-106.47391443498277,105.76614811819186,-30.655101060171766,-43.34539556725537,-46.33886282443756,33.41143505412691,42.4107078264232,-311.4468333581276,107.52619871004927,-120.96960279095028,-40.48472645577868,-25.509700320728506,45.42096389847672
291,874.2041957068675,-78.60825579263354,-128.0233089071191,-256.03236291281894,299.9204245798658,-88.87084104211976,-53.10784681300779,-142.00376375172957,29.776350494114517,166.65621014873426,-313.75879597075783,348.7312809517942,-425.66480852378015,-8.164405943253962,-17.103021701874347,100.32355936308146
292,847.1218722180955,-70.5737081595619,-141.49141088451867,-247.2394600080649,286.97340889057205,-81.44447099945633,-52.31811623476098,-98.21458242005575,32.87334675305914,168.11356781398578,-302.1850078101294,330.5753476893615,-411.5735241965586,3.3229819474093976,-5.587295040193384,107.68643712609837
293,553.7411296201459,-36.39502681362839,-20.517887116078878,-162.7117854266768,187.2970461321593,-43.422997505679405,-15.451057321182047,-102.05944218235261,32.57013104914654,135.43878778596675,-227.60447107853835,216.05103678276035,-51.807296350706096,-37.499492413341805,-5.88539106339035,83.8040799479415
294,496.65624339032814,-38.854857706419594,-35.564954888506016,-148.42863599784584,168.44374200502037,-39.73345222687872,-18.027153467684457,-76.465964190685,28.901359114289697,111.33087089140767,-213.26841971580959,207.5238281364433,-13.216662680946857,-21.12060757923208,-4.160542520237938,65.43974534486154
295,715.1344289994195,-64.86799539935569,14.495186082008237,-211.42378508809597,249.06028954191885,-72.47048942068572,-26.655470216272697,-203.13310919926653,8.463841002991813,146.55967141866384,-239.6941485219073,281.5313526866215,-334.8454899296416,-66.43437166708041,-30.574601580927855,62.42333207105256
296,874.2041957068675,-78.60825579263354,-128.0233089071191,-256.03236291281894,299.9204245798658,-88.87084104211976,-53.10784681300779,-142.00376375172957,29.776350494114517,166.65621014873426,-313.75879597075783,348.7312809517942,-425.66480852378015,-8.164405943253962,-17.103021701874347,100.32355936308146
297,166.70799373190863,-26.757581231759637,4.651622967384566,-56.21784249271265,69.4382010061355,-17.872278062898612,-21.011244226168838,-7.14807744807051,1.2958352191990992,211.95257340904405,-20.007878112247543,87.50683168706934,-122.40185932496338,-27.821521249376342,-23.90160197133147,-19.894827383890235
298,553.3919392537497,-35.34683973703565,-18.160846497297058,-162.6698646597439,186.00266271042625,-43.261516623754844,-16.084211767589505,-102.25718463233305,33.59057697051327,135.70434450223894,-224.91408129808133,212.97840370380325,-52.96089606822256,-39.84683257149881,-6.406338346422276,86.28017780180406
299,276.5834097202447,-31.22559712324498,-2.0870268190465926,-87.10574974002131,88.76724543996147,-18.265218503173898,-17.52548107464963,-27.689762589819654,28.055293908136655,61.20655260772055,-83.45057183749417,303.85043483663054,-129.95501519457093,-21.292090099358422,-20.97647059648228,21.717144152693272
300,389.0180162933814,100.33490536343122,-10.339695910154385,-113.48590324659487,141.1204201129352,-29.178499899414028,-18.154186693934967,-35.83551909095216,18.82243149662985,81.74865743734914,-135.31502606281234,193.43279958236317,-168.51049970066535,-14.732927093161425,-7.372682974802851,48.083541969854636
301,813.5217115278966,-70.85375229696841,-131.0401890686013,-238.39666094240533,311.49758307096505,-80.42497384247172,-51.4426114956701,-111.67419723200379,34.77204125946984,152.58811932772718,-295.2336390110728,325.82648924239857,-392.60583745585416,4.424968803983505,-10.6949814255414,92.25710474139504
302,693.0129812460588,-62.61039046568304,10.530370392762363,-205.40077496269637,239.0150705951654,-68.79781850597283,-19.91924180041736,-195.963957731039,7.724161781022382,143.1870899883732,-256.42298647496415,272.5652399849628,-328.8729389351881,-83.35320808480941,-36.543685725248906,58.63666389425865
303,579.0067456349738,-56.357557116090696,62.77567719991819,-170.2714783026896,193.47460770590217,-51.74171593721696,-28.38739500195717,-74.71562047495551,8.195985830850011,117.51840104327304,-319.7477160900786,248.35270593968445,-279.25411482777014,-35.764637778500905,-17.006855906872588,47.2743514784871
304,645.3524458168856,-60.94585934311483,104.79248411713189,-185.64311895959182,226.15773304453,-62.921853156444676,-44.784018928919,-77.30626924451752,13.301077568052774,130.4660126124822,-238.92720216342207,274.8531573735731,-293.78621536292553,58.495891322782576,19.105762086535638,68.90886562298014
305,813.5217115278966,-70.85375229696841,-131.0401890686013,-238.39666094240533,311.49758307096505,-80.42497384247172,-51.4426114956701,-111.67419723200379,34.77204125946984,152.58811932772718,-295.2336390110728,325.82648924239857,-392.60583745585416,4.424968803983505,-10.6949814255414,92.25710474139504
306,515.1130300202387,-48.097510327853364,-3.468588537217266,-127.2032688197071,196.86260722297737,-38.314012581814964,-18.532931207718658,-60.087807297898266,177.8204778528925,94.28435175174629,-167.43629525436532,255.59028888489243,-199.8260567894456,-14.533439221294893,-4.5369479430293485,66.00748611280802
307,583.5580476009658,-24.46623029007689,-44.40667383595989,-167.6709933380838,185.78850157132496,-35.39301353058181,-25.14384390717094,26.525070290353085,25.347302854393106,155.49659356392482,-183.01737151061965,192.98961460454564,-266.7524068802227,5.070345599223365,32.87509288903821,103.07078814635207
308,583.4207094769067,-52.889429904983935,-6.294329351539767,-155.95157701051616,234.6106669451849,-45.81843413964489,-22.098101339130018,-70.82169699032323,190.6292807322252,111.3392250000276,-205.29846019594626,265.67824819328115,-238.698968588437,-14.634659465633389,-12.220449246273237,56.54460987927563
310,534.7890762483294,-28.313679185682915,-32.999510072739746,-155.8570339087123,177.05411440381573,-36.572533211039485,-15.408401744170861,-57.03793497202651,36.62333615258214,139.60950802672528,-218.65154621637762,200.1597411017952,-42.901851773889334,-23.28475687906267,7.030781775028957,94.1696074234813
311,431.2663716644834,-30.64709840977179,-33.07883528724431,-129.60440586743064,164.54167004592907,-39.18452360303816,139.9968434997165,-38.13945050610383,34.168056690078835,79.24361362876506,-134.5687266654297,181.60219303132467,-184.66075599875177,5.224007400011724,-2.181289607782973,55.44022637600781
312,811.8503028582904,-81.3869579663299,-146.60531583577756,-240.59380403404236,279.2825072543136,-84.90172914409935,-55.547687969452966,-115.93655272135955,25.589369305115667,140.13544301057235,-298.1870248888236,339.2632820159536,-383.4919519594211,7.199247441191802,-16.304177066799614,79.71113875051404
313,807.7872772776489,-81.11336299367944,-145.59044140996156,-239.4940893092449,278.302041585039,-84.49017817321261,-55.894476690161525,-112.44584789967384,25.612859843470694,138.45892554976135,-295.34366426641475,338.06786517027786,-378.906201573659,8.553463651278637,-16.07953252651215,78.81869838114619
314,301.676186827688,133.2435474086154,0.8090867499471958,-88.35332609141413,116.78456126185463,-25.75656612315797,-14.12581908552518,-45.1802055828857,13.961999771915183,55.64374493660151,-112.3931730150876,162.39208738457515,-127.57674925126717,-10.23600950492727,-13.407089031795413,25.79417263075123
315,695.4522737271633,-62.56938531400697,10.42040637096052,-206.2862058090448,239.91047789406727,-69.06859801991368,-23.71348664940669,-196.23716201069414,8.262435515893594,143.37244589552535,-260.6656571532892,273.0053162634651,-329.39955774505563,-83.73112249347142,-36.77173237517212,59.14108419124347
316,579.7415437113137,-53.088144455241675,-12.454522614134033,-217.41049550186108,242.19494535846704,-58.07515302393862,-32.29393894531203,-90.00278406919472,91.43848788944355,141.0417876496715,-263.8162914466019,280.5321634550367,-306.94312194994393,-19.499695810023947,-9.76225031415795,84.4274200528224
317,668.436437374742,-61.88551065207728,90.59368953916,-192.82409917638353,235.11411957876302,-66.61039621651898,-39.875159473488566,-107.84500620749795,13.269170604622804,136.36024174514083,-223.79372790810123,278.3945256736627,-306.12803511805765,46.41054785358844,14.397782467962706,71.98356641859782
318,326.2033575947284,-23.712037408425548,13.9925406487036,-103.76684431772453,281.41995674984184,-32.975125256271895,-18.068136708536297,-70.21478341570156,-4.1406136309391535,80.6670735844441,-105.79463741321679,127.45897419432971,-167.91051965769284,-35.45071333132065,-11.577850433976037,53.71057216519442
319,618.9732457457181,-27.324882499714047,-84.11019968904819,-178.60013514900157,196.8555237755769,-39.233511395638814,-26.83883295075888,20.549719903199666,28.294187815112743,160.59346925319554,-198.6982376138596,204.96433627264574,-287.5355862008287,-5.036576536295613,27.0861895911326,107.9934219913639
321,585.5841106818145,-57.23990624367215,64.84378640370925,-171.8768566876777,195.90204871781444,-52.39528199856015,-28.40923169477627,-75.40478269979083,7.79330887036143,119.31303748821044,-318.3541906786327,251.72315344986845,-282.8021620869249,-33.812109747131416,-16.119039549533053,47.76195832036452
322,382.74657258279905,-46.08476308490911,9.922821540673139,-118.5053429222848,137.6760062124489,-50.626250277550426,-12.348184521243622,162.2710292444561,6.547708159870904,57.53819814113471,-127.38369392062815,160.77880030249733,-176.5787322549376,-56.27149533285179,-42.462273516939675,28.08360693907085
323,691.0966469002667,-58.489668503711066,-5.054729835409295,-205.09232161494347,237.89484440838487,-67.54257300538038,-21.667838921868615,-202.07601215106027,13.421001509215166,146.72750892140388,-237.44322226600298,265.41607512965146,-285.03645325880325,-85.67559631323216,-35.098936730098124,67.5147444049089
324,805.6746785886046,-80.60695194303722,-146.7206995782185,-238.78707312167523,280.40920326629674,-84.04410413851429,-55.42341322724161,-112.66659739557203,26.09999517445588,138.70205320955904,-296.2987917051898,336.97213511122953,-380.1154923235356,8.741695670149829,-15.551607664545747,78.9252537270377
325,611.6072983901472,-55.02368603575158,97.54023398030891,-179.45714185961444,204.8552163466945,-61.95082107453702,-52.4626266358168,-84.71758618142259,19.42224540367388,114.47503412179019,-184.16720428847592,242.0107197369374,-279.5658417978856,39.87541327917172,10.646923980134485,77.12415148351819
326,361.7638207282767,5.2560882740005,-7.623819191585854,-108.39282309569514,291.29383429156604,-23.927500318379217,-15.022157981600257,-37.171723694243646,34.74434844877922,66.44167207899235,-131.78122902102976,154.60223189554156,-145.41702258265934,-5.867438790786423,0.13888582024567747,18.631453403415925
327,268.62125504125265,-28.557569396529892,-3.4993027913611274,-84.46025469131524,101.2061310443712,176.9513722590564,-14.630269193069285,-58.47259418797309,14.627792385908908,40.8226707497157,-94.85633192888977,126.1777317154148,-114.49398816096212,-10.525802583022896,-27.89255079949444,18.701583617129636
328,847.1218722180955,-70.5737081595619,-141.49141088451867,-247.2394600080649,286.97340889057205,-81.44447099945633,-52.31811623476098,-98.21458242005575,32.87334675305914,168.11356781398578,-302.1850078101294,330.5753476893615,-411.5735241965586,3.3229819474093976,-5.587295040193384,107.68643712609837
329,367.5568077522018,-35.57815947275125,-8.95061243965623,-149.01988201173472,117.1388311161981,-42.61640020176832,-23.21959175670537,-59.47454706587831,170.98658598298533,79.94236262969822,-156.62759547587447,149.89127525811418,-199.81652666382874,-13.833830084922589,-6.491960761080324,41.71728551121025
330,693.0129812460588,-62.61039046568304,10.530370392762363,-205.40077496269637,239.0150705951654,-68.79781850597283,-19.91924180041736,-195.963957731039,7.724161781022382,143.1870899883732,-256.42298647496415,272.5652399849628,-328.8729389351881,-83.35320808480941,-36.543685725248906,58.63666389425865
331,517.7300036437945,-26.593988188326033,-76.93894137638028,-152.40567410619371,163.58518083930963,-31.40487834535757,-23.03980452529748,32.79487936303638,19.763553007086607,128.5210056561149,-165.66331848631293,178.30005606223884,-224.34188357038732,-5.759647617136508,28.864933263191144,78.64046421965088
332,391.0604448202069,-76.7364311636056,-87.59275806355228,-139.2188902193678,149.79658655654808,-51.01031157277677,-38.38846088884112,-62.854895602130625,0.7934142267382066,17.44943845103652,-170.59056645708338,237.08209764688996,-127.06292460954404,8.081176959671598,-26.55298787188411,-34.502976396874026
333,342.6845488550013,96.98834553365371,0.5012672239236248,-101.32675023374057,128.57426568171002,-27.242138981300876,-16.863728346314943,-48.08736936315631,19.311567162303206,66.75272916561207,-122.74287104485734,220.74969906308118,-147.96870454361547,-14.980567403421036,-16.86260054894599,30.541207791495484
334,531.8449036868374,-51.27271165337051,-8.358644777360647,-203.89881228000556,242.3484226850859,-54.528050046540656,-30.82776778044457,-85.15780363066746,49.70680868474929,137.29521713892942,-249.65586806702092,274.61127017874725,-295.96785675825686,-20.293971501372088,-10.228230114273373,83.39842485413321
335,588.6307259078919,-53.356969321433205,-6.165065322519933,-156.86029638993935,236.88421274077655,-46.281785017157546,-22.057889074504182,-73.55192357975149,187.22289298172063,112.46032547690199,-206.56488573003588,267.8013260381665,-240.95643562775805,-15.999114212814185,-12.810917889211884,56.861918416036694
336,754.1354587938592,-66.99608855569312,-27.262802024863607,-223.52535522218278,260.0625974582435,-76.57622838882449,-29.171945822222312,-209.97012985719516,12.758603547380364,152.4884233452368,-254.42694330060573,291.7639659055535,-359.0915111144981,-80.01162530914739,-37.527663639410456,70.36902308603939
338,567.5098087034208,-59.735567049250804,-26.231049413098177,-210.17924723971907,243.50978717602678,-58.109837630777385,-34.41081032889335,-88.38263720951953,54.164844025804356,126.68760630691536,-259.5780475320314,293.80970203639066,-287.49336036805533,-15.53491395205603,-13.789675079139373,68.13341204086831
339,645.3524458168856,-60.94585934311483,104.79248411713189,-185.64311895959182,226.15773304453,-62.921853156444676,-44.784018928919,-77.30626924451752,13.301077568052774,130.4660126124822,-238.92720216342207,274.8531573735731,-293.78621536292553,58.495891322782576,19.105762086535638,68.90886562298014
340,868.9351890881084,-78.9271270735387,-131.55824806335042,-254.87695346287336,298.1358113814525,-88.59127442290003,-52.97159182295055,-141.53003071302714,29.25814123997252,164.2433599051314,-312.52307625155237,347.79049066227054,-422.08258562918036,-9.179637392917915,-18.02902560995203,98.075473353594
341,693.0129812460588,-62.61039046568304,10.530370392762363,-205.40077496269637,239.0150705951654,-68.79781850597283,-19.91924180041736,-195.963957731039,7.724161781022382,143.1870899883732,-256.42298647496415,272.5652399849628,-328.8729389351881,-83.35320808480941,-36.543685725248906,58.63666389425865
342,617.1358660613007,-27.215143532027838,-84.66436065539698,-178.13137411460073,196.00482539214164,-38.93072219977396,-26.533192764348467,21.217771703443614,28.18195864493986,160.21292532101512,-200.53246396393263,204.35469835239616,-286.9875754188256,-6.67252196076416,26.46265775663436,107.489149286622
343,576.5674531538691,-56.39856226776677,62.88564122172003,-169.38604745634117,192.57920040700031,-51.470936423276115,-24.593150152967837,-74.4424161953004,7.657712095978801,117.33304513612094,-315.50504541175354,247.9126296611821,-278.7274960179026,-35.38672336983889,-16.778809256949366,46.76993118150228
344,382.74657258279905,-46.08476308490911,9.922821540673139,-118.5053429222848,137.6760062124489,-50.626250277550426,-12.348184521243622,162.2710292444561,6.547708159870904,57.53819814113471,-127.38369392062815,160.77880030249733,-176.5787322549376,-56.27149533285179,-42.462273516939675,28.08360693907085
345,548.0896097415377,-49.70577752411348,-6.074476722410328,-143.58624343308102,209.02781676168715,-42.9521285892733,-20.510664597095207,-64.82630824663539,211.74248633065457,99.18504166951863,-184.691252596591,243.11155320036718,-217.42475702836327,-13.452363007075517,-11.970658798460898,47.135430828219434
346,649.4154713975272,-61.21945431576528,103.77760969131587,-186.74283368438927,227.13819871380474,-63.333404127331406,-44.43723020821044,-80.79697406620323,13.277587029697745,132.14253007329316,-241.770562785831,276.04857421924885,-298.3719657486876,57.14167511269574,18.881117546248174,69.80130599234799
347,356.98674835638593,-23.57067185436083,41.94260936976195,-124.88285746908696,74.99267856078487,-41.49723988192357,-71.58161314466942,-62.47078179718004,38.64093819574565,14.476190311711525,-2.260966844421464,69.58638991939901,-143.61966376622271,-109.43636435622594,-56.16121572343256,75.24417769561406
348,645.3524458168856,-60.94585934311483,104.79248411713189,-185.64311895959182,226.15773304453,-62.921853156444676,-44.784018928919,-77.30626924451752,13.301077568052774,130.4660126124822,-238.92720216342207,274.8531573735731,-293.78621536292553,58.495891322782576,19.105762086535638,68.90886562298014
349,510.25743905143315,-49.858494765358934,46.87504821419701,-164.49270351909007,207.78742737250855,-51.393587677068155,-41.37603940129648,-33.235869949870995,18.94361969874534,68.6775375238013,-109.33369066366501,226.8077145764162,-114.4252816372,-16.56627191711032,-25.493721406851783,23.216394799716742
350,426.70899049702814,-27.687049711179387,-15.169379101435528,-125.87166358807599,152.36047688427632,132.81574754936682,-19.517998160691093,-22.29774109529929,22.87651721343255,94.75801834148814,-152.0875355018739,168.56190076422794,-192.854471694937,-15.896140253908104,10.87653363039342,61.431711614675436
351,640.9995922854408,-56.197325666793816,0.46687035683773265,-192.39257098385096,257.38206623068334,-65.15061456329578,-21.13215601633855,-195.10828498806347,4.552512770688209,136.10772522369498,-214.55997469602067,248.8392330097027,-307.3496984708265,-83.60982955497741,-35.55276074821575,60.07579723321424
352,583.5887490044478,-52.61120443006924,-10.828554039893785,-217.74514923768405,243.8912269662398,-57.97131547527598,-31.968131754317806,-90.16212009695857,95.23520521955328,142.91958338065132,-264.5104493213792,281.10408646596454,-309.1758428295218,-19.954012538530048,-9.475599541645732,86.24837177834539
353,750.7369982510694,-66.88406037547533,-28.04304866940331,-222.23187620772458,259.8187457675757,-76.09293031468475,-24.858964824063662,-209.28375394142674,12.120770105773001,152.65572452047797,-255.5039075333891,291.9668654853479,-357.4454682225591,-78.22366732403393,-36.74048215571716,69.14898410280203
354,618.9732457457181,-27.324882499714047,-84.11019968904819,-178.60013514900157,196.8555237755769,-39.233511395638814,-26.83883295075888,20.549719903199666,28.294187815112743,160.59346925319554,-198.6982376138596,204.96433627264574,-287.5355862008287,-5.036576536295613,27.0861895911326,107.9934219913639
355,450.41233669073995,-39.9576470938893,-10.37780237251397,-172.79010792042274,142.7348910947533,-48.28980532168707,-26.007642311332926,-68.57539781365524,191.47755631023617,95.64752501888171,-187.2817083585499,180.04911999949644,-228.78432165330204,-14.688785698239807,-6.7242156636523704,51.753456533014976
356,459.3283370517652,-42.81376382928049,53.9713124934401,-145.1293122768419,170.0161300403456,-47.13674005044223,-48.640943641733635,-24.06576519763022,15.389132337784911,44.05867558514929,-58.664820696967695,180.75748328536798,-84.07989609441705,-32.73690379032644,-32.740198274990085,22.878961883969758
357,847.1218722180955,-70.5737081595619,-141.49141088451867,-247.2394600080649,286.97340889057205,-81.44447099945633,-52.31811623476098,-98.21458242005575,32.87334675305914,168.11356781398578,-302.1850078101294,330.5753476893615,-411.5735241965586,3.3229819474093976,-5.587295040193384,107.68643712609837
358,535.907929267479,-51.54630662602096,-9.373519203176665,-204.998527004803,243.32888835436063,-54.939601017427385,-30.48097905973601,-88.64850845235317,49.68331814639426,138.9717345997404,-252.49922868942986,275.806687024423,-300.55360714401894,-21.64818771145892,-10.452874654560837,84.29086522350106
360,872.36681602245,-78.49851682494733,-128.5774698734679,-255.56360187841793,299.0697261964305,-88.56805184625489,-52.802206626597375,-141.33571195148562,29.664121323941636,166.2756662165539,-315.5930223208309,348.1216430315446,-425.116797741777,-9.80035136772251,-17.726553536372588,99.81928665833955
361,867.1792009607084,-77.82795944824241,-129.594494788568,-254.20140163101888,300.7800843570711,-88.17964871140913,-52.595384726872574,-141.23191196580385,29.425442873915625,165.50274693847854,-311.3418312555226,345.6363594464338,-422.8189648931924,-9.833123439406293,-17.635729754061447,99.93825893523614
362,649.4154713975272,-61.21945431576528,103.77760969131587,-186.74283368438927,227.13819871380474,-63.333404127331406,-44.43723020821044,-80.79697406620323,13.277587029697745,132.14253007329316,-241.770562785831,276.04857421924885,-298.3719657486876,57.14167511269574,18.881117546248174,69.80130599234799
363,517.0746447601072,-13.083804057129239,-9.178147688641555,-192.27422349252774,226.68045387903751,-51.74022144545535,-28.095616244021866,-81.11652496045892,56.42790838509323,127.68373246570711,-239.637198446614,247.57441559197997,-275.1795716337093,-16.54106761996466,-9.296002338068327,76.01426833690125
364,445.66088344632516,-39.673470112143534,-10.353973844330998,-172.00717816026022,140.5661090454449,-47.894313456285,-25.990114480497454,-67.93084680045308,188.54748588248484,94.9911175036897,-185.61399718689384,180.9986333947549,-227.40565065391317,-14.823900566746461,-7.050103153039987,50.87022765357177
365,392.5633206366876,-27.039484836291507,-7.689336377234514,-118.85457011439668,151.71391573847708,-35.166403883513816,149.49863725808464,-51.86768643701078,29.763031940253278,73.99269076850798,-117.5109707292749,164.5465189853535,-163.84429608075075,-10.63666061987107,-6.467828255600182,47.11016659371428
366,433.8384178725593,-55.805498592491,-2.5687663624663597,-133.85207940609095,157.88273572978727,-60.09438004576378,-18.176083036569533,136.08230823780724,7.602896704719376,59.17041369975919,-150.58785286754187,189.03977547024323,-204.3285026135178,-53.752695476991036,-49.56233546609174,28.061246331443765
367,811.8503028582904,-81.3869579663299,-146.60531583577756,-240.59380403404236,279.2825072543136,-84.90172914409935,-55.547687969452966,-115.93655272135955,25.589369305115667,140.13544301057235,-298.1870248888236,339.2632820159536,-383.4919519594211,7.199247441191802,-16.304177066799614,79.71113875051404
368,868.9351890881084,-78.9271270735387,-131.55824806335042,-254.87695346287336,298.1358113814525,-88.59127442290003,-52.97159182295055,-141.53003071302714,29.25814123997252,164.2433599051314,-312.52307625155237,347.79049066227054,-422.08258562918036,-9.179637392917915,-18.02902560995203,98.075473353594
369,420.9365887965271,-27.25968272020016,-11.31203719521896,-124.18855346357317,150.2801093670353,133.545258730238,-19.02402585832646,-20.965761474260514,22.43685638095749,93.81115488827767,-152.1794433960314,166.62173821418943,-189.9972187661999,-16.40909432998565,10.896213273440246,60.38047959382109
370,532.465311576316,-50.967735906854074,-9.701172119723859,-203.93796558092302,242.03158381191167,-54.33257460788674,-30.341388380879035,-86.15303776438499,50.18755753292672,138.69615548926126,-252.1860001652318,274.49574523877675,-294.7517182142544,-20.502468617915586,-9.735559694968941,84.76000105842344
371,868.9351890881084,-78.9271270735387,-131.55824806335042,-254.87695346287336,298.1358113814525,-88.59127442290003,-52.97159182295055,-141.53003071302714,29.25814123997252,164.2433599051314,-312.52307625155237,347.79049066227054,-422.08258562918036,-9.179637392917915,-18.02902560995203,98.075473353594
372,597.4155311095366,-51.97783142806547,-14.438411489407624,-215.89207505729317,251.9573578898938,-56.638397703658704,-30.495909510483916,-92.3503430837956,62.417004249722524,149.49700131362417,-273.34826154551735,288.6535240474278,-271.4989030455092,-21.687052346398495,-8.49378714762547,92.29186376965671
373,334.49681490686385,-17.197521346525424,-5.338570485482978,-102.09781297804219,313.456376799417,-18.88460548898442,-14.959949178907145,-32.041164762044986,30.98557935623129,64.09216986997268,-120.09871573518193,134.30982652565282,-137.8741810912158,-6.381329024979923,1.648139253283206,20.495647388491268
374,531.8449036868374,-51.27271165337051,-8.358644777360647,-203.89881228000556,242.3484226850859,-54.528050046540656,-30.82776778044457,-85.15780363066746,49.70680868474929,137.29521713892942,-249.65586806702092,274.61127017874725,-295.96785675825686,-20.293971501372088,-10.228230114273373,83.39842485413321
375,517.5730328272338,-33.23456206043564,-8.837779259464446,-153.516811435414,179.84256361028966,-39.49612414856153,-18.821936123801155,-67.80555521000174,34.2130067320295,121.41297159275561,-201.42805244028912,205.44763227014795,-9.989961668698285,-24.544382328978774,-3.3089114526549293,77.46522222119968
377,530.6979128364937,-51.07876720957169,-9.502783232196501,-204.08980762537982,241.05534255876898,-54.47625013991473,-30.521191324361848,-85.91828186292491,53.08970589689881,137.850634122866,-251.23280315534024,273.68360917953765,-298.2961401046979,-20.28373296427813,-9.86240601162219,83.97355668674001
378,847.1218722180955,-70.5737081595619,-141.49141088451867,-247.2394600080649,286.97340889057205,-81.44447099945633,-52.31811623476098,-98.21458242005575,32.87334675305914,168.11356781398578,-302.1850078101294,330.5753476893615,-411.5735241965586,3.3229819474093976,-5.587295040193384,107.68643712609837
379,582.6416911567973,-52.236259192431326,-11.110279111522658,-217.93695068118456,242.9924523857002,-57.878076089820276,-31.868115361288115,-90.3510331580785,92.3503686020712,143.44486597192116,-265.09595751826265,280.1686892967591,-305.4290812057082,-20.17385280915947,-9.236585192694099,86.93703751030921
380,617.1358660613007,-27.215143532027838,-84.66436065539698,-178.13137411460073,196.00482539214164,-38.93072219977396,-26.533192764348467,21.217771703443614,28.18195864493986,160.21292532101512,-200.53246396393263,204.35469835239616,-286.9875754188256,-6.67252196076416,26.46265775663436,107.489149286622
381,645.3524458168856,-60.94585934311483,104.79248411713189,-185.64311895959182,226.15773304453,-62.921853156444676,-44.784018928919,-77.30626924451752,13.301077568052774,130.4660126124822,-238.92720216342207,274.8531573735731,-293.78621536292553,58.495891322782576,19.105762086535638,68.90886562298014
382,268.3821369139536,-16.229605198791745,8.427200351728793,-86.91388428415505,293.916586003478,-24.825597185427625,-17.013721402376998,-38.17915797862105,1.2930767247651396,66.89949509534114,-88.65462403279405,105.878029776878,-136.45516544557182,-21.14922239013136,-4.695367888982428,46.39868124654345
383,224.74867638306785,-1.6301991077354885,5.259077637017403,-63.437042545974535,56.61723248818217,-17.403085599130396,-12.75880903671872,-34.3220887754137,-5.624404109430583,54.27587347160293,-67.53929172448123,236.19422417793675,-104.16629154773345,-19.510952042013447,27.552695715923633,131.9582907815556
384,527.1965551986697,-50.915914185263134,-9.231477942448747,-202.33885283923047,239.8094449833354,-53.967845737971466,-30.313686547295333,-85.38456095076499,49.40276683169847,137.3269482570821,-249.3773051852529,275.2011874103605,-296.41863695420426,-20.405241610851537,-9.162840478247634,85.78221719122651
385,537.2148079447254,-34.33611246688681,-19.236444478147586,-165.35065384016616,190.96501804452186,-41.20826477348572,-17.40385814372822,-79.50687181406201,43.004552645971586,137.04793757958305,-232.99693495179966,219.83605073221705,-49.03260405131727,-25.636911534198482,-0.6355559013427867,90.40276464486017
386,386.87941898392916,-25.85105420824838,50.42429248232917,-131.56393318448124,81.69535154084339,-44.308921028765205,-72.33860488982559,-73.67796263254203,39.511712092663274,28.583293028562228,-27.122824301977484,81.47378499770733,-182.42091471455345,-94.62745103366618,-47.23112366424992,86.24462525852253
387,530.6979128364937,-51.07876720957169,-9.502783232196501,-204.08980762537982,241.05534255876898,-54.47625013991473,-30.521191324361848,-85.91828186292491,53.08970589689881,137.850634122866,-251.23280315534024,273.68360917953765,-298.2961401046979,-20.28373296427813,-9.86240601162219,83.97355668674001
388,585.5841106818145,-57.23990624367215,64.84378640370925,-171.8768566876777,195.90204871781444,-52.39528199856015,-28.40923169477627,-75.40478269979083,7.79330887036143,119.31303748821044,-318.3541906786327,251.72315344986845,-282.8021620869249,-33.812109747131416,-16.119039549533053,47.76195832036452
389,442.6802421452191,-39.56688083041127,-10.320227857435606,-171.73385289835386,140.76378840369216,-47.985691320066,-25.93475616374514,-68.10975543394572,187.27858694981174,94.8524151954903,-185.62302381023872,177.73429236525362,-227.51424562078657,-14.722751896107386,-6.66194508158147,51.43797424810679
390,718.5660559337612,-64.43938515076431,17.475964271890746,-212.11043350364054,249.99420435689683,-72.44726684404058,-26.48608501991952,-202.938790437725,8.869821086960929,148.59197773008634,-242.76409459118577,281.8625050558956,-337.87970204223825,-67.055085641885,-30.272129507348414,64.1671453757981
391,649.4154713975272,-61.21945431576528,103.77760969131587,-186.74283368438927,227.13819871380474,-63.333404127331406,-44.43723020821044,-80.79697406620323,13.277587029697745,132.14253007329316,-241.770562785831,276.04857421924885,-298.3719657486876,57.14167511269574,18.881117546248174,69.80130599234799
392,529.4609551351032,-22.690307250870244,-57.729164049476665,-153.91111243457874,168.04181822125062,-33.43732141050322,-18.911014721773952,71.64170263183625,23.26889184070748,138.98461237327456,-165.20326457602246,172.07078196667302,-242.5251465880776,-18.42088657952921,18.973093964506145,92.46890252946376
393,537.5817911784126,-46.2430608373012,-5.621717684262243,-134.37885229612658,246.14700825458812,-39.09709101112299,-18.832922454475078,-59.61611712125776,182.08552225059583,96.10014724568886,-178.26548440199753,237.75529497995672,-206.11716044654176,-11.736482638778764,-9.917118632542724,43.374728696628914
394,634.1718823548086,-56.45331238268976,-5.962829454217775,-188.8854513147781,218.8460887659967,-63.93332227207143,11.180758095800142,-194.64710501385937,7.953514175609706,129.73891766240172,-214.18073402823728,245.69742971907093,-299.99029428075244,-82.28826779288221,-36.88950622455839,55.298106008030025
395,531.8449036868374,-51.27271165337051,-8.358644777360647,-203.89881228000556,242.3484226850859,-54.528050046540656,-30.82776778044457,-85.15780363066746,49.70680868474929,137.29521713892942,-249.65586806702092,274.61127017874725,-295.96785675825686,-20.293971501372088,-10.228230114273373,83.39842485413321
396,649.4154713975272,-61.21945431576528,103.77760969131587,-186.74283368438927,227.13819871380474,-63.333404127331406,-44.43723020821044,-80.79697406620323,13.277587029697745,132.14253007329316,-241.770562785831,276.04857421924885,-298.3719657486876,57.14167511269574,18.881117546248174,69.80130599234799
397,645.3524458168856,-60.94585934311483,104.79248411713189,-185.64311895959182,226.15773304453,-62.921853156444676,-44.784018928919,-77.30626924451752,13.301077568052774,130.4660126124822,-238.92720216342207,274.8531573735731,-293.78621536292553,58.495891322782576,19.105762086535638,68.90886562298014
398,336.27905867994605,-14.66081271339712,-5.253092155367323,-102.5048928039603,314.15669436961815,-22.3497136236986,-14.940033012516423,-31.859824190085117,31.038424787423622,64.6556828368709,-120.83914641556404,135.63365836811371,-138.6569613502654,-6.457463978931262,1.980458630633007,20.87035171663148
399,847.1218722180955,-70.5737081595619,-141.49141088451867,-247.2394600080649,286.97340889057205,-81.44447099945633,-52.31811623476098,-98.21458242005575,32.87334675305914,168.11356781398578,-302.1850078101294,330.5753476893615,-411.5735241965586,3.3229819474093976,-5.587295040193384,107.68643712609837
400,369.6960179716324,-28.748123352035527,-2.4224361507833643,-110.72267793443422,137.07127194235818,168.33760727683435,-18.528394961444132,-38.35325062110035,20.470507476017502,73.96474229909454,-135.370048170766,156.96006802723036,-164.79068425744512,-16.121679853552486,0.1620598098022339,45.65460544813793
401,301.676186827688,133.2435474086154,0.8090867499471958,-88.35332609141413,116.78456126185463,-25.75656612315797,-14.12581908552518,-45.1802055828857,13.961999771915183,55.64374493660151,-112.3931730150876,162.39208738457515,-127.57674925126717,-10.23600950492727,-13.407089031795413,25.79417263075123
402,582.3537646021091,-39.11573967394159,-46.00248847100512,-170.53920479511623,196.49175375752827,-46.38638879371713,-21.559257432965964,-84.99885300880571,36.95012695263626,138.44391110500845,-241.45590687116072,229.28950970220035,-67.84346490875578,-20.37833047382367,-1.1409683767837255,91.34971697829579
403,847.1218722180955,-70.5737081595619,-141.49141088451867,-247.2394600080649,286.97340889057205,-81.44447099945633,-52.31811623476098,-98.21458242005575,32.87334675305914,168.11356781398578,-302.1850078101294,330.5753476893615,-411.5735241965586,3.3229819474093976,-5.587295040193384,107.68643712609837
404,706.9199608064758,-57.242215144027185,-16.616864245380047,-208.88510510271178,241.91934152626402,-66.92385368807139,-22.38793568701975,-181.81146937043553,11.41136682595951,153.38846355068148,-234.31297242627966,265.70683038410544,-332.99629826211515,-80.57071155622938,-28.834966204565845,70.71281567736236
405,535.907929267479,-51.54630662602096,-9.373519203176665,-204.998527004803,243.32888835436063,-54.939601017427385,-30.48097905973601,-88.64850845235317,49.68331814639426,138.9717345997404,-252.49922868942986,275.806687024423,-300.55360714401894,-21.64818771145892,-10.452874654560837,84.29086522350106
406,445.66088344632516,-39.673470112143534,-10.353973844330998,-172.00717816026022,140.5661090454449,-47.894313456285,-25.990114480497454,-67.93084680045308,188.54748588248484,94.9911175036897,-185.61399718689384,180.9986333947549,-227.40565065391317,-14.823900566746461,-7.050103153039987,50.87022765357177
407,840.8517773131255,-72.86810533822639,-133.1628808096638,-245.85835582727688,287.257577526645,-82.93095980291594,-51.28945212921384,-119.4190436101973,34.70817643139224,164.16622623306895,-310.9836856054307,335.62854043317714,-368.351544517064,0.457677449836577,-11.047525852161113,104.80731332538222
408,529.5651641308325,-51.819621169664416,-11.045415622335236,-203.41151040159957,241.2340767846785,-54.529651542005084,-30.76721196490295,-85.80478867550121,49.275676820299054,136.2930771670116,-250.9063340935711,274.8592193970544,-296.26575895849015,-19.828311618780063,-10.261224816432792,82.25038360093662
409,668.1564877827077,-57.573594184867744,1.8396369911792438,-201.82024145936003,221.28460567267504,-68.76630301346883,-31.949051885786357,-201.51086417154363,14.331848591683338,128.0659059099898,-203.41109170040366,243.6684339211266,-316.4507232001423,-100.16784764401694,-44.761321061491344,67.49849584040352
410,811.8503028582904,-81.3869579663299,-146.60531583577756,-240.59380403404236,279.2825072543136,-84.90172914409935,-55.547687969452966,-115.93655272135955,25.589369305115667,140.13544301057235,-298.1870248888236,339.2632820159536,-383.4919519594211,7.199247441191802,-16.304177066799614,79.71113875051404
411,620.0470042636055,-27.370439236975745,-85.97324242612092,-179.03174230225963,197.16572214684578,-39.36389425184138,-26.416345055534705,18.17973316505015,28.18361988706595,160.85927644232143,-199.0554124905129,204.97101361049067,-288.2412114917577,-7.871684078638424,25.96853584492687,107.78581760444091
412,451.9162908633977,-43.02738252130683,55.14346508763283,-143.74314539319374,168.97221879343132,-47.074514314622824,-48.56520747662083,-25.53165587581494,14.258482562675875,42.34354901239635,-57.3004957313032,179.8833720947122,-82.23438371776568,-32.83756016732187,-33.46296512306759,21.586901487026136
413,377.8562505503274,-52.29428238247036,39.02820136080473,-117.51182201360594,138.09458359216438,-53.42456067073591,-13.69557217644967,147.15617437936217,2.9960998893164024,49.31681693091596,-152.3428532361917,171.44773369204094,-176.53003899703276,-57.47937823872432,-49.51122333020642,16.999482294829395
414,579.9173343377231,-49.68422637782866,-10.721754914973268,-217.13776165408177,242.35995181496162,-57.74755081331078,-31.91685971347548,-89.94578320864734,91.9908544088537,142.34192122110088,-263.5425956743029,280.1410294263358,-308.0360114707201,-19.958024608252845,-9.508579693419444,86.02169515067143
415,573.104675820163,-56.02188517128354,80.45066511333123,-167.0699413025542,191.78454197033832,-50.4661610028505,-32.174898483491596,-49.458985249462856,9.109176641481685,117.03992783368983,-313.94652048502473,249.84679634923648,-274.9718435067485,-6.863892322745488,-4.796817792892813,50.38744601766553
416,693.0129812460588,-62.61039046568304,10.530370392762363,-205.40077496269637,239.0150705951654,-68.79781850597283,-19.91924180041736,-195.963957731039,7.724161781022382,143.1870899883732,-256.42298647496415,272.5652399849628,-328.8729389351881,-83.35320808480941,-36.543685725248906,58.63666389425865
417,344.7152985505034,-39.42143477778857,-6.645535332529861,-116.12679177860966,126.35029870567443,-26.097242271631664,-21.46773043789754,-38.48065314279197,40.31173026805917,76.96129228457251,-121.58643255137413,314.3295281737201,-167.73503747278613,-20.934981545468023,-28.913642520464666,10.659992821311846
418,515.4147769016807,-50.75963651824172,68.2196855626917,-157.1246972637675,200.9709208931605,-51.86971829970437,-43.82552105534746,-28.40354935343924,10.044348004712337,64.76610468953741,-100.59606347074015,222.09166277210878,-108.59218275413303,0.655724862456709,-19.039902492975145,19.545126907405773
419,531.8449036868374,-51.27271165337051,-8.358644777360647,-203.89881228000556,242.3484226850859,-54.528050046540656,-30.82776778044457,-85.15780363066746,49.70680868474929,137.29521713892942,-249.65586806702092,274.61127017874725,-295.96785675825686,-20.293971501372088,-10.228230114273373,83.39842485413321
420,847.1218722180955,-70.5737081595619,-141.49141088451867,-247.2394600080649,286.97340889057205,-81.44447099945633,-52.31811623476098,-98.21458242005575,32.87334675305914,168.11356781398578,-302.1850078101294,330.5753476893615,-411.5735241965586,3.3229819474093976,-5.587295040193384,107.68643712609837
421,565.6435697494454,-56.0410119835457,81.879834923764,-165.06390951276333,189.67254539104846,-50.32570642851401,-32.080953281671206,-50.83636445343164,8.82476250724498,114.3741996462003,-311.52790453576284,247.70524905413802,-271.46685696053083,-7.261704391814635,-0.3358341100910445,48.435497673880185
422,532.465311576316,-50.967735906854074,-9.701172119723859,-203.93796558092302,242.03158381191167,-54.33257460788674,-30.341388380879035,-86.15303776438499,50.18755753292672,138.69615548926126,-252.1860001652318,274.49574523877675,-294.7517182142544,-20.502468617915586,-9.735559694968941,84.76000105842344
424,650.1534881565868,-56.746160674539105,2.318266423750427,-194.26958172004228,259.44150051238495,-65.83813273279922,-21.667104344977798,-195.8883243787116,5.472974055144894,137.43788955970945,-216.76022108876003,251.52292792254136,-309.9692765183639,-82.10631517893978,-34.97567819472119,60.81841380208687
425,847.1218722180955,-70.5737081595619,-141.49141088451867,-247.2394600080649,286.97340889057205,-81.44447099945633,-52.31811623476098,-98.21458242005575,32.87334675305914,168.11356781398578,-302.1850078101294,330.5753476893615,-411.5735241965586,3.3229819474093976,-5.587295040193384,107.68643712609837
426,386.87941898392916,-25.85105420824838,50.42429248232917,-131.56393318448124,81.69535154084339,-44.308921028765205,-72.33860488982559,-73.67796263254203,39.511712092663274,28.583293028562228,-27.122824301977484,81.47378499770733,-182.42091471455345,-94.62745103366618,-47.23112366424992,86.24462525852253
427,575.920284020829,-56.82989560831688,81.6111710373639,-167.9923923083554,193.11026337639458,-51.2218362927371,-32.211622751793854,-54.0749020564452,8.788420222782543,116.92077278607726,-315.13961678875285,251.66305740926427,-276.4515344685636,-8.296141866046106,-6.060155833681482,49.63039780267154
428,691.445837266663,-59.5378555803038,-7.411770454191114,-205.1342423818764,239.18922783011791,-67.70405388730494,-21.03468447546115,-201.87826970107986,12.400555587848437,146.4619522051317,-240.13361204646,268.4887082086085,-283.88285354128675,-83.32825615507517,-34.5779894470662,65.03864655104634
429,392.5633206366876,-27.039484836291507,-7.689336377234514,-118.85457011439668,151.71391573847708,-35.166403883513816,149.49863725808464,-51.86768643701078,29.763031940253278,73.99269076850798,-117.5109707292749,164.5465189853535,-163.84429608075075,-10.63666061987107,-6.467828255600182,47.11016659371428
430,620.0470042636055,-27.370439236975745,-85.97324242612092,-179.03174230225963,197.16572214684578,-39.36389425184138,-26.416345055534705,18.17973316505015,28.18361988706595,160.85927644232143,-199.0554124905129,204.97101361049067,-288.2412114917577,-7.871684078638424,25.96853584492687,107.78581760444091
431,872.36681602245,-78.49851682494733,-128.5774698734679,-255.56360187841793,299.0697261964305,-88.56805184625489,-52.802206626597375,-141.33571195148562,29.664121323941636,166.2756662165539,-315.5930223208309,348.1216430315446,-425.116797741777,-9.80035136772251,-17.726553536372588,99.81928665833955
432,872.36681602245,-78.49851682494733,-128.5774698734679,-255.56360187841793,299.0697261964305,-88.56805184625489,-52.802206626597375,-141.33571195148562,29.664121323941636,166.2756662165539,-315.5930223208309,348.1216430315446,-425.116797741777,-9.80035136772251,-17.726553536372588,99.81928665833955
433,614.4427848574165,-26.77933592831879,-85.94429272324203,-177.3714734719669,195.37454485400602,-35.36910222709261,-26.358946305008132,21.370007730552874,28.412922894815413,159.68666753813756,-197.41090375202478,203.02811501809313,-285.43837496041414,-6.578192652591999,26.76276584162606,107.60019552318717
434,548.9938576928186,-50.46689453103167,-7.724273824833551,-144.03451945742057,209.5003172032228,-43.45145800333802,-20.853999618924902,-65.3115232320737,210.87583942829616,97.96365345373081,-185.6648058934698,241.59011679418091,-216.57070714817428,-12.862931410062764,-11.931422081585499,46.197707982139654
435,535.907929267479,-51.54630662602096,-9.373519203176665,-204.998527004803,243.32888835436063,-54.939601017427385,-30.48097905973601,-88.64850845235317,49.68331814639426,138.9717345997404,-252.49922868942986,275.806687024423,-300.55360714401894,-21.64818771145892,-10.452874654560837,84.29086522350106
436,535.907929267479,-51.54630662602096,-9.373519203176665,-204.998527004803,243.32888835436063,-54.939601017427385,-30.48097905973601,-88.64850845235317,49.68331814639426,138.9717345997404,-252.49922868942986,275.806687024423,-300.55360714401894,-21.64818771145892,-10.452874654560837,84.29086522350106
437,529.5651641308325,-51.819621169664416,-11.045415622335236,-203.41151040159957,241.2340767846785,-54.529651542005084,-30.76721196490295,-85.80478867550121,49.275676820299054,136.2930771670116,-250.9063340935711,274.8592193970544,-296.26575895849015,-19.828311618780063,-10.261224816432792,82.25038360093662
438,846.0481137002082,-70.52815142230021,-139.62836814744588,-246.8078528548069,286.6632105193033,-81.31408814325377,-52.74060412998515,-95.84459568190624,32.98391468110593,167.84776062485986,-301.8278329334761,330.5686703515165,-410.8678989056296,6.158089489752207,-4.469641293987655,107.89404151302138
439,632.6865811831734,-59.56892222229057,100.70827221321679,-183.84064893358027,226.6689637725071,-63.086264061625684,-46.77685259178424,-73.54008464385247,16.93549258501348,120.7197662013721,-197.30001629345492,268.1344804985513,-262.79335558106686,60.056670782002236,16.77681247498659,63.52627694009754
440,811.8503028582904,-81.3869579663299,-146.60531583577756,-240.59380403404236,279.2825072543136,-84.90172914409935,-55.547687969452966,-115.93655272135955,25.589369305115667,140.13544301057235,-298.1870248888236,339.2632820159536,-383.4919519594211,7.199247441191802,-16.304177066799614,79.71113875051404
441,547.2378695654185,-49.367726905735374,-5.760520550051151,-143.3589676255661,212.14459017884136,-43.039832291847134,-20.47779252284693,-65.01340448485041,211.04314106223924,99.22304048707797,-184.48356089743996,239.43598557834417,-217.3070864121863,-13.516417456551142,-11.538126225694915,48.06049356378178
442,868.9351890881084,-78.9271270735387,-131.55824806335042,-254.87695346287336,298.1358113814525,-88.59127442290003,-52.97159182295055,-141.53003071302714,29.25814123997252,164.2433599051314,-312.52307625155237,347.79049066227054,-422.08258562918036,-9.179637392917915,-18.02902560995203,98.075473353594
443,599.6952706655414,-51.430921911771556,-11.751640644433035,-216.37937693569916,253.0717037903012,-56.636796208194276,-30.55646532602554,-91.70335803896184,62.84813611417276,150.49914128554198,-272.09779551896725,288.40557482912067,-271.20100084527587,-22.15271222899052,-8.460792445466051,93.43990502285331
445,326.47559884360663,98.57273649249802,2.2692956242284748,-94.81412622342538,119.13467746931447,-26.69300049684462,-15.798447430853752,-48.76265186875171,12.232891851871463,63.97577111122034,-116.69832618165029,205.6027063932154,-140.10727838064858,-15.064059980384151,-1.0521024510631922,53.79606313707971
446,675.6157152182699,-62.61711566029645,91.9976737548004,-194.8461473733192,237.5862695061419,-67.23195259593817,-43.38560082888658,-108.13932091174443,13.292538208832552,137.95969016504995,-228.47709952505338,281.59541154209944,-309.65469040507685,46.34921605182737,14.434020340880778,72.47132085271816
447,754.4846491602556,-68.04427563228586,-29.619842643645427,-223.5672759891157,261.35698087997656,-76.73770927074906,-28.538791375814853,-209.77238740721475,11.738157626013633,152.22286662896462,-257.1173330810628,294.83659898451054,-357.93791139698163,-77.6642851509904,-37.00671635637853,67.89292523217684
448,534.9350683887207,-34.88302198318072,-21.92321532312218,-164.86335196176017,189.85067214411447,-41.20986626895015,-17.343302328186592,-80.15385685889576,42.57342078152136,136.04579760766524,-234.24740097834982,220.0839999505242,-49.33050625155058,-25.171251651606458,-0.6685506035022059,89.25472339166357
449,874.2041957068675,-78.60825579263354,-128.0233089071191,-256.03236291281894,299.9204245798658,-88.87084104211976,-53.10784681300779,-142.00376375172957,29.776350494114517,166.65621014873426,-313.75879597075783,348.7312809517942,-425.66480852378015,-8.164405943253962,-17.103021701874347,100.32355936308146
450,530.6979128364937,-51.07876720957169,-9.502783232196501,-204.08980762537982,241.05534255876898,-54.47625013991473,-30.521191324361848,-85.91828186292491,53.08970589689881,137.850634122866,-251.23280315534024,273.68360917953765,-298.2961401046979,-20.28373296427813,-9.86240601162219,83.97355668674001
451,315.66124209048036,-73.04412924646394,-88.49015926138132,-115.67260610605807,126.73965057301652,-45.80412255876244,-35.94221929423838,-54.28438730968486,-20.277197229891133,2.3043261867127787,-141.02499297669715,209.59233710911988,-100.14876521916135,9.416529307759063,-26.4801427789386,-44.23186942029592
452,872.4623460240889,-77.8458020928619,-131.0468575682245,-255.54151906027562,298.90490154507836,-88.24554860843571,-52.64863464948135,-139.75783368289675,29.986538984766867,167.04117238547275,-312.922874543683,346.92169722961137,-424.89074285289405,-9.567263942296156,-16.95733740729141,100.87300319115245
453,846.1665722017074,-77.10085548041617,-116.79753393695243,-247.46028818948798,288.62165540409336,-84.66950337764814,-53.85383600592123,-113.99336510594448,29.64917014480683,160.45850612479714,-328.88648558160844,342.574805708694,-413.83407308538784,0.9921076931458667,-13.279456331005191,97.14927179796935
454,196.6952663715689,-7.6361318427655105,-12.397972825741649,-56.130380389218075,64.92604648298389,-17.460472386430496,-6.838575742649091,-19.161419941451264,16.021803678178767,218.89005096609074,-90.95281239021425,71.79632876998288,-33.05247249474212,10.63081142240018,6.328808017796373,48.98113132890201
455,369.6960179716324,-28.748123352035527,-2.4224361507833643,-110.72267793443422,137.07127194235818,168.33760727683435,-18.528394961444132,-38.35325062110035,20.470507476017502,73.96474229909454,-135.370048170766,156.96006802723036,-164.79068425744512,-16.121679853552486,0.1620598098022339,45.65460544813793
456,414.94320869912445,-33.348230845361066,12.048350931509873,-123.04291955575431,150.45912995187197,134.08971412074308,-20.371967760394064,-37.06320263310324,19.306220776953882,84.86040749219765,-174.7968486455508,176.57507799308615,-189.53366480415895,-18.50144845372215,2.8229311524377,49.319071730655374
457,872.4623460240889,-77.8458020928619,-131.0468575682245,-255.54151906027562,298.90490154507836,-88.24554860843571,-52.64863464948135,-139.75783368289675,29.986538984766867,167.04117238547275,-312.922874543683,346.92169722961137,-424.89074285289405,-9.567263942296156,-16.95733740729141,100.87300319115245
458,381.82573545781474,-26.583917463674542,10.941090993492898,-114.53849858181637,148.61193202578832,-33.862575321488215,145.27375830584288,-28.167819055515636,30.86871122072118,71.33461887724887,-113.9392219627418,164.47974560690443,-156.78804317146037,17.71441480355703,4.708709206457117,49.18621046294429
459,310.91937246914154,-72.62085747738786,-86.08223194659303,-115.10502082272247,126.07554241167514,-45.286470306285736,-35.52062378376044,-53.799887694693865,-19.714867847002623,2.0645148369784576,-140.30414238741605,208.67178613395228,-98.29746935344083,8.937237189980785,-26.43290100161045,-44.441368778959145
460,530.6979128364937,-51.07876720957169,-9.502783232196501,-204.08980762537982,241.05534255876898,-54.47625013991473,-30.521191324361848,-85.91828186292491,53.08970589689881,137.850634122866,-251.23280315534024,273.68360917953765,-298.2961401046979,-20.28373296427813,-9.86240601162219,83.97355668674001
461,559.3715771418931,-52.88551398698704,-11.38287549128916,-206.14476302066305,239.2572832022058,-53.615872904195,-31.320795132426106,-84.01570234057483,61.96466614703009,137.68010024900562,-250.81606786012216,307.50262969206705,-295.1798092897563,-20.839798325170808,-14.142805531017965,76.57291765558637
462,872.4623460240889,-77.8458020928619,-131.0468575682245,-255.54151906027562,298.90490154507836,-88.24554860843571,-52.64863464948135,-139.75783368289675,29.986538984766867,167.04117238547275,-312.922874543683,346.92169722961137,-424.89074285289405,-9.567263942296156,-16.95733740729141,100.87300319115245
463,754.4846491602556,-68.04427563228586,-29.619842643645427,-223.5672759891157,261.35698087997656,-76.73770927074906,-28.538791375814853,-209.77238740721475,11.738157626013633,152.22286662896462,-257.1173330810628,294.83659898451054,-357.93791139698163,-77.6642851509904,-37.00671635637853,67.89292523217684
464,553.4560167063224,-50.042379504343444,-6.192910226379309,-145.83669271413237,211.85049137410044,-43.64009435508739,-20.756991214458424,-65.96468447657998,212.28380972762884,100.70301186862945,-187.9219934793097,242.94088073832586,-220.61087632378752,-13.449983426568087,-11.60138787372473,48.7832539490763
465,269.04600932957305,-28.45190111011846,-3.256554174007573,-84.68242298827623,101.25081676013285,176.83865998690044,-17.93013757110465,-58.633615538144674,14.856169686479703,40.839947491357194,-94.34679062320086,125.87016994809647,-114.80907111505844,-5.8994492859569965,-28.321068734802726,18.972123410143293
466,438.6596060665069,-38.81116950892343,-9.093967914111724,-157.10470714385718,137.14395683155024,-45.057278154738704,-23.66925454097175,-63.179690871243885,211.73561092184008,86.4134894820609,-169.77600837711643,169.53465644056072,-209.21349707738227,-13.56060213622985,-7.051404933759515,44.14934797499757
467,576.5674531538691,-56.39856226776677,62.88564122172003,-169.38604745634117,192.57920040700031,-51.470936423276115,-24.593150152967837,-74.4424161953004,7.657712095978801,117.33304513612094,-315.50504541175354,247.9126296611821,-278.7274960179026,-35.38672336983889,-16.778809256949366,46.76993118150228
468,649.4154713975272,-61.21945431576528,103.77760969131587,-186.74283368438927,227.13819871380474,-63.333404127331406,-44.43723020821044,-80.79697406620323,13.277587029697745,132.14253007329316,-241.770562785831,276.04857421924885,-298.3719657486876,57.14167511269574,18.881117546248174,69.80130599234799
469,868.9351890881084,-78.9271270735387,-131.55824806335042,-254.87695346287336,298.1358113814525,-88.59127442290003,-52.97159182295055,-141.53003071302714,29.25814123997252,164.2433599051314,-312.52307625155237,347.79049066227054,-422.08258562918036,-9.179637392917915,-18.02902560995203,98.075473353594
470,637.8965976141586,-60.03646163873984,100.83753624223662,-184.74936831300346,228.94250956809876,-63.54961493913834,-46.73664032715841,-76.27031123328072,13.529104834508923,121.84086667824648,-198.56644182754454,270.25755834343664,-265.0508226203879,58.69221603482144,16.186343832047942,63.8435854768586
471,585.5841106818145,-57.23990624367215,64.84378640370925,-171.8768566876777,195.90204871781444,-52.39528199856015,-28.40923169477627,-75.40478269979083,7.79330887036143,119.31303748821044,-318.3541906786327,251.72315344986845,-282.8021620869249,-33.812109747131416,-16.119039549533053,47.76195832036452
472,840.9548977078584,-67.44310462579236,-141.4305396045165,-245.37970955708215,285.0436037773845,-80.70691931340619,-52.227269908091365,-95.31386178265642,33.01807194637409,166.73504395268637,-300.31841744197163,329.236746033292,-408.378565531806,4.684529241859356,-5.141974581326833,107.24023060138296
473,611.6072983901472,-55.02368603575158,97.54023398030891,-179.45714185961444,204.8552163466945,-61.95082107453702,-52.4626266358168,-84.71758618142259,19.42224540367388,114.47503412179019,-184.16720428847592,242.0107197369374,-279.5658417978856,39.87541327917172,10.646923980134485,77.12415148351819
474,523.9731594012193,-47.009797160633475,-8.833773282635319,-167.19420732265402,228.8411278636163,-51.38156086120579,-28.880403441000897,-81.61495512075705,54.8024981852458,131.78046464854327,-241.26870429971092,260.4358995346483,-281.089249981747,-18.932816987779304,-8.915893103524143,81.53407533189294
475,503.91467391478676,-50.13180930900239,45.20315179503844,-162.90568691588663,205.69261580282642,-50.98363820164585,-41.662272306463414,-30.392150173019047,18.535978372650135,65.99888009107252,-107.74079606780626,225.86024694904765,-110.1374334516712,-14.746395824431463,-25.302071568723736,21.1759131771523
476,526.1523620805536,-51.21520389085869,49.589258191964255,-161.44076879634787,204.07290460584923,-53.17354686172998,-39.60064210310569,-52.10341673493439,8.93866872424443,67.42417658079653,-104.16781223727328,222.15843615055783,-115.64843566342338,-27.695350560971395,-30.216439955032442,17.469083038175764
477,579.9659136966591,-56.51059044798457,63.66588786625975,-170.67952647079937,192.82305209766815,-51.954234497415854,-28.90613115112649,-75.12879211106882,8.295545537586163,117.16574396087974,-314.4280811789702,247.70973008138768,-280.3735389098416,-37.17468135495236,-17.565990740642665,47.98997016473963
478,675.6157152182699,-62.61711566029645,91.9976737548004,-194.8461473733192,237.5862695061419,-67.23195259593817,-43.38560082888658,-108.13932091174443,13.292538208832552,137.95969016504995,-228.47709952505338,281.59541154209944,-309.65469040507685,46.34921605182737,14.434020340880778,72.47132085271816
479,757.9162760945973,-67.61566538369449,-26.639064453762913,-224.25392440466027,262.29089569495454,-76.71448669410393,-28.36940617946168,-209.57806864567323,12.144137709982749,154.25517294038713,-260.18727915034134,295.16775135378464,-360.9721235095783,-78.28499912579498,-36.70424428279909,69.63673853692238
480,557.0081923700129,-18.864019184993687,-63.76517023666661,-160.59870869502032,174.9979690969871,-30.33023886839726,-18.912238155181008,26.073850871185055,28.846017848900757,155.0983620184885,-182.07169145591013,178.62312283458863,-214.18615363606295,-13.535655082723201,28.397262754239208,104.93153892331041
481,444.1965224654431,-39.53088013466044,-10.189833266867732,-171.38279662223067,139.61397768563745,-47.83183706631609,-25.879924084719534,-67.99583406115516,187.80792899152584,94.80360037797237,-185.05852157545445,179.81916500187472,-226.7044787694383,-14.81139896180518,-5.912482097979431,53.46433839778187
482,530.6979128364937,-51.07876720957169,-9.502783232196501,-204.08980762537982,241.05534255876898,-54.47625013991473,-30.521191324361848,-85.91828186292491,53.08970589689881,137.850634122866,-251.23280315534024,273.68360917953765,-298.2961401046979,-20.28373296427813,-9.86240601162219,83.97355668674001
483,754.4846491602556,-68.04427563228586,-29.619842643645427,-223.5672759891157,261.35698087997656,-76.73770927074906,-28.538791375814853,-209.77238740721475,11.738157626013633,152.22286662896462,-257.1173330810628,294.83659898451054,-357.93791139698163,-77.6642851509904,-37.00671635637853,67.89292523217684
484,341.55984781448956,-17.82910190451895,-12.424811349851508,-113.21502787651363,117.92457707116957,-34.16524639393276,-42.086944288206716,-73.57740968429698,33.187707783235695,47.454948640104625,-293.9021790320417,110.58775244778916,-129.95449459875485,-51.30995758833083,-29.86597374378476,48.20995103574351
485,662.4796160838455,-56.493512461803086,3.227591202639186,-200.11504851671492,219.0394135040819,-67.71428859477844,-31.3015076063057,-198.60100628191597,14.214605420033507,127.8845486256982,-200.83285181741323,240.52832556915482,-313.36741538252227,-100.44771429466813,-43.972425289363336,67.50098035236209
486,811.8503028582904,-81.3869579663299,-146.60531583577756,-240.59380403404236,279.2825072543136,-84.90172914409935,-55.547687969452966,-115.93655272135955,25.589369305115667,140.13544301057235,-298.1870248888236,339.2632820159536,-383.4919519594211,7.199247441191802,-16.304177066799614,79.71113875051404
487,681.388116918771,-63.04448265127568,88.14033184858383,-196.52925749782202,239.66663702338292,-67.96146377680935,-43.87957313125121,-109.4713005327832,13.732199041307615,138.90655361826043,-228.3851916308959,283.53557409213795,-312.5119433338139,46.86217012790492,14.414340697833953,73.5225528735725
488,690.5107649906354,-62.268741764562975,9.548442125672322,-205.8981188226471,244.14222976027355,-69.93837489306381,-26.03473346117376,-192.39966140260694,8.111276360216186,134.86541894541602,-216.0680107835567,270.5847478978369,-299.62646187591065,-80.22805353997622,-38.57868973203282,53.670970517631524
489,529.5651641308325,-51.819621169664416,-11.045415622335236,-203.41151040159957,241.2340767846785,-54.529651542005084,-30.76721196490295,-85.80478867550121,49.275676820299054,136.2930771670116,-250.9063340935711,274.8592193970544,-296.26575895849015,-19.828311618780063,-10.261224816432792,82.25038360093662
490,578.8372957600329,-52.327027448323484,-10.804725511710812,-216.96221947752153,241.72244491693138,-57.57582360987391,-31.950603923482333,-89.51756908375641,92.30513479180196,142.26317586545932,-262.8427381497232,282.053599861223,-307.7971718301329,-20.089127407036703,-9.801487031033348,85.36514289890218
491,702.0296387740041,-63.45173444158842,12.488515574751556,-207.8915841940329,242.3379189059795,-69.72216408125686,-23.73532334222579,-196.92632423552945,7.859758555405011,145.16708234046274,-259.2721317418433,276.37576377364906,-332.94760500421035,-81.77859446210192,-35.88391601783259,59.628691033120894
492,193.9272453678001,-32.99280306587915,-2.994482712977833,-101.78497685143772,138.87853959365648,-30.25450974919118,-18.323607504203775,-47.127966070200536,-22.965914731652866,71.28556390794957,-120.85651872258897,148.9583454828202,-173.9011650804674,-16.53103406000268,-9.11244309164823,40.91010812970521
493,571.8572584401873,-56.556300635666425,82.62604546317993,-166.89267758355794,192.12979770711985,-50.81028532185037,-32.558411472502414,-50.58419723475948,8.811910761137572,115.24425532526628,-312.29625616634394,250.46764056358853,-271.8657840828015,-6.94192565595927,-5.835511293394015,48.73795743330369
494,525.509563330723,-50.557703108975915,-9.30906260797849,-199.1403389360837,239.74744291761274,-53.84768607866982,-30.219707107788935,-85.1101296032757,49.46633212951051,136.81623323199435,-249.07449710800455,271.8482732498303,-295.61448842317196,-20.1782167894163,-9.812662426017122,83.53367527058559
495,702.0296387740041,-63.45173444158842,12.488515574751556,-207.8915841940329,242.3379189059795,-69.72216408125686,-23.73532334222579,-196.92632423552945,7.859758555405011,145.16708234046274,-259.2721317418433,276.37576377364906,-332.94760500421035,-81.77859446210192,-35.88391601783259,59.628691033120894
496,386.87941898392916,-25.85105420824838,50.42429248232917,-131.56393318448124,81.69535154084339,-44.308921028765205,-72.33860488982559,-73.67796263254203,39.511712092663274,28.583293028562228,-27.122824301977484,81.47378499770733,-182.42091471455345,-94.62745103366618,-47.23112366424992,86.24462525852253
497,847.1218722180955,-70.5737081595619,-141.49141088451867,-247.2394600080649,286.97340889057205,-81.44447099945633,-52.31811623476098,-98.21458242005575,32.87334675305914,168.11356781398578,-302.1850078101294,330.5753476893615,-411.5735241965586,3.3229819474093976,-5.587295040193384,107.68643712609837
498,800.6897545326044,-80.78239269542766,-146.6982428388701,-237.32650287834895,275.6578355873499,-83.90112265007275,-55.21721701048147,-112.2666616983953,25.34219354545393,137.38788317377123,-294.6800955952247,335.07977516076903,-377.85368174207986,9.00516169411536,-16.11925068514049,83.07213877646981
499,238.19410626045465,-14.966230876786781,23.54939112302178,-77.99839730962034,71.73705279553396,-25.779630929576,-21.68297388366137,-47.41023435270006,19.03890504083486,37.812188872696574,-55.4939706567001,76.24067562151367,-115.87291782242006,226.0881130753026,-29.297946244999334,38.76966574733783
500,530.6979128364937,-51.07876720957169,-9.502783232196501,-204.08980762537982,241.05534255876898,-54.47625013991473,-30.521191324361848,-85.91828186292491,53.08970589689881,137.850634122866,-251.23280315534024,273.68360917953765,-298.2961401046979,-20.28373296427813,-9.86240601162219,83.97355668674001
501,300.32768823734557,-29.569796004597674,-6.970226540705515,-93.37974514003706,109.77790523036205,142.01898767548855,-17.201943556349487,-68.75298620595849,17.402185020074672,52.03876822797856,-111.37545421532293,136.31450090945944,-89.28375553670392,-13.264019827689145,-29.11958520935675,26.033585530830045
502,700.916415743168,-63.28730795668299,-4.59451973790238,-203.21622794687156,248.1769736355139,-68.63644774186196,-22.03484840575806,-199.9891390898806,41.24892176266926,141.2091262924333,-234.27853007762545,277.84267990066326,-321.3504697794225,-81.12985344878093,-36.96813293658253,58.15198923140807
503,868.9351890881084,-78.9271270735387,-131.55824806335042,-254.87695346287336,298.1358113814525,-88.59127442290003,-52.97159182295055,-141.53003071302714,29.25814123997252,164.2433599051314,-312.52307625155237,347.79049066227054,-422.08258562918036,-9.179637392917915,-18.02902560995203,98.075473353594
504,530.6979128364937,-51.07876720957169,-9.502783232196501,-204.08980762537982,241.05534255876898,-54.47625013991473,-30.521191324361848,-85.91828186292491,53.08970589689881,137.850634122866,-251.23280315534024,273.68360917953765,-298.2961401046979,-20.28373296427813,-9.86240601162219,83.97355668674001
505,537.5817911784126,-46.2430608373012,-5.621717684262243,-134.37885229612658,246.14700825458812,-39.09709101112299,-18.832922454475078,-59.61611712125776,182.08552225059583,96.10014724568886,-178.26548440199753,237.75529497995672,-206.11716044654176,-11.736482638778764,-9.917118632542724,43.374728696628914
506,198.15476901654378,-9.709031822658035,-5.606251265363224,-56.80606728840011,67.24306617451074,-19.145296061301156,-5.720632924861457,-39.21070627655209,18.370439838612526,213.83965599815681,-102.75266649361214,78.49443945934198,7.564987532139674,8.133740216504586,2.032916797355201,48.64042887530542
507,412.353441610085,-23.28739677662886,-12.595822272329565,-121.69384845565345,147.59951053255537,134.1761704924688,-18.56526606719317,-20.39064759840687,22.288610771212085,91.87058665717021,-147.04542666575318,161.85831424396304,-185.70774381610988,-15.902106001850308,11.013817740206518,59.35909669350193
508,334.7949096254551,-16.86351038232353,-5.519029902087815,-102.32765771669686,313.3488600996246,-22.303316392202984,-15.431530541591114,-31.701395864499624,31.40694448264404,63.973763064107004,-123.74208731851446,133.59513517615426,-137.59824746493425,-6.936431762407898,1.764975560632653,21.03655578639246
509,503.91467391478676,-50.13180930900239,45.20315179503844,-162.90568691588663,205.69261580282642,-50.98363820164585,-41.662272306463414,-30.392150173019047,18.535978372650135,65.99888009107252,-107.74079606780626,225.86024694904765,-110.1374334516712,-14.746395824431463,-25.302071568723736,21.1759131771523
510,355.8897510945787,-26.47830700600046,-13.355103443295391,-112.02587083942196,290.92486274647973,-36.068899400512194,-23.753848925096044,-55.524180980304166,0.12881434450377624,83.93800409261168,-120.00324808249246,140.70412445161458,-184.65231350667156,-21.164658934145322,-7.951081493575139,61.048604808625704
512,339.9504733466707,-17.58779076563771,-5.3598912802878385,-103.11228038756255,315.68796952089633,-22.573478285663796,-14.99130505335875,-32.076161078396346,34.282775598123195,65.23334499642135,-121.80700006264034,136.59671540774244,-139.7967927090671,-6.4534519092084635,2.0134387824067193,21.09702834430544
513,569.7533095105919,-53.69929207454732,81.6720423173661,-166.13264185737265,191.18045826320704,-50.48428460668696,-32.12077642512425,-51.174181419045865,8.933145416097497,115.54224892477784,-313.2730264205951,250.32445575319483,-273.25657580381096,-6.934594571596146,-5.6148353748149304,49.184191277956124
514,450.41233669073995,-39.9576470938893,-10.37780237251397,-172.79010792042274,142.7348910947533,-48.28980532168707,-26.007642311332926,-68.57539781365524,191.47755631023617,95.64752501888171,-187.2817083585499,180.04911999949644,-228.78432165330204,-14.688785698239807,-6.7242156636523704,51.753456533014976
515,571.8572584401873,-56.556300635666425,82.62604546317993,-166.89267758355794,192.12979770711985,-50.81028532185037,-32.558411472502414,-50.58419723475948,8.811910761137572,115.24425532526628,-312.29625616634394,250.46764056358853,-271.8657840828015,-6.94192565595927,-5.835511293394015,48.73795743330369
516,675.6157152182699,-62.61711566029645,91.9976737548004,-194.8461473733192,237.5862695061419,-67.23195259593817,-43.38560082888658,-108.13932091174443,13.292538208832552,137.95969016504995,-228.47709952505338,281.59541154209944,-309.65469040507685,46.34921605182737,14.434020340880778,72.47132085271816
517,532.465311576316,-50.967735906854074,-9.701172119723859,-203.93796558092302,242.03158381191167,-54.33257460788674,-30.341388380879035,-86.15303776438499,50.18755753292672,138.69615548926126,-252.1860001652318,274.49574523877675,-294.7517182142544,-20.502468617915586,-9.735559694968941,84.76000105842344
518,364.49999708254126,-51.0015507377587,35.5339669453767,-115.04959560781928,139.04819606302314,-53.337982286677985,-15.689342108987224,152.3508890125286,3.1353885239546986,38.634609603688844,-110.97295862797826,165.04707989597912,-142.66088508672996,-57.56478274106716,-52.82952887890489,10.537489074598124
519,571.8572584401873,-56.556300635666425,82.62604546317993,-166.89267758355794,192.12979770711985,-50.81028532185037,-32.558411472502414,-50.58419723475948,8.811910761137572,115.24425532526628,-312.29625616634394,250.46764056358853,-271.8657840828015,-6.94192565595927,-5.835511293394015,48.73795743330369
520,390.379214131477,-23.18783916675256,-8.399953585167184,-112.20413049665979,307.1560472102842,-25.34357175111802,-15.444904199112504,-36.193254053280654,66.94751686362292,70.79902327511539,-138.6856258999041,161.13120344862347,-153.2638672491596,-4.660928047367957,1.053633032001433,20.720523639233217
521,809.0346946576245,-80.57894752929657,-147.76582175981022,-239.67135302824119,277.9567858482573,-84.14605385421274,-55.5109637011507,-111.32063591437722,25.910125723814808,140.2545980581849,-296.9939285850955,337.44702095592584,-382.012260997606,8.631496984492419,-15.040839026010946,80.46818696550804
522,550.1475302530704,-35.14676229444555,-18.820108123046264,-161.3189472160627,185.93755266545676,-42.86868634087091,-14.865002528472502,-101.68525463131662,33.08260210536114,139.40904304494921,-226.44175079749752,213.21599490379677,-50.21002457029209,-37.482376047601505,-5.366256540683181,85.46064662023997
523,276.74181005599155,-10.25032948234272,-13.963432632977323,-94.1429860322067,125.01740411809973,-25.40996503096874,-40.603700098032746,-40.34980392753263,38.28713040912819,31.792761192552135,-274.2870574939931,86.59437538856926,-94.10309694407538,-35.24595109201747,-22.74029903360559,43.88979686785819
524,510.14663355242124,-48.00640433250236,60.93007899945354,-151.9386084584741,168.83585325727196,-44.68617567930518,-31.993255823602844,-47.18327980809206,12.81518982766838,98.97440833670325,-329.0748709032122,217.95858230742436,-240.97106187701615,-27.821422179740992,-14.938319407076822,44.754329383897286
525,394.48819771172333,-52.629218359560824,41.546262363187296,-121.70858850507125,145.58604439172956,-55.827160195700436,-16.29276187702737,142.7215864457555,4.328580081697557,53.507218489458396,-133.16466830838638,175.7345291723542,-181.23608114617778,-42.522781993081054,-43.13022069064107,22.591653170319496
527,485.75370874137536,-48.41645584926309,62.029719217471936,-143.08429999499015,159.88178026825344,-41.978380539896754,5.949192666290438,-44.4512370115408,7.4324524789562565,97.12084926518217,-286.64816411996185,213.55781952240105,-235.7048737783407,-24.04227809312086,-12.657852907844628,39.71012641404913
528,520.749433037079,-55.00841583184853,70.15172356091988,-153.8009042515923,175.05338165505137,-49.135761316455955,-26.401281461621046,-6.5882829768125015,6.820577137143708,100.14298440630108,-296.96833497750237,230.73754743354678,-251.51864888548943,-28.952266502455874,-18.844501012007807,39.23611657270622
529,553.4560167063224,-50.042379504343444,-6.192910226379309,-145.83669271413237,211.85049137410044,-43.64009435508739,-20.756991214458424,-65.96468447657998,212.28380972762884,100.70301186862945,-187.9219934793097,242.94088073832586,-220.61087632378752,-13.449983426568087,-11.60138787372473,48.7832539490763
530,639.1387571261437,-60.4305706909941,104.04627357771597,-183.8143508887972,223.70048072845861,-62.437274263108314,-44.30656073808778,-77.55843646318968,13.313929314160182,129.59595693341618,-238.15885053284092,272.0907658641226,-293.38728824065487,58.17611258692722,24.60543926983861,68.60640586355665
531,391.9161515036474,-27.470818176841615,11.036193438409352,-117.46091496641091,152.24497870787133,-34.91730375297482,141.88016465925864,-31.50017229815559,30.89374006705702,73.58041841846428,-117.1455421062742,168.29694673343565,-161.56833453141172,16.453920883921697,4.250825167667701,49.970633214883534
532,529.5651641308325,-51.819621169664416,-11.045415622335236,-203.41151040159957,241.2340767846785,-54.529651542005084,-30.76721196490295,-85.80478867550121,49.275676820299054,136.2930771670116,-250.9063340935711,274.8592193970544,-296.26575895849015,-19.828311618780063,-10.261224816432792,82.25038360093662
533,688.1419058173598,-61.73572778265779,7.357746472052389,-205.26916455202516,243.15512358909345,-69.46173133972573,-25.472654887092606,-192.27417745278828,8.504947818701849,134.85564702406282,-216.111957136012,269.2804834500356,-294.5301982370752,-81.91744198877569,-38.97902851864666,53.932501965630905
534,620.0470042636055,-27.370439236975745,-85.97324242612092,-179.03174230225963,197.16572214684578,-39.36389425184138,-26.416345055534705,18.17973316505015,28.18361988706595,160.85927644232143,-199.0554124905129,204.97101361049067,-288.2412114917577,-7.871684078638424,25.96853584492687,107.78581760444091
535,515.4147769016807,-50.75963651824172,68.2196855626917,-157.1246972637675,200.9709208931605,-51.86971829970437,-43.82552105534746,-28.40354935343924,10.044348004712337,64.76610468953741,-100.59606347074015,222.09166277210878,-108.59218275413303,0.655724862456709,-19.039902492975145,19.545126907405773
536,529.5651641308325,-51.819621169664416,-11.045415622335236,-203.41151040159957,241.2340767846785,-54.529651542005084,-30.76721196490295,-85.80478867550121,49.275676820299054,136.2930771670116,-250.9063340935711,274.8592193970544,-296.26575895849015,-19.828311618780063,-10.261224816432792,82.25038360093662
537,675.6157152182699,-62.61711566029645,91.9976737548004,-194.8461473733192,237.5862695061419,-67.23195259593817,-43.38560082888658,-108.13932091174443,13.292538208832552,137.95969016504995,-228.47709952505338,281.59541154209944,-309.65469040507685,46.34921605182737,14.434020340880778,72.47132085271816
538,308.9231999156153,132.7557449453407,0.8311860666825435,-90.38861871895713,119.3518732730724,-26.665845012644976,-14.182921202187938,-48.50914034517596,13.502994195651974,57.101014153542486,-114.95962090782515,161.81811860575743,-131.01054755660698,-11.466454000593375,-13.559502153048062,26.896931407235886
539,269.04600932957305,-28.45190111011846,-3.256554174007573,-84.68242298827623,101.25081676013285,176.83865998690044,-17.93013757110465,-58.633615538144674,14.856169686479703,40.839947491357194,-94.34679062320086,125.87016994809647,-114.80907111505844,-5.8994492859569965,-28.321068734802726,18.972123410143293
540,457.90464151890654,-25.564202077557795,-19.747670882212585,-133.57780288590337,153.52308593193854,-33.43466528890721,-12.129881272286747,-68.10817187334276,34.346826095134844,151.15257852884486,-200.44812060167322,177.35714828677962,4.235746085008205,-19.517194378528433,2.2941407476224263,82.76246028284008
541,675.6157152182699,-62.61711566029645,91.9976737548004,-194.8461473733192,237.5862695061419,-67.23195259593817,-43.38560082888658,-108.13932091174443,13.292538208832552,137.95969016504995,-228.47709952505338,281.59541154209944,-309.65469040507685,46.34921605182737,14.434020340880778,72.47132085271816
542,392.5633206366876,-27.039484836291507,-7.689336377234514,-118.85457011439668,151.71391573847708,-35.166403883513816,149.49863725808464,-51.86768643701078,29.763031940253278,73.99269076850798,-117.5109707292749,164.5465189853535,-163.84429608075075,-10.63666061987107,-6.467828255600182,47.11016659371428
543,615.2705041816649,-60.00617584124706,37.49614231171024,-180.13588320937512,205.4069547144523,-55.48905614280045,-34.09494391133602,-60.714180264393434,12.062736845804363,122.58396799637805,-332.5628013479083,264.9683037071533,-299.5439559359036,-19.526055349956085,-12.492270609132156,55.09999096379581
544,840.8517773131255,-72.86810533822639,-133.1628808096638,-245.85835582727688,287.257577526645,-82.93095980291594,-51.28945212921384,-119.4190436101973,34.70817643139224,164.16622623306895,-310.9836856054307,335.62854043317714,-368.351544517064,0.457677449836577,-11.047525852161113,104.80731332538222
545,844.2107340157908,-70.418412454614,-140.18252911379471,-246.33909182040603,285.81251213586796,-81.0112989473889,-52.434963943574736,-95.1765438816623,32.87168551093305,167.4672166926795,-303.6620592835492,329.9590324312669,-410.31988812362647,4.522144065283661,-5.093173128485896,107.38976880827947
546,519.4536389503763,-33.38576254348041,-8.697246438760114,-153.30165478190565,179.58720100909414,-39.717437272234456,-18.632711623100697,-69.99611374234742,33.21267775879202,121.35227061058576,-200.763759450308,205.04433595337156,-10.237640678613838,-25.777206405152306,-3.830595498643744,76.92015787682747
547,388.23086528170063,-33.21112110780857,-6.053905609232378,-148.01285703475995,145.67587914216233,-42.28718468928448,-23.215655395218,-59.06259789635958,179.07086965634034,80.84781120336686,-152.89738253985263,145.00016839967967,-195.7464225372898,-15.353125998070356,-6.091599183354228,44.52585268006979
548,530.6979128364937,-51.07876720957169,-9.502783232196501,-204.08980762537982,241.05534255876898,-54.47625013991473,-30.521191324361848,-85.91828186292491,53.08970589689881,137.850634122866,-251.23280315534024,273.68360917953765,-298.2961401046979,-20.28373296427813,-9.86240601162219,83.97355668674001
549,757.9162760945973,-67.61566538369449,-26.639064453762913,-224.25392440466027,262.29089569495454,-76.71448669410393,-28.36940617946168,-209.57806864567323,12.144137709982749,154.25517294038713,-260.18727915034134,295.16775135378464,-360.9721235095783,-78.28499912579498,-36.70424428279909,69.63673853692238
550,541.2778335253671,-34.60970743953726,-20.251318903963607,-166.4503685649636,191.9454837137966,-41.61981574437245,-17.057069423019655,-82.99757663574772,42.98106210761656,138.72445504039402,-235.84029557420857,221.03146757789276,-53.61835443707938,-26.991127744285315,-0.8602004416302519,91.29520501422802
551,549.1609985597792,-49.41357396409553,-6.167761148115924,-143.81480514825688,212.72182478488796,-43.00378247317526,-20.443491971546614,-64.88528768313813,211.79410662373158,99.20892108544629,-185.3694673056947,240.2464375168254,-217.48209569781756,-13.140359273783595,-11.370502517459677,47.45230458122776
552,334.7949096254551,-16.86351038232353,-5.519029902087815,-102.32765771669686,313.3488600996246,-22.303316392202984,-15.431530541591114,-31.701395864499624,31.40694448264404,63.973763064107004,-123.74208731851446,133.59513517615426,-137.59824746493425,-6.936431762407898,1.764975560632653,21.03655578639246
553,515.4147769016807,-50.75963651824172,68.2196855626917,-157.1246972637675,200.9709208931605,-51.86971829970437,-43.82552105534746,-28.40354935343924,10.044348004712337,64.76610468953741,-100.59606347074015,222.09166277210878,-108.59218275413303,0.655724862456709,-19.039902492975145,19.545126907405773
554,579.7415437113137,-53.088144455241675,-12.454522614134033,-217.41049550186108,242.19494535846704,-58.07515302393862,-32.29393894531203,-90.00278406919472,91.43848788944355,141.0417876496715,-263.8162914466019,280.5321634550367,-306.94312194994393,-19.499695810023947,-9.76225031415795,84.4274200528224
555,711.8115323785537,-63.60211185613372,16.314728673603906,-210.31055360366582,247.56674014527962,-71.93842273677737,-26.275512042556876,-202.8054970836501,9.074830783321977,147.0098060518187,-237.5711816685447,278.3540574201406,-334.6681297093154,-62.367400543058075,-30.73688531557477,63.94993073469143
556,334.7949096254551,-16.86351038232353,-5.519029902087815,-102.32765771669686,313.3488600996246,-22.303316392202984,-15.431530541591114,-31.701395864499624,31.40694448264404,63.973763064107004,-123.74208731851446,133.59513517615426,-137.59824746493425,-6.936431762407898,1.764975560632653,21.03655578639246
557,724.3384576342622,-64.86675214174353,13.618622365674181,-213.79354362814334,252.07457187413786,-73.17677802491178,-26.980057322284154,-204.27077005876376,9.309481919435992,149.5388411832968,-242.67218669702828,283.8026676059341,-340.7369549709754,-66.54213156580747,-30.29180915039524,65.21837739665244
558,579.7415437113137,-53.088144455241675,-12.454522614134033,-217.41049550186108,242.19494535846704,-58.07515302393862,-32.29393894531203,-90.00278406919472,91.43848788944355,141.0417876496715,-263.8162914466019,280.5321634550367,-306.94312194994393,-19.499695810023947,-9.76225031415795,84.4274200528224
559,705.9646607900877,-63.76936246488144,8.077012702186192,-209.1059332841349,243.56758803978528,-70.1488860662632,-23.923655458180008,-197.59025205632426,8.187190217707192,145.7334018614928,-261.01445019775883,277.70628840343795,-335.25684715094434,-82.90158581049292,-36.527127495377655,60.175650349233315
560,538.253438717949,-19.010764576124302,-62.747604177898396,-155.384376567737,170.97871235561612,3.2510781548802217,-20.344977449663446,34.72794856388519,26.534653651419813,146.42857641334524,-170.1440328922716,173.62740205901918,-245.78029447607744,-10.345815563740473,29.640855393972764,99.13852346458468
561,624.7193980039639,-55.43876384308102,-3.5169870999802995,-186.1917116434364,215.94841555538522,-62.87772044040499,15.156566146385822,-192.8636307976548,7.955959740020133,127.92524712183895,-210.3127604287452,242.08994495551582,-294.8353773532723,-82.3062206139604,-36.66360696148458,54.25367869541992
562,415.89850871551255,-26.821083524506815,-12.64552601605636,-122.82209137433121,148.81088343835066,137.31474649893488,-18.8362479892338,-21.284419947214513,22.5303973852062,92.51546918138634,-148.09537087407173,164.57561997375362,-187.27311591532978,-16.17057419945862,10.515092443249507,59.85623705878439
563,510.25743905143315,-49.858494765358934,46.87504821419701,-164.49270351909007,207.78742737250855,-51.393587677068155,-41.37603940129648,-33.235869949870995,18.94361969874534,68.6775375238013,-109.33369066366501,226.8077145764162,-114.4252816372,-16.56627191711032,-25.493721406851783,23.216394799716742
564,583.5887490044478,-52.61120443006924,-10.828554039893785,-217.74514923768405,243.8912269662398,-57.97131547527598,-31.968131754317806,-90.16212009695857,95.23520521955328,142.91958338065132,-264.5104493213792,281.10408646596454,-309.1758428295218,-19.954012538530048,-9.475599541645732,86.24837177834539
565,578.8372957600329,-52.327027448323484,-10.804725511710812,-216.96221947752153,241.72244491693138,-57.57582360987391,-31.950603923482333,-89.51756908375641,92.30513479180196,142.26317586545932,-262.8427381497232,282.053599861223,-307.7971718301329,-20.089127407036703,-9.801487031033348,85.36514289890218
566,602.226770708332,-54.4014347354316,-4.889001144496466,-153.8000104754328,232.05704093322973,-48.03156537637414,-20.205856332125464,-92.72728231378008,180.62599099985036,110.73221517832911,-198.6555302961348,261.6452850255173,-241.17575868759252,-26.962900227368728,-17.43728970616138,51.09396643555357
567,275.26905339592236,-28.865899390530082,-3.7318532629918666,-86.32210965202981,103.54187318400523,176.50367023711044,-17.884272160796556,-59.30947674264486,15.157060618777198,42.79289118045199,-97.74942354822414,128.6839910562998,-113.47239059114894,-10.640577409114897,-27.63311987869196,19.955142203991254
568,531.8449036868374,-51.27271165337051,-8.358644777360647,-203.89881228000556,242.3484226850859,-54.528050046540656,-30.82776778044457,-85.15780363066746,49.70680868474929,137.29521713892942,-249.65586806702092,274.61127017874725,-295.96785675825686,-20.293971501372088,-10.228230114273373,83.39842485413321
569,611.6072983901472,-55.02368603575158,97.54023398030891,-179.45714185961444,204.8552163466945,-61.95082107453702,-52.4626266358168,-84.71758618142259,19.42224540367388,114.47503412179019,-184.16720428847592,242.0107197369374,-279.5658417978856,39.87541327917172,10.646923980134485,77.12415148351819
570,301.676186827688,133.2435474086154,0.8090867499471958,-88.35332609141413,116.78456126185463,-25.75656612315797,-14.12581908552518,-45.1802055828857,13.961999771915183,55.64374493660151,-112.3931730150876,162.39208738457515,-127.57674925126717,-10.23600950492727,-13.407089031795413,25.79417263075123
571,391.9161515036474,-27.470818176841615,11.036193438409352,-117.46091496641091,152.24497870787133,-34.91730375297482,141.88016465925864,-31.50017229815559,30.89374006705702,73.58041841846428,-117.1455421062742,168.29694673343565,-161.56833453141172,16.453920883921697,4.250825167667701,49.970633214883534
572,868.9351890881084,-78.9271270735387,-131.55824806335042,-254.87695346287336,298.1358113814525,-88.59127442290003,-52.97159182295055,-141.53003071302714,29.25814123997252,164.2433599051314,-312.52307625155237,347.79049066227054,-422.08258562918036,-9.179637392917915,-18.02902560995203,98.075473353594
573,394.3926677100845,-53.28193309164625,44.015650057943915,-121.73067132321356,145.75086904308168,-56.14966343351962,-16.4463338541434,141.14370817716662,4.006162420872326,52.74171232053953,-135.8348160855343,176.93447497428747,-181.4621360350607,-42.7558694185074,-43.89943681972225,21.537936637506597
574,872.4623460240889,-77.8458020928619,-131.0468575682245,-255.54151906027562,298.90490154507836,-88.24554860843571,-52.64863464948135,-139.75783368289675,29.986538984766867,167.04117238547275,-312.922874543683,346.92169722961137,-424.89074285289405,-9.567263942296156,-16.95733740729141,100.87300319115245
575,386.87941898392916,-25.85105420824838,50.42429248232917,-131.56393318448124,81.69535154084339,-44.308921028765205,-72.33860488982559,-73.67796263254203,39.511712092663274,28.583293028562228,-27.122824301977484,81.47378499770733,-182.42091471455345,-94.62745103366618,-47.23112366424992,86.24462525852253
576,617.1358660613007,-27.215143532027838,-84.66436065539698,-178.13137411460073,196.00482539214164,-38.93072219977396,-26.533192764348467,21.217771703443614,28.18195864493986,160.21292532101512,-200.53246396393263,204.35469835239616,-286.9875754188256,-6.67252196076416,26.46265775663436,107.489149286622
577,382.74657258279905,-46.08476308490911,9.922821540673139,-118.5053429222848,137.6760062124489,-50.626250277550426,-12.348184521243622,162.2710292444561,6.547708159870904,57.53819814113471,-127.38369392062815,160.77880030249733,-176.5787322549376,-56.27149533285179,-42.462273516939675,28.08360693907085
578,805.6746785886046,-80.60695194303722,-146.7206995782185,-238.78707312167523,280.40920326629674,-84.04410413851429,-55.42341322724161,-112.66659739557203,26.09999517445588,138.70205320955904,-296.2987917051898,336.97213511122953,-380.1154923235356,8.741695670149829,-15.551607664545747,78.9252537270377
579,872.36681602245,-78.49851682494733,-128.5774698734679,-255.56360187841793,299.0697261964305,-88.56805184625489,-52.802206626597375,-141.33571195148562,29.664121323941636,166.2756662165539,-315.5930223208309,348.1216430315446,-425.116797741777,-9.80035136772251,-17.726553536372588,99.81928665833955
580,645.3524458168856,-60.94585934311483,104.79248411713189,-185.64311895959182,226.15773304453,-62.921853156444676,-44.784018928919,-77.30626924451752,13.301077568052774,130.4660126124822,-238.92720216342207,274.8531573735731,-293.78621536292553,58.495891322782576,19.105762086535638,68.90886562298014
581,529.5651641308325,-51.819621169664416,-11.045415622335236,-203.41151040159957,241.2340767846785,-54.529651542005084,-30.76721196490295,-85.80478867550121,49.275676820299054,136.2930771670116,-250.9063340935711,274.8592193970544,-296.26575895849015,-19.828311618780063,-10.261224816432792,82.25038360093662
582,847.1218722180955,-70.5737081595619,-141.49141088451867,-247.2394600080649,286.97340889057205,-81.44447099945633,-52.31811623476098,-98.21458242005575,32.87334675305914,168.11356781398578,-302.1850078101294,330.5753476893615,-411.5735241965586,3.3229819474093976,-5.587295040193384,107.68643712609837
583,463.7552427932516,-53.95244454919649,31.42087940895027,-146.68612760548066,184.54104826492784,-49.28591103590148,-42.53534794666174,-24.513698972462592,5.864245678655942,41.344654356984805,-87.42610779524719,213.70337145174315,-73.77591087115192,-9.462927675883554,-28.272379439470654,-2.094000525277525
584,613.5635364991319,-27.147290195793385,-85.44244871039986,-177.22414705865108,195.08085544056945,-39.03794218363095,-26.21555003221918,25.06138313734798,28.08634671374418,158.9422711341305,-196.91682692039987,202.87245300885849,-285.11286017161416,-7.385699754170871,25.695989698679394,106.93323342967507
585,630.236860338725,-56.13568435939674,-1.5513265816524093,-187.67110222467613,217.61641963219094,-63.50660028706509,11.36909021175436,-193.98317719306453,7.626082513307524,129.17259814137162,-212.43841557232173,244.366905089282,-297.68105213401844,-81.16527644449121,-36.24629474701332,54.7511466919176
586,868.9351890881084,-78.9271270735387,-131.55824806335042,-254.87695346287336,298.1358113814525,-88.59127442290003,-52.97159182295055,-141.53003071302714,29.25814123997252,164.2433599051314,-312.52307625155237,347.79049066227054,-422.08258562918036,-9.179637392917915,-18.02902560995203,98.075473353594
587,649.4154713975272,-61.21945431576528,103.77760969131587,-186.74283368438927,227.13819871380474,-63.333404127331406,-44.43723020821044,-80.79697406620323,13.277587029697745,132.14253007329316,-241.770562785831,276.04857421924885,-298.3719657486876,57.14167511269574,18.881117546248174,69.80130599234799
588,372.5656605530589,-75.82882520095325,-76.04995439003329,-127.19405246924136,139.9672122486328,-49.3499708544785,-40.11311532499678,-50.3931007658129,-11.381028899353405,1.2590554802724803,-137.44474885725353,223.62134018403043,-85.691998880484,9.16346762779735,-29.592167525847433,-48.0156506531413
589,518.8358458938251,-50.776107850799605,48.29202309140036,-160.0325190945574,202.86416870758288,-52.788817888091394,-39.37133396087686,-51.99142914453024,8.130436609960626,66.47455617696245,-100.13333949446091,220.0843791579688,-113.5768683978891,-27.562919512540482,-30.169990674028764,17.23073917404504
590,639.1387571261437,-60.4305706909941,104.04627357771597,-183.8143508887972,223.70048072845861,-62.437274263108314,-44.30656073808778,-77.55843646318968,13.313929314160182,129.59595693341618,-238.15885053284092,272.0907658641226,-293.38728824065487,58.17611258692722,24.60543926983861,68.60640586355665
591,620.0470042636055,-27.370439236975745,-85.97324242612092,-179.03174230225963,197.16572214684578,-39.36389425184138,-26.416345055534705,18.17973316505015,28.18361988706595,160.85927644232143,-199.0554124905129,204.97101361049067,-288.2412114917577,-7.871684078638424,25.96853584492687,107.78581760444091
592,718.5660559337612,-64.43938515076431,17.475964271890746,-212.11043350364054,249.99420435689683,-72.44726684404058,-26.48608501991952,-202.938790437725,8.869821086960929,148.59197773008634,-242.76409459118577,281.8625050558956,-337.87970204223825,-67.055085641885,-30.272129507348414,64.1671453757981
593,481.52551849381155,-14.313713383007363,-59.85351274201051,-138.4265327098733,150.06939169612,-25.8038864001981,-17.36248051226292,36.758959222324314,24.658871221368663,171.99233982044615,-153.45355531707008,150.44626662215794,-209.26963265985216,-5.5589051823415545,28.430955215934514,94.6196579393012
594,672.3512291508888,-61.99240534195168,90.5734082416355,-193.93978464861095,239.87386227282906,-66.80749964242052,-43.14447837786147,-107.90740412435036,13.804825320298853,137.17265148534298,-225.1118148679998,279.92057989546987,-307.53186684212346,46.692502162911126,14.692467831427155,71.98210414706074
595,529.5651641308325,-51.819621169664416,-11.045415622335236,-203.41151040159957,241.2340767846785,-54.529651542005084,-30.76721196490295,-85.80478867550121,49.275676820299054,136.2930771670116,-250.9063340935711,274.8592193970544,-296.26575895849015,-19.828311618780063,-10.261224816432792,82.25038360093662
596,342.6845488550013,96.98834553365371,0.5012672239236248,-101.32675023374057,128.57426568171002,-27.242138981300876,-16.863728346314943,-48.08736936315631,19.311567162303206,66.75272916561207,-122.74287104485734,220.74969906308118,-147.96870454361547,-14.980567403421036,-16.86260054894599,30.541207791495484
597,620.0470042636055,-27.370439236975745,-85.97324242612092,-179.03174230225963,197.16572214684578,-39.36389425184138,-26.416345055534705,18.17973316505015,28.18361988706595,160.85927644232143,-199.0554124905129,204.97101361049067,-288.2412114917577,-7.871684078638424,25.96853584492687,107.78581760444091
598,195.68323349520017,-34.091970691175455,-4.958235987760232,-102.46052868329222,136.23426661803796,-30.66613546068206,-18.699814600281744,-47.42608481742383,-23.13321636559597,70.02617687460241,-122.03776371861879,151.11247669865693,-173.16478581645538,-15.877548013514302,-9.505738947538813,39.04732254806308
600,807.1789463912502,-71.12706684061187,-132.71208548775988,-236.8096443392019,309.402771501283,-80.01502436704942,-51.72884440083703,-108.83047745515184,34.364399933374635,149.9094618949984,-293.64074441521404,324.87902161502996,-388.31798927032537,6.244844896662362,-10.503331587413355,90.2166231188306
601,649.4154713975272,-61.21945431576528,103.77760969131587,-186.74283368438927,227.13819871380474,-63.333404127331406,-44.43723020821044,-80.79697406620323,13.277587029697745,132.14253007329316,-241.770562785831,276.04857421924885,-298.3719657486876,57.14167511269574,18.881117546248174,69.80130599234799
602,787.9476564476437,-70.66859625701032,-128.6396795071121,-232.25126911229393,303.6304254408168,-80.37552255376819,-52.071849913840175,-110.11164547227466,26.85474431845151,150.05065591131506,-284.78168033266655,316.7745022302176,-386.56789641401264,2.4842630689868765,-12.179568669765741,96.29851294437088
603,500.5917772939209,-48.865925765780425,47.0226943866341,-161.7924554314565,204.1990664061872,-50.451571517737506,-41.282314132747594,-30.064538057402633,19.1469681529803,66.44901472422738,-105.6178292144437,222.68295168256668,-109.96007323134499,-10.679424700409085,-25.464355303370652,22.702511840791157
604,530.6979128364937,-51.07876720957169,-9.502783232196501,-204.08980762537982,241.05534255876898,-54.47625013991473,-30.521191324361848,-85.91828186292491,53.08970589689881,137.850634122866,-251.23280315534024,273.68360917953765,-298.2961401046979,-20.28373296427813,-9.86240601162219,83.97355668674001
605,382.74657258279905,-46.08476308490911,9.922821540673139,-118.5053429222848,137.6760062124489,-50.626250277550426,-12.348184521243622,162.2710292444561,6.547708159870904,57.53819814113471,-127.38369392062815,160.77880030249733,-176.5787322549376,-56.27149533285179,-42.462273516939675,28.08360693907085
606,445.66088344632516,-39.673470112143534,-10.353973844330998,-172.00717816026022,140.5661090454449,-47.894313456285,-25.990114480497454,-67.93084680045308,188.54748588248484,94.9911175036897,-185.61399718689384,180.9986333947549,-227.40565065391317,-14.823900566746461,-7.050103153039987,50.87022765357177
607,510.14663355242124,-48.00640433250236,60.93007899945354,-151.9386084584741,168.83585325727196,-44.68617567930518,-31.993255823602844,-47.18327980809206,12.81518982766838,98.97440833670325,-329.0748709032122,217.95858230742436,-240.97106187701615,-27.821422179740992,-14.938319407076822,44.754329383897286
608,302.23124441257255,133.53061747828997,1.5163302663057907,-88.75968134882076,115.96267828165725,-26.09441465529812,-15.102308553762334,-45.86316301830443,14.115798790923499,54.687913437085875,-110.67633653150939,157.79801789943178,-127.87629908859465,-11.993918066071512,-13.888799597951941,27.332547638533995
609,809.0346946576245,-80.57894752929657,-147.76582175981022,-239.67135302824119,277.9567858482573,-84.14605385421274,-55.5109637011507,-111.32063591437722,25.910125723814808,140.2545980581849,-296.9939285850955,337.44702095592584,-382.012260997606,8.631496984492419,-15.040839026010946,80.46818696550804
610,643.576123109746,-55.863811546957656,0.250157219959393,-192.66420333505414,257.01405950047274,-65.18456667145603,-21.645267652158697,-195.19916215387627,5.875651015633478,135.64325311477205,-218.15374650020595,248.15248041235736,-306.4212292592092,-84.05884321030926,-35.86349455206072,60.33080696020944
611,227.7293176841739,-1.7367883894677505,5.225331650122011,-63.71036780788088,56.4195531299349,-17.311707735349387,-12.814167353471037,-34.14318014192106,-4.355505176757478,54.414575779802334,-67.53026510113634,239.458565207438,-104.05769658086007,-19.61210071265252,27.164537644465117,131.3905441870206
612,675.6157152182699,-62.61711566029645,91.9976737548004,-194.8461473733192,237.5862695061419,-67.23195259593817,-43.38560082888658,-108.13932091174443,13.292538208832552,137.95969016504995,-228.47709952505338,281.59541154209944,-309.65469040507685,46.34921605182737,14.434020340880778,72.47132085271816
613,256.19834118142325,-25.562833717278764,-4.794532746673147,-86.29129990070197,258.0444000411086,-28.22206444070572,-20.908629067386546,-41.08842342234667,-7.814349931402628,52.08586281221882,-91.25921686607519,114.61385041046017,-121.48399054325009,-19.20448043590155,-10.54916841003511,32.81814909767259
614,757.9162760945973,-67.61566538369449,-26.639064453762913,-224.25392440466027,262.29089569495454,-76.71448669410393,-28.36940617946168,-209.57806864567323,12.144137709982749,154.25517294038713,-260.18727915034134,295.16775135378464,-360.9721235095783,-78.28499912579498,-36.70424428279909,69.63673853692238
615,530.6979128364937,-51.07876720957169,-9.502783232196501,-204.08980762537982,241.05534255876898,-54.47625013991473,-30.521191324361848,-85.91828186292491,53.08970589689881,137.850634122866,-251.23280315534024,273.68360917953765,-298.2961401046979,-20.28373296427813,-9.86240601162219,83.97355668674001
616,671.6483914466708,-68.05546495079518,-21.730769196638942,-202.23944912868924,234.22843989000555,-70.38111183271438,-25.61750742171174,-199.53343967173936,4.127389378016031,125.41033874726804,-230.31498950497385,274.39476471069764,-304.91472602497765,-76.69444606244699,-39.55184823117208,42.73751730177801
617,376.11440086754874,-51.531828682698716,36.00465269969931,-117.02097816106279,137.079060557377,-52.79926823705187,-13.236360012923228,149.402104448195,3.2062883799687545,49.70177916765443,-151.50693180911682,169.63814996985806,-175.75597332614677,-58.88223623776652,-49.36553903562348,17.548926122900394
618,620.0470042636055,-27.370439236975745,-85.97324242612092,-179.03174230225963,197.16572214684578,-39.36389425184138,-26.416345055534705,18.17973316505015,28.18361988706595,160.85927644232143,-199.0554124905129,204.97101361049067,-288.2412114917577,-7.871684078638424,25.96853584492687,107.78581760444091
619,575.920284020829,-56.82989560831688,81.6111710373639,-167.9923923083554,193.11026337639458,-51.2218362927371,-32.211622751793854,-54.0749020564452,8.788420222782543,116.92077278607726,-315.13961678875285,251.66305740926427,-276.4515344685636,-8.296141866046106,-6.060155833681482,49.63039780267154
620,868.9351890881084,-78.9271270735387,-131.55824806335042,-254.87695346287336,298.1358113814525,-88.59127442290003,-52.97159182295055,-141.53003071302714,29.25814123997252,164.2433599051314,-312.52307625155237,347.79049066227054,-422.08258562918036,-9.179637392917915,-18.02902560995203,98.075473353594
621,553.7411296201459,-36.39502681362839,-20.517887116078878,-162.7117854266768,187.2970461321593,-43.422997505679405,-15.451057321182047,-102.05944218235261,32.57013104914654,135.43878778596675,-227.60447107853835,216.05103678276035,-51.807296350706096,-37.499492413341805,-5.88539106339035,83.8040799479415
622,547.071827866291,-17.88906920945431,-63.73928766279258,-157.61885388120274,171.54366406060245,-29.36597822816647,-18.612416267638398,29.291758199073,28.95084757902015,156.38995984474218,-179.31607657901054,174.8406133282565,-208.30103367012015,-11.69866262430404,29.108047115074424,104.54762397304444
623,494.6373233712292,-45.584792404137744,45.00384725576837,-151.73552274520682,192.2607559360637,-47.536454818391014,-38.08788760572216,-30.18674839364604,13.982723831695044,65.3147365973116,-99.55847552187315,209.66533355219028,-58.88318243871032,-17.437321743412312,-23.537412270820973,22.45710970521846
624,517.5692148941116,-47.24291794728739,48.30547311485365,-158.94606378842815,201.3923057713693,-52.5426350994992,-39.1418823119724,-51.528302859080746,8.790423114499028,65.48360834968906,-99.03379550699509,217.39501218033143,-111.35896071333342,-27.188362232836056,-30.09883548826617,16.447700137856604
625,847.1218722180955,-70.5737081595619,-141.49141088451867,-247.2394600080649,286.97340889057205,-81.44447099945633,-52.31811623476098,-98.21458242005575,32.87334675305914,168.11356781398578,-302.1850078101294,330.5753476893615,-411.5735241965586,3.3229819474093976,-5.587295040193384,107.68643712609837
626,661.8526065933485,-56.72295217966954,4.060444210124676,-199.9769380986361,219.06783036768917,-67.86293747512441,-31.198641195750987,-200.72145240093013,14.398088387866816,127.48981446760652,-201.71271959694337,241.0336448435364,-309.04521741457285,-100.73424474442542,-44.51844837056011,67.21306797229047
627,324.45297367168405,9.126995405349428,32.42767460523706,-113.88742701165565,61.657788532472665,-37.17314891599126,-66.86335058856817,-64.75747122579678,39.703377893473444,14.869206954413219,-8.371704130074246,62.77480258714091,-151.9844699532952,-107.65690306658509,-53.34273015916794,78.38846492400037
628,575.920284020829,-56.82989560831688,81.6111710373639,-167.9923923083554,193.11026337639458,-51.2218362927371,-32.211622751793854,-54.0749020564452,8.788420222782543,116.92077278607726,-315.13961678875285,251.66305740926427,-276.4515344685636,-8.296141866046106,-6.060155833681482,49.63039780267154
629,671.8348979175319,-61.99753883229508,91.3739361836997,-194.11757819084173,235.35797126943086,-67.09369429065872,-44.18814047164722,-108.53138212326637,13.907004046230167,136.19294056989966,-222.71676367531785,278.1916260938683,-307.77407800999663,44.62258986847496,13.61060098426941,73.20360540183518
630,872.36681602245,-78.49851682494733,-128.5774698734679,-255.56360187841793,299.0697261964305,-88.56805184625489,-52.802206626597375,-141.33571195148562,29.664121323941636,166.2756662165539,-315.5930223208309,348.1216430315446,-425.116797741777,-9.80035136772251,-17.726553536372588,99.81928665833955
631,649.4154713975272,-61.21945431576528,103.77760969131587,-186.74283368438927,227.13819871380474,-63.333404127331406,-44.43723020821044,-80.79697406620323,13.277587029697745,132.14253007329316,-241.770562785831,276.04857421924885,-298.3719657486876,57.14167511269574,18.881117546248174,69.80130599234799
632,529.5651641308325,-51.819621169664416,-11.045415622335236,-203.41151040159957,241.2340767846785,-54.529651542005084,-30.76721196490295,-85.80478867550121,49.275676820299054,136.2930771670116,-250.9063340935711,274.8592193970544,-296.26575895849015,-19.828311618780063,-10.261224816432792,82.25038360093662
634,583.4207094769067,-52.889429904983935,-6.294329351539767,-155.95157701051616,234.6106669451849,-45.81843413964489,-22.098101339130018,-70.82169699032323,190.6292807322252,111.3392250000276,-205.29846019594626,265.67824819328115,-238.698968588437,-14.634659465633389,-12.220449246273237,56.54460987927563
635,421.8186684645565,-33.89656900874063,13.936000718696071,-124.87814267939711,152.77905426399184,130.01743715618133,-20.865385815897138,-37.41259596039318,19.32490894287805,86.53663713126939,-177.0466948174374,179.23083415377158,-192.80577843703216,-17.104023159780635,3.82758381712668,50.34758697043399
636,649.4154713975272,-61.21945431576528,103.77760969131587,-186.74283368438927,227.13819871380474,-63.333404127331406,-44.43723020821044,-80.79697406620323,13.277587029697745,132.14253007329316,-241.770562785831,276.04857421924885,-298.3719657486876,57.14167511269574,18.881117546248174,69.80130599234799
637,476.0459472718126,-17.80964401850933,-56.69973259288295,-138.43204726229052,150.9309848699904,-25.896140710596367,-20.533867495590524,38.94447083880715,21.977953079680503,171.36783529582988,-140.50563570274343,153.33824112900632,-225.4778168234862,-12.515691043503478,22.92488201177659,82.04253430256507
638,336.7523131149901,97.78385286772684,2.0006317378283827,-97.74260901901744,122.5723954546606,-27.589130361067703,-15.929116900976403,-52.001189471765265,12.196549567409026,66.52234425109732,-120.31003843464036,209.56051474834166,-145.09195588868135,-16.098497454615618,-6.77642417465363,54.990963265871066
639,628.3994806543076,-56.02594539171053,-2.1054875480012085,-187.2023411902753,216.76572124875568,-63.20381109120024,11.674730398164774,-193.3151253928206,7.513853343134644,128.79205420919124,-214.2726419223948,243.7572671690324,-297.13304135201537,-82.80122186895976,-36.86982658151157,54.24687398717568
640,872.36681602245,-78.49851682494733,-128.5774698734679,-255.56360187841793,299.0697261964305,-88.56805184625489,-52.802206626597375,-141.33571195148562,29.664121323941636,166.2756662165539,-315.5930223208309,348.1216430315446,-425.116797741777,-9.80035136772251,-17.726553536372588,99.81928665833955
641,334.7949096254551,-16.86351038232353,-5.519029902087815,-102.32765771669686,313.3488600996246,-22.303316392202984,-15.431530541591114,-31.701395864499624,31.40694448264404,63.973763064107004,-123.74208731851446,133.59513517615426,-137.59824746493425,-6.936431762407898,1.764975560632653,21.03655578639246
642,336.9502533403491,-70.72951588000547,-85.68805740674348,-116.13310064997212,155.93059116208565,-45.76738094669061,-36.16708171927875,-54.36626335690855,-14.581660587313207,4.071337444300234,-138.85780975173793,205.48007118390248,-97.8861093886578,7.764498106612072,-26.036397765863953,-40.65870801002273
643,446.565131397606,-40.434587119061725,-12.003770946754221,-172.45545418459977,141.03860948698056,-48.39364287034971,-26.33344950232715,-68.41606178589139,187.68083898012642,93.76972928790188,-186.58755048377265,179.47719698856864,-226.5516007737242,-14.234468969733706,-7.010866436164588,49.93250480749199
644,548.0896097415377,-49.70577752411348,-6.074476722410328,-143.58624343308102,209.02781676168715,-42.9521285892733,-20.510664597095207,-64.82630824663539,211.74248633065457,99.18504166951863,-184.691252596591,243.11155320036718,-217.42475702836327,-13.452363007075517,-11.970658798460898,47.135430828219434
645,645.3524458168856,-60.94585934311483,104.79248411713189,-185.64311895959182,226.15773304453,-62.921853156444676,-44.784018928919,-77.30626924451752,13.301077568052774,130.4660126124822,-238.92720216342207,274.8531573735731,-293.78621536292553,58.495891322782576,19.105762086535638,68.90886562298014
646,450.41233669073995,-39.9576470938893,-10.37780237251397,-172.79010792042274,142.7348910947533,-48.28980532168707,-26.007642311332926,-68.57539781365524,191.47755631023617,95.64752501888171,-187.2817083585499,180.04911999949644,-228.78432165330204,-14.688785698239807,-6.7242156636523704,51.753456533014976
647,450.41233669073995,-39.9576470938893,-10.37780237251397,-172.79010792042274,142.7348910947533,-48.28980532168707,-26.007642311332926,-68.57539781365524,191.47755631023617,95.64752501888171,-187.2817083585499,180.04911999949644,-228.78432165330204,-14.688785698239807,-6.7242156636523704,51.753456533014976
648,534.9350683887207,-34.88302198318072,-21.92321532312218,-164.86335196176017,189.85067214411447,-41.20986626895015,-17.343302328186592,-80.15385685889576,42.57342078152136,136.04579760766524,-234.24740097834982,220.0839999505242,-49.33050625155058,-25.171251651606458,-0.6685506035022059,89.25472339166357
649,574.7568217913481,-60.22336951252554,-26.208950096362827,-212.21453986726206,246.07709918724456,-59.0191165202644,-34.4679124455561,-91.71157197180979,53.70583844954115,128.14487552385634,-262.144495424769,293.235733257573,-290.9271586733951,-16.76535844772213,-13.94208820039202,69.23617081735297
650,376.11440086754874,-51.531828682698716,36.00465269969931,-117.02097816106279,137.079060557377,-52.79926823705187,-13.236360012923228,149.402104448195,3.2062883799687545,49.70177916765443,-151.50693180911682,169.63814996985806,-175.75597332614677,-58.88223623776652,-49.36553903562348,17.548926122900394
651,575.920284020829,-56.82989560831688,81.6111710373639,-167.9923923083554,193.11026337639458,-51.2218362927371,-32.211622751793854,-54.0749020564452,8.788420222782543,116.92077278607726,-315.13961678875285,251.66305740926427,-276.4515344685636,-8.296141866046106,-6.060155833681482,49.63039780267154
652,223.10218647731224,-28.607044820429056,6.280767736554665,-63.55863151656315,52.30159778958148,-16.373331734265104,-13.63119946542654,-30.819986917152544,-1.5611389954913615,54.81858425120193,-62.740962871422916,258.0036234396471,-104.39747318939929,-19.318465653814364,25.200704893279163,126.13538483273578
653,805.6746785886046,-80.60695194303722,-146.7206995782185,-238.78707312167523,280.40920326629674,-84.04410413851429,-55.42341322724161,-112.66659739557203,26.09999517445588,138.70205320955904,-296.2987917051898,336.97213511122953,-380.1154923235356,8.741695670149829,-15.551607664545747,78.9252537270377
654,847.1218722180955,-70.5737081595619,-141.49141088451867,-247.2394600080649,286.97340889057205,-81.44447099945633,-52.31811623476098,-98.21458242005575,32.87334675305914,168.11356781398578,-302.1850078101294,330.5753476893615,-411.5735241965586,3.3229819474093976,-5.587295040193384,107.68643712609837
656,805.6833283480534,-78.25635443256036,-146.54444455577539,-238.73405358305962,277.3527021411261,-84.16417745804921,-55.45684164278335,-113.03583208396022,25.734094498430622,138.75691914927293,-296.32043452066586,337.9246803598841,-380.2969932946685,8.56079473564176,-15.858856607933065,79.26493222579863
657,865.1875381789222,-77.76691181672817,-129.9814540891083,-253.54155368148224,296.5975762690517,-87.94649546683571,-49.29176527119936,-141.04139724723913,29.640753719731887,164.67621779664475,-310.90965070387875,344.9207571631079,-421.5901424547578,-9.739019565961438,-17.76279140929066,99.3315322242192
658,535.907929267479,-51.54630662602096,-9.373519203176665,-204.998527004803,243.32888835436063,-54.939601017427385,-30.48097905973601,-88.64850845235317,49.68331814639426,138.9717345997404,-252.49922868942986,275.806687024423,-300.55360714401894,-21.64818771145892,-10.452874654560837,84.29086522350106
659,693.0129812460588,-62.61039046568304,10.530370392762363,-205.40077496269637,239.0150705951654,-68.79781850597283,-19.91924180041736,-195.963957731039,7.724161781022382,143.1870899883732,-256.42298647496415,272.5652399849628,-328.8729389351881,-83.35320808480941,-36.543685725248906,58.63666389425865
660,847.1218722180955,-70.5737081595619,-141.49141088451867,-247.2394600080649,286.97340889057205,-81.44447099945633,-52.31811623476098,-98.21458242005575,32.87334675305914,168.11356781398578,-302.1850078101294,330.5753476893615,-411.5735241965586,3.3229819474093976,-5.587295040193384,107.68643712609837
662,865.1875381789222,-77.76691181672817,-129.9814540891083,-253.54155368148224,296.5975762690517,-87.94649546683571,-49.29176527119936,-141.04139724723913,29.640753719731887,164.67621779664475,-310.90965070387875,344.9207571631079,-421.5901424547578,-9.739019565961438,-17.76279140929066,99.3315322242192
663,645.3524458168856,-60.94585934311483,104.79248411713189,-185.64311895959182,226.15773304453,-62.921853156444676,-44.784018928919,-77.30626924451752,13.301077568052774,130.4660126124822,-238.92720216342207,274.8531573735731,-293.78621536292553,58.495891322782576,19.105762086535638,68.90886562298014
664,718.5660559337612,-64.43938515076431,17.475964271890746,-212.11043350364054,249.99420435689683,-72.44726684404058,-26.48608501991952,-202.938790437725,8.869821086960929,148.59197773008634,-242.76409459118577,281.8625050558956,-337.87970204223825,-67.055085641885,-30.272129507348414,64.1671453757981
665,847.1218722180955,-70.5737081595619,-141.49141088451867,-247.2394600080649,286.97340889057205,-81.44447099945633,-52.31811623476098,-98.21458242005575,32.87334675305914,168.11356781398578,-302.1850078101294,330.5753476893615,-411.5735241965586,3.3229819474093976,-5.587295040193384,107.68643712609837
666,620.0470042636055,-27.370439236975745,-85.97324242612092,-179.03174230225963,197.16572214684578,-39.36389425184138,-26.416345055534705,18.17973316505015,28.18361988706595,160.85927644232143,-199.0554124905129,204.97101361049067,-288.2412114917577,-7.871684078638424,25.96853584492687,107.78581760444091
667,553.4560167063224,-50.042379504343444,-6.192910226379309,-145.83669271413237,211.85049137410044,-43.64009435508739,-20.756991214458424,-65.96468447657998,212.28380972762884,100.70301186862945,-187.9219934793097,242.94088073832586,-220.61087632378752,-13.449983426568087,-11.60138787372473,48.7832539490763
668,807.2654439857372,-47.621091735843144,-130.9495352633285,-236.27944895304603,278.8377602495772,-81.2157575623987,-52.0631285562544,-112.52282433903386,30.705393173122076,150.4581212921371,-293.8571725699745,334.404474101576,-390.1329989816539,4.435835551581674,-13.57582102128652,93.61340810643992
669,693.0129812460588,-62.61039046568304,10.530370392762363,-205.40077496269637,239.0150705951654,-68.79781850597283,-19.91924180041736,-195.963957731039,7.724161781022382,143.1870899883732,-256.42298647496415,272.5652399849628,-328.8729389351881,-83.35320808480941,-36.543685725248906,58.63666389425865
670,575.920284020829,-56.82989560831688,81.6111710373639,-167.9923923083554,193.11026337639458,-51.2218362927371,-32.211622751793854,-54.0749020564452,8.788420222782543,116.92077278607726,-315.13961678875285,251.66305740926427,-276.4515344685636,-8.296141866046106,-6.060155833681482,49.63039780267154
671,645.3524458168856,-60.94585934311483,104.79248411713189,-185.64311895959182,226.15773304453,-62.921853156444676,-44.784018928919,-77.30626924451752,13.301077568052774,130.4660126124822,-238.92720216342207,274.8531573735731,-293.78621536292553,58.495891322782576,19.105762086535638,68.90886562298014
672,718.5660559337612,-64.43938515076431,17.475964271890746,-212.11043350364054,249.99420435689683,-72.44726684404058,-26.48608501991952,-202.938790437725,8.869821086960929,148.59197773008634,-242.76409459118577,281.8625050558956,-337.87970204223825,-67.055085641885,-30.272129507348414,64.1671453757981
673,227.7293176841739,-1.7367883894677505,5.225331650122011,-63.71036780788088,56.4195531299349,-17.311707735349387,-12.814167353471037,-34.14318014192106,-4.355505176757478,54.414575779802334,-67.53026510113634,239.458565207438,-104.05769658086007,-19.61210071265252,27.164537644465117,131.3905441870206
674,445.66088344632516,-39.673470112143534,-10.353973844330998,-172.00717816026022,140.5661090454449,-47.894313456285,-25.990114480497454,-67.93084680045308,188.54748588248484,94.9911175036897,-185.61399718689384,180.9986333947549,-227.40565065391317,-14.823900566746461,-7.050103153039987,50.87022765357177
675,550.1475302530704,-35.14676229444555,-18.820108123046264,-161.3189472160627,185.93755266545676,-42.86868634087091,-14.865002528472502,-101.68525463131662,33.08260210536114,139.40904304494921,-226.44175079749752,213.21599490379677,-50.21002457029209,-37.482376047601505,-5.366256540683181,85.46064662023997
676,525.6208825916955,-50.79192887663971,47.95272350469312,-161.28057556012675,203.9364968181044,-52.99969250425676,-39.34420371543496,-52.64598458535968,9.44456935290297,67.79494859162371,-102.37753223965552,221.46380962300614,-111.10018280659101,-27.748793585302327,-29.993246907148034,18.234887190917053
677,671.6483914466708,-68.05546495079518,-21.730769196638942,-202.23944912868924,234.22843989000555,-70.38111183271438,-25.61750742171174,-199.53343967173936,4.127389378016031,125.41033874726804,-230.31498950497385,274.39476471069764,-304.91472602497765,-76.69444606244699,-39.55184823117208,42.73751730177801
678,381.82573545781474,-26.583917463674542,10.941090993492898,-114.53849858181637,148.61193202578832,-33.862575321488215,145.27375830584288,-28.167819055515636,30.86871122072118,71.33461887724887,-113.9392219627418,164.47974560690443,-156.78804317146037,17.71441480355703,4.708709206457117,49.18621046294429
679,695.4522737271633,-62.56938531400697,10.42040637096052,-206.2862058090448,239.91047789406727,-69.06859801991368,-23.71348664940669,-196.23716201069414,8.262435515893594,143.37244589552535,-260.6656571532892,273.0053162634651,-329.39955774505563,-83.73112249347142,-36.77173237517212,59.14108419124347
680,847.1218722180955,-70.5737081595619,-141.49141088451867,-247.2394600080649,286.97340889057205,-81.44447099945633,-52.31811623476098,-98.21458242005575,32.87334675305914,168.11356781398578,-302.1850078101294,330.5753476893615,-411.5735241965586,3.3229819474093976,-5.587295040193384,107.68643712609837
681,578.8372957600329,-52.327027448323484,-10.804725511710812,-216.96221947752153,241.72244491693138,-57.57582360987391,-31.950603923482333,-89.51756908375641,92.30513479180196,142.26317586545932,-262.8427381497232,282.053599861223,-307.7971718301329,-20.089127407036703,-9.801487031033348,85.36514289890218
682,376.11440086754874,-51.531828682698716,36.00465269969931,-117.02097816106279,137.079060557377,-52.79926823705187,-13.236360012923228,149.402104448195,3.2062883799687545,49.70177916765443,-151.50693180911682,169.63814996985806,-175.75597332614677,-58.88223623776652,-49.36553903562348,17.548926122900394
683,613.5635364991319,-27.147290195793385,-85.44244871039986,-177.22414705865108,195.08085544056945,-39.03794218363095,-26.21555003221918,25.06138313734798,28.08634671374418,158.9422711341305,-196.91682692039987,202.87245300885849,-285.11286017161416,-7.385699754170871,25.695989698679394,106.93323342967507
684,649.4154713975272,-61.21945431576528,103.77760969131587,-186.74283368438927,227.13819871380474,-63.333404127331406,-44.43723020821044,-80.79697406620323,13.277587029697745,132.14253007329316,-241.770562785831,276.04857421924885,-298.3719657486876,57.14167511269574,18.881117546248174,69.80130599234799
685,575.920284020829,-56.82989560831688,81.6111710373639,-167.9923923083554,193.11026337639458,-51.2218362927371,-32.211622751793854,-54.0749020564452,8.788420222782543,116.92077278607726,-315.13961678875285,251.66305740926427,-276.4515344685636,-8.296141866046106,-6.060155833681482,49.63039780267154
686,626.4956177334425,-58.5277600590924,-2.6745310845073496,-193.18013290550627,229.26345375213575,-65.39823079153297,-20.88016334585627,-195.68096438166924,0.17110887105262765,135.66110638076879,-218.9713506661745,254.33092939995745,-307.135668710032,-82.14367242659226,-35.81976199440967,57.50678383981306
687,443.68915746458066,-81.43668827081574,-111.54276718241539,-145.80346243214706,158.71121396555355,-56.650184975056405,-42.564203728994656,-70.43011834146886,-8.236267352651442,20.96865242525412,-179.06549788398388,248.4106852434514,-147.83335030607032,11.509643390273595,-27.615874288104276,-32.090674273480765
688,840.4299167150527,-69.79883562661263,-140.8062666848954,-245.61052263792854,283.58421389915685,-80.87304064210947,-53.23750358633537,-95.56860509318422,33.486151348330665,165.70046709752918,-297.90172343381363,326.5552469830358,-408.43927572854625,2.795517881931259,-5.916592485097263,108.12205335739648
689,620.0470042636055,-27.370439236975745,-85.97324242612092,-179.03174230225963,197.16572214684578,-39.36389425184138,-26.416345055534705,18.17973316505015,28.18361988706595,160.85927644232143,-199.0554124905129,204.97101361049067,-288.2412114917577,-7.871684078638424,25.96853584492687,107.78581760444091
690,597.4155311095366,-51.97783142806547,-14.438411489407624,-215.89207505729317,251.9573578898938,-56.638397703658704,-30.495909510483916,-92.3503430837956,62.417004249722524,149.49700131362417,-273.34826154551735,288.6535240474278,-271.4989030455092,-21.687052346398495,-8.49378714762547,92.29186376965671
691,616.6043865724425,-26.791868517808858,-86.30089534266811,-177.9711808783796,195.8684176043968,-38.75686784230074,-26.276754376677726,20.67520385301833,28.687859273598406,160.5836973318423,-198.74218396631485,203.66007182484447,-282.4393225619932,-6.725964985095089,26.68585080451877,108.25495343936329
692,578.4030715188586,-52.76257757642621,-6.153418652359888,-154.55167850049,234.51458008780605,-45.46388399145154,-21.94542864108911,-70.40189745095387,186.41299962531073,110.86435395176161,-204.0074644606432,265.1109537874829,-237.6312322892916,-14.667521046509002,-12.27034669650072,56.32690623408706
693,645.3524458168856,-60.94585934311483,104.79248411713189,-185.64311895959182,226.15773304453,-62.921853156444676,-44.784018928919,-77.30626924451752,13.301077568052774,130.4660126124822,-238.92720216342207,274.8531573735731,-293.78621536292553,58.495891322782576,19.105762086535638,68.90886562298014
694,279.8036051176312,-10.029041671592118,-13.578648774260952,-95.14771875284218,129.19153719099984,-25.588996338082158,-40.8441968660932,-40.87785642642164,38.29396647663783,33.12105062997163,-275.01984719570345,87.67628340054853,-96.18989823989986,-35.88547529875055,-22.340279721246088,40.351100800980106
695,450.41233669073995,-39.9576470938893,-10.37780237251397,-172.79010792042274,142.7348910947533,-48.28980532168707,-26.007642311332926,-68.57539781365524,191.47755631023617,95.64752501888171,-187.2817083585499,180.04911999949644,-228.78432165330204,-14.688785698239807,-6.7242156636523704,51.753456533014976
696,376.11440086754874,-51.531828682698716,36.00465269969931,-117.02097816106279,137.079060557377,-52.79926823705187,-13.236360012923228,149.402104448195,3.2062883799687545,49.70177916765443,-151.50693180911682,169.63814996985806,-175.75597332614677,-58.88223623776652,-49.36553903562348,17.548926122900394
697,575.8566544589269,-52.22043816659122,-10.770979524815418,-216.6888942156152,241.92012427517867,-57.66720147365491,-31.89524560673002,-89.69647771724905,91.03623585912885,142.1244735572599,-262.85176477306806,278.7892588317217,-307.9057667970063,-19.987978736397626,-9.41332895957483,85.9328894934372
698,463.7552427932516,-53.95244454919649,31.42087940895027,-146.68612760548066,184.54104826492784,-49.28591103590148,-42.53534794666174,-24.513698972462592,5.864245678655942,41.344654356984805,-87.42610779524719,213.70337145174315,-73.77591087115192,-9.462927675883554,-28.272379439470654,-2.094000525277525
699,579.7415437113137,-53.088144455241675,-12.454522614134033,-217.41049550186108,242.19494535846704,-58.07515302393862,-32.29393894531203,-90.00278406919472,91.43848788944355,141.0417876496715,-263.8162914466019,280.5321634550367,-306.94312194994393,-19.499695810023947,-9.76225031415795,84.4274200528224
700,620.0470042636055,-27.370439236975745,-85.97324242612092,-179.03174230225963,197.16572214684578,-39.36389425184138,-26.416345055534705,18.17973316505015,28.18361988706595,160.85927644232143,-199.0554124905129,204.97101361049067,-288.2412114917577,-7.871684078638424,25.96853584492687,107.78581760444091
701,541.2778335253671,-34.60970743953726,-20.251318903963607,-166.4503685649636,191.9454837137966,-41.61981574437245,-17.057069423019655,-82.99757663574772,42.98106210761656,138.72445504039402,-235.84029557420857,221.03146757789276,-53.61835443707938,-26.991127744285315,-0.8602004416302519,91.29520501422802
702,433.8384178725593,-55.805498592491,-2.5687663624663597,-133.85207940609095,157.88273572978727,-60.09438004576378,-18.176083036569533,136.08230823780724,7.602896704719376,59.17041369975919,-150.58785286754187,189.03977547024323,-204.3285026135178,-53.752695476991036,-49.56233546609174,28.061246331443765
703,575.8566544589269,-52.22043816659122,-10.770979524815418,-216.6888942156152,241.92012427517867,-57.66720147365491,-31.89524560673002,-89.69647771724905,91.03623585912885,142.1244735572599,-262.85176477306806,278.7892588317217,-307.9057667970063,-19.987978736397626,-9.41332895957483,85.9328894934372
704,510.14663355242124,-48.00640433250236,60.93007899945354,-151.9386084584741,168.83585325727196,-44.68617567930518,-31.993255823602844,-47.18327980809206,12.81518982766838,98.97440833670325,-329.0748709032122,217.95858230742436,-240.97106187701615,-27.821422179740992,-14.938319407076822,44.754329383897286
705,757.3847966057391,-67.1923903694755,-28.27559914103405,-224.09373116843915,262.15448790720967,-76.54063233663071,-28.11296779179094,-210.1206364960985,12.650038338641291,154.6259449512143,-258.39699915272354,294.47312482623295,-356.4238706527459,-78.33844215012591,-36.48105123491468,70.40254268966366
706,579.7415437113137,-53.088144455241675,-12.454522614134033,-217.41049550186108,242.19494535846704,-58.07515302393862,-32.29393894531203,-90.00278406919472,91.43848788944355,141.0417876496715,-263.8162914466019,280.5321634550367,-306.94312194994393,-19.499695810023947,-9.76225031415795,84.4274200528224
708,844.2107340157908,-70.418412454614,-140.18252911379471,-246.33909182040603,285.81251213586796,-81.0112989473889,-52.434963943574736,-95.1765438816623,32.87168551093305,167.4672166926795,-303.6620592835492,329.9590324312669,-410.31988812362647,4.522144065283661,-5.093173128485896,107.38976880827947
710,605.1800881358323,-59.11927512807998,37.401039866793774,-177.21346682478057,201.7739080323693,-54.43432771131385,-30.70135026475176,-57.38182702175348,12.037707999468525,120.33816845516264,-329.35648120437594,261.1511025806221,-294.7636645759523,-18.26556143032075,-12.03438657034274,54.315568211856565
711,415.89850871551255,-26.821083524506815,-12.64552601605636,-122.82209137433121,148.81088343835066,137.31474649893488,-18.8362479892338,-21.284419947214513,22.5303973852062,92.51546918138634,-148.09537087407173,164.57561997375362,-187.27311591532978,-16.17057419945862,10.515092443249507,59.85623705878439
712,494.77563726718563,-38.703657223374826,-35.705487709210345,-148.64379265135418,168.69910460621588,-39.5121391032058,-18.21637796838491,-74.27540565833931,29.90168808752717,111.39157187357752,-213.93271270579072,207.9271244532197,-12.968983671031305,-19.887783503058547,-3.6388584742491235,65.98480968923374
713,539.3377793058125,-47.3422284625975,-7.585470959044644,-135.0544041279811,243.5027352789696,-39.508716722613876,-19.209129550553047,-59.91423586848104,181.91822061665272,94.8407602123417,-179.44672939802737,239.90942619579346,-205.38078118252974,-11.082996592290385,-10.310414488433308,41.511943114986785
714,847.1218722180955,-70.5737081595619,-141.49141088451867,-247.2394600080649,286.97340889057205,-81.44447099945633,-52.31811623476098,-98.21458242005575,32.87334675305914,168.11356781398578,-302.1850078101294,330.5753476893615,-411.5735241965586,3.3229819474093976,-5.587295040193384,107.68643712609837
715,520.749433037079,-55.00841583184853,70.15172356091988,-153.8009042515923,175.05338165505137,-49.135761316455955,-26.401281461621046,-6.5882829768125015,6.820577137143708,100.14298440630108,-296.96833497750237,230.73754743354678,-251.51864888548943,-28.952266502455874,-18.844501012007807,39.23611657270622
716,840.8517773131255,-72.86810533822639,-133.1628808096638,-245.85835582727688,287.257577526645,-82.93095980291594,-51.28945212921384,-119.4190436101973,34.70817643139224,164.16622623306895,-310.9836856054307,335.62854043317714,-368.351544517064,0.457677449836577,-11.047525852161113,104.80731332538222
717,280.25482438696935,-34.15257517548557,-2.193825943967109,-87.71313732362357,90.29852059123964,-18.488983165139093,-17.576753115491957,-27.906099478130884,31.299644718836234,61.78421476727102,-84.41842548457046,304.81349187625926,-131.09484655337263,-21.288078029635624,-20.943490444708566,21.94382078036723
718,526.1523620805536,-51.21520389085869,49.589258191964255,-161.44076879634787,204.07290460584923,-53.17354686172998,-39.60064210310569,-52.10341673493439,8.93866872424443,67.42417658079653,-104.16781223727328,222.15843615055783,-115.64843566342338,-27.695350560971395,-30.216439955032442,17.469083038175764
719,606.8861095860416,-55.72728380444466,-11.62116077311889,-213.9740606222883,260.94510369528984,-57.57079155821572,-31.49607344078082,-90.46121247259634,91.26537042454336,144.24417540092577,-267.49317957668285,298.0074957394826,-308.9665192836449,-19.48864964010427,-10.883930637141798,85.40520645001845
720,694.8774642010047,-59.10924533171243,-4.430992264308601,-205.82089079742096,240.1231426450959,-67.68083131065981,-20.86529927910798,-201.68395093953833,12.806535671817553,148.49425851655417,-243.20355811573847,268.8198605778826,-286.9170656538834,-83.94897012987977,-34.27551737348676,66.78245985579188
721,389.0234481632649,-76.71616811678014,-87.4855933512678,-138.09231697124798,149.50282034092194,-50.56438356080241,-38.291146507552526,-62.25618742926864,-2.1539679475031392,17.11326971096993,-169.2905440984354,239.77914427059298,-125.88659334352528,7.947166708156912,-26.99104339357011,-35.28842663659763
722,597.5542173513963,-54.75427434958635,0.6587583533830694,-217.0875586513219,257.22055819131833,-59.00310156562014,-35.07347060097234,-85.24172152347221,58.01715709404348,138.16627524303442,-249.63983515926734,290.75624107450113,-287.9481366710621,-21.421957273642356,-13.612141178797824,80.71658334931891
723,648.3161084721694,-56.6364217068529,1.7641054574016295,-193.8008206856414,258.59080212894975,-65.53534353693436,-21.361464158567383,-195.22027257846764,5.360744884972014,137.05734562752906,-218.59444743883307,250.91329000229175,-309.42126573636085,-83.74226060340833,-35.59921002921943,60.31414109734496
724,640.9995922854408,-56.197325666793816,0.46687035683773265,-192.39257098385096,257.38206623068334,-65.15061456329578,-21.13215601633855,-195.10828498806347,4.552512770688209,136.10772522369498,-214.55997469602067,248.8392330097027,-307.3496984708265,-83.60982955497741,-35.55276074821575,60.07579723321424
725,754.1354587938592,-66.99608855569312,-27.262802024863607,-223.52535522218278,260.0625974582435,-76.57622838882449,-29.171945822222312,-209.97012985719516,12.758603547380364,152.4884233452368,-254.42694330060573,291.7639659055535,-359.0915111144981,-80.01162530914739,-37.527663639410456,70.36902308603939
726,620.0470042636055,-27.370439236975745,-85.97324242612092,-179.03174230225963,197.16572214684578,-39.36389425184138,-26.416345055534705,18.17973316505015,28.18361988706595,160.85927644232143,-199.0554124905129,204.97101361049067,-288.2412114917577,-7.871684078638424,25.96853584492687,107.78581760444091
727,266.71072824434765,-26.76281086815323,-7.1379264154474775,-89.11102737579208,261.7015101868266,-29.302352487055245,-21.118797876159864,-42.441513467976804,-7.8895952295890295,54.446818778186305,-91.60800991054481,119.31482255043306,-127.34127994913884,-18.374943752923063,-10.304563530240644,33.85271525566244
728,695.4522737271633,-62.56938531400697,10.42040637096052,-206.2862058090448,239.91047789406727,-69.06859801991368,-23.71348664940669,-196.23716201069414,8.262435515893594,143.37244589552535,-260.6656571532892,273.0053162634651,-329.39955774505563,-83.73112249347142,-36.77173237517212,59.14108419124347
729,392.5633206366876,-27.039484836291507,-7.689336377234514,-118.85457011439668,151.71391573847708,-35.166403883513816,149.49863725808464,-51.86768643701078,29.763031940253278,73.99269076850798,-117.5109707292749,164.5465189853535,-163.84429608075075,-10.63666061987107,-6.467828255600182,47.11016659371428
730,579.9173343377231,-49.68422637782866,-10.721754914973268,-217.13776165408177,242.35995181496162,-57.74755081331078,-31.91685971347548,-89.94578320864734,91.9908544088537,142.34192122110088,-263.5425956743029,280.1410294263358,-308.0360114707201,-19.958024608252845,-9.508579693419444,86.02169515067143
731,435.5904042005342,-80.6108351891629,-111.25091032679157,-143.5408939970891,159.26067537148995,-55.82860978814322,-42.47422953808362,-67.2882798173936,-8.476607044803544,19.549382025872486,-176.29135829209528,245.30908640024612,-144.28188138455354,12.676033436464074,-27.030928594085648,-32.26837031440308
733,687.6981863574769,-58.37764032349326,-5.834976479948997,-203.79884260048527,237.65099271771703,-67.05927493124062,-17.35485792370996,-201.38963623529185,12.783168067607805,146.89481009664505,-238.52018649878633,265.61897470944587,-283.3904103668642,-83.8876383281187,-34.31175524640483,66.29470542167154
734,198.15476901654378,-9.709031822658035,-5.606251265363224,-56.80606728840011,67.24306617451074,-19.145296061301156,-5.720632924861457,-39.21070627655209,18.370439838612526,213.83965599815681,-102.75266649361214,78.49443945934198,7.564987532139674,8.133740216504586,2.032916797355201,48.64042887530542
735,662.0951724454317,-67.00852113181459,-18.497164861523068,-199.82776982170896,229.9197741360535,-69.51334234656376,-25.926074762107742,-198.5935212622225,4.302194382938583,122.69672569890726,-224.64656154939584,269.05081671242795,-300.17686070116036,-78.93402632187694,-40.35558794473663,42.41856983004069
736,341.1682685347773,96.95234483790288,0.3708726333557497,-101.67780650986379,129.72407639976475,-27.395993235050796,-16.918560425340548,-48.20129073594688,18.782225120589096,66.80154398312997,-123.30737327964164,218.6648264264601,-148.77847139496373,-14.891920337723242,-17.61206353254803,28.51484364182041
737,376.974170882298,-45.65739609392988,13.780163446889704,-116.82223279778198,135.59563869520787,-49.89673909667924,-11.854212218878992,163.60300886549484,6.108047327395843,56.59133468792423,-127.47560181478565,158.8386377524588,-173.7214793262005,-56.78444940892934,-42.44259387389285,27.03237491821651
738,655.2048082386788,-56.414622185669344,4.292994681755415,-198.11508313792154,216.73208822805515,-67.41523545317844,-27.94463822802371,-199.88456984625836,13.868820154998527,125.51959403687025,-198.819627977609,238.52738550265138,-310.06681498438604,-100.61946991833342,-44.77787929136259,65.95950938542885
739,376.11440086754874,-51.531828682698716,36.00465269969931,-117.02097816106279,137.079060557377,-52.79926823705187,-13.236360012923228,149.402104448195,3.2062883799687545,49.70177916765443,-151.50693180911682,169.63814996985806,-175.75597332614677,-58.88223623776652,-49.36553903562348,17.548926122900394
740,510.14663355242124,-48.00640433250236,60.93007899945354,-151.9386084584741,168.83585325727196,-44.68617567930518,-31.993255823602844,-47.18327980809206,12.81518982766838,98.97440833670325,-329.0748709032122,217.95858230742436,-240.97106187701615,-27.821422179740992,-14.938319407076822,44.754329383897286
741,811.8503028582904,-81.3869579663299,-146.60531583577756,-240.59380403404236,279.2825072543136,-84.90172914409935,-55.547687969452966,-115.93655272135955,25.589369305115667,140.13544301057235,-298.1870248888236,339.2632820159536,-383.4919519594211,7.199247441191802,-16.304177066799614,79.71113875051404
742,840.8517773131255,-72.86810533822639,-133.1628808096638,-245.85835582727688,287.257577526645,-82.93095980291594,-51.28945212921384,-119.4190436101973,34.70817643139224,164.16622623306895,-310.9836856054307,335.62854043317714,-368.351544517064,0.457677449836577,-11.047525852161113,104.80731332538222
743,634.9854594118539,-59.88116593379193,102.14641801296058,-183.8490001253446,227.78161281339462,-63.11644288707092,-46.85348803597217,-73.23227269488727,13.527443592382832,121.19451555694017,-200.04349330096426,269.64124308534207,-263.7971865474558,59.891378152695715,16.68046574375543,63.54691715903969
744,442.6802421452191,-39.56688083041127,-10.320227857435606,-171.73385289835386,140.76378840369216,-47.985691320066,-25.93475616374514,-68.10975543394572,187.27858694981174,94.8524151954903,-185.62302381023872,177.73429236525362,-227.51424562078657,-14.722751896107386,-6.66194508158147,51.43797424810679
745,535.907929267479,-51.54630662602096,-9.373519203176665,-204.998527004803,243.32888835436063,-54.939601017427385,-30.48097905973601,-88.64850845235317,49.68331814639426,138.9717345997404,-252.49922868942986,275.806687024423,-300.55360714401894,-21.64818771145892,-10.452874654560837,84.29086522350106
746,578.8372957600329,-52.327027448323484,-10.804725511710812,-216.96221947752153,241.72244491693138,-57.57582360987391,-31.950603923482333,-89.51756908375641,92.30513479180196,142.26317586545932,-262.8427381497232,282.053599861223,-307.7971718301329,-20.089127407036703,-9.801487031033348,85.36514289890218
747,702.0296387740041,-63.45173444158842,12.488515574751556,-207.8915841940329,242.3379189059795,-69.72216408125686,-23.73532334222579,-196.92632423552945,7.859758555405011,145.16708234046274,-259.2721317418433,276.37576377364906,-332.94760500421035,-81.77859446210192,-35.88391601783259,59.628691033120894
748,654.7500185339006,-56.715009660575035,4.764399717115638,-198.0582574367449,217.00656244862796,-67.51595372336739,-31.390786318546198,-199.7561811369567,13.700798937932852,128.98760201271529,-197.83167550931665,238.88340762361136,-310.7628957299095,-100.81594758634536,-45.13676488088989,64.96255900524253
750,529.5651641308325,-51.819621169664416,-11.045415622335236,-203.41151040159957,241.2340767846785,-54.529651542005084,-30.76721196490295,-85.80478867550121,49.275676820299054,136.2930771670116,-250.9063340935711,274.8592193970544,-296.26575895849015,-19.828311618780063,-10.261224816432792,82.25038360093662
751,649.4154713975272,-61.21945431576528,103.77760969131587,-186.74283368438927,227.13819871380474,-63.333404127331406,-44.43723020821044,-80.79697406620323,13.277587029697745,132.14253007329316,-241.770562785831,276.04857421924885,-298.3719657486876,57.14167511269574,18.881117546248174,69.80130599234799
752,314.37159478580264,-16.321991913400037,0.2567657593231326,-104.66718352261564,106.8928441301749,-29.797476054586706,-43.22112082504402,-43.06890749865003,33.92206092346713,40.9773180254099,-309.5586001744938,105.23505180532523,-117.59314315506478,-38.94227822682064,-24.75713091847464,44.635078875000374
753,724.3384576342622,-64.86675214174353,13.618622365674181,-213.79354362814334,252.07457187413786,-73.17677802491178,-26.980057322284154,-204.27077005876376,9.309481919435992,149.5388411832968,-242.67218669702828,283.8026676059341,-340.7369549709754,-66.54213156580747,-30.29180915039524,65.21837739665244
754,674.4638278399331,-62.49881639259391,91.70366640989246,-194.64680083618063,237.7667005915713,-67.25357367711885,-43.61554184078138,-107.68665462845217,13.31768998931367,136.9295238255453,-224.15668742922472,281.0163099545182,-306.32257609224683,46.504270144039936,14.164542969460754,71.87554880116923
755,807.1789463912502,-71.12706684061187,-132.71208548775988,-236.8096443392019,309.402771501283,-80.01502436704942,-51.72884440083703,-108.83047745515184,34.364399933374635,149.9094618949984,-293.64074441521404,324.87902161502996,-388.31798927032537,6.244844896662362,-10.503331587413355,90.2166231188306
756,342.6845488550013,96.98834553365371,0.5012672239236248,-101.32675023374057,128.57426568171002,-27.242138981300876,-16.863728346314943,-48.08736936315631,19.311567162303206,66.75272916561207,-122.74287104485734,220.74969906308118,-147.96870454361547,-14.980567403421036,-16.86260054894599,30.541207791495484
757,645.3524458168856,-60.94585934311483,104.79248411713189,-185.64311895959182,226.15773304453,-62.921853156444676,-44.784018928919,-77.30626924451752,13.301077568052774,130.4660126124822,-238.92720216342207,274.8531573735731,-293.78621536292553,58.495891322782576,19.105762086535638,68.90886562298014
758,807.1789463912502,-71.12706684061187,-132.71208548775988,-236.8096443392019,309.402771501283,-80.01502436704942,-51.72884440083703,-108.83047745515184,34.364399933374635,149.9094618949984,-293.64074441521404,324.87902161502996,-388.31798927032537,6.244844896662362,-10.503331587413355,90.2166231188306
759,445.66088344632516,-39.673470112143534,-10.353973844330998,-172.00717816026022,140.5661090454449,-47.894313456285,-25.990114480497454,-67.93084680045308,188.54748588248484,94.9911175036897,-185.61399718689384,180.9986333947549,-227.40565065391317,-14.823900566746461,-7.050103153039987,50.87022765357177
760,450.41233669073995,-39.9576470938893,-10.37780237251397,-172.79010792042274,142.7348910947533,-48.28980532168707,-26.007642311332926,-68.57539781365524,191.47755631023617,95.64752501888171,-187.2817083585499,180.04911999949644,-228.78432165330204,-14.688785698239807,-6.7242156636523704,51.753456533014976
761,238.19410626045465,-14.966230876786781,23.54939112302178,-77.99839730962034,71.73705279553396,-25.779630929576,-21.68297388366137,-47.41023435270006,19.03890504083486,37.812188872696574,-55.4939706567001,76.24067562151367,-115.87291782242006,226.0881130753026,-29.297946244999334,38.76966574733783
762,757.9162760945973,-67.61566538369449,-26.639064453762913,-224.25392440466027,262.29089569495454,-76.71448669410393,-28.36940617946168,-209.57806864567323,12.144137709982749,154.25517294038713,-260.18727915034134,295.16775135378464,-360.9721235095783,-78.28499912579498,-36.70424428279909,69.63673853692238
763,576.5674531538691,-56.39856226776677,62.88564122172003,-169.38604745634117,192.57920040700031,-51.470936423276115,-24.593150152967837,-74.4424161953004,7.657712095978801,117.33304513612094,-315.50504541175354,247.9126296611821,-278.7274960179026,-35.38672336983889,-16.778809256949366,46.76993118150228
764,500.02978466239983,-49.26410302035194,46.88669488435705,-162.18408562964075,205.41779471953805,-50.57568665136215,-41.26357896788141,-30.085843821073382,18.133726342335446,67.08156599866093,-106.77626939427236,224.11734232573266,-111.10007829873358,-15.234678750805143,-24.953150214140617,22.68138261776711
765,576.5674531538691,-56.39856226776677,62.88564122172003,-169.38604745634117,192.57920040700031,-51.470936423276115,-24.593150152967837,-74.4424161953004,7.657712095978801,117.33304513612094,-315.50504541175354,247.9126296611821,-278.7274960179026,-35.38672336983889,-16.778809256949366,46.76993118150228
766,645.3524458168856,-60.94585934311483,104.79248411713189,-185.64311895959182,226.15773304453,-62.921853156444676,-44.784018928919,-77.30626924451752,13.301077568052774,130.4660126124822,-238.92720216342207,274.8531573735731,-293.78621536292553,58.495891322782576,19.105762086535638,68.90886562298014
767,225.00057222228222,-17.81367669561734,12.245964613231308,-81.11227257648908,258.0338285914057,-24.926497855414457,-16.521044479161375,-41.084508865874874,-12.350115123084885,64.9731655221662,-80.5775995959435,100.56192902533911,-135.36411156395764,-24.96988921061167,-7.289792253070126,48.15284595877511
768,548.9938576928186,-50.46689453103167,-7.724273824833551,-144.03451945742057,209.5003172032228,-43.45145800333802,-20.853999618924902,-65.3115232320737,210.87583942829616,97.96365345373081,-185.6648058934698,241.59011679418091,-216.57070714817428,-12.862931410062764,-11.931422081585499,46.197707982139654
769,810.7926009217177,-46.53976675516635,-130.4381447682026,-236.9440145504483,279.60685041320295,-80.87003174793438,-51.7401713827852,-110.75062730890349,31.433790917916422,153.25593377247844,-294.25697086210516,333.5356806689168,-392.9411562053676,4.048209002203434,-12.504132818625896,96.41093794399836
770,869.102329955069,-77.87380650660255,-130.0017353866328,-254.65723915370967,301.35731896311773,-88.14359889273726,-52.56108417557226,-141.10379516409157,30.17640843540794,165.48862753684688,-312.2277376637773,346.44681138491507,-422.99397417882363,-9.457065256638746,-17.468106045826207,99.33006995268211
771,575.920284020829,-56.82989560831688,81.6111710373639,-167.9923923083554,193.11026337639458,-51.2218362927371,-32.211622751793854,-54.0749020564452,8.788420222782543,116.92077278607726,-315.13961678875285,251.66305740926427,-276.4515344685636,-8.296141866046106,-6.060155833681482,49.63039780267154
772,426.2948293288442,-26.32201834972638,-10.780992127100435,-127.7730695423664,311.51135618597834,-31.599356307684342,-16.5414412594748,-64.47287115088228,33.735096105978656,80.52742302389085,-151.83227628186987,169.31209574818007,-178.97022608599082,-17.7707955413342,-3.839876499759168,23.84808235360543
773,420.07681878177783,-33.134115308968994,10.91245205759065,-124.38729882685396,151.76353122920446,130.64272958986538,-20.406173652370697,-35.16666589156036,19.535097433530403,86.92159936800786,-176.21077339036256,177.42125043158873,-192.03171276614614,-18.50688115882283,3.9732681117096194,50.89703079850498
774,312.79997859228405,-72.77205796043262,-85.94169912588869,-114.88986416921414,125.82017981047962,-45.507783429958664,-35.33139928305999,-55.99044622703955,-20.715196820240102,2.0038138548086093,-139.6398493974349,208.2684898171759,-98.54514836335638,7.70441311380725,-26.954585047599263,-44.98643312333135
775,386.87941898392916,-25.85105420824838,50.42429248232917,-131.56393318448124,81.69535154084339,-44.308921028765205,-72.33860488982559,-73.67796263254203,39.511712092663274,28.583293028562228,-27.122824301977484,81.47378499770733,-182.42091471455345,-94.62745103366618,-47.23112366424992,86.24462525852253
776,578.8372957600329,-52.327027448323484,-10.804725511710812,-216.96221947752153,241.72244491693138,-57.57582360987391,-31.950603923482333,-89.51756908375641,92.30513479180196,142.26317586545932,-262.8427381497232,282.053599861223,-307.7971718301329,-20.089127407036703,-9.801487031033348,85.36514289890218
777,445.66088344632516,-39.673470112143534,-10.353973844330998,-172.00717816026022,140.5661090454449,-47.894313456285,-25.990114480497454,-67.93084680045308,188.54748588248484,94.9911175036897,-185.61399718689384,180.9986333947549,-227.40565065391317,-14.823900566746461,-7.050103153039987,50.87022765357177
778,806.2746984399694,-70.36594983369368,-131.06228838533664,-236.36136831486235,308.9302710597473,-79.5156949529847,-51.38550937900734,-108.34526246971355,35.23104683573305,151.13085011078618,-292.6671911183353,326.40045802121625,-389.17203915051437,5.6554132996496085,-10.542568304288753,91.15434596491039
779,325.2580277262433,101.91143451624605,2.0257284314417188,-94.34753582343883,118.73089986547654,-26.525046546769513,-15.587204818656877,-48.388037057518154,12.046642715537534,63.93542489868355,-116.65307317778189,204.18077552002075,-139.54884486565922,-14.392347008606013,-6.16469779617987,53.67291204773299
780,301.7495762241938,-19.05737841778782,-8.545258381482604,-92.55282265304565,119.01649559973025,-25.673848000134463,180.04098007734294,-21.87650725325119,29.537772323230733,53.78049489756919,-88.65408943748322,130.19170884657245,-120.82167384118877,0.70778465684695,-2.3468719064954455,40.05036182626113
781,482.8130498754468,-43.628368009517175,-3.9899393668508765,-89.6002433928231,190.42694117048933,-35.82529027978296,-16.94445079675131,-55.074154058851576,175.7733022708706,85.61964431797459,-157.44104709717803,218.74432640384302,-184.38559525487355,-11.884167536414795,-11.53760984470792,40.56328629887602
782,450.41233669073995,-39.9576470938893,-10.37780237251397,-172.79010792042274,142.7348910947533,-48.28980532168707,-26.007642311332926,-68.57539781365524,191.47755631023617,95.64752501888171,-187.2817083585499,180.04911999949644,-228.78432165330204,-14.688785698239807,-6.7242156636523704,51.753456533014976
783,759.7536557790147,-67.72540435138069,-26.084903487414113,-224.7226854390611,263.14159407838974,-77.01727588996879,-28.67504636587209,-210.2461204459172,12.25636688015563,154.6357168725675,-258.3530528002683,295.77738927403425,-361.52013429158137,-76.64905370132644,-36.08071244830085,70.14101124166429
784,393.5539785821604,-26.03302660821489,32.80873953741779,-134.7802899922641,83.81686958425739,-45.20119861990409,-68.4605146582924,-93.88712519235149,38.4295233505504,29.56484745901033,-27.851212446101677,80.34514153048066,-184.8914172380817,-121.62431024700744,-58.18301658601975,83.27614101992468
785,562.9451582549887,-36.39378355601625,-21.394450832412932,-165.0815439667242,190.3113284643783,-44.12928610990547,-15.775644427193505,-103.1971030418499,33.415771965590714,138.4179575505997,-230.58250925365934,218.32235170207292,-57.69876139203987,-37.60725231206886,-5.602598632857733,86.59912527354138
786,645.3524458168856,-60.94585934311483,104.79248411713189,-185.64311895959182,226.15773304453,-62.921853156444676,-44.784018928919,-77.30626924451752,13.301077568052774,130.4660126124822,-238.92720216342207,274.8531573735731,-293.78621536292553,58.495891322782576,19.105762086535638,68.90886562298014
787,766.658645197775,-72.9832096234688,-131.44178136175,-231.79077456837987,274.4394848517477,-80.41226416584003,-51.846987488799805,-110.02976942505097,21.159207675873578,148.2836446537276,-286.94886355762577,320.88676815543505,-388.8305522445161,4.136294270133866,-12.623313682840388,92.72535153409768
788,872.4623460240889,-77.8458020928619,-131.0468575682245,-255.54151906027562,298.90490154507836,-88.24554860843571,-52.64863464948135,-139.75783368289675,29.986538984766867,167.04117238547275,-312.922874543683,346.92169722961137,-424.89074285289405,-9.567263942296156,-16.95733740729141,100.87300319115245
789,639.3250553516946,-60.3325536025982,103.68250724639942,-183.8204172997947,223.50515203172174,-62.278675695844804,-41.04363656162618,-77.4646208235633,13.252558183361907,129.89673053207773,-238.56424264229858,272.2313730927176,-293.5916743887363,58.40216903233108,19.33900158503759,69.01688324040875
790,445.66088344632516,-39.673470112143534,-10.353973844330998,-172.00717816026022,140.5661090454449,-47.894313456285,-25.990114480497454,-67.93084680045308,188.54748588248484,94.9911175036897,-185.61399718689384,180.9986333947549,-227.40565065391317,-14.823900566746461,-7.050103153039987,50.87022765357177
791,392.1352022588771,-24.287006792048867,-10.363706859949584,-112.87968232851429,304.51177423466567,-25.7551974626089,-15.821111295190475,-36.49137280050394,66.78021522967981,69.53963624176824,-139.8668708959339,163.2853346644602,-152.5274879851476,-4.007442000879579,0.6603371761108505,18.857738057591085
792,579.0067456349738,-56.357557116090696,62.77567719991819,-170.2714783026896,193.47460770590217,-51.74171593721696,-28.38739500195717,-74.71562047495551,8.195985830850011,117.51840104327304,-319.7477160900786,248.35270593968445,-279.25411482777014,-35.764637778500905,-17.006855906872588,47.2743514784871
793,334.7949096254551,-16.86351038232353,-5.519029902087815,-102.32765771669686,313.3488600996246,-22.303316392202984,-15.431530541591114,-31.701395864499624,31.40694448264404,63.973763064107004,-123.74208731851446,133.59513517615426,-137.59824746493425,-6.936431762407898,1.764975560632653,21.03655578639246
794,356.98674835638593,-23.57067185436083,41.94260936976195,-124.88285746908696,74.99267856078487,-41.49723988192357,-71.58161314466942,-62.47078179718004,38.64093819574565,14.476190311711525,-2.260966844421464,69.58638991939901,-143.61966376622271,-109.43636435622594,-56.16121572343256,75.24417769561406
795,422.7739684809445,-27.36942168788637,-10.757876228870161,-124.65731449797401,151.13080775047055,133.24246953437316,-19.329666044736875,-21.633813274504465,22.549085551130368,94.19169882045807,-150.34521704595835,167.23137613443905,-190.545229548203,-14.773148905517106,11.519745107938487,60.88475229856301
796,496.65624339032814,-38.854857706419594,-35.564954888506016,-148.42863599784584,168.44374200502037,-39.73345222687872,-18.027153467684457,-76.465964190685,28.901359114289697,111.33087089140767,-213.26841971580959,207.5238281364433,-13.216662680946857,-21.12060757923208,-4.160542520237938,65.43974534486154
797,529.5651641308325,-51.819621169664416,-11.045415622335236,-203.41151040159957,241.2340767846785,-54.529651542005084,-30.76721196490295,-85.80478867550121,49.275676820299054,136.2930771670116,-250.9063340935711,274.8592193970544,-296.26575895849015,-19.828311618780063,-10.261224816432792,82.25038360093662
799,301.7495762241938,-19.05737841778782,-8.545258381482604,-92.55282265304565,119.01649559973025,-25.673848000134463,180.04098007734294,-21.87650725325119,29.537772323230733,53.78049489756919,-88.65408943748322,130.19170884657245,-120.82167384118877,0.70778465684695,-2.3468719064954455,40.05036182626113
800,376.11440086754874,-51.531828682698716,36.00465269969931,-117.02097816106279,137.079060557377,-52.79926823705187,-13.236360012923228,149.402104448195,3.2062883799687545,49.70177916765443,-151.50693180911682,169.63814996985806,-175.75597332614677,-58.88223623776652,-49.36553903562348,17.548926122900394
801,621.8394821605589,-58.28047769660645,-2.0550213123363266,-191.97812589432831,231.11021970052113,-65.18368201416042,-20.92977983380221,-195.03459654556215,-0.573470207631927,134.51741509186627,-216.51043959848394,252.54027234239837,-309.3860887182797,-82.12300147394511,-35.952131259982934,56.85995196396837
802,431.3331241898489,-41.39925286275981,51.61988088268405,-134.9070489544129,169.03999332607108,-44.056174464288425,-38.96902960402723,-21.058149610494656,11.084382436766875,45.519492517237694,-65.17497139498707,181.52044513231215,-71.5443623868764,32.80906703050952,-29.29924708572289,12.834526153661843
803,227.7293176841739,-1.7367883894677505,5.225331650122011,-63.71036780788088,56.4195531299349,-17.311707735349387,-12.814167353471037,-34.14318014192106,-4.355505176757478,54.414575779802334,-67.53026510113634,239.458565207438,-104.05769658086007,-19.61210071265252,27.164537644465117,131.3905441870206
804,537.5817911784126,-46.2430608373012,-5.621717684262243,-134.37885229612658,246.14700825458812,-39.09709101112299,-18.832922454475078,-59.61611712125776,182.08552225059583,96.10014724568886,-178.26548440199753,237.75529497995672,-206.11716044654176,-11.736482638778764,-9.917118632542724,43.374728696628914
805,325.2580277262433,101.91143451624605,2.0257284314417188,-94.34753582343883,118.73089986547654,-26.525046546769513,-15.587204818656877,-48.388037057518154,12.046642715537534,63.93542489868355,-116.65307317778189,204.18077552002075,-139.54884486565922,-14.392347008606013,-6.16469779617987,53.67291204773299
806,757.9162760945973,-67.61566538369449,-26.639064453762913,-224.25392440466027,262.29089569495454,-76.71448669410393,-28.36940617946168,-209.57806864567323,12.144137709982749,154.25517294038713,-260.18727915034134,295.16775135378464,-360.9721235095783,-78.28499912579498,-36.70424428279909,69.63673853692238
807,693.0129812460588,-62.61039046568304,10.530370392762363,-205.40077496269637,239.0150705951654,-68.79781850597283,-19.91924180041736,-195.963957731039,7.724161781022382,143.1870899883732,-256.42298647496415,272.5652399849628,-328.8729389351881,-83.35320808480941,-36.543685725248906,58.63666389425865
808,617.1358660613007,-27.215143532027838,-84.66436065539698,-178.13137411460073,196.00482539214164,-38.93072219977396,-26.533192764348467,21.217771703443614,28.18195864493986,160.21292532101512,-200.53246396393263,204.35469835239616,-286.9875754188256,-6.67252196076416,26.46265775663436,107.489149286622
809,601.0940220026707,-55.14228869552433,-6.4316335346352025,-153.12171325165255,232.23577515913925,-48.08496677846449,-20.451876972666565,-92.61378912635638,176.8119619232506,109.17465822247472,-198.32906123436567,262.82089524303404,-239.14537754138476,-26.50747888187066,-17.836108510971982,49.37079334975019
810,122.55777084949246,-28.422171299499187,-0.553525757371701,-72.03193593999315,96.95634679854886,-22.571056884247827,-14.51794060473196,-35.866023878886594,-35.78155367849521,52.902401222248756,-82.26156407929773,137.7884781624522,-132.94145198565155,-15.790289608931104,-1.8289611007638436,53.91168043011569
811,575.8566544589269,-52.22043816659122,-10.770979524815418,-216.6888942156152,241.92012427517867,-57.66720147365491,-31.89524560673002,-89.69647771724905,91.03623585912885,142.1244735572599,-262.85176477306806,278.7892588317217,-307.9057667970063,-19.987978736397626,-9.41332895957483,85.9328894934372
812,553.7411296201459,-36.39502681362839,-20.517887116078878,-162.7117854266768,187.2970461321593,-43.422997505679405,-15.451057321182047,-102.05944218235261,32.57013104914654,135.43878778596675,-227.60447107853835,216.05103678276035,-51.807296350706096,-37.499492413341805,-5.88539106339035,83.8040799479415
813,585.5841106818145,-57.23990624367215,64.84378640370925,-171.8768566876777,195.90204871781444,-52.39528199856015,-28.40923169477627,-75.40478269979083,7.79330887036143,119.31303748821044,-318.3541906786327,251.72315344986845,-282.8021620869249,-33.812109747131416,-16.119039549533053,47.76195832036452
814,558.2032886336499,-35.97051178694016,-18.986523517624637,-164.5139586833886,189.64722030303693,-43.61163385742878,-15.354048916715566,-102.71260342685889,33.97810134847922,138.17814620086537,-229.86165866437824,217.4018007269053,-55.84746552631935,-38.08654442984714,-5.555356855529581,86.38962591487815
815,565.8298679749963,-55.9429948951498,81.51606859244745,-165.06997592376084,189.47721669431158,-50.1671078612505,-28.818029105209607,-50.74254881380524,8.763391376446705,114.67497324486186,-311.9332966452205,247.84585628273305,-271.67124310861226,-7.03564794641077,-5.602271794892066,48.84597505073229
816,369.6960179716324,-28.748123352035527,-2.4224361507833643,-110.72267793443422,137.07127194235818,168.33760727683435,-18.528394961444132,-38.35325062110035,20.470507476017502,73.96474229909454,-135.370048170766,156.96006802723036,-164.79068425744512,-16.121679853552486,0.1620598098022339,45.65460544813793
817,510.14663355242124,-48.00640433250236,60.93007899945354,-151.9386084584741,168.83585325727196,-44.68617567930518,-31.993255823602844,-47.18327980809206,12.81518982766838,98.97440833670325,-329.0748709032122,217.95858230742436,-240.97106187701615,-27.821422179740992,-14.938319407076822,44.754329383897286
818,392.5633206366876,-27.039484836291507,-7.689336377234514,-118.85457011439668,151.71391573847708,-35.166403883513816,149.49863725808464,-51.86768643701078,29.763031940253278,73.99269076850798,-117.5109707292749,164.5465189853535,-163.84429608075075,-10.63666061987107,-6.467828255600182,47.11016659371428
819,529.5651641308325,-51.819621169664416,-11.045415622335236,-203.41151040159957,241.2340767846785,-54.529651542005084,-30.76721196490295,-85.80478867550121,49.275676820299054,136.2930771670116,-250.9063340935711,274.8592193970544,-296.26575895849015,-19.828311618780063,-10.261224816432792,82.25038360093662
820,872.4623460240889,-77.8458020928619,-131.0468575682245,-255.54151906027562,298.90490154507836,-88.24554860843571,-52.64863464948135,-139.75783368289675,29.986538984766867,167.04117238547275,-312.922874543683,346.92169722961137,-424.89074285289405,-9.567263942296156,-16.95733740729141,100.87300319115245
821,309.38667072980235,-16.497432665790484,0.2792224986715346,-103.20661327928936,102.14147645122812,-29.654494566145168,-43.01492460828388,-42.668971801473305,33.164259294465175,39.66314798962207,-307.9399040645287,103.34269185486471,-115.33133257360902,-38.67881220285511,-25.32477393906938,48.78196392443249
822,675.6157152182699,-62.61711566029645,91.9976737548004,-194.8461473733192,237.5862695061419,-67.23195259593817,-43.38560082888658,-108.13932091174443,13.292538208832552,137.95969016504995,-228.47709952505338,281.59541154209944,-309.65469040507685,46.34921605182737,14.434020340880778,72.47132085271816
823,594.2956327798386,-24.921797662693862,-63.0371012066873,-171.98706487066414,188.89048528401366,-36.69684209260741,-20.918964954929177,2.8252029088579307,24.2416235739252,158.1546654551839,-186.58912027715277,193.05638798299466,-273.808659789513,-23.280729824204737,21.69855542698091,100.99474427712205
824,369.6960179716324,-28.748123352035527,-2.4224361507833643,-110.72267793443422,137.07127194235818,168.33760727683435,-18.528394961444132,-38.35325062110035,20.470507476017502,73.96474229909454,-135.370048170766,156.96006802723036,-164.79068425744512,-16.121679853552486,0.1620598098022339,45.65460544813793
825,693.0129812460588,-62.61039046568304,10.530370392762363,-205.40077496269637,239.0150705951654,-68.79781850597283,-19.91924180041736,-195.963957731039,7.724161781022382,143.1870899883732,-256.42298647496415,272.5652399849628,-328.8729389351881,-83.35320808480941,-36.543685725248906,58.63666389425865
826,342.44603319018313,-17.791416247166676,-5.313963435369518,-104.36464325494302,316.08649948280566,-23.087265309748734,-15.03087933918604,-34.760544827484445,30.893699594108668,66.03420669817034,-122.70573678372183,136.97226002418316,-141.85192001501807,-7.8190112733812205,1.535138171766456,21.316558241346886
827,132.19340365807918,-26.14422429660812,0.832490727961638,-77.2333088625867,138.53242685194795,-24.289515386156022,-16.02224598140496,-37.6978557139953,-34.61901680486123,55.84467685775306,-90.28268303057293,113.63386787817986,-140.1610623358881,-17.479184895050388,-8.83493491650252,33.580197862727914
828,639.749809640015,-60.226885316186774,103.92525586375298,-184.04258559675569,223.5498377474834,-62.39138796800076,-44.34350493966155,-77.62564217373487,13.4809354839327,129.91400727371922,-238.05470133660967,271.9238113253993,-293.90675734283263,63.02852232939698,18.910483649729304,69.2874230334224
830,602.5242288482583,-54.460738116303155,89.5675117266085,-173.7141218314058,215.33209509801708,-59.01776918789234,-6.225279079415701,-72.94967487190536,17.673622152216797,121.22865965855519,-198.96542770580288,255.55815095755185,-270.61503440130593,63.35218158232464,21.401197785307424,69.08493032285114
831,396.27046125119216,-77.20397058005487,-87.46349403453245,-140.127609598791,152.07013235213972,-51.47366245028942,-38.34824862421529,-65.58512219155891,-2.6129735237663483,18.57053892791091,-171.85699199117295,239.20517549177526,-129.3203916488651,6.716722212490808,-27.14345651482276,-34.18566786011297
832,268.62125504125265,-28.557569396529892,-3.4993027913611274,-84.46025469131524,101.2061310443712,176.9513722590564,-14.630269193069285,-58.47259418797309,14.627792385908908,40.8226707497157,-94.85633192888977,126.1777317154148,-114.49398816096212,-10.525802583022896,-27.89255079949444,18.701583617129636
833,319.6259925478876,-22.829688280844096,11.924431444912564,-102.16146593273639,278.9925157379296,-32.3215591949287,-18.046300015717197,-69.52562119086626,-3.7379366704505728,78.8724371395067,-107.18816282466273,124.08852668414573,-164.3624723985381,-37.40324136269014,-12.46566679131557,53.222965323317
834,529.5651641308325,-51.819621169664416,-11.045415622335236,-203.41151040159957,241.2340767846785,-54.529651542005084,-30.76721196490295,-85.80478867550121,49.275676820299054,136.2930771670116,-250.9063340935711,274.8592193970544,-296.26575895849015,-19.828311618780063,-10.261224816432792,82.25038360093662
835,634.1214475771708,-57.21662910344042,-8.475111478961095,-226.98499117449904,266.04474921479084,-62.70706030360066,-31.952372114595313,-116.65806491864366,57.805742248848226,153.2549323903332,-275.23008076094766,301.51499268558274,-329.2198901429211,-33.60990316442388,-15.633942041385012,88.74854667362953
837,672.3512291508888,-61.99240534195168,90.5734082416355,-193.93978464861095,239.87386227282906,-66.80749964242052,-43.14447837786147,-107.90740412435036,13.804825320298853,137.17265148534298,-225.1118148679998,279.92057989546987,-307.53186684212346,46.692502162911126,14.692467831427155,71.98210414706074
838,382.74657258279905,-46.08476308490911,9.922821540673139,-118.5053429222848,137.6760062124489,-50.626250277550426,-12.348184521243622,162.2710292444561,6.547708159870904,57.53819814113471,-127.38369392062815,160.77880030249733,-176.5787322549376,-56.27149533285179,-42.462273516939675,28.08360693907085
839,553.4560167063224,-50.042379504343444,-6.192910226379309,-145.83669271413237,211.85049137410044,-43.64009435508739,-20.756991214458424,-65.96468447657998,212.28380972762884,100.70301186862945,-187.9219934793097,242.94088073832586,-220.61087632378752,-13.449983426568087,-11.60138787372473,48.7832539490763
840,699.0403717112498,-63.22369620619967,11.640347263494835,-207.22347662249348,241.66765160797365,-69.4409959665727,-23.659624167710174,-195.80560615199323,7.772681165713249,143.75637206877767,-256.78594599608766,275.18702426581825,-329.06747990937725,-83.2594857943579,-36.77692522375086,58.528646276830045
841,548.0896097415377,-49.70577752411348,-6.074476722410328,-143.58624343308102,209.02781676168715,-42.9521285892733,-20.510664597095207,-64.82630824663539,211.74248633065457,99.18504166951863,-184.691252596591,243.11155320036718,-217.42475702836327,-13.452363007075517,-11.970658798460898,47.135430828219434
842,518.3259151039856,-50.91493222318963,66.91080379196774,-158.02506545142637,202.13181764786464,-52.30289035177179,-43.7086733465337,-31.441587891832704,10.046009246838427,65.41245581084374,-99.11901199732041,222.7079780302033,-109.84581882706516,-0.5434372554175547,-19.534024404682633,19.841795225224683
843,667.7133694305871,-67.73783692750217,-17.319266324073574,-201.02510003858728,232.99877075619978,-69.95438984770804,-25.42917530575752,-198.86951185094452,3.79995771571385,124.84401922623796,-228.5726710490583,273.0642400809087,-302.60548387824366,-75.57145471405599,-38.908636753627015,42.190557985665585
844,541.2778335253671,-34.60970743953726,-20.251318903963607,-166.4503685649636,191.9454837137966,-41.61981574437245,-17.057069423019655,-82.99757663574772,42.98106210761656,138.72445504039402,-235.84029557420857,221.03146757789276,-53.61835443707938,-26.991127744285315,-0.8602004416302519,91.29520501422802
845,564.5291674023148,-59.62897776751854,-26.197303426202783,-209.90592197781274,243.70746653427406,-58.20121549455839,-34.35545201214103,-88.56154584301217,52.89594509313125,126.54890399871594,-259.5870741553763,290.5453610068894,-287.60195533492873,-15.433765281416953,-13.401517007680855,68.70115863540333
846,575.920284020829,-56.82989560831688,81.6111710373639,-167.9923923083554,193.11026337639458,-51.2218362927371,-32.211622751793854,-54.0749020564452,8.788420222782543,116.92077278607726,-315.13961678875285,251.66305740926427,-276.4515344685636,-8.296141866046106,-6.060155833681482,49.63039780267154
847,417.9377859808137,-78.98804669653386,-88.60662596298177,-138.7587850005516,150.43597710272144,-53.98313281582244,-37.06682362838912,-85.78464859766108,-12.178263665792194,18.264041438116585,-166.59920567062375,236.4960596159554,-133.4007986038256,-3.8994023552927204,-31.88585470605024,-38.88174760079961
848,645.3524458168856,-60.94585934311483,104.79248411713189,-185.64311895959182,226.15773304453,-62.921853156444676,-44.784018928919,-77.30626924451752,13.301077568052774,130.4660126124822,-238.92720216342207,274.8531573735731,-293.78621536292553,58.495891322782576,19.105762086535638,68.90886562298014
851,868.9351890881084,-78.9271270735387,-131.55824806335042,-254.87695346287336,298.1358113814525,-88.59127442290003,-52.97159182295055,-141.53003071302714,29.25814123997252,164.2433599051314,-312.52307625155237,347.79049066227054,-422.08258562918036,-9.179637392917915,-18.02902560995203,98.075473353594
852,529.5651641308325,-51.819621169664416,-11.045415622335236,-203.41151040159957,241.2340767846785,-54.529651542005084,-30.76721196490295,-85.80478867550121,49.275676820299054,136.2930771670116,-250.9063340935711,274.8592193970544,-296.26575895849015,-19.828311618780063,-10.261224816432792,82.25038360093662
853,599.6952706655414,-51.430921911771556,-11.751640644433035,-216.37937693569916,253.0717037903012,-56.636796208194276,-30.55646532602554,-91.70335803896184,62.84813611417276,150.49914128554198,-272.09779551896725,288.40557482912067,-271.20100084527587,-22.15271222899052,-8.460792445466051,93.43990502285331
854,847.1218722180955,-70.5737081595619,-141.49141088451867,-247.2394600080649,286.97340889057205,-81.44447099945633,-52.31811623476098,-98.21458242005575,32.87334675305914,168.11356781398578,-302.1850078101294,330.5753476893615,-411.5735241965586,3.3229819474093976,-5.587295040193384,107.68643712609837
855,445.66088344632516,-39.673470112143534,-10.353973844330998,-172.00717816026022,140.5661090454449,-47.894313456285,-25.990114480497454,-67.93084680045308,188.54748588248484,94.9911175036897,-185.61399718689384,180.9986333947549,-227.40565065391317,-14.823900566746461,-7.050103153039987,50.87022765357177
856,445.66088344632516,-39.673470112143534,-10.353973844330998,-172.00717816026022,140.5661090454449,-47.894313456285,-25.990114480497454,-67.93084680045308,188.54748588248484,94.9911175036897,-185.61399718689384,180.9986333947549,-227.40565065391317,-14.823900566746461,-7.050103153039987,50.87022765357177
857,528.7996817498074,-46.86034598536402,-4.919859002827913,-132.49605312844324,206.72766150345615,-38.66457567296656,-19.503776574202426,-59.267440642906436,181.95438420529285,95.90209962449428,-172.3908865346911,268.16944900251025,-205.9002840087628,-14.661362723438526,-16.05830667770701,39.93748068275265
858,614.1967456637776,-59.96061910398536,39.359185048782976,-179.7042760561171,205.09675634318342,-55.35867328659788,-34.51743180656019,-58.34419352624392,12.173304773851152,122.31816080725214,-332.205626471255,264.9616263693084,-298.8383306449746,-16.690947807613277,-11.374616862926427,55.307595350718806
859,840.7791070814491,-70.84702270320537,-143.16330730367724,-245.65244340486146,284.8785973208899,-81.03452152403403,-52.60434913992791,-95.3708626432038,32.465705426963936,165.434910381257,-300.5921132142706,329.62788006199287,-407.2856760110298,5.142858040088254,-5.395645202065339,105.64595550353393
860,227.7293176841739,-1.7367883894677505,5.225331650122011,-63.71036780788088,56.4195531299349,-17.311707735349387,-12.814167353471037,-34.14318014192106,-4.355505176757478,54.414575779802334,-67.53026510113634,239.458565207438,-104.05769658086007,-19.61210071265252,27.164537644465117,131.3905441870206
861,528.6609161795517,-51.058504162746225,-9.395618519912013,-202.96323437726002,240.76157634314285,-54.03032212794037,-30.423876943073253,-85.31957369006291,50.14232372265747,137.51446538279941,-249.9327807966923,276.3806558032407,-297.11980883867915,-20.417743215792818,-10.30046153330819,83.18810644701641
862,393.5539785821604,-26.03302660821489,32.80873953741779,-134.7802899922641,83.81686958425739,-45.20119861990409,-68.4605146582924,-93.88712519235149,38.4295233505504,29.56484745901033,-27.851212446101677,80.34514153048066,-184.8914172380817,-121.62431024700744,-58.18301658601975,83.27614101992468
864,847.1218722180955,-70.5737081595619,-141.49141088451867,-247.2394600080649,286.97340889057205,-81.44447099945633,-52.31811623476098,-98.21458242005575,32.87334675305914,168.11356781398578,-302.1850078101294,330.5753476893615,-411.5735241965586,3.3229819474093976,-5.587295040193384,107.68643712609837
865,548.9938576928186,-50.46689453103167,-7.724273824833551,-144.03451945742057,209.5003172032228,-43.45145800333802,-20.853999618924902,-65.3115232320737,210.87583942829616,97.96365345373081,-185.6648058934698,241.59011679418091,-216.57070714817428,-12.862931410062764,-11.931422081585499,46.197707982139654
866,445.66088344632516,-39.673470112143534,-10.353973844330998,-172.00717816026022,140.5661090454449,-47.894313456285,-25.990114480497454,-67.93084680045308,188.54748588248484,94.9911175036897,-185.61399718689384,180.9986333947549,-227.40565065391317,-14.823900566746461,-7.050103153039987,50.87022765357177
867,443.9474475485645,-27.94480684235544,-33.425276490910235,-132.55517853890393,320.33605445474694,-33.444833280005106,-21.9488471691693,-45.9765023706148,37.436752726967306,81.81276361164673,-161.52442890334143,178.12512253247075,-189.85130886671874,-1.1953597495774075,1.0150496122054244,30.46145964000197
868,847.1218722180955,-70.5737081595619,-141.49141088451867,-247.2394600080649,286.97340889057205,-81.44447099945633,-52.31811623476098,-98.21458242005575,32.87334675305914,168.11356781398578,-302.1850078101294,330.5753476893615,-411.5735241965586,3.3229819474093976,-5.587295040193384,107.68643712609837
869,348.5625038436374,-38.94449475261614,-5.019566758289611,-116.46144551443263,128.0465803134471,-25.993404722969025,-21.141923246903318,-38.63998917055583,44.108447598168915,78.83908801555233,-122.28059042615139,314.90145118464795,-169.96775835236397,-21.389298273974124,-28.626991747952452,12.48094454683484
870,641.7643478327991,-60.291548450922136,103.57254322459758,-184.7058481461431,224.4005593306236,-62.54945520978565,-44.83788141061551,-77.73782510321841,13.790831918233119,130.08208643922984,-242.8069133206236,272.6714493712199,-294.11829319860385,58.024254623669066,19.11095493511437,69.52130353739356
871,579.7415437113137,-53.088144455241675,-12.454522614134033,-217.41049550186108,242.19494535846704,-58.07515302393862,-32.29393894531203,-90.00278406919472,91.43848788944355,141.0417876496715,-263.8162914466019,280.5321634550367,-306.94312194994393,-19.499695810023947,-9.76225031415795,84.4274200528224
872,351.907161200137,-27.957239418476888,-24.659639327569693,-108.8575931384301,290.1932311325569,-26.381947237744395,-18.70297610905472,-34.59989377564214,28.98034356252552,52.02106596531718,-131.74404715213151,155.41197333934525,-130.93665845338106,-0.11776076230695823,-1.812874693120743,2.511006384003287
873,869.102329955069,-77.87380650660255,-130.0017353866328,-254.65723915370967,301.35731896311773,-88.14359889273726,-52.56108417557226,-141.10379516409157,30.17640843540794,165.48862753684688,-312.2277376637773,346.44681138491507,-422.99397417882363,-9.457065256638746,-17.468106045826207,99.33006995268211
874,548.0896097415377,-49.70577752411348,-6.074476722410328,-143.58624343308102,209.02781676168715,-42.9521285892733,-20.510664597095207,-64.82630824663539,211.74248633065457,99.18504166951863,-184.691252596591,243.11155320036718,-217.42475702836327,-13.452363007075517,-11.970658798460898,47.135430828219434
875,494.6373233712292,-45.584792404137744,45.00384725576837,-151.73552274520682,192.2607559360637,-47.536454818391014,-38.08788760572216,-30.18674839364604,13.982723831695044,65.3147365973116,-99.55847552187315,209.66533355219028,-58.88318243871032,-17.437321743412312,-23.537412270820973,22.45710970521846
877,559.5473677683025,-49.481595909574025,-9.650107792128395,-205.87202917288374,239.42228965870038,-53.28827069356716,-30.943715900589556,-83.95870148002746,62.517032666440244,138.980233820435,-250.54237208782314,307.11149566336616,-296.27269881053246,-21.298127123399706,-13.88913491027946,78.1671927534354
878,412.80201093661105,-33.055225032835246,11.977855536706878,-122.3873334480606,149.45620595317774,130.9417827314654,-17.049304274088705,-36.45022945590275,19.18931216849542,84.55664477917989,-174.1975495505583,175.42031036508527,-188.73111236800986,-18.678636782488113,3.167814109710365,49.355559831571746
879,257.86974985102927,-15.029628047917267,10.770594020503122,-84.09415680906494,290.25947585776,-23.7453091390781,-16.80355259360368,-36.82606793299091,1.3683220229515412,64.53853912937366,-88.30583098832443,101.1770576369051,-130.5978760396831,-21.97875907310985,-4.939972768776895,45.364115088553596
880,301.7495762241938,-19.05737841778782,-8.545258381482604,-92.55282265304565,119.01649559973025,-25.673848000134463,180.04098007734294,-21.87650725325119,29.537772323230733,53.78049489756919,-88.65408943748322,130.19170884657245,-120.82167384118877,0.70778465684695,-2.3468719064954455,40.05036182626113
881,535.907929267479,-51.54630662602096,-9.373519203176665,-204.998527004803,243.32888835436063,-54.939601017427385,-30.48097905973601,-88.64850845235317,49.68331814639426,138.9717345997404,-252.49922868942986,275.806687024423,-300.55360714401894,-21.64818771145892,-10.452874654560837,84.29086522350106
882,693.0129812460588,-62.61039046568304,10.530370392762363,-205.40077496269637,239.0150705951654,-68.79781850597283,-19.91924180041736,-195.963957731039,7.724161781022382,143.1870899883732,-256.42298647496415,272.5652399849628,-328.8729389351881,-83.35320808480941,-36.543685725248906,58.63666389425865
883,301.7495762241938,-19.05737841778782,-8.545258381482604,-92.55282265304565,119.01649559973025,-25.673848000134463,180.04098007734294,-21.87650725325119,29.537772323230733,53.78049489756919,-88.65408943748322,130.19170884657245,-120.82167384118877,0.70778465684695,-2.3468719064954455,40.05036182626113
884,224.78283882100183,-20.549916865027484,-5.909585344659393,-70.30568580649297,71.44385396543626,-21.014673831736413,147.41847626153492,-60.02099568722245,6.512699489701114,38.96007256057453,-86.0198361810985,91.06922210778347,-105.92138695396217,-32.38146508354639,-18.55446502993495,22.869963909606128
885,445.66088344632516,-39.673470112143534,-10.353973844330998,-172.00717816026022,140.5661090454449,-47.894313456285,-25.990114480497454,-67.93084680045308,188.54748588248484,94.9911175036897,-185.61399718689384,180.9986333947549,-227.40565065391317,-14.823900566746461,-7.050103153039987,50.87022765357177
886,578.8372957600329,-52.327027448323484,-10.804725511710812,-216.96221947752153,241.72244491693138,-57.57582360987391,-31.950603923482333,-89.51756908375641,92.30513479180196,142.26317586545932,-262.8427381497232,282.053599861223,-307.7971718301329,-20.089127407036703,-9.801487031033348,85.36514289890218
887,575.8566544589269,-52.22043816659122,-10.770979524815418,-216.6888942156152,241.92012427517867,-57.66720147365491,-31.89524560673002,-89.69647771724905,91.03623585912885,142.1244735572599,-262.85176477306806,278.7892588317217,-307.9057667970063,-19.987978736397626,-9.41332895957483,85.9328894934372
888,700.916415743168,-63.28730795668299,-4.59451973790238,-203.21622794687156,248.1769736355139,-68.63644774186196,-22.03484840575806,-199.9891390898806,41.24892176266926,141.2091262924333,-234.27853007762545,277.84267990066326,-321.3504697794225,-81.12985344878093,-36.96813293658253,58.15198923140807
889,530.6979128364937,-51.07876720957169,-9.502783232196501,-204.08980762537982,241.05534255876898,-54.47625013991473,-30.521191324361848,-85.91828186292491,53.08970589689881,137.850634122866,-251.23280315534024,273.68360917953765,-298.2961401046979,-20.28373296427813,-9.86240601162219,83.97355668674001
890,492.75671724808666,-45.433591921092976,44.863314435064034,-151.95067939871518,192.51611853725922,-47.315141694718086,-38.277112106422614,-27.99618986130036,14.983052804932525,65.37543757948143,-100.2227685118543,210.06862986896667,-58.63550342879477,-16.20449766723878,-23.015728224832156,23.002174049590664
891,649.4154713975272,-61.21945431576528,103.77760969131587,-186.74283368438927,227.13819871380474,-63.333404127331406,-44.43723020821044,-80.79697406620323,13.277587029697745,132.14253007329316,-241.770562785831,276.04857421924885,-298.3719657486876,57.14167511269574,18.881117546248174,69.80130599234799
892,844.2107340157908,-70.418412454614,-140.18252911379471,-246.33909182040603,285.81251213586796,-81.0112989473889,-52.434963943574736,-95.1765438816623,32.87168551093305,167.4672166926795,-303.6620592835492,329.9590324312669,-410.31988812362647,4.522144065283661,-5.093173128485896,107.38976880827947
893,301.7495762241938,-19.05737841778782,-8.545258381482604,-92.55282265304565,119.01649559973025,-25.673848000134463,180.04098007734294,-21.87650725325119,29.537772323230733,53.78049489756919,-88.65408943748322,130.19170884657245,-120.82167384118877,0.70778465684695,-2.3468719064954455,40.05036182626113
894,420.95491560077863,91.63522416509652,1.8891009012731237,-123.43898248708426,156.6059324102088,-36.87351110355946,-17.718889734196974,-81.6026259492536,15.000401472240808,82.32385655637384,-153.00632494982958,214.999195630872,-185.1880217138961,-27.328796342815195,-19.182644026078172,39.78077527079769
895,510.25743905143315,-49.858494765358934,46.87504821419701,-164.49270351909007,207.78742737250855,-51.393587677068155,-41.37603940129648,-33.235869949870995,18.94361969874534,68.6775375238013,-109.33369066366501,226.8077145764162,-114.4252816372,-16.56627191711032,-25.493721406851783,23.216394799716742
896,301.7495762241938,-19.05737841778782,-8.545258381482604,-92.55282265304565,119.01649559973025,-25.673848000134463,180.04098007734294,-21.87650725325119,29.537772323230733,53.78049489756919,-88.65408943748322,130.19170884657245,-120.82167384118877,0.70778465684695,-2.3468719064954455,40.05036182626113
897,840.7791070814491,-70.84702270320537,-143.16330730367724,-245.65244340486146,284.8785973208899,-81.03452152403403,-52.60434913992791,-95.3708626432038,32.465705426963936,165.434910381257,-300.5921132142706,329.62788006199287,-407.2856760110298,5.142858040088254,-5.395645202065339,105.64595550353393
898,381.82573545781474,-26.583917463674542,10.941090993492898,-114.53849858181637,148.61193202578832,-33.862575321488215,145.27375830584288,-28.167819055515636,30.86871122072118,71.33461887724887,-113.9392219627418,164.47974560690443,-156.78804317146037,17.71441480355703,4.708709206457117,49.18621046294429
899,553.7411296201459,-36.39502681362839,-20.517887116078878,-162.7117854266768,187.2970461321593,-43.422997505679405,-15.451057321182047,-102.05944218235261,32.57013104914654,135.43878778596675,-227.60447107853835,216.05103678276035,-51.807296350706096,-37.499492413341805,-5.88539106339035,83.8040799479415
900,534.9350683887207,-34.88302198318072,-21.92321532312218,-164.86335196176017,189.85067214411447,-41.20986626895015,-17.343302328186592,-80.15385685889576,42.57342078152136,136.04579760766524,-234.24740097834982,220.0839999505242,-49.33050625155058,-25.171251651606458,-0.6685506035022059,89.25472339166357
901,238.19410626045465,-14.966230876786781,23.54939112302178,-77.99839730962034,71.73705279553396,-25.779630929576,-21.68297388366137,-47.41023435270006,19.03890504083486,37.812188872696574,-55.4939706567001,76.24067562151367,-115.87291782242006,226.0881130753026,-29.297946244999334,38.76966574733783
902,415.89850871551255,-26.821083524506815,-12.64552601605636,-122.82209137433121,148.81088343835066,137.31474649893488,-18.8362479892338,-21.284419947214513,22.5303973852062,92.51546918138634,-148.09537087407173,164.57561997375362,-187.27311591532978,-16.17057419945862,10.515092443249507,59.85623705878439
903,608.6961601878425,-54.86839033080367,98.84911575103287,-178.55677367195557,203.69431959199036,-61.5176490224696,-52.579474344630555,-81.67954764302914,19.42058416154779,113.82868300048388,-185.64425576189564,241.3944044788429,-278.31220572495346,41.07457539704599,11.141045891841973,76.82748316569929
904,376.11440086754874,-51.531828682698716,36.00465269969931,-117.02097816106279,137.079060557377,-52.79926823705187,-13.236360012923228,149.402104448195,3.2062883799687545,49.70177916765443,-151.50693180911682,169.63814996985806,-175.75597332614677,-58.88223623776652,-49.36553903562348,17.548926122900394
905,297.9667254271706,-8.75969798189022,-2.9479512361459874,-94.65611944745307,104.22380047855549,-20.526905097575856,-18.268328825614823,-31.072725740309856,31.353440438519232,63.65172975746811,-95.31307229645091,295.16764382194674,-139.22488577147752,-20.136032289077452,-29.32835703710419,2.252753571050503
906,305.5529655043568,-72.2842554971579,-85.96379844262404,-112.85457154167113,123.25286779926185,-44.59850454047166,-35.274297166397226,-52.661511464749296,-20.256191243976893,0.5465446378676304,-137.07340150469733,208.8424585959936,-95.11135005801657,8.934857609473353,-26.802171926346617,-46.08919189981601
907,691.445837266663,-59.5378555803038,-7.411770454191114,-205.1342423818764,239.18922783011791,-67.70405388730494,-21.03468447546115,-201.87826970107986,12.400555587848437,146.4619522051317,-240.13361204646,268.4887082086085,-283.88285354128675,-83.32825615507517,-34.5779894470662,65.03864655104634
908,591.2114522147499,-55.02758889322981,-1.0131380657755014,-215.50054204811846,255.12574662163624,-58.59315209019784,-35.359703506139276,-82.39800174662025,57.60951576794828,135.48761781030564,-248.04694056340858,289.8087734471325,-283.66028848553333,-19.6020811809635,-13.420491340669779,78.67610172675447
909,666.291568104962,-67.57976818323489,-19.228236906064637,-200.20434432446484,232.91043916555927,-69.57098567982567,-24.967113124706056,-198.55511484000593,7.078465791681594,124.3089647136149,-228.03110920463013,272.6953728023129,-301.25598186322173,-77.04100289222605,-39.54798988919248,41.763423701701136
910,336.43941709310764,-70.7073472439857,-86.21828771484043,-115.7633663372949,121.91358111481935,-43.85645310609845,-35.79413612391353,-51.30063925471384,-7.88148230019412,2.012313075503193,-137.6829927958282,239.5732984561191,-94.26424002986988,8.054473701866463,-30.390845303317885,-51.11010559339701
911,529.5651641308325,-51.819621169664416,-11.045415622335236,-203.41151040159957,241.2340767846785,-54.529651542005084,-30.76721196490295,-85.80478867550121,49.275676820299054,136.2930771670116,-250.9063340935711,274.8592193970544,-296.26575895849015,-19.828311618780063,-10.261224816432792,82.25038360093662
912,620.0470042636055,-27.370439236975745,-85.97324242612092,-179.03174230225963,197.16572214684578,-39.36389425184138,-26.416345055534705,18.17973316505015,28.18361988706595,160.85927644232143,-199.0554124905129,204.97101361049067,-288.2412114917577,-7.871684078638424,25.96853584492687,107.78581760444091
913,527.8091760034325,-50.72045354436812,-9.081662347552836,-202.73595856974507,243.87834976029706,-54.11802583051419,-30.391004868824975,-85.50666992827792,49.44297845424216,137.55246420035877,-249.72508909754126,272.70508818121766,-297.0021382225022,-20.481797665268445,-9.86792896054221,84.11316918257876
914,299.4830057473946,-8.723697286139387,-2.817556645578112,-94.30506317132985,103.07398976050075,-20.37305084382594,-18.213496746589215,-30.958804367519296,31.882782480233338,63.60291493995021,-94.74857006166663,297.2525164585678,-138.41511892012926,-20.224679354775247,-28.57889405350215,4.279117720725581
915,523.6885534346021,-22.262940259891018,-53.8718221432601,-152.22800231007594,165.9614507040096,-32.70781022963203,-18.417042419409324,72.97368225287502,22.82923100823242,138.03774892006408,-165.29517247017998,170.13061941663452,-239.66789365934048,-18.933840655606758,18.99277360755297,91.41767050860942
916,515.4147769016807,-50.75963651824172,68.2196855626917,-157.1246972637675,200.9709208931605,-51.86971829970437,-43.82552105534746,-28.40354935343924,10.044348004712337,64.76610468953741,-100.59606347074015,222.09166277210878,-108.59218275413303,0.655724862456709,-19.039902492975145,19.545126907405773
917,616.6723057629986,-58.298215132548286,1.204578589960629,-184.61203598157306,217.03831352710495,-63.58943741367054,-19.276309151662087,-191.7369235955577,5.810273568268157,161.87268554773271,-199.70974562251922,244.11660251019575,-300.5671935202304,-84.70466674731814,-40.49492034970267,43.78961575119216
918,394.48819771172333,-52.629218359560824,41.546262363187296,-121.70858850507125,145.58604439172956,-55.827160195700436,-16.29276187702737,142.7215864457555,4.328580081697557,53.507218489458396,-133.16466830838638,175.7345291723542,-181.23608114617778,-42.522781993081054,-43.13022069064107,22.591653170319496
919,381.82573545781474,-26.583917463674542,10.941090993492898,-114.53849858181637,148.61193202578832,-33.862575321488215,145.27375830584288,-28.167819055515636,30.86871122072118,71.33461887724887,-113.9392219627418,164.47974560690443,-156.78804317146037,17.71441480355703,4.708709206457117,49.18621046294429
920,693.0129812460588,-62.61039046568304,10.530370392762363,-205.40077496269637,239.0150705951654,-68.79781850597283,-19.91924180041736,-195.963957731039,7.724161781022382,143.1870899883732,-256.42298647496415,272.5652399849628,-328.8729389351881,-83.35320808480941,-36.543685725248906,58.63666389425865
921,363.1908272511727,-20.520914389196488,28.517335946129823,-125.27439047826167,71.82428982904246,-39.54248549538443,-66.71781914901405,-72.42312313435538,43.4484266775199,28.48557381503007,-27.562287826530177,68.43114051969431,-131.45827832619864,-111.52133552166093,-51.234511530388254,88.8599397385163
922,333.68010663108754,-35.309946459004834,-1.8306546381608353,-103.55375222557893,122.44075228358284,136.07910643628472,-19.02033824014344,-91.3377063474908,12.470359082796929,54.528752143643885,-114.15056458065003,149.4172414280766,-146.5970195434201,-21.886103220779685,-35.17508105906998,21.54983156852926
923,389.0180162933814,100.33490536343122,-10.339695910154385,-113.48590324659487,141.1204201129352,-29.178499899414028,-18.154186693934967,-35.83551909095216,18.82243149662985,81.74865743734914,-135.31502606281234,193.43279958236317,-168.51049970066535,-14.732927093161425,-7.372682974802851,48.083541969854636
924,550.1475302530704,-35.14676229444555,-18.820108123046264,-161.3189472160627,185.93755266545676,-42.86868634087091,-14.865002528472502,-101.68525463131662,33.08260210536114,139.40904304494921,-226.44175079749752,213.21599490379677,-50.21002457029209,-37.482376047601505,-5.366256540683181,85.46064662023997
925,320.5472190554885,-17.101997936692715,0.37214950176407735,-106.47391443498277,105.76614811819186,-30.655101060171766,-43.34539556725537,-46.33886282443756,33.41143505412691,42.4107078264232,-311.4468333581276,107.52619871004927,-120.96960279095028,-40.48472645577868,-25.509700320728506,45.42096389847672
926,265.0920211847292,-34.51258213299389,-3.497771849645861,-91.22370008485578,101.79662777178703,-20.027525702638272,-18.12507390574802,-29.04531320603649,26.006224301695166,62.27236294245004,-90.06344783241335,283.9647655100486,-139.19251506685526,-20.40160737265768,-28.43812028072896,1.6801792836164584
927,346.32552808935156,-27.450950842821737,2.9796609091087727,-104.12823556566445,129.16014357413655,134.94980447360288,-18.084573840122584,-34.739553513948316,19.592715038590427,67.15387301338231,-127.99328390341239,145.20626526320473,-154.94735330402276,-20.387215020677118,55.50605010145792,40.86099615596764
928,872.4623460240889,-77.8458020928619,-131.0468575682245,-255.54151906027562,298.90490154507836,-88.24554860843571,-52.64863464948135,-139.75783368289675,29.986538984766867,167.04117238547275,-312.922874543683,346.92169722961137,-424.89074285289405,-9.567263942296156,-16.95733740729141,100.87300319115245
929,872.36681602245,-78.49851682494733,-128.5774698734679,-255.56360187841793,299.0697261964305,-88.56805184625489,-52.802206626597375,-141.33571195148562,29.664121323941636,166.2756662165539,-315.5930223208309,348.1216430315446,-425.116797741777,-9.80035136772251,-17.726553536372588,99.81928665833955
930,715.1344289994195,-64.86799539935569,14.495186082008237,-211.42378508809597,249.06028954191885,-72.47048942068572,-26.655470216272697,-203.13310919926653,8.463841002991813,146.55967141866384,-239.6941485219073,281.5313526866215,-334.8454899296416,-66.43437166708041,-30.574601580927855,62.42333207105256
931,704.3238802018719,-64.68511378852423,64.04368470511751,-202.6514839236163,246.61615248015875,-69.87284064615673,-49.34022896355447,-89.50085346960866,17.994951773147495,141.7303196530105,-239.65838754052783,293.63393865960614,-325.4648040742436,63.70346541677184,19.947659156568584,81.07067441588538
932,524.6844550531627,-55.32604385514155,65.74022068835451,-155.0152533416943,176.28305078885714,-49.56248330146229,-26.589613577575264,-7.252210797607327,7.14800879944589,100.70930392733116,-298.7106534334179,232.06807206333568,-253.82789103222345,-30.075257850846874,-19.487712489552877,39.783075888818644
933,265.7069749050992,-34.56500713147809,-3.5923768254318706,-92.69121960574458,102.4505203348919,-20.319999603050285,-18.353872692275765,-29.53913842277891,23.617477270918116,63.13392562636885,-91.62647754347599,284.7436064432657,-140.99996336289067,-20.534342660656904,-28.394736845380404,2.4447735250301132
934,320.5472190554885,-17.101997936692715,0.37214950176407735,-106.47391443498277,105.76614811819186,-30.655101060171766,-43.34539556725537,-46.33886282443756,33.41143505412691,42.4107078264232,-311.4468333581276,107.52619871004927,-120.96960279095028,-40.48472645577868,-25.509700320728506,45.42096389847672
935,505.04742262044795,-49.390955348909664,46.74578418517717,-163.58398413966688,205.5138815769169,-50.9302367995555,-41.41625166592231,-30.505643360442733,22.350007449249894,67.55643704692692,-108.06726512957543,224.68463673153087,-112.16781459787897,-15.20181716992953,-24.903252763913137,22.899086262955688
936,611.6072983901472,-55.02368603575158,97.54023398030891,-179.45714185961444,204.8552163466945,-61.95082107453702,-52.4626266358168,-84.71758618142259,19.42224540367388,114.47503412179019,-184.16720428847592,242.0107197369374,-279.5658417978856,39.87541327917172,10.646923980134485,77.12415148351819
937,583.4207094769067,-52.889429904983935,-6.294329351539767,-155.95157701051616,234.6106669451849,-45.81843413964489,-22.098101339130018,-70.82169699032323,190.6292807322252,111.3392250000276,-205.29846019594626,265.67824819328115,-238.698968588437,-14.634659465633389,-12.220449246273237,56.54460987927563
938,811.8503028582904,-81.3869579663299,-146.60531583577756,-240.59380403404236,279.2825072543136,-84.90172914409935,-55.547687969452966,-115.93655272135955,25.589369305115667,140.13544301057235,-298.1870248888236,339.2632820159536,-383.4919519594211,7.199247441191802,-16.304177066799614,79.71113875051404
939,675.6157152182699,-62.61711566029645,91.9976737548004,-194.8461473733192,237.5862695061419,-67.23195259593817,-43.38560082888658,-108.13932091174443,13.292538208832552,137.95969016504995,-228.47709952505338,281.59541154209944,-309.65469040507685,46.34921605182737,14.434020340880778,72.47132085271816
940,528.6609161795517,-51.058504162746225,-9.395618519912013,-202.96323437726002,240.76157634314285,-54.03032212794037,-30.423876943073253,-85.31957369006291,50.14232372265747,137.51446538279941,-249.9327807966923,276.3806558032407,-297.11980883867915,-20.417743215792818,-10.30046153330819,83.18810644701641
941,564.5291674023148,-59.62897776751854,-26.197303426202783,-209.90592197781274,243.70746653427406,-58.20121549455839,-34.35545201214103,-88.56154584301217,52.89594509313125,126.54890399871594,-259.5870741553763,290.5453610068894,-287.60195533492873,-15.433765281416953,-13.401517007680855,68.70115863540333
942,371.43786765441104,-29.510577051807164,0.6011125103220583,-111.21352178697737,138.08679497714556,167.7123148431503,-18.98760712497057,-40.59918068993318,20.26031898536515,73.57978006235606,-136.2059695978409,158.76965174941324,-165.56474992833114,-14.718821854510294,0.016375515219294375,45.10516162006694
943,872.4623460240889,-77.8458020928619,-131.0468575682245,-255.54151906027562,298.90490154507836,-88.24554860843571,-52.64863464948135,-139.75783368289675,29.986538984766867,167.04117238547275,-312.922874543683,346.92169722961137,-424.89074285289405,-9.567263942296156,-16.95733740729141,100.87300319115245
944,544.1390970235634,-34.88177872556858,-22.799779039456233,-167.23311050180754,192.86495447633348,-41.916154873176225,-17.667889434198052,-81.29151771839304,43.41906169796553,139.0249673722982,-237.2254391534708,222.35531486983677,-55.22197129288435,-25.279011550333504,-0.38575817296958925,92.04976871726345
945,326.2033575947284,-23.712037408425548,13.9925406487036,-103.76684431772453,281.41995674984184,-32.975125256271895,-18.068136708536297,-70.21478341570156,-4.1406136309391535,80.6670735844441,-105.79463741321679,127.45897419432971,-167.91051965769284,-35.45071333132065,-11.577850433976037,53.71057216519442
946,443.68915746458066,-81.43668827081574,-111.54276718241539,-145.80346243214706,158.71121396555355,-56.650184975056405,-42.564203728994656,-70.43011834146886,-8.236267352651442,20.96865242525412,-179.06549788398388,248.4106852434514,-147.83335030607032,11.509643390273595,-27.615874288104276,-32.090674273480765
947,334.7949096254551,-16.86351038232353,-5.519029902087815,-102.32765771669686,313.3488600996246,-22.303316392202984,-15.431530541591114,-31.701395864499624,31.40694448264404,63.973763064107004,-123.74208731851446,133.59513517615426,-137.59824746493425,-6.936431762407898,1.764975560632653,21.03655578639246
948,564.5291674023148,-59.62897776751854,-26.197303426202783,-209.90592197781274,243.70746653427406,-58.20121549455839,-34.35545201214103,-88.56154584301217,52.89594509313125,126.54890399871594,-259.5870741553763,290.5453610068894,-287.60195533492873,-15.433765281416953,-13.401517007680855,68.70115863540333
949,597.4155311095366,-51.97783142806547,-14.438411489407624,-215.89207505729317,251.9573578898938,-56.638397703658704,-30.495909510483916,-92.3503430837956,62.417004249722524,149.49700131362417,-273.34826154551735,288.6535240474278,-271.4989030455092,-21.687052346398495,-8.49378714762547,92.29186376965671
950,572.2612619478356,-60.01974403099656,-26.254877941281148,-210.9621769998816,245.6785692253352,-58.505329496179456,-34.42833815972882,-89.02718822272169,57.09491445355568,127.34401382210736,-261.2457587036875,292.8601886411322,-288.8720313674442,-15.399799083549375,-13.463787589751757,69.01664092031152
951,321.58950991275003,97.42384591021852,0.6966858321496305,-101.25317178024964,134.07050263520796,-29.12767289856688,-16.477437691232467,-53.14040319967087,6.90312915026796,67.01049242627634,-125.95506078248323,188.71178838213103,-153.18962440216401,-15.212026797637675,-14.271054010674023,34.72732176912029
952,510.25743905143315,-49.858494765358934,46.87504821419701,-164.49270351909007,207.78742737250855,-51.393587677068155,-41.37603940129648,-33.235869949870995,18.94361969874534,68.6775375238013,-109.33369066366501,226.8077145764162,-114.4252816372,-16.56627191711032,-25.493721406851783,23.216394799716742
953,806.3611960344564,-46.859974728924946,-129.29973816090526,-235.83117292870648,278.36525980804157,-80.71642814833397,-51.7197935344247,-112.03760935359557,31.57204007548049,151.67950950792488,-292.8836192730958,335.9259105077623,-390.9870488618429,3.846403954568921,-13.61505773816192,94.55113095251971
955,137.9639210996647,-26.920929678406498,0.8970243739756025,-79.48545105434121,141.5254288363246,-24.85215118002885,-15.810819279700343,-38.56644614463445,-34.13193272015913,57.96582147398621,-89.91062548576144,117.41428904298515,-144.1670558760563,-17.128940329850177,-8.543088259379903,34.40526466205454
956,869.102329955069,-77.87380650660255,-130.0017353866328,-254.65723915370967,301.35731896311773,-88.14359889273726,-52.56108417557226,-141.10379516409157,30.17640843540794,165.48862753684688,-312.2277376637773,346.44681138491507,-422.99397417882363,-9.457065256638746,-17.468106045826207,99.33006995268211
957,807.1789463912502,-71.12706684061187,-132.71208548775988,-236.8096443392019,309.402771501283,-80.01502436704942,-51.72884440083703,-108.83047745515184,34.364399933374635,149.9094618949984,-293.64074441521404,324.87902161502996,-388.31798927032537,6.244844896662362,-10.503331587413355,90.2166231188306
958,529.5651641308325,-51.819621169664416,-11.045415622335236,-203.41151040159957,241.2340767846785,-54.529651542005084,-30.76721196490295,-85.80478867550121,49.275676820299054,136.2930771670116,-250.9063340935711,274.8592193970544,-296.26575895849015,-19.828311618780063,-10.261224816432792,82.25038360093662
959,872.4623460240889,-77.8458020928619,-131.0468575682245,-255.54151906027562,298.90490154507836,-88.24554860843571,-52.64863464948135,-139.75783368289675,29.986538984766867,167.04117238547275,-312.922874543683,346.92169722961137,-424.89074285289405,-9.567263942296156,-16.95733740729141,100.87300319115245
960,671.8348979175319,-61.99753883229508,91.3739361836997,-194.11757819084173,235.35797126943086,-67.09369429065872,-44.18814047164722,-108.53138212326637,13.907004046230167,136.19294056989966,-222.71676367531785,278.1916260938683,-307.77407800999663,44.62258986847496,13.61060098426941,73.20360540183518
961,515.4147769016807,-50.75963651824172,68.2196855626917,-157.1246972637675,200.9709208931605,-51.86971829970437,-43.82552105534746,-28.40354935343924,10.044348004712337,64.76610468953741,-100.59606347074015,222.09166277210878,-108.59218275413303,0.655724862456709,-19.039902492975145,19.545126907405773
962,575.8566544589269,-52.22043816659122,-10.770979524815418,-216.6888942156152,241.92012427517867,-57.66720147365491,-31.89524560673002,-89.69647771724905,91.03623585912885,142.1244735572599,-262.85176477306806,278.7892588317217,-307.9057667970063,-19.987978736397626,-9.41332895957483,85.9328894934372
963,645.3524458168856,-60.94585934311483,104.79248411713189,-185.64311895959182,226.15773304453,-62.921853156444676,-44.784018928919,-77.30626924451752,13.301077568052774,130.4660126124822,-238.92720216342207,274.8531573735731,-293.78621536292553,58.495891322782576,19.105762086535638,68.90886562298014
964,371.43786765441104,-29.510577051807164,0.6011125103220583,-111.21352178697737,138.08679497714556,167.7123148431503,-18.98760712497057,-40.59918068993318,20.26031898536515,73.57978006235606,-136.2059695978409,158.76965174941324,-165.56474992833114,-14.718821854510294,0.016375515219294375,45.10516162006694
965,578.8372957600329,-52.327027448323484,-10.804725511710812,-216.96221947752153,241.72244491693138,-57.57582360987391,-31.950603923482333,-89.51756908375641,92.30513479180196,142.26317586545932,-262.8427381497232,282.053599861223,-307.7971718301329,-20.089127407036703,-9.801487031033348,85.36514289890218
966,872.36681602245,-78.49851682494733,-128.5774698734679,-255.56360187841793,299.0697261964305,-88.56805184625489,-52.802206626597375,-141.33571195148562,29.664121323941636,166.2756662165539,-315.5930223208309,348.1216430315446,-425.116797741777,-9.80035136772251,-17.726553536372588,99.81928665833955
968,175.6032116244218,-12.508537192878626,0.37939614770105745,94.4134782693397,67.06588001309059,-13.274615570944635,-8.368608787828647,-22.20847440465238,30.616731589103107,33.63507512583062,-60.64339951818895,76.309658273861,-73.12099870593262,-7.929909145081859,-4.515397809210765,21.358450218503116
969,510.25743905143315,-49.858494765358934,46.87504821419701,-164.49270351909007,207.78742737250855,-51.393587677068155,-41.37603940129648,-33.235869949870995,18.94361969874534,68.6775375238013,-109.33369066366501,226.8077145764162,-114.4252816372,-16.56627191711032,-25.493721406851783,23.216394799716742
970,509.51727444665437,-32.41081256794103,-8.671363864886075,-150.3217999680881,176.1328959727095,-38.75317663200366,-18.33288973555809,-66.77820641445948,33.31750748891142,122.64386843683944,-198.0081445734084,201.26182644703943,-4.352520712671031,-23.94021394673315,-3.119811137808528,76.5362429265615
971,578.8372957600329,-52.327027448323484,-10.804725511710812,-216.96221947752153,241.72244491693138,-57.57582360987391,-31.950603923482333,-89.51756908375641,92.30513479180196,142.26317586545932,-262.8427381497232,282.053599861223,-307.7971718301329,-20.089127407036703,-9.801487031033348,85.36514289890218
972,433.8384178725593,-55.805498592491,-2.5687663624663597,-133.85207940609095,157.88273572978727,-60.09438004576378,-18.176083036569533,136.08230823780724,7.602896704719376,59.17041369975919,-150.58785286754187,189.03977547024323,-204.3285026135178,-53.752695476991036,-49.56233546609174,28.061246331443765
973,530.6979128364937,-51.07876720957169,-9.502783232196501,-204.08980762537982,241.05534255876898,-54.47625013991473,-30.521191324361848,-85.91828186292491,53.08970589689881,137.850634122866,-251.23280315534024,273.68360917953765,-298.2961401046979,-20.28373296427813,-9.86240601162219,83.97355668674001
974,754.4846491602556,-68.04427563228586,-29.619842643645427,-223.5672759891157,261.35698087997656,-76.73770927074906,-28.538791375814853,-209.77238740721475,11.738157626013633,152.22286662896462,-257.1173330810628,294.83659898451054,-357.93791139698163,-77.6642851509904,-37.00671635637853,67.89292523217684
975,227.7293176841739,-1.7367883894677505,5.225331650122011,-63.71036780788088,56.4195531299349,-17.311707735349387,-12.814167353471037,-34.14318014192106,-4.355505176757478,54.414575779802334,-67.53026510113634,239.458565207438,-104.05769658086007,-19.61210071265252,27.164537644465117,131.3905441870206
976,718.5660559337612,-64.43938515076431,17.475964271890746,-212.11043350364054,249.99420435689683,-72.44726684404058,-26.48608501991952,-202.938790437725,8.869821086960929,148.59197773008634,-242.76409459118577,281.8625050558956,-337.87970204223825,-67.055085641885,-30.272129507348414,64.1671453757981
977,565.0204426666944,-22.056607089876103,-8.85617641114182,-206.09212819389057,243.8856681630062,-54.679010599687835,-30.35520804487107,-87.52841095208895,59.07959679177127,138.55929188573612,-255.75057244492015,283.9446537422431,-296.3129428581346,-19.64249598400151,-10.793655614533211,83.86087057770523
978,377.8562505503274,-52.29428238247036,39.02820136080473,-117.51182201360594,138.09458359216438,-53.42456067073591,-13.69557217644967,147.15617437936217,2.9960998893164024,49.31681693091596,-152.3428532361917,171.44773369204094,-176.53003899703276,-57.47937823872432,-49.51122333020642,16.999482294829395
979,535.9103825088065,-56.776266506662694,-21.186844451438514,-136.57599538776367,213.93193243793675,-43.57384631275061,-22.937998928257944,-63.878472610613514,172.90285029624164,83.647470928534,-181.2188702797483,251.19208775351177,-197.0032749501087,-8.962204001570468,-15.52631427380094,30.8287627057479
980,872.4623460240889,-77.8458020928619,-131.0468575682245,-255.54151906027562,298.90490154507836,-88.24554860843571,-52.64863464948135,-139.75783368289675,29.986538984766867,167.04117238547275,-312.922874543683,346.92169722961137,-424.89074285289405,-9.567263942296156,-16.95733740729141,100.87300319115245
981,847.1218722180955,-70.5737081595619,-141.49141088451867,-247.2394600080649,286.97340889057205,-81.44447099945633,-52.31811623476098,-98.21458242005575,32.87334675305914,168.11356781398578,-302.1850078101294,330.5753476893615,-411.5735241965586,3.3229819474093976,-5.587295040193384,107.68643712609837
982,758.0118060962361,-66.96295065160906,-29.108452148519536,-224.23184158651796,262.1260710436024,-76.39198345628475,-28.215834202345654,-208.00019037708435,12.466555370807981,155.02067910930597,-257.5171313731934,293.96780555185137,-360.7460686206953,-78.05191170036863,-35.93502815371791,70.69045506973528
983,363.1908272511727,-20.520914389196488,28.517335946129823,-125.27439047826167,71.82428982904246,-39.54248549538443,-66.71781914901405,-72.42312313435538,43.4484266775199,28.48557381503007,-27.562287826530177,68.43114051969431,-131.45827832619864,-111.52133552166093,-51.234511530388254,88.8599397385163
984,518.3259151039856,-50.91493222318963,66.91080379196774,-158.02506545142637,202.13181764786464,-52.30289035177179,-43.7086733465337,-31.441587891832704,10.046009246838427,65.41245581084374,-99.11901199732041,222.7079780302033,-109.84581882706516,-0.5434372554175547,-19.534024404682633,19.841795225224683
985,394.1743864716391,-25.728050861698453,31.466212195054567,-134.81944329318156,83.50003071108316,-45.005723181250175,-67.97413525872686,-94.88235932606902,38.910272198727824,30.965785809342186,-30.381344544312547,80.22961659051018,-183.67527869407928,-121.83280736355094,-57.690346166715315,84.63771722421491
986,537.2148079447254,-34.33611246688681,-19.236444478147586,-165.35065384016616,190.96501804452186,-41.20826477348572,-17.40385814372822,-79.50687181406201,43.004552645971586,137.04793757958305,-232.99693495179966,219.83605073221705,-49.03260405131727,-25.636911534198482,-0.6355559013427867,90.40276464486017
987,868.9351890881084,-78.9271270735387,-131.55824806335042,-254.87695346287336,298.1358113814525,-88.59127442290003,-52.97159182295055,-141.53003071302714,29.25814123997252,164.2433599051314,-312.52307625155237,347.79049066227054,-422.08258562918036,-9.179637392917915,-18.02902560995203,98.075473353594
988,527.1828941597158,-51.21929911276183,48.13984360053598,-162.55629363751507,205.4891639617489,-53.38540579012447,-39.67301889499239,-52.950896740982174,9.940658939608,68.13122868427268,-103.35505375383471,223.17804772542874,-116.65439272643998,-27.661688602672125,-30.188877820751113,18.31081570036688
990,527.8091760034325,-50.72045354436812,-9.081662347552836,-202.73595856974507,243.87834976029706,-54.11802583051419,-30.391004868824975,-85.50666992827792,49.44297845424216,137.55246420035877,-249.72508909754126,272.70508818121766,-297.0021382225022,-20.481797665268445,-9.86792896054221,84.11316918257876
991,537.5817911784126,-46.2430608373012,-5.621717684262243,-134.37885229612658,246.14700825458812,-39.09709101112299,-18.832922454475078,-59.61611712125776,182.08552225059583,96.10014724568886,-178.26548440199753,237.75529497995672,-206.11716044654176,-11.736482638778764,-9.917118632542724,43.374728696628914
992,847.1218722180955,-70.5737081595619,-141.49141088451867,-247.2394600080649,286.97340889057205,-81.44447099945633,-52.31811623476098,-98.21458242005575,32.87334675305914,168.11356781398578,-302.1850078101294,330.5753476893615,-411.5735241965586,3.3229819474093976,-5.587295040193384,107.68643712609837
993,872.4623460240889,-77.8458020928619,-131.0468575682245,-255.54151906027562,298.90490154507836,-88.24554860843571,-52.64863464948135,-139.75783368289675,29.986538984766867,167.04117238547275,-312.922874543683,346.92169722961137,-424.89074285289405,-9.567263942296156,-16.95733740729141,100.87300319115245
994,685.2417583718762,-62.58761304546814,6.013502969441011,-204.74270937270168,242.3576165618603,-69.65880827384409,-25.89847847111652,-191.92592836390452,7.593067106074191,132.45256870181316,-214.8322910643513,269.6439576083132,-296.0442389813109,-81.24328498964016,-39.50469364011051,51.42288450814409
995,527.8091760034325,-50.72045354436812,-9.081662347552836,-202.73595856974507,243.87834976029706,-54.11802583051419,-30.391004868824975,-85.50666992827792,49.44297845424216,137.55246420035877,-249.72508909754126,272.70508818121766,-297.0021382225022,-20.481797665268445,-9.86792896054221,84.11316918257876
996,511.9831499673392,-51.18824676683309,65.23890737280918,-156.43804884822293,200.03700607818251,-51.892940876349485,-43.994906251700634,-28.59786811498075,9.638367920743221,62.73379837811495,-97.52611740146166,221.76051040283474,-105.55797064153636,1.2764388372613025,-19.342374566554586,17.80131360266024
998,452.4786887850466,88.7592155998354,-24.90438222437707,-132.16677004318257,166.9615367902819,-40.27007444366462,-23.710242137167135,-67.58007531410017,19.382058617856625,85.97533099672185,-165.38070926903222,228.85398380840655,-202.4778263448779,-11.406796521171332,-14.932343251179038,47.62308061897088
1000,872.4623460240889,-77.8458020928619,-131.0468575682245,-255.54151906027562,298.90490154507836,-88.24554860843571,-52.64863464948135,-139.75783368289675,29.986538984766867,167.04117238547275,-312.922874543683,346.92169722961137,-424.89074285289405,-9.567263942296156,-16.95733740729141,100.87300319115245
1001,532.465311576316,-50.967735906854074,-9.701172119723859,-203.93796558092302,242.03158381191167,-54.33257460788674,-30.341388380879035,-86.15303776438499,50.18755753292672,138.69615548926126,-252.1860001652318,274.49574523877675,-294.7517182142544,-20.502468617915586,-9.735559694968941,84.76000105842344
1002,758.0118060962361,-66.96295065160906,-29.108452148519536,-224.23184158651796,262.1260710436024,-76.39198345628475,-28.215834202345654,-208.00019037708435,12.466555370807981,155.02067910930597,-257.5171313731934,293.96780555185137,-360.7460686206953,-78.05191170036863,-35.93502815371791,70.69045506973528
1003,620.0470042636055,-27.370439236975745,-85.97324242612092,-179.03174230225963,197.16572214684578,-39.36389425184138,-26.416345055534705,18.17973316505015,28.18361988706595,160.85927644232143,-199.0554124905129,204.97101361049067,-288.2412114917577,-7.871684078638424,25.96853584492687,107.78581760444091
1004,553.4560167063224,-50.042379504343444,-6.192910226379309,-145.83669271413237,211.85049137410044,-43.64009435508739,-20.756991214458424,-65.96468447657998,212.28380972762884,100.70301186862945,-187.9219934793097,242.94088073832586,-220.61087632378752,-13.449983426568087,-11.60138787372473,48.7832539490763
1005,847.1218722180955,-70.5737081595619,-141.49141088451867,-247.2394600080649,286.97340889057205,-81.44447099945633,-52.31811623476098,-98.21458242005575,32.87334675305914,168.11356781398578,-302.1850078101294,330.5753476893615,-411.5735241965586,3.3229819474093976,-5.587295040193384,107.68643712609837
1006,515.4147769016807,-50.75963651824172,68.2196855626917,-157.1246972637675,200.9709208931605,-51.86971829970437,-43.82552105534746,-28.40354935343924,10.044348004712337,64.76610468953741,-100.59606347074015,222.09166277210878,-108.59218275413303,0.655724862456709,-19.039902492975145,19.545126907405773
1007,681.388116918771,-63.04448265127568,88.14033184858383,-196.52925749782202,239.66663702338292,-67.96146377680935,-43.87957313125121,-109.4713005327832,13.732199041307615,138.90655361826043,-228.3851916308959,283.53557409213795,-312.5119433338139,46.86217012790492,14.414340697833953,73.5225528735725
1009,616.6043865724425,-26.791868517808858,-86.30089534266811,-177.9711808783796,195.8684176043968,-38.75686784230074,-26.276754376677726,20.67520385301833,28.687859273598406,160.5836973318423,-198.74218396631485,203.66007182484447,-282.4393225619932,-6.725964985095089,26.68585080451877,108.25495343936329
1010,757.9162760945973,-67.61566538369449,-26.639064453762913,-224.25392440466027,262.29089569495454,-76.71448669410393,-28.36940617946168,-209.57806864567323,12.144137709982749,154.25517294038713,-260.18727915034134,295.16775135378464,-360.9721235095783,-78.28499912579498,-36.70424428279909,69.63673853692238
1011,840.7791070814491,-70.84702270320537,-143.16330730367724,-245.65244340486146,284.8785973208899,-81.03452152403403,-52.60434913992791,-95.3708626432038,32.465705426963936,165.434910381257,-300.5921132142706,329.62788006199287,-407.2856760110298,5.142858040088254,-5.395645202065339,105.64595550353393
1012,521.9914482464111,-27.066657924112214,-30.425167363373074,-152.0944371580508,172.6803386048942,-35.311933442004914,-14.497759845449858,-55.52608656149325,36.290166292352566,140.60059352107479,-214.5107877602158,195.05338430351904,-35.413114952141555,-23.159880614595323,7.267123867203509,93.03112877017989
1013,702.0296387740041,-63.45173444158842,12.488515574751556,-207.8915841940329,242.3379189059795,-69.72216408125686,-23.73532334222579,-196.92632423552945,7.859758555405011,145.16708234046274,-259.2721317418433,276.37576377364906,-332.94760500421035,-81.77859446210192,-35.88391601783259,59.628691033120894
1014,575.8566544589269,-52.22043816659122,-10.770979524815418,-216.6888942156152,241.92012427517867,-57.66720147365491,-31.89524560673002,-89.69647771724905,91.03623585912885,142.1244735572599,-262.85176477306806,278.7892588317217,-307.9057667970063,-19.987978736397626,-9.41332895957483,85.9328894934372
1015,872.4623460240889,-77.8458020928619,-131.0468575682245,-255.54151906027562,298.90490154507836,-88.24554860843571,-52.64863464948135,-139.75783368289675,29.986538984766867,167.04117238547275,-312.922874543683,346.92169722961137,-424.89074285289405,-9.567263942296156,-16.95733740729141,100.87300319115245
1016,412.80201093661105,-33.055225032835246,11.977855536706878,-122.3873334480606,149.45620595317774,130.9417827314654,-17.049304274088705,-36.45022945590275,19.18931216849542,84.55664477917989,-174.1975495505583,175.42031036508527,-188.73111236800986,-18.678636782488113,3.167814109710365,49.355559831571746
1017,535.907929267479,-51.54630662602096,-9.373519203176665,-204.998527004803,243.32888835436063,-54.939601017427385,-30.48097905973601,-88.64850845235317,49.68331814639426,138.9717345997404,-252.49922868942986,275.806687024423,-300.55360714401894,-21.64818771145892,-10.452874654560837,84.29086522350106
1018,575.920284020829,-56.82989560831688,81.6111710373639,-167.9923923083554,193.11026337639458,-51.2218362927371,-32.211622751793854,-54.0749020564452,8.788420222782543,116.92077278607726,-315.13961678875285,251.66305740926427,-276.4515344685636,-8.296141866046106,-6.060155833681482,49.63039780267154
1019,297.11150124650607,-21.253799913948317,11.540955433427817,-90.76610341775462,275.4713097064254,-27.504286994112448,-17.290118219665086,-43.01070607354175,33.045966231663954,71.80316327920596,-95.89801954496559,121.587127522882,-145.8074048497914,-23.265772484755082,-7.322029430840481,50.99036027109589
1020,424.90635026938253,-45.27538166269192,48.25631030213643,-139.47011474302158,181.7928374320439,-45.206395533064466,-38.54841456084164,-21.45063545300597,1.841725375509058,52.17151343286886,-77.78084105990807,196.27432521859322,-83.40235934177574,-14.345756939620346,-24.783165893639474,12.960693880870574
1021,450.41233669073995,-39.9576470938893,-10.37780237251397,-172.79010792042274,142.7348910947533,-48.28980532168707,-26.007642311332926,-68.57539781365524,191.47755631023617,95.64752501888171,-187.2817083585499,180.04911999949644,-228.78432165330204,-14.688785698239807,-6.7242156636523704,51.753456533014976
1022,645.3524458168856,-60.94585934311483,104.79248411713189,-185.64311895959182,226.15773304453,-62.921853156444676,-44.784018928919,-77.30626924451752,13.301077568052774,130.4660126124822,-238.92720216342207,274.8531573735731,-293.78621536292553,58.495891322782576,19.105762086535638,68.90886562298014
1023,675.6157152182699,-62.61711566029645,91.9976737548004,-194.8461473733192,237.5862695061419,-67.23195259593817,-43.38560082888658,-108.13932091174443,13.292538208832552,137.95969016504995,-228.47709952505338,281.59541154209944,-309.65469040507685,46.34921605182737,14.434020340880778,72.47132085271816
1024,576.5674531538691,-56.39856226776677,62.88564122172003,-169.38604745634117,192.57920040700031,-51.470936423276115,-24.593150152967837,-74.4424161953004,7.657712095978801,117.33304513612094,-315.50504541175354,247.9126296611821,-278.7274960179026,-35.38672336983889,-16.778809256949366,46.76993118150228
1025,645.3524458168856,-60.94585934311483,104.79248411713189,-185.64311895959182,226.15773304453,-62.921853156444676,-44.784018928919,-77.30626924451752,13.301077568052774,130.4660126124822,-238.92720216342207,274.8531573735731,-293.78621536292553,58.495891322782576,19.105762086535638,68.90886562298014
1026,444.1965224654431,-39.53088013466044,-10.189833266867732,-171.38279662223067,139.61397768563745,-47.83183706631609,-25.879924084719534,-67.99583406115516,187.80792899152584,94.80360037797237,-185.05852157545445,179.81916500187472,-226.7044787694383,-14.81139896180518,-5.912482097979431,53.46433839778187
1027,623.595470287959,-59.37964532190274,-4.018774587118726,-192.6536777261828,228.4659467249026,-65.59530772565132,-21.305986929880184,-195.33271529278548,-0.7407718415750307,133.25802805851913,-217.6916845945138,254.6944035582351,-308.64970945426774,-81.46951542745673,-36.34542711587352,54.99716638232624
1029,529.4609551351032,-22.690307250870244,-57.729164049476665,-153.91111243457874,168.04181822125062,-33.43732141050322,-18.911014721773952,71.64170263183625,23.26889184070748,138.98461237327456,-165.20326457602246,172.07078196667302,-242.5251465880776,-18.42088657952921,18.973093964506145,92.46890252946376
1030,601.941636632635,-54.03111703617307,97.68788015274602,-176.75689377198086,201.26685538037316,-61.00880491520637,-52.36890136726791,-81.54625428895423,19.625593857908836,112.24651132221628,-180.45134283925458,237.88595684308788,-275.1006333920306,45.76226049587296,10.676290083615617,76.6102685245926
1031,583.5580476009658,-24.46623029007689,-44.40667383595989,-167.6709933380838,185.78850157132496,-35.39301353058181,-25.14384390717094,26.525070290353085,25.347302854393106,155.49659356392482,-183.01737151061965,192.98961460454564,-266.7524068802227,5.070345599223365,32.87509288903821,103.07078814635207
1032,620.0470042636055,-27.370439236975745,-85.97324242612092,-179.03174230225963,197.16572214684578,-39.36389425184138,-26.416345055534705,18.17973316505015,28.18361988706595,160.85927644232143,-199.0554124905129,204.97101361049067,-288.2412114917577,-7.871684078638424,25.96853584492687,107.78581760444091
1033,696.9277730222055,-62.717285155557434,10.510089095237872,-206.5164604349238,243.77481328923142,-68.99492193187437,-23.188560704790262,-196.02635564789142,8.25981649669843,143.99949972857533,-257.74107343486276,274.09129420676993,-330.2767706592539,-83.07125377548671,-36.249000361784454,58.63520162272155
1034,620.0470042636055,-27.370439236975745,-85.97324242612092,-179.03174230225963,197.16572214684578,-39.36389425184138,-26.416345055534705,18.17973316505015,28.18361988706595,160.85927644232143,-199.0554124905129,204.97101361049067,-288.2412114917577,-7.871684078638424,25.96853584492687,107.78581760444091
1035,419.80302822244175,91.75352343279906,1.5950935563652002,-123.2396359499457,156.78636349563817,-36.895132184740156,-17.94883074609177,-81.14995966596136,15.025553252721926,81.29369021686917,-148.68591285400095,214.4200940432908,-181.85590740106613,-27.173742250602626,-19.452121397498196,39.18500321924875
1036,872.36681602245,-78.49851682494733,-128.5774698734679,-255.56360187841793,299.0697261964305,-88.56805184625489,-52.802206626597375,-141.33571195148562,29.664121323941636,166.2756662165539,-315.5930223208309,348.1216430315446,-425.116797741777,-9.80035136772251,-17.726553536372588,99.81928665833955
1037,597.5542173513963,-54.75427434958635,0.6587583533830694,-217.0875586513219,257.22055819131833,-59.00310156562014,-35.07347060097234,-85.24172152347221,58.01715709404348,138.16627524303442,-249.63983515926734,290.75624107450113,-287.9481366710621,-21.421957273642356,-13.612141178797824,80.71658334931891
1039,872.4623460240889,-77.8458020928619,-131.0468575682245,-255.54151906027562,298.90490154507836,-88.24554860843571,-52.64863464948135,-139.75783368289675,29.986538984766867,167.04117238547275,-312.922874543683,346.92169722961137,-424.89074285289405,-9.567263942296156,-16.95733740729141,100.87300319115245
1040,705.9646607900877,-63.76936246488144,8.077012702186192,-209.1059332841349,243.56758803978528,-70.1488860662632,-23.923655458180008,-197.59025205632426,8.187190217707192,145.7334018614928,-261.01445019775883,277.70628840343795,-335.25684715094434,-82.90158581049292,-36.527127495377655,60.175650349233315
1041,556.0208691761508,-35.848117297334475,-17.831116271104285,-163.1990873050828,188.41139203256668,-43.42139601021498,-15.511613136723671,-101.41245713751886,33.00126291359677,136.44092775788457,-226.3540050519882,215.8030875644532,-51.509394150472794,-37.965152295933834,-5.85239636123093,84.9521212011381
1042,579.7415437113137,-53.088144455241675,-12.454522614134033,-217.41049550186108,242.19494535846704,-58.07515302393862,-32.29393894531203,-90.00278406919472,91.43848788944355,141.0417876496715,-263.8162914466019,280.5321634550367,-306.94312194994393,-19.499695810023947,-9.76225031415795,84.4274200528224
1043,840.7791070814491,-70.84702270320537,-143.16330730367724,-245.65244340486146,284.8785973208899,-81.03452152403403,-52.60434913992791,-95.3708626432038,32.465705426963936,165.434910381257,-300.5921132142706,329.62788006199287,-407.2856760110298,5.142858040088254,-5.395645202065339,105.64595550353393
1044,538.4335313545317,-46.581111455679306,-5.93567385662142,-134.60612810364154,243.03023483743394,-39.00938730854916,-18.865794528723352,-59.429020883042746,182.78486751901113,96.06214842812952,-178.47317610114857,241.43086260197973,-206.23483106271874,-11.672428189303139,-10.349651205308707,42.449665961066565
1045,844.2107340157908,-70.418412454614,-140.18252911379471,-246.33909182040603,285.81251213586796,-81.0112989473889,-52.434963943574736,-95.1765438816623,32.87168551093305,167.4672166926795,-303.6620592835492,329.9590324312669,-410.31988812362647,4.522144065283661,-5.093173128485896,107.38976880827947
1046,811.8503028582904,-81.3869579663299,-146.60531583577756,-240.59380403404236,279.2825072543136,-84.90172914409935,-55.547687969452966,-115.93655272135955,25.589369305115667,140.13544301057235,-298.1870248888236,339.2632820159536,-383.4919519594211,7.199247441191802,-16.304177066799614,79.71113875051404
1047,865.1875381789222,-77.76691181672817,-129.9814540891083,-253.54155368148224,296.5975762690517,-87.94649546683571,-49.29176527119936,-141.04139724723913,29.640753719731887,164.67621779664475,-310.90965070387875,344.9207571631079,-421.5901424547578,-9.739019565961438,-17.76279140929066,99.3315322242192
1048,645.3524458168856,-60.94585934311483,104.79248411713189,-185.64311895959182,226.15773304453,-62.921853156444676,-44.784018928919,-77.30626924451752,13.301077568052774,130.4660126124822,-238.92720216342207,274.8531573735731,-293.78621536292553,58.495891322782576,19.105762086535638,68.90886562298014
1049,615.2705041816649,-60.00617584124706,37.49614231171024,-180.13588320937512,205.4069547144523,-55.48905614280045,-34.09494391133602,-60.714180264393434,12.062736845804363,122.58396799637805,-332.5628013479083,264.9683037071533,-299.5439559359036,-19.526055349956085,-12.492270609132156,55.09999096379581
1050,675.6157152182699,-62.61711566029645,91.9976737548004,-194.8461473733192,237.5862695061419,-67.23195259593817,-43.38560082888658,-108.13932091174443,13.292538208832552,137.95969016504995,-228.47709952505338,281.59541154209944,-309.65469040507685,46.34921605182737,14.434020340880778,72.47132085271816
1052,424.90635026938253,-45.27538166269192,48.25631030213643,-139.47011474302158,181.7928374320439,-45.206395533064466,-38.54841456084164,-21.45063545300597,1.841725375509058,52.17151343286886,-77.78084105990807,196.27432521859322,-83.40235934177574,-14.345756939620346,-24.783165893639474,12.960693880870574
1053,391.9161515036474,-27.470818176841615,11.036193438409352,-117.46091496641091,152.24497870787133,-34.91730375297482,141.88016465925864,-31.50017229815559,30.89374006705702,73.58041841846428,-117.1455421062742,168.29694673343565,-161.56833453141172,16.453920883921697,4.250825167667701,49.970633214883534
1054,369.6960179716324,-28.748123352035527,-2.4224361507833643,-110.72267793443422,137.07127194235818,168.33760727683435,-18.528394961444132,-38.35325062110035,20.470507476017502,73.96474229909454,-135.370048170766,156.96006802723036,-164.79068425744512,-16.121679853552486,0.1620598098022339,45.65460544813793
1055,87.02420612048287,-25.783447843396257,-4.306510210390391,-29.529400176261596,79.64481154744965,-15.080565882086768,-4.5967937589676,-11.493804642860724,-6.48575598664849,-1.1076848922343545,-39.88269810183464,40.06311559643425,-25.384931306343738,6.896738153853326,-26.094443455716746,227.87492568947624
1056,369.6960179716324,-28.748123352035527,-2.4224361507833643,-110.72267793443422,137.07127194235818,168.33760727683435,-18.528394961444132,-38.35325062110035,20.470507476017502,73.96474229909454,-135.370048170766,156.96006802723036,-164.79068425744512,-16.121679853552486,0.1620598098022339,45.65460544813793
1057,533.4123694239665,-51.34268114449199,-9.419447048094986,-203.74616413742254,242.93035839245127,-54.425813993342445,-30.441404773908726,-85.96412470326507,53.0723941504088,138.17087289799142,-251.60049196834834,275.43114240798224,-298.498479838068,-20.282628347286163,-9.974574043920574,84.07133532645962
1058,844.2107340157908,-70.418412454614,-140.18252911379471,-246.33909182040603,285.81251213586796,-81.0112989473889,-52.434963943574736,-95.1765438816623,32.87168551093305,167.4672166926795,-303.6620592835492,329.9590324312669,-410.31988812362647,4.522144065283661,-5.093173128485896,107.38976880827947
1059,868.9351890881084,-78.9271270735387,-131.55824806335042,-254.87695346287336,298.1358113814525,-88.59127442290003,-52.97159182295055,-141.53003071302714,29.25814123997252,164.2433599051314,-312.52307625155237,347.79049066227054,-422.08258562918036,-9.179637392917915,-18.02902560995203,98.075473353594
1060,872.4623460240889,-77.8458020928619,-131.0468575682245,-255.54151906027562,298.90490154507836,-88.24554860843571,-52.64863464948135,-139.75783368289675,29.986538984766867,167.04117238547275,-312.922874543683,346.92169722961137,-424.89074285289405,-9.567263942296156,-16.95733740729141,100.87300319115245
1061,515.4147769016807,-50.75963651824172,68.2196855626917,-157.1246972637675,200.9709208931605,-51.86971829970437,-43.82552105534746,-28.40354935343924,10.044348004712337,64.76610468953741,-100.59606347074015,222.09166277210878,-108.59218275413303,0.655724862456709,-19.039902492975145,19.545126907405773
1062,529.4609551351032,-22.690307250870244,-57.729164049476665,-153.91111243457874,168.04181822125062,-33.43732141050322,-18.911014721773952,71.64170263183625,23.26889184070748,138.98461237327456,-165.20326457602246,172.07078196667302,-242.5251465880776,-18.42088657952921,18.973093964506145,92.46890252946376
1063,308.9231999156153,132.7557449453407,0.8311860666825435,-90.38861871895713,119.3518732730724,-26.665845012644976,-14.182921202187938,-48.50914034517596,13.502994195651974,57.101014153542486,-114.95962090782515,161.81811860575743,-131.01054755660698,-11.466454000593375,-13.559502153048062,26.896931407235886
1064,263.0253135722449,-15.753908431231448,10.929732642303096,-84.87877947993063,292.59858527903174,-24.015471032538912,-16.36332710537132,-37.20083314688763,4.244153138430704,65.79812106168801,-86.37074373245031,104.17863786849327,-132.7964212838159,-21.495779219910414,-4.691509547002828,45.42458764646657
1065,326.2033575947284,-23.712037408425548,13.9925406487036,-103.76684431772453,281.41995674984184,-32.975125256271895,-18.068136708536297,-70.21478341570156,-4.1406136309391535,80.6670735844441,-105.79463741321679,127.45897419432971,-167.91051965769284,-35.45071333132065,-11.577850433976037,53.71057216519442
1066,689.7039173853801,-62.16309801877991,7.544866567895252,-206.54488262941348,244.70779073273795,-69.84744462559344,-25.80147006665004,-192.57908960841078,9.001037405406878,135.19192711671178,-217.08947865019118,270.9947215524582,-300.08440815692416,-81.8303370061455,-39.17465943224973,54.00843047508073
1067,718.5660559337612,-64.43938515076431,17.475964271890746,-212.11043350364054,249.99420435689683,-72.44726684404058,-26.48608501991952,-202.938790437725,8.869821086960929,148.59197773008634,-242.76409459118577,281.8625050558956,-337.87970204223825,-67.055085641885,-30.272129507348414,64.1671453757981
1068,718.5660559337612,-64.43938515076431,17.475964271890746,-212.11043350364054,249.99420435689683,-72.44726684404058,-26.48608501991952,-202.938790437725,8.869821086960929,148.59197773008634,-242.76409459118577,281.8625050558956,-337.87970204223825,-67.055085641885,-30.272129507348414,64.1671453757981
1070,530.6979128364937,-51.07876720957169,-9.502783232196501,-204.08980762537982,241.05534255876898,-54.47625013991473,-30.521191324361848,-85.91828186292491,53.08970589689881,137.850634122866,-251.23280315534024,273.68360917953765,-298.2961401046979,-20.28373296427813,-9.86240601162219,83.97355668674001
1071,566.2546222633167,-55.83732660873837,81.75881720980101,-165.2921442207218,189.52190241007324,-50.27982013340645,-32.11789748324497,-50.90357016397682,8.991768677017498,114.69224998650336,-311.4237553395316,247.53829451541475,-271.9863260627086,-2.4092946493448673,-6.03078973020035,49.116514843745954
1072,529.5651641308325,-51.819621169664416,-11.045415622335236,-203.41151040159957,241.2340767846785,-54.529651542005084,-30.76721196490295,-85.80478867550121,49.275676820299054,136.2930771670116,-250.9063340935711,274.8592193970544,-296.26575895849015,-19.828311618780063,-10.261224816432792,82.25038360093662
1073,180.20180405685582,-32.59471125147514,8.267732896601828,-90.8988315034377,125.9707954830177,-29.17370646396636,-19.989223895195853,-37.26834170087549,-32.49395938832532,55.33264987752293,-88.55412219057698,136.07281270150426,-134.0719202435186,-16.483502767060152,-12.667783842680352,26.712757033226982
1075,658.6967119026418,-66.89649295159678,-19.277411506062773,-198.53429080725076,229.67592244538565,-69.03004427242402,-21.613093763949088,-197.9071453464541,3.6643609413312213,122.86402687414846,-225.72352578217922,269.2537162922224,-298.5308178092214,-77.14606833676348,-39.56840646104333,41.19853084680334
1076,688.6733853062179,-62.15900279687676,8.994281159323524,-205.42935778824625,243.2915313768383,-69.63558569719895,-25.729093274763347,-191.731609602363,7.999047190043306,134.48487501323564,-217.90223713362977,269.9751099775873,-299.0784510939076,-81.86399896444476,-39.202221566531065,53.166697812889616
1077,696.9364227816543,-60.36668764508056,10.686344117681012,-206.46344089630819,240.71831216406088,-69.1149952514093,-23.221989120332,-196.39559033627964,7.893915820673176,144.05436566828922,-257.76271625033877,275.0438394554245,-330.4582716303868,-83.25215470999478,-36.55624930517177,58.974880121482485
1078,399.7425984802155,-27.771089844510676,-6.285352161594117,-120.87661831133235,154.18606566585595,-35.787960262933,145.98819590268664,-52.16200114125727,29.786399544463027,75.59213918841708,-122.19434234622706,167.7474048537902,-167.37095136776995,-10.69799242163214,-6.431590382682109,47.59792102783461
1079,579.7415437113137,-53.088144455241675,-12.454522614134033,-217.41049550186108,242.19494535846704,-58.07515302393862,-32.29393894531203,-90.00278406919472,91.43848788944355,141.0417876496715,-263.8162914466019,280.5321634550367,-306.94312194994393,-19.499695810023947,-9.76225031415795,84.4274200528224
1080,518.3259151039856,-50.91493222318963,66.91080379196774,-158.02506545142637,202.13181764786464,-52.30289035177179,-43.7086733465337,-31.441587891832704,10.046009246838427,65.41245581084374,-99.11901199732041,222.7079780302033,-109.84581882706516,-0.5434372554175547,-19.534024404682633,19.841795225224683
1081,844.2107340157908,-70.418412454614,-140.18252911379471,-246.33909182040603,285.81251213586796,-81.0112989473889,-52.434963943574736,-95.1765438816623,32.87168551093305,167.4672166926795,-303.6620592835492,329.9590324312669,-410.31988812362647,4.522144065283661,-5.093173128485896,107.38976880827947
1082,694.445787006719,-62.58636978785599,5.136939253106957,-207.11246791274908,245.37189889407932,-70.36509687807015,-26.223065577127976,-193.06358922340178,8.438708022518368,135.43173846644612,-217.81032923947225,271.9152725276258,-301.93570402264464,-81.35104488836721,-39.22190120957789,54.21792983374395
1083,847.1218722180955,-70.5737081595619,-141.49141088451867,-247.2394600080649,286.97340889057205,-81.44447099945633,-52.31811623476098,-98.21458242005575,32.87334675305914,168.11356781398578,-302.1850078101294,330.5753476893615,-411.5735241965586,3.3229819474093976,-5.587295040193384,107.68643712609837
1084,868.9351890881084,-78.9271270735387,-131.55824806335042,-254.87695346287336,298.1358113814525,-88.59127442290003,-52.97159182295055,-141.53003071302714,29.25814123997252,164.2433599051314,-312.52307625155237,347.79049066227054,-422.08258562918036,-9.179637392917915,-18.02902560995203,98.075473353594
1085,526.1523620805536,-51.21520389085869,49.589258191964255,-161.44076879634787,204.07290460584923,-53.17354686172998,-39.60064210310569,-52.10341673493439,8.93866872424443,67.42417658079653,-104.16781223727328,222.15843615055783,-115.64843566342338,-27.695350560971395,-30.216439955032442,17.469083038175764
1086,522.4024985089891,-26.791768504440252,-77.17865555990149,-153.67388807149308,165.231721531816,-28.30621618483189,-23.11307524489356,32.74661632552555,19.956513730373633,129.89496989180802,-167.6305220008149,180.31496582496754,-226.5237245470765,-5.50059366532155,23.934841536299892,79.64974226718849
1087,575.8566544589269,-52.22043816659122,-10.770979524815418,-216.6888942156152,241.92012427517867,-57.66720147365491,-31.89524560673002,-89.69647771724905,91.03623585912885,142.1244735572599,-262.85176477306806,278.7892588317217,-307.9057667970063,-19.987978736397626,-9.41332895957483,85.9328894934372
1088,807.1789463912502,-71.12706684061187,-132.71208548775988,-236.8096443392019,309.402771501283,-80.01502436704942,-51.72884440083703,-108.83047745515184,34.364399933374635,149.9094618949984,-293.64074441521404,324.87902161502996,-388.31798927032537,6.244844896662362,-10.503331587413355,90.2166231188306
1089,445.7034356759646,-29.043974467651747,-35.389029765692634,-133.2307303707584,317.6917814791284,-33.856458991496,-22.325054265247275,-46.274621117838095,37.2694510930242,80.55337657829958,-162.70567389937128,180.2792537483075,-189.11492960270672,-0.5418737030890288,0.6217537563148416,28.59867405835984
1090,489.4092303024009,-38.36705524314487,-35.58705420524136,-146.39334337030286,165.8764299938026,-38.82417333739171,-17.9700513510217,-73.13702942839474,29.3603646905529,109.8736016744667,-210.70197182307203,208.09779691526103,-9.78286437560705,-19.890163083565977,-4.00812939898529,64.33698656837689
1091,868.9351890881084,-78.9271270735387,-131.55824806335042,-254.87695346287336,298.1358113814525,-88.59127442290003,-52.97159182295055,-141.53003071302714,29.25814123997252,164.2433599051314,-312.52307625155237,347.79049066227054,-422.08258562918036,-9.179637392917915,-18.02902560995203,98.075473353594
1092,847.1218722180955,-70.5737081595619,-141.49141088451867,-247.2394600080649,286.97340889057205,-81.44447099945633,-52.31811623476098,-98.21458242005575,32.87334675305914,168.11356781398578,-302.1850078101294,330.5753476893615,-411.5735241965586,3.3229819474093976,-5.587295040193384,107.68643712609837
1093,376.974170882298,-45.65739609392988,13.780163446889704,-116.82223279778198,135.59563869520787,-49.89673909667924,-11.854212218878992,163.60300886549484,6.108047327395843,56.59133468792423,-127.47560181478565,158.8386377524588,-173.7214793262005,-56.78444940892934,-42.44259387389285,27.03237491821651
1094,345.3072966883795,-18.063487533198,-7.862423570862146,-105.14738519178697,317.0059702453426,-23.38360443855251,-15.64169935036443,-33.054485910129756,31.331699184457644,66.33471903007448,-124.09088036298407,138.29610731612715,-143.455536870823,-6.106895079429409,2.0095804404271185,22.071121944382313
1095,526.4492544988526,-46.61044333535248,-1.8411685592383396,-132.08304550427655,239.82520078818558,-40.27916438475496,-19.265902158389256,-64.03912366245584,174.8162063278248,97.66061166138715,-172.1805599113386,232.75237443834973,-207.91853651174577,-16.66345451264473,-12.17830140891374,49.634314563091515
1096,202.0259986318466,-33.818656147531996,-3.286339568601662,-104.04754528649565,138.32907818772009,-31.07608493610436,-18.413581695114807,-50.26980459427579,-22.725575039500765,72.7048343073312,-123.63065831447754,152.0599443260255,-177.4526340019842,-17.697424106193157,-9.697388785666858,41.08780417062752
1097,609.9565882177728,-26.483538523808672,-86.06834487103738,-176.10932591766505,193.53267546476278,-38.30916582035478,-23.022751408950448,21.512086407690102,28.158591040730112,158.613476901106,-195.84909234698048,201.15381248395946,-283.4609201318064,-6.6111901590030895,26.42641988371629,107.00139485250166
1098,724.3384576342622,-64.86675214174353,13.618622365674181,-213.79354362814334,252.07457187413786,-73.17677802491178,-26.980057322284154,-204.27077005876376,9.309481919435992,149.5388411832968,-242.67218669702828,283.8026676059341,-340.7369549709754,-66.54213156580747,-30.29180915039524,65.21837739665244
1099,868.9351890881084,-78.9271270735387,-131.55824806335042,-254.87695346287336,298.1358113814525,-88.59127442290003,-52.97159182295055,-141.53003071302714,29.25814123997252,164.2433599051314,-312.52307625155237,347.79049066227054,-422.08258562918036,-9.179637392917915,-18.02902560995203,98.075473353594
1100,351.39592292381064,96.3579530928959,0.3592259631957049,-103.98642439931314,132.09370905273525,-28.213894260756796,-17.031020858755625,-51.3513168647445,19.59211847699899,68.39751550827036,-125.8647945490343,221.35519867714368,-152.10367473343015,-16.223513504028418,-18.152634725259194,29.049855823770038
1101,227.7293176841739,-1.7367883894677505,5.225331650122011,-63.71036780788088,56.4195531299349,-17.311707735349387,-12.814167353471037,-34.14318014192106,-4.355505176757478,54.414575779802334,-67.53026510113634,239.458565207438,-104.05769658086007,-19.61210071265252,27.164537644465117,131.3905441870206
1102,618.9732457457181,-27.324882499714047,-84.11019968904819,-178.60013514900157,196.8555237755769,-39.233511395638814,-26.83883295075888,20.549719903199666,28.294187815112743,160.59346925319554,-198.6982376138596,204.96433627264574,-287.5355862008287,-5.036576536295613,27.0861895911326,107.9934219913639
1103,553.4560167063224,-50.042379504343444,-6.192910226379309,-145.83669271413237,211.85049137410044,-43.64009435508739,-20.756991214458424,-65.96468447657998,212.28380972762884,100.70301186862945,-187.9219934793097,242.94088073832586,-220.61087632378752,-13.449983426568087,-11.60138787372473,48.7832539490763
1104,664.2214657666241,-57.255966161574726,6.251139863744614,-200.60589236925807,220.05493653886927,-68.33958102846249,-31.760719769832143,-200.84693635074882,14.004416929381156,127.49958638895974,-201.6687732444881,242.3379092913377,-314.1414810534083,-99.04485629562595,-44.11810958394627,66.9515365242911
1105,840.8517773131255,-72.86810533822639,-133.1628808096638,-245.85835582727688,287.257577526645,-82.93095980291594,-51.28945212921384,-119.4190436101973,34.70817643139224,164.16622623306895,-310.9836856054307,335.62854043317714,-368.351544517064,0.457677449836577,-11.047525852161113,104.80731332538222
1106,872.4623460240889,-77.8458020928619,-131.0468575682245,-255.54151906027562,298.90490154507836,-88.24554860843571,-52.64863464948135,-139.75783368289675,29.986538984766867,167.04117238547275,-312.922874543683,346.92169722961137,-424.89074285289405,-9.567263942296156,-16.95733740729141,100.87300319115245
1107,438.3550856243136,-34.88421971791652,18.92344941583526,-129.09699198900478,160.43533971490916,127.2923343933976,-23.61614749359087,-43.425062162588745,20.33497147443397,89.96153252089299,-160.53865766678,184.7175754360181,-197.73787547506006,-2.380514339563721,9.439370327610854,54.886041313111186
1108,690.5107649906354,-62.268741764562975,9.548442125672322,-205.8981188226471,244.14222976027355,-69.93837489306381,-26.03473346117376,-192.39966140260694,8.111276360216186,134.86541894541602,-216.0680107835567,270.5847478978369,-299.62646187591065,-80.22805353997622,-38.57868973203282,53.670970517631524
1109,583.5887490044478,-52.61120443006924,-10.828554039893785,-217.74514923768405,243.8912269662398,-57.97131547527598,-31.968131754317806,-90.16212009695857,95.23520521955328,142.91958338065132,-264.5104493213792,281.10408646596454,-309.1758428295218,-19.954012538530048,-9.475599541645732,86.24837177834539
1110,675.6157152182699,-62.61711566029645,91.9976737548004,-194.8461473733192,237.5862695061419,-67.23195259593817,-43.38560082888658,-108.13932091174443,13.292538208832552,137.95969016504995,-228.47709952505338,281.59541154209944,-309.65469040507685,46.34921605182737,14.434020340880778,72.47132085271816
1111,446.565131397606,-40.434587119061725,-12.003770946754221,-172.45545418459977,141.03860948698056,-48.39364287034971,-26.33344950232715,-68.41606178589139,187.68083898012642,93.76972928790188,-186.58755048377265,179.47719698856864,-226.5516007737242,-14.234468969733706,-7.010866436164588,49.93250480749199
1112,620.0470042636055,-27.370439236975745,-85.97324242612092,-179.03174230225963,197.16572214684578,-39.36389425184138,-26.416345055534705,18.17973316505015,28.18361988706595,160.85927644232143,-199.0554124905129,204.97101361049067,-288.2412114917577,-7.871684078638424,25.96853584492687,107.78581760444091
1113,620.0470042636055,-27.370439236975745,-85.97324242612092,-179.03174230225963,197.16572214684578,-39.36389425184138,-26.416345055534705,18.17973316505015,28.18361988706595,160.85927644232143,-199.0554124905129,204.97101361049067,-288.2412114917577,-7.871684078638424,25.96853584492687,107.78581760444091
1114,529.5651641308325,-51.819621169664416,-11.045415622335236,-203.41151040159957,241.2340767846785,-54.529651542005084,-30.76721196490295,-85.80478867550121,49.275676820299054,136.2930771670116,-250.9063340935711,274.8592193970544,-296.26575895849015,-19.828311618780063,-10.261224816432792,82.25038360093662
1115,531.8449036868374,-51.27271165337051,-8.358644777360647,-203.89881228000556,242.3484226850859,-54.528050046540656,-30.82776778044457,-85.15780363066746,49.70680868474929,137.29521713892942,-249.65586806702092,274.61127017874725,-295.96785675825686,-20.293971501372088,-10.228230114273373,83.39842485413321
1116,537.5817911784126,-46.2430608373012,-5.621717684262243,-134.37885229612658,246.14700825458812,-39.09709101112299,-18.832922454475078,-59.61611712125776,182.08552225059583,96.10014724568886,-178.26548440199753,237.75529497995672,-206.11716044654176,-11.736482638778764,-9.917118632542724,43.374728696628914
1117,553.4560167063224,-50.042379504343444,-6.192910226379309,-145.83669271413237,211.85049137410044,-43.64009435508739,-20.756991214458424,-65.96468447657998,212.28380972762884,100.70301186862945,-187.9219934793097,242.94088073832586,-220.61087632378752,-13.449983426568087,-11.60138787372473,48.7832539490763
1119,527.8091760034325,-50.72045354436812,-9.081662347552836,-202.73595856974507,243.87834976029706,-54.11802583051419,-30.391004868824975,-85.50666992827792,49.44297845424216,137.55246420035877,-249.72508909754126,272.70508818121766,-297.0021382225022,-20.481797665268445,-9.86792896054221,84.11316918257876
1120,668.8611916630624,-61.77984236566585,90.83643815651355,-193.0462674733445,235.15880529452468,-66.72310848867494,-43.175027851523936,-108.00602755766953,13.497547905193597,136.37751848678235,-223.28418660241232,278.0869639063444,-306.44311807215394,51.03690115065434,13.969264532654421,72.25410621161149
1121,718.5660559337612,-64.43938515076431,17.475964271890746,-212.11043350364054,249.99420435689683,-72.44726684404058,-26.48608501991952,-202.938790437725,8.869821086960929,148.59197773008634,-242.76409459118577,281.8625050558956,-337.87970204223825,-67.055085641885,-30.272129507348414,64.1671453757981
1122,548.9938576928186,-50.46689453103167,-7.724273824833551,-144.03451945742057,209.5003172032228,-43.45145800333802,-20.853999618924902,-65.3115232320737,210.87583942829616,97.96365345373081,-185.6648058934698,241.59011679418091,-216.57070714817428,-12.862931410062764,-11.931422081585499,46.197707982139654
1123,555.336622829465,-50.19357998738821,-6.05237740567498,-145.621536060624,211.59512877290493,-43.86140747876032,-20.567766713757965,-68.15524300892565,211.28348075439135,100.6423108864596,-187.25770048932856,242.53758442154947,-220.8585553337031,-14.682807502741621,-12.123071919713544,48.2381896047041
1124,750.7369982510694,-66.88406037547533,-28.04304866940331,-222.23187620772458,259.8187457675757,-76.09293031468475,-24.858964824063662,-209.28375394142674,12.120770105773001,152.65572452047797,-255.5039075333891,291.9668654853479,-357.4454682225591,-78.22366732403393,-36.74048215571716,69.14898410280203
1125,553.7411296201459,-36.39502681362839,-20.517887116078878,-162.7117854266768,187.2970461321593,-43.422997505679405,-15.451057321182047,-102.05944218235261,32.57013104914654,135.43878778596675,-227.60447107853835,216.05103678276035,-51.807296350706096,-37.499492413341805,-5.88539106339035,83.8040799479415
1126,223.11996609913967,-17.66247621257257,12.105431792526977,-81.32742922999742,258.2891911926013,-24.705184731741536,-16.710268979861834,-38.89395033352919,-11.349786149847404,65.03386650433605,-81.24189258592465,100.9652253421155,-135.11643255404206,-23.737065134438136,-6.768108207081311,48.69791030314731
1127,649.4154713975272,-61.21945431576528,103.77760969131587,-186.74283368438927,227.13819871380474,-63.333404127331406,-44.43723020821044,-80.79697406620323,13.277587029697745,132.14253007329316,-241.770562785831,276.04857421924885,-298.3719657486876,57.14167511269574,18.881117546248174,69.80130599234799
1128,868.9351890881084,-78.9271270735387,-131.55824806335042,-254.87695346287336,298.1358113814525,-88.59127442290003,-52.97159182295055,-141.53003071302714,29.25814123997252,164.2433599051314,-312.52307625155237,347.79049066227054,-422.08258562918036,-9.179637392917915,-18.02902560995203,98.075473353594
1129,718.5660559337612,-64.43938515076431,17.475964271890746,-212.11043350364054,249.99420435689683,-72.44726684404058,-26.48608501991952,-202.938790437725,8.869821086960929,148.59197773008634,-242.76409459118577,281.8625050558956,-337.87970204223825,-67.055085641885,-30.272129507348414,64.1671453757981
1130,198.15476901654378,-9.709031822658035,-5.606251265363224,-56.80606728840011,67.24306617451074,-19.145296061301156,-5.720632924861457,-39.21070627655209,18.370439838612526,213.83965599815681,-102.75266649361214,78.49443945934198,7.564987532139674,8.133740216504586,2.032916797355201,48.64042887530542
1131,557.2682865561264,-35.313701832951594,-20.006496620952987,-163.37635102407907,188.06613629578516,-43.0772716912151,-15.128100147712848,-100.28724515222224,33.29852879394089,138.2366002663081,-228.0042693706689,215.18224335010112,-54.615453574419845,-37.88711896272005,-4.813702860729727,86.60160978549995
1132,671.8348979175319,-61.99753883229508,91.3739361836997,-194.11757819084173,235.35797126943086,-67.09369429065872,-44.18814047164722,-108.53138212326637,13.907004046230167,136.19294056989966,-222.71676367531785,278.1916260938683,-307.77407800999663,44.62258986847496,13.61060098426941,73.20360540183518
1133,847.1218722180955,-70.5737081595619,-141.49141088451867,-247.2394600080649,286.97340889057205,-81.44447099945633,-52.31811623476098,-98.21458242005575,32.87334675305914,168.11356781398578,-302.1850078101294,330.5753476893615,-411.5735241965586,3.3229819474093976,-5.587295040193384,107.68643712609837
1134,705.9646607900877,-63.76936246488144,8.077012702186192,-209.1059332841349,243.56758803978528,-70.1488860662632,-23.923655458180008,-197.59025205632426,8.187190217707192,145.7334018614928,-261.01445019775883,277.70628840343795,-335.25684715094434,-82.90158581049292,-36.527127495377655,60.175650349233315
1135,608.0188582917028,-54.98642984435193,-10.078528382980155,-214.65235784606855,260.76636946938027,-57.517390156125366,-31.250052800239718,-90.57470566002004,95.07939950114313,145.80173235678018,-267.81964863845207,296.83188552196583,-310.99690042985264,-19.944070985602337,-10.485111832331196,87.12837953582185
1136,548.9938576928186,-50.46689453103167,-7.724273824833551,-144.03451945742057,209.5003172032228,-43.45145800333802,-20.853999618924902,-65.3115232320737,210.87583942829616,97.96365345373081,-185.6648058934698,241.59011679418091,-216.57070714817428,-12.862931410062764,-11.931422081585499,46.197707982139654
1137,444.1965224654431,-39.53088013466044,-10.189833266867732,-171.38279662223067,139.61397768563745,-47.83183706631609,-25.879924084719534,-67.99583406115516,187.80792899152584,94.80360037797237,-185.05852157545445,179.81916500187472,-226.7044787694383,-14.81139896180518,-5.912482097979431,53.46433839778187
1138,630.236860338725,-56.13568435939674,-1.5513265816524093,-187.67110222467613,217.61641963219094,-63.50660028706509,11.36909021175436,-193.98317719306453,7.626082513307524,129.17259814137162,-212.43841557232173,244.366905089282,-297.68105213401844,-81.16527644449121,-36.24629474701332,54.7511466919176
1139,326.2033575947284,-23.712037408425548,13.9925406487036,-103.76684431772453,281.41995674984184,-32.975125256271895,-18.068136708536297,-70.21478341570156,-4.1406136309391535,80.6670735844441,-105.79463741321679,127.45897419432971,-167.91051965769284,-35.45071333132065,-11.577850433976037,53.71057216519442
1140,535.907929267479,-51.54630662602096,-9.373519203176665,-204.998527004803,243.32888835436063,-54.939601017427385,-30.48097905973601,-88.64850845235317,49.68331814639426,138.9717345997404,-252.49922868942986,275.806687024423,-300.55360714401894,-21.64818771145892,-10.452874654560837,84.29086522350106
1141,553.4560167063224,-50.042379504343444,-6.192910226379309,-145.83669271413237,211.85049137410044,-43.64009435508739,-20.756991214458424,-65.96468447657998,212.28380972762884,100.70301186862945,-187.9219934793097,242.94088073832586,-220.61087632378752,-13.449983426568087,-11.60138787372473,48.7832539490763
1142,807.1789463912502,-71.12706684061187,-132.71208548775988,-236.8096443392019,309.402771501283,-80.01502436704942,-51.72884440083703,-108.83047745515184,34.364399933374635,149.9094618949984,-293.64074441521404,324.87902161502996,-388.31798927032537,6.244844896662362,-10.503331587413355,90.2166231188306
1143,718.5660559337612,-64.43938515076431,17.475964271890746,-212.11043350364054,249.99420435689683,-72.44726684404058,-26.48608501991952,-202.938790437725,8.869821086960929,148.59197773008634,-242.76409459118577,281.8625050558956,-337.87970204223825,-67.055085641885,-30.272129507348414,64.1671453757981
1144,718.5660559337612,-64.43938515076431,17.475964271890746,-212.11043350364054,249.99420435689683,-72.44726684404058,-26.48608501991952,-202.938790437725,8.869821086960929,148.59197773008634,-242.76409459118577,281.8625050558956,-337.87970204223825,-67.055085641885,-30.272129507348414,64.1671453757981
1145,868.9351890881084,-78.9271270735387,-131.55824806335042,-254.87695346287336,298.1358113814525,-88.59127442290003,-52.97159182295055,-141.53003071302714,29.25814123997252,164.2433599051314,-312.52307625155237,347.79049066227054,-422.08258562918036,-9.179637392917915,-18.02902560995203,98.075473353594
1146,583.8422609990358,-56.47745254390051,61.82023774260381,-171.38601283513455,194.88652568302706,-51.76998956487611,-27.95001953124983,-73.15885263095801,8.00349736101378,119.69799972494891,-317.5182692515578,249.91356972768554,-282.0280964160388,-35.21496774617361,-15.97335525495011,48.31140214843552
1147,314.3424968248228,97.91164837349325,0.6745865154142828,-99.21787915270666,131.5031906239902,-28.21839400907987,-16.420335574569705,-49.81146843738061,7.362134726531169,65.55322320933536,-123.38861288974567,189.28575716094875,-149.7558260968242,-13.981582301971573,-14.118640889421377,33.62456299263563
1148,872.4623460240889,-77.8458020928619,-131.0468575682245,-255.54151906027562,298.90490154507836,-88.24554860843571,-52.64863464948135,-139.75783368289675,29.986538984766867,167.04117238547275,-312.922874543683,346.92169722961137,-424.89074285289405,-9.567263942296156,-16.95733740729141,100.87300319115245
1149,492.75671724808666,-45.433591921092976,44.863314435064034,-151.95067939871518,192.51611853725922,-47.315141694718086,-38.277112106422614,-27.99618986130036,14.983052804932525,65.37543757948143,-100.2227685118543,210.06862986896667,-58.63550342879477,-16.20449766723878,-23.015728224832156,23.002174049590664
1150,811.8503028582904,-81.3869579663299,-146.60531583577756,-240.59380403404236,279.2825072543136,-84.90172914409935,-55.547687969452966,-115.93655272135955,25.589369305115667,140.13544301057235,-298.1870248888236,339.2632820159536,-383.4919519594211,7.199247441191802,-16.304177066799614,79.71113875051404
1151,675.6157152182699,-62.61711566029645,91.9976737548004,-194.8461473733192,237.5862695061419,-67.23195259593817,-43.38560082888658,-108.13932091174443,13.292538208832552,137.95969016504995,-228.47709952505338,281.59541154209944,-309.65469040507685,46.34921605182737,14.434020340880778,72.47132085271816
1152,372.5656605530589,-75.82882520095325,-76.04995439003329,-127.19405246924136,139.9672122486328,-49.3499708544785,-40.11311532499678,-50.3931007658129,-11.381028899353405,1.2590554802724803,-137.44474885725353,223.62134018403043,-85.691998880484,9.16346762779735,-29.592167525847433,-48.0156506531413
1153,868.9351890881084,-78.9271270735387,-131.55824806335042,-254.87695346287336,298.1358113814525,-88.59127442290003,-52.97159182295055,-141.53003071302714,29.25814123997252,164.2433599051314,-312.52307625155237,347.79049066227054,-422.08258562918036,-9.179637392917915,-18.02902560995203,98.075473353594
1154,847.1218722180955,-70.5737081595619,-141.49141088451867,-247.2394600080649,286.97340889057205,-81.44447099945633,-52.31811623476098,-98.21458242005575,32.87334675305914,168.11356781398578,-302.1850078101294,330.5753476893615,-411.5735241965586,3.3229819474093976,-5.587295040193384,107.68643712609837
1155,579.0067456349738,-56.357557116090696,62.77567719991819,-170.2714783026896,193.47460770590217,-51.74171593721696,-28.38739500195717,-74.71562047495551,8.195985830850011,117.51840104327304,-319.7477160900786,248.35270593968445,-279.25411482777014,-35.764637778500905,-17.006855906872588,47.2743514784871
1156,576.4302148106684,-56.691071235926856,62.99239033679653,-169.9998459514864,193.8426144361128,-51.70776382905671,-27.874283366137018,-74.62474330914273,6.872847585904745,117.98287315219598,-316.1539442858933,249.0394585370298,-280.1825840393875,-35.315624123169044,-16.69612210302762,47.01934175149189
1157,377.8562505503274,-52.29428238247036,39.02820136080473,-117.51182201360594,138.09458359216438,-53.42456067073591,-13.69557217644967,147.15617437936217,2.9960998893164024,49.31681693091596,-152.3428532361917,171.44773369204094,-176.53003899703276,-57.47937823872432,-49.51122333020642,16.999482294829395
1158,846.0481137002082,-70.52815142230021,-139.62836814744588,-246.8078528548069,286.6632105193033,-81.31408814325377,-52.74060412998515,-95.84459568190624,32.98391468110593,167.84776062485986,-301.8278329334761,330.5686703515165,-410.8678989056296,6.158089489752207,-4.469641293987655,107.89404151302138
1159,872.4623460240889,-77.8458020928619,-131.0468575682245,-255.54151906027562,298.90490154507836,-88.24554860843571,-52.64863464948135,-139.75783368289675,29.986538984766867,167.04117238547275,-312.922874543683,346.92169722961137,-424.89074285289405,-9.567263942296156,-16.95733740729141,100.87300319115245
1160,541.2778335253671,-34.60970743953726,-20.251318903963607,-166.4503685649636,191.9454837137966,-41.61981574437245,-17.057069423019655,-82.99757663574772,42.98106210761656,138.72445504039402,-235.84029557420857,221.03146757789276,-53.61835443707938,-26.991127744285315,-0.8602004416302519,91.29520501422802
1161,382.75140231246075,94.09699116597234,13.708077806611543,-111.7760963204395,141.98816358728592,-31.759968014070893,-18.408821582920318,-50.495608368908414,14.858064290236541,74.01491904690252,-162.28605389403677,204.81873545537442,-168.23080532091024,-14.952889547239746,-14.04870233889278,36.08574463236222
1162,718.5660559337612,-64.43938515076431,17.475964271890746,-212.11043350364054,249.99420435689683,-72.44726684404058,-26.48608501991952,-202.938790437725,8.869821086960929,148.59197773008634,-242.76409459118577,281.8625050558956,-337.87970204223825,-67.055085641885,-30.272129507348414,64.1671453757981
1163,847.1218722180955,-70.5737081595619,-141.49141088451867,-247.2394600080649,286.97340889057205,-81.44447099945633,-52.31811623476098,-98.21458242005575,32.87334675305914,168.11356781398578,-302.1850078101294,330.5753476893615,-411.5735241965586,3.3229819474093976,-5.587295040193384,107.68643712609837
1164,218.0089704849624,-25.521998023921196,4.47859627948412,-62.130488218838465,50.68199104766281,-15.766162904417525,-13.117865243532748,-30.289253017902727,-1.5269817302231963,53.705867579028414,-61.23154737991843,256.6716991214225,-101.90813981557568,-20.792025901707216,24.52837160593998,125.48157392109736
1165,450.41233669073995,-39.9576470938893,-10.37780237251397,-172.79010792042274,142.7348910947533,-48.28980532168707,-26.007642311332926,-68.57539781365524,191.47755631023617,95.64752501888171,-187.2817083585499,180.04911999949644,-228.78432165330204,-14.688785698239807,-6.7242156636523704,51.753456533014976
1166,590.360610763755,-24.604169639400844,-58.62559833412193,-170.77271578056218,187.6608161502079,-36.27012010760108,-20.730632838974962,3.489130729652756,23.91419191162302,157.58834593415384,-184.84680182123722,191.72586335320577,-271.499417642779,-22.157738475813737,22.341766904525976,100.44778496100963
1167,675.6157152182699,-62.61711566029645,91.9976737548004,-194.8461473733192,237.5862695061419,-67.23195259593817,-43.38560082888658,-108.13932091174443,13.292538208832552,137.95969016504995,-228.47709952505338,281.59541154209944,-309.65469040507685,46.34921605182737,14.434020340880778,72.47132085271816
1168,674.4638278399331,-62.49881639259391,91.70366640989246,-194.64680083618063,237.7667005915713,-67.25357367711885,-43.61554184078138,-107.68665462845217,13.31768998931367,136.9295238255453,-224.15668742922472,281.0163099545182,-306.32257609224683,46.504270144039936,14.164542969460754,71.87554880116923
1169,342.6845488550013,96.98834553365371,0.5012672239236248,-101.32675023374057,128.57426568171002,-27.242138981300876,-16.863728346314943,-48.08736936315631,19.311567162303206,66.75272916561207,-122.74287104485734,220.74969906308118,-147.96870454361547,-14.980567403421036,-16.86260054894599,30.541207791495484
1170,521.2392380678674,-46.14290391890321,-1.9704325882581744,-131.17432612485337,237.55165499259394,-39.815813507242304,-19.306114423015092,-61.30889707302756,178.22259407832937,96.53951118451276,-170.91413437724898,230.6292965934644,-205.6610694724247,-15.29899976546394,-11.587832765975092,49.31700602633045
1171,868.9351890881084,-78.9271270735387,-131.55824806335042,-254.87695346287336,298.1358113814525,-88.59127442290003,-52.97159182295055,-141.53003071302714,29.25814123997252,164.2433599051314,-312.52307625155237,347.79049066227054,-422.08258562918036,-9.179637392917915,-18.02902560995203,98.075473353594
1172,531.8449036868374,-51.27271165337051,-8.358644777360647,-203.89881228000556,242.3484226850859,-54.528050046540656,-30.82776778044457,-85.15780363066746,49.70680868474929,137.29521713892942,-249.65586806702092,274.61127017874725,-295.96785675825686,-20.293971501372088,-10.228230114273373,83.39842485413321
1173,397.3632207632624,-36.64405229007388,-9.288072308610156,-151.7531346307982,115.16203753372538,-41.702621563958246,-23.773174924228528,-57.68546073095194,183.67557530971638,81.32938571169224,-156.53732924242556,182.53468555312682,-198.73057699509488,-14.845316791313333,-10.373541475665498,36.03981956586
1174,444.1965224654431,-39.53088013466044,-10.189833266867732,-171.38279662223067,139.61397768563745,-47.83183706631609,-25.879924084719534,-67.99583406115516,187.80792899152584,94.80360037797237,-185.05852157545445,179.81916500187472,-226.7044787694383,-14.81139896180518,-5.912482097979431,53.46433839778187
1175,868.9351890881084,-78.9271270735387,-131.55824806335042,-254.87695346287336,298.1358113814525,-88.59127442290003,-52.97159182295055,-141.53003071302714,29.25814123997252,164.2433599051314,-312.52307625155237,347.79049066227054,-422.08258562918036,-9.179637392917915,-18.02902560995203,98.075473353594
1176,675.6157152182699,-62.61711566029645,91.9976737548004,-194.8461473733192,237.5862695061419,-67.23195259593817,-43.38560082888658,-108.13932091174443,13.292538208832552,137.95969016504995,-228.47709952505338,281.59541154209944,-309.65469040507685,46.34921605182737,14.434020340880778,72.47132085271816
1177,415.89850871551255,-26.821083524506815,-12.64552601605636,-122.82209137433121,148.81088343835066,137.31474649893488,-18.8362479892338,-21.284419947214513,22.5303973852062,92.51546918138634,-148.09537087407173,164.57561997375362,-187.27311591532978,-16.17057419945862,10.515092443249507,59.85623705878439
1178,693.0129812460588,-62.61039046568304,10.530370392762363,-205.40077496269637,239.0150705951654,-68.79781850597283,-19.91924180041736,-195.963957731039,7.724161781022382,143.1870899883732,-256.42298647496415,272.5652399849628,-328.8729389351881,-83.35320808480941,-36.543685725248906,58.63666389425865
1179,268.62125504125265,-28.557569396529892,-3.4993027913611274,-84.46025469131524,101.2061310443712,176.9513722590564,-14.630269193069285,-58.47259418797309,14.627792385908908,40.8226707497157,-94.85633192888977,126.1777317154148,-114.49398816096212,-10.525802583022896,-27.89255079949444,18.701583617129636
1180,478.1025851766473,-47.48854998441993,61.824652750753636,-141.047314456744,157.1441408850723,-41.194431622351,5.548541463885359,-41.39208804855597,7.94569736749163,95.06040563111887,-287.68451465475454,210.18069467437218,-231.4512012282569,-23.159698582147538,-12.428015518978432,39.4301239590947
1181,344.7152985505034,-39.42143477778857,-6.645535332529861,-116.12679177860966,126.35029870567443,-26.097242271631664,-21.46773043789754,-38.48065314279197,40.31173026805917,76.96129228457251,-121.58643255137413,314.3295281737201,-167.73503747278613,-20.934981545468023,-28.913642520464666,10.659992821311846
1182,263.0253135722449,-15.753908431231448,10.929732642303096,-84.87877947993063,292.59858527903174,-24.015471032538912,-16.36332710537132,-37.20083314688763,4.244153138430704,65.79812106168801,-86.37074373245031,104.17863786849327,-132.7964212838159,-21.495779219910414,-4.691509547002828,45.42458764646657
1183,530.6979128364937,-51.07876720957169,-9.502783232196501,-204.08980762537982,241.05534255876898,-54.47625013991473,-30.521191324361848,-85.91828186292491,53.08970589689881,137.850634122866,-251.23280315534024,273.68360917953765,-298.2961401046979,-20.28373296427813,-9.86240601162219,83.97355668674001
1184,579.9173343377231,-49.68422637782866,-10.721754914973268,-217.13776165408177,242.35995181496162,-57.74755081331078,-31.91685971347548,-89.94578320864734,91.9908544088537,142.34192122110088,-263.5425956743029,280.1410294263358,-308.0360114707201,-19.958024608252845,-9.508579693419444,86.02169515067143
1185,811.8503028582904,-81.3869579663299,-146.60531583577756,-240.59380403404236,279.2825072543136,-84.90172914409935,-55.547687969452966,-115.93655272135955,25.589369305115667,140.13544301057235,-298.1870248888236,339.2632820159536,-383.4919519594211,7.199247441191802,-16.304177066799614,79.71113875051404
1186,537.2148079447254,-34.33611246688681,-19.236444478147586,-165.35065384016616,190.96501804452186,-41.20826477348572,-17.40385814372822,-79.50687181406201,43.004552645971586,137.04793757958305,-232.99693495179966,219.83605073221705,-49.03260405131727,-25.636911534198482,-0.6355559013427867,90.40276464486017
1187,589.519132697898,-57.55753426696517,60.43228353114387,-173.0912057777797,197.1317178516202,-52.82200398356648,-28.597563810730488,-76.06871052058565,8.12074053266361,119.87935700924052,-320.0965091345482,253.05367807965735,-285.1114042336589,-34.93510109552241,-16.762251027078122,48.30891763647695
1188,847.1218722180955,-70.5737081595619,-141.49141088451867,-247.2394600080649,286.97340889057205,-81.44447099945633,-52.31811623476098,-98.21458242005575,32.87334675305914,168.11356781398578,-302.1850078101294,330.5753476893615,-411.5735241965586,3.3229819474093976,-5.587295040193384,107.68643712609837
1189,575.8566544589269,-52.22043816659122,-10.770979524815418,-216.6888942156152,241.92012427517867,-57.66720147365491,-31.89524560673002,-89.69647771724905,91.03623585912885,142.1244735572599,-262.85176477306806,278.7892588317217,-307.9057667970063,-19.987978736397626,-9.41332895957483,85.9328894934372
1190,553.4560167063224,-50.042379504343444,-6.192910226379309,-145.83669271413237,211.85049137410044,-43.64009435508739,-20.756991214458424,-65.96468447657998,212.28380972762884,100.70301186862945,-187.9219934793097,242.94088073832586,-220.61087632378752,-13.449983426568087,-11.60138787372473,48.7832539490763
1191,693.0129812460588,-62.61039046568304,10.530370392762363,-205.40077496269637,239.0150705951654,-68.79781850597283,-19.91924180041736,-195.963957731039,7.724161781022382,143.1870899883732,-256.42298647496415,272.5652399849628,-328.8729389351881,-83.35320808480941,-36.543685725248906,58.63666389425865
1192,531.9278127501331,-28.04160789965159,-30.451049937247117,-155.07429197186838,176.13464364127884,-36.276194082235705,-14.79758173299247,-58.743993889381194,36.18533656223317,139.3089956948211,-217.2664026371154,198.83589380985117,-41.29823491808436,-24.99687307301448,6.556339506368293,93.41504372044587
1193,569.3290631681806,-56.08741835473947,81.50855325610875,-166.0813945738576,191.13206092832,-50.46257358987444,-28.846634712386575,-50.58536892288594,9.228865377541942,115.4076145774187,-312.65678676852303,249.37941993765315,-272.9002343968884,-6.601978493172485,-5.35981430194701,49.340534193096865
1194,553.4560167063224,-50.042379504343444,-6.192910226379309,-145.83669271413237,211.85049137410044,-43.64009435508739,-20.756991214458424,-65.96468447657998,212.28380972762884,100.70301186862945,-187.9219934793097,242.94088073832586,-220.61087632378752,-13.449983426568087,-11.60138787372473,48.7832539490763
1195,515.4147769016807,-50.75963651824172,68.2196855626917,-157.1246972637675,200.9709208931605,-51.86971829970437,-43.82552105534746,-28.40354935343924,10.044348004712337,64.76610468953741,-100.59606347074015,222.09166277210878,-108.59218275413303,0.655724862456709,-19.039902492975145,19.545126907405773
1196,718.5660559337612,-64.43938515076431,17.475964271890746,-212.11043350364054,249.99420435689683,-72.44726684404058,-26.48608501991952,-202.938790437725,8.869821086960929,148.59197773008634,-242.76409459118577,281.8625050558956,-337.87970204223825,-67.055085641885,-30.272129507348414,64.1671453757981
1197,529.5651641308325,-51.819621169664416,-11.045415622335236,-203.41151040159957,241.2340767846785,-54.529651542005084,-30.76721196490295,-85.80478867550121,49.275676820299054,136.2930771670116,-250.9063340935711,274.8592193970544,-296.26575895849015,-19.828311618780063,-10.261224816432792,82.25038360093662
1198,525.6208825916955,-50.79192887663971,47.95272350469312,-161.28057556012675,203.9364968181044,-52.99969250425676,-39.34420371543496,-52.64598458535968,9.44456935290297,67.79494859162371,-102.37753223965552,221.46380962300614,-111.10018280659101,-27.748793585302327,-29.993246907148034,18.234887190917053
1199,445.66088344632516,-39.673470112143534,-10.353973844330998,-172.00717816026022,140.5661090454449,-47.894313456285,-25.990114480497454,-67.93084680045308,188.54748588248484,94.9911175036897,-185.61399718689384,180.9986333947549,-227.40565065391317,-14.823900566746461,-7.050103153039987,50.87022765357177
1200,534.7890762483294,-28.313679185682915,-32.999510072739746,-155.8570339087123,177.05411440381573,-36.572533211039485,-15.408401744170861,-57.03793497202651,36.62333615258214,139.60950802672528,-218.65154621637762,200.1597411017952,-42.901851773889334,-23.28475687906267,7.030781775028957,94.1696074234813
1201,422.7739684809445,-27.36942168788637,-10.757876228870161,-124.65731449797401,151.13080775047055,133.24246953437316,-19.329666044736875,-21.633813274504465,22.549085551130368,94.19169882045807,-150.34521704595835,167.23137613443905,-190.545229548203,-14.773148905517106,11.519745107938487,60.88475229856301
1202,529.5651641308325,-51.819621169664416,-11.045415622335236,-203.41151040159957,241.2340767846785,-54.529651542005084,-30.76721196490295,-85.80478867550121,49.275676820299054,136.2930771670116,-250.9063340935711,274.8592193970544,-296.26575895849015,-19.828311618780063,-10.261224816432792,82.25038360093662
1203,575.8566544589269,-52.22043816659122,-10.770979524815418,-216.6888942156152,241.92012427517867,-57.66720147365491,-31.89524560673002,-89.69647771724905,91.03623585912885,142.1244735572599,-262.85176477306806,278.7892588317217,-307.9057667970063,-19.987978736397626,-9.41332895957483,85.9328894934372
1204,446.565131397606,-40.434587119061725,-12.003770946754221,-172.45545418459977,141.03860948698056,-48.39364287034971,-26.33344950232715,-68.41606178589139,187.68083898012642,93.76972928790188,-186.58755048377265,179.47719698856864,-226.5516007737242,-14.234468969733706,-7.010866436164588,49.93250480749199
1205,391.9161515036474,-27.470818176841615,11.036193438409352,-117.46091496641091,152.24497870787133,-34.91730375297482,141.88016465925864,-31.50017229815559,30.89374006705702,73.58041841846428,-117.1455421062742,168.29694673343565,-161.56833453141172,16.453920883921697,4.250825167667701,49.970633214883534
1206,811.8503028582904,-81.3869579663299,-146.60531583577756,-240.59380403404236,279.2825072543136,-84.90172914409935,-55.547687969452966,-115.93655272135955,25.589369305115667,140.13544301057235,-298.1870248888236,339.2632820159536,-383.4919519594211,7.199247441191802,-16.304177066799614,79.71113875051404
1207,381.82573545781474,-26.583917463674542,10.941090993492898,-114.53849858181637,148.61193202578832,-33.862575321488215,145.27375830584288,-28.167819055515636,30.86871122072118,71.33461887724887,-113.9392219627418,164.47974560690443,-156.78804317146037,17.71441480355703,4.708709206457117,49.18621046294429
1209,847.1218722180955,-70.5737081595619,-141.49141088451867,-247.2394600080649,286.97340889057205,-81.44447099945633,-52.31811623476098,-98.21458242005575,32.87334675305914,168.11356781398578,-302.1850078101294,330.5753476893615,-411.5735241965586,3.3229819474093976,-5.587295040193384,107.68643712609837
1210,488.6281065532594,-14.32165590210186,-60.55746824900147,-140.34521337176452,152.1306596151812,-26.150870151955107,-17.17033538946771,35.7936879583509,25.356160671302625,170.49455227533736,-157.3345994046968,152.596503842083,-207.55195434451556,-5.477202340421611,29.049271726264298,96.87016690634914
1211,481.52551849381155,-14.313713383007363,-59.85351274201051,-138.4265327098733,150.06939169612,-25.8038864001981,-17.36248051226292,36.758959222324314,24.658871221368663,171.99233982044615,-153.45355531707008,150.44626662215794,-209.26963265985216,-5.5589051823415545,28.430955215934514,94.6196579393012
1212,531.8449036868374,-51.27271165337051,-8.358644777360647,-203.89881228000556,242.3484226850859,-54.528050046540656,-30.82776778044457,-85.15780363066746,49.70680868474929,137.29521713892942,-249.65586806702092,274.61127017874725,-295.96785675825686,-20.293971501372088,-10.228230114273373,83.39842485413321
1213,872.36681602245,-78.49851682494733,-128.5774698734679,-255.56360187841793,299.0697261964305,-88.56805184625489,-52.802206626597375,-141.33571195148562,29.664121323941636,166.2756662165539,-315.5930223208309,348.1216430315446,-425.116797741777,-9.80035136772251,-17.726553536372588,99.81928665833955
1214,446.565131397606,-40.434587119061725,-12.003770946754221,-172.45545418459977,141.03860948698056,-48.39364287034971,-26.33344950232715,-68.41606178589139,187.68083898012642,93.76972928790188,-186.58755048377265,179.47719698856864,-226.5516007737242,-14.234468969733706,-7.010866436164588,49.93250480749199
1215,868.9351890881084,-78.9271270735387,-131.55824806335042,-254.87695346287336,298.1358113814525,-88.59127442290003,-52.97159182295055,-141.53003071302714,29.25814123997252,164.2433599051314,-312.52307625155237,347.79049066227054,-422.08258562918036,-9.179637392917915,-18.02902560995203,98.075473353594
1216,575.920284020829,-56.82989560831688,81.6111710373639,-167.9923923083554,193.11026337639458,-51.2218362927371,-32.211622751793854,-54.0749020564452,8.788420222782543,116.92077278607726,-315.13961678875285,251.66305740926427,-276.4515344685636,-8.296141866046106,-6.060155833681482,49.63039780267154
1217,545.1089684404317,-49.59918824238122,-6.040730735514935,-143.3129181711747,209.22549611993443,-43.04350645305431,-20.455306280342892,-65.00521688012803,210.47358739798145,99.04633936131923,-184.70027921993588,239.84721217086593,-217.53335199523664,-13.351214336436444,-11.58250072700238,47.703177422754464
1218,550.1475302530704,-35.14676229444555,-18.820108123046264,-161.3189472160627,185.93755266545676,-42.86868634087091,-14.865002528472502,-101.68525463131662,33.08260210536114,139.40904304494921,-226.44175079749752,213.21599490379677,-50.21002457029209,-37.482376047601505,-5.366256540683181,85.46064662023997
1219,530.6979128364937,-51.07876720957169,-9.502783232196501,-204.08980762537982,241.05534255876898,-54.47625013991473,-30.521191324361848,-85.91828186292491,53.08970589689881,137.850634122866,-251.23280315534024,273.68360917953765,-298.2961401046979,-20.28373296427813,-9.86240601162219,83.97355668674001
1220,321.1014918429299,-22.97758812239456,12.014114169189915,-102.39172055861542,282.8568511330937,-32.2478831068894,-17.52137407110077,-69.31481482806355,-3.7405556896457357,79.49949097255671,-104.26357910623628,125.17450462745056,-165.23968531273638,-36.74337264470544,-11.9429347779279,52.71708275479508
1221,527.1965551986697,-50.915914185263134,-9.231477942448747,-202.33885283923047,239.8094449833354,-53.967845737971466,-30.313686547295333,-85.38456095076499,49.40276683169847,137.3269482570821,-249.3773051852529,275.2011874103605,-296.41863695420426,-20.405241610851537,-9.162840478247634,85.78221719122651
1222,334.6808720944174,-38.02947850429611,-4.015942485351149,-100.72999528347565,119.53655199133719,-22.764551717227842,-18.781049234038104,-33.23609462342211,63.79694854551502,69.42835135297277,-104.99160876721383,304.79821421823397,-150.62319935949458,-20.095911591849465,-28.998555519367063,4.519519847790109
1223,649.4154713975272,-61.21945431576528,103.77760969131587,-186.74283368438927,227.13819871380474,-63.333404127331406,-44.43723020821044,-80.79697406620323,13.277587029697745,132.14253007329316,-241.770562785831,276.04857421924885,-298.3719657486876,57.14167511269574,18.881117546248174,69.80130599234799
1224,334.6808720944174,-38.02947850429611,-4.015942485351149,-100.72999528347565,119.53655199133719,-22.764551717227842,-18.781049234038104,-33.23609462342211,63.79694854551502,69.42835135297277,-104.99160876721383,304.79821421823397,-150.62319935949458,-20.095911591849465,-28.998555519367063,4.519519847790109
1225,129.94449662273135,-10.437617068746393,2.5938097285790835,-38.541711675289065,47.95610838995493,-16.431133833617658,-7.678808421115847,-34.17391044380028,11.076788920573735,228.69837640163192,-65.13532192107321,58.80832832011961,-11.091486583041446,5.8844622540045295,-5.413586346731305,25.37829098983206
1226,442.6802421452191,-39.56688083041127,-10.320227857435606,-171.73385289835386,140.76378840369216,-47.985691320066,-25.93475616374514,-68.10975543394572,187.27858694981174,94.8524151954903,-185.62302381023872,177.73429236525362,-227.51424562078657,-14.722751896107386,-6.66194508158147,51.43797424810679
1227,442.6802421452191,-39.56688083041127,-10.320227857435606,-171.73385289835386,140.76378840369216,-47.985691320066,-25.93475616374514,-68.10975543394572,187.27858694981174,94.8524151954903,-185.62302381023872,177.73429236525362,-227.51424562078657,-14.722751896107386,-6.66194508158147,51.43797424810679
1228,671.8348979175319,-61.99753883229508,91.3739361836997,-194.11757819084173,235.35797126943086,-67.09369429065872,-44.18814047164722,-108.53138212326637,13.907004046230167,136.19294056989966,-222.71676367531785,278.1916260938683,-307.77407800999663,44.62258986847496,13.61060098426941,73.20360540183518
1229,689.689849139263,-58.4386879550075,-5.448017179408713,-204.4586905500219,241.83350080573643,-67.29242817581405,-20.65847737938318,-201.58015095385656,12.567857221791542,147.72133923847883,-238.95236705043015,266.3345769927718,-284.6192328052988,-83.98174220156355,-34.184693591175616,66.90143213268848
1230,794.2904215842901,-70.39528171336686,-126.96778308795356,-233.83828571549736,305.72523701049886,-80.78547202919049,-51.78561700867324,-112.95536524912661,27.262385644546715,152.72931334404385,-286.3745749285253,317.7219698575862,-390.8557445995414,0.6643869763080187,-12.371218507893786,98.33899456693533
1231,530.6979128364937,-51.07876720957169,-9.502783232196501,-204.08980762537982,241.05534255876898,-54.47625013991473,-30.521191324361848,-85.91828186292491,53.08970589689881,137.850634122866,-251.23280315534024,273.68360917953765,-298.2961401046979,-20.28373296427813,-9.86240601162219,83.97355668674001
1232,569.2283285177862,-56.0550230753676,82.29631523698716,-166.36345493821904,189.72106838497942,-50.65040593539024,-33.131010103368254,-51.428924729573666,9.401224818054068,114.50767206962065,-310.8563324124371,247.64295670293862,-273.3172860005513,-8.823605931524243,-6.3894532785853615,50.066014033969644
1233,443.9474475485645,-27.94480684235544,-33.425276490910235,-132.55517853890393,320.33605445474694,-33.444833280005106,-21.9488471691693,-45.9765023706148,37.436752726967306,81.81276361164673,-161.52442890334143,178.12512253247075,-189.85130886671874,-1.1953597495774075,1.0150496122054244,30.46145964000197
1234,390.1034867409551,-74.07336704628531,-87.40262275453024,-138.26785914780822,150.14032723895218,-50.736110764239285,-38.257402297545674,-62.68440155415956,-2.468248330451393,17.19201506661148,-169.9904016230152,237.86657383570582,-126.12543298411244,8.078269506940767,-26.69813605595621,-34.63187438482838
1235,530.6979128364937,-51.07876720957169,-9.502783232196501,-204.08980762537982,241.05534255876898,-54.47625013991473,-30.521191324361848,-85.91828186292491,53.08970589689881,137.850634122866,-251.23280315534024,273.68360917953765,-298.2961401046979,-20.28373296427813,-9.86240601162219,83.97355668674001
1236,617.1358660613007,-27.215143532027838,-84.66436065539698,-178.13137411460073,196.00482539214164,-38.93072219977396,-26.533192764348467,21.217771703443614,28.18195864493986,160.21292532101512,-200.53246396393263,204.35469835239616,-286.9875754188256,-6.67252196076416,26.46265775663436,107.489149286622
1237,535.907929267479,-51.54630662602096,-9.373519203176665,-204.998527004803,243.32888835436063,-54.939601017427385,-30.48097905973601,-88.64850845235317,49.68331814639426,138.9717345997404,-252.49922868942986,275.806687024423,-300.55360714401894,-21.64818771145892,-10.452874654560837,84.29086522350106
1238,227.7293176841739,-1.7367883894677505,5.225331650122011,-63.71036780788088,56.4195531299349,-17.311707735349387,-12.814167353471037,-34.14318014192106,-4.355505176757478,54.414575779802334,-67.53026510113634,239.458565207438,-104.05769658086007,-19.61210071265252,27.164537644465117,131.3905441870206
1239,717.4141685554243,-64.32108588306177,17.181956926982824,-211.91108696650195,250.17463544232623,-72.46888792522128,-26.71602603181432,-202.48612415443276,8.894972867442048,147.56181139058165,-238.44368249535714,281.28340346831436,-334.5475877294083,-66.90003154967243,-30.541606878768437,63.57137332424916
1240,847.1218722180955,-70.5737081595619,-141.49141088451867,-247.2394600080649,286.97340889057205,-81.44447099945633,-52.31811623476098,-98.21458242005575,32.87334675305914,168.11356781398578,-302.1850078101294,330.5753476893615,-411.5735241965586,3.3229819474093976,-5.587295040193384,107.68643712609837
1241,576.5674531538691,-56.39856226776677,62.88564122172003,-169.38604745634117,192.57920040700031,-51.470936423276115,-24.593150152967837,-74.4424161953004,7.657712095978801,117.33304513612094,-315.50504541175354,247.9126296611821,-278.7274960179026,-35.38672336983889,-16.778809256949366,46.76993118150228
1242,847.1218722180955,-70.5737081595619,-141.49141088451867,-247.2394600080649,286.97340889057205,-81.44447099945633,-52.31811623476098,-98.21458242005575,32.87334675305914,168.11356781398578,-302.1850078101294,330.5753476893615,-411.5735241965586,3.3229819474093976,-5.587295040193384,107.68643712609837
1243,872.36681602245,-78.49851682494733,-128.5774698734679,-255.56360187841793,299.0697261964305,-88.56805184625489,-52.802206626597375,-141.33571195148562,29.664121323941636,166.2756662165539,-315.5930223208309,348.1216430315446,-425.116797741777,-9.80035136772251,-17.726553536372588,99.81928665833955
1244,668.8611916630624,-61.77984236566585,90.83643815651355,-193.0462674733445,235.15880529452468,-66.72310848867494,-43.175027851523936,-108.00602755766953,13.497547905193597,136.37751848678235,-223.28418660241232,278.0869639063444,-306.44311807215394,51.03690115065434,13.969264532654421,72.25410621161149
1245,846.0481137002082,-70.52815142230021,-139.62836814744588,-246.8078528548069,286.6632105193033,-81.31408814325377,-52.74060412998515,-95.84459568190624,32.98391468110593,167.84776062485986,-301.8278329334761,330.5686703515165,-410.8678989056296,6.158089489752207,-4.469641293987655,107.89404151302138
1246,620.0470042636055,-27.370439236975745,-85.97324242612092,-179.03174230225963,197.16572214684578,-39.36389425184138,-26.416345055534705,18.17973316505015,28.18361988706595,160.85927644232143,-199.0554124905129,204.97101361049067,-288.2412114917577,-7.871684078638424,25.96853584492687,107.78581760444091
1247,334.7949096254551,-16.86351038232353,-5.519029902087815,-102.32765771669686,313.3488600996246,-22.303316392202984,-15.431530541591114,-31.701395864499624,31.40694448264404,63.973763064107004,-123.74208731851446,133.59513517615426,-137.59824746493425,-6.936431762407898,1.764975560632653,21.03655578639246
1249,847.1218722180955,-70.5737081595619,-141.49141088451867,-247.2394600080649,286.97340889057205,-81.44447099945633,-52.31811623476098,-98.21458242005575,32.87334675305914,168.11356781398578,-302.1850078101294,330.5753476893615,-411.5735241965586,3.3229819474093976,-5.587295040193384,107.68643712609837
1250,529.5651641308325,-51.819621169664416,-11.045415622335236,-203.41151040159957,241.2340767846785,-54.529651542005084,-30.76721196490295,-85.80478867550121,49.275676820299054,136.2930771670116,-250.9063340935711,274.8592193970544,-296.26575895849015,-19.828311618780063,-10.261224816432792,82.25038360093662
1251,529.5651641308325,-51.819621169664416,-11.045415622335236,-203.41151040159957,241.2340767846785,-54.529651542005084,-30.76721196490295,-85.80478867550121,49.275676820299054,136.2930771670116,-250.9063340935711,274.8592193970544,-296.26575895849015,-19.828311618780063,-10.261224816432792,82.25038360093662
1252,518.3259151039856,-50.91493222318963,66.91080379196774,-158.02506545142637,202.13181764786464,-52.30289035177179,-43.7086733465337,-31.441587891832704,10.046009246838427,65.41245581084374,-99.11901199732041,222.7079780302033,-109.84581882706516,-0.5434372554175547,-19.534024404682633,19.841795225224683
1253,865.0012399533713,-77.86492890512406,-129.61768775779174,-253.53548727048474,296.79290496578847,-88.10509403409922,-52.55468944766096,-141.13521288686553,29.70212485053016,164.3754441979832,-310.5042585944211,344.7801499345129,-421.3857563066764,-9.965076011365303,-12.496353724489637,98.9210548473671
1254,847.1218722180955,-70.5737081595619,-141.49141088451867,-247.2394600080649,286.97340889057205,-81.44447099945633,-52.31811623476098,-98.21458242005575,32.87334675305914,168.11356781398578,-302.1850078101294,330.5753476893615,-411.5735241965586,3.3229819474093976,-5.587295040193384,107.68643712609837
1255,634.1718823548086,-56.45331238268976,-5.962829454217775,-188.8854513147781,218.8460887659967,-63.93332227207143,11.180758095800142,-194.64710501385937,7.953514175609706,129.73891766240172,-214.18073402823728,245.69742971907093,-299.99029428075244,-82.28826779288221,-36.88950622455839,55.298106008030025
1256,847.1218722180955,-70.5737081595619,-141.49141088451867,-247.2394600080649,286.97340889057205,-81.44447099945633,-52.31811623476098,-98.21458242005575,32.87334675305914,168.11356781398578,-302.1850078101294,330.5753476893615,-411.5735241965586,3.3229819474093976,-5.587295040193384,107.68643712609837
1257,550.1475302530704,-35.14676229444555,-18.820108123046264,-161.3189472160627,185.93755266545676,-42.86868634087091,-14.865002528472502,-101.68525463131662,33.08260210536114,139.40904304494921,-226.44175079749752,213.21599490379677,-50.21002457029209,-37.482376047601505,-5.366256540683181,85.46064662023997
1258,195.68323349520017,-34.091970691175455,-4.958235987760232,-102.46052868329222,136.23426661803796,-30.66613546068206,-18.699814600281744,-47.42608481742383,-23.13321636559597,70.02617687460241,-122.03776371861879,151.11247669865693,-173.16478581645538,-15.877548013514302,-9.505738947538813,39.04732254806308
1259,526.2552821912352,-49.360557078375756,-4.838689022102188,-131.69612941385344,205.13802324561846,-38.43037207956078,-19.42733038843136,-58.90421377871758,181.52910769728211,95.63583714313542,-171.13555339867193,268.9025510445172,-204.96027248370078,-14.7799639172811,-15.213592960260357,41.87503917519351
1260,528.6609161795517,-51.058504162746225,-9.395618519912013,-202.96323437726002,240.76157634314285,-54.03032212794037,-30.423876943073253,-85.31957369006291,50.14232372265747,137.51446538279941,-249.9327807966923,276.3806558032407,-297.11980883867915,-20.417743215792818,-10.30046153330819,83.18810644701641
1261,518.3259151039856,-50.91493222318963,66.91080379196774,-158.02506545142637,202.13181764786464,-52.30289035177179,-43.7086733465337,-31.441587891832704,10.046009246838427,65.41245581084374,-99.11901199732041,222.7079780302033,-109.84581882706516,-0.5434372554175547,-19.534024404682633,19.841795225224683
1262,178.87361810737406,-24.35436994764611,3.77031941591217,-49.81040293733416,40.10839449020302,-14.852886859021616,-10.384176820445402,-26.879690411162724,-8.588795089472649,40.80296138042691,-51.826733371305,209.09694278139978,-79.86342069556099,-15.037328329132677,24.853504210004772,170.11916194550165
1263,417.50496186218544,-27.688292968791536,-14.292815385101472,-123.50190504802862,149.3461945520573,133.5220361535929,-19.193411054679633,-21.160080235802024,22.03087629698837,91.7788485768552,-149.10949732675292,166.2905858449154,-186.96300665360323,-15.78838035518106,10.593741199860803,58.63666628907556
1264,445.66088344632516,-39.673470112143534,-10.353973844330998,-172.00717816026022,140.5661090454449,-47.894313456285,-25.990114480497454,-67.93084680045308,188.54748588248484,94.9911175036897,-185.61399718689384,180.9986333947549,-227.40565065391317,-14.823900566746461,-7.050103153039987,50.87022765357177
1265,414.00276396473015,-78.67041867324083,-84.1951230904164,-137.5444359104496,149.20630796891567,-53.556410830816105,-36.87849151243491,-85.12072077686625,-12.505695328094376,17.697721917086508,-164.8568872147082,235.1655349861665,-131.0915564570916,-2.776411006901722,-31.24264322850517,-39.42870691691204
1267,481.9752710647647,-15.986017596001506,-57.11685800757051,-140.29055760776322,150.2046396766003,-26.867773964225933,-19.92083759409866,36.15049734851035,24.779851423472113,129.97532100805336,-144.80356979167405,148.13435643346259,-219.22401938536817,-15.175935341319988,78.13803294932075,88.72679551747122
1268,702.0296387740041,-63.45173444158842,12.488515574751556,-207.8915841940329,242.3379189059795,-69.72216408125686,-23.73532334222579,-196.92632423552945,7.859758555405011,145.16708234046274,-259.2721317418433,276.37576377364906,-332.94760500421035,-81.77859446210192,-35.88391601783259,59.628691033120894
1269,521.9914482464111,-27.066657924112214,-30.425167363373074,-152.0944371580508,172.6803386048942,-35.311933442004914,-14.497759845449858,-55.52608656149325,36.290166292352566,140.60059352107479,-214.5107877602158,195.05338430351904,-35.413114952141555,-23.159880614595323,7.267123867203509,93.03112877017989
1270,672.1840882839282,-63.04572590888782,89.01689556491789,-194.15949895777464,236.6523546911639,-67.2551751725833,-43.55498602523976,-108.33363967328593,12.886558124863436,135.92738385362748,-225.4071534557749,281.26425917282535,-306.6204782924802,46.969930026631964,14.131548267301335,70.72750754797262
1271,548.0896097415377,-49.70577752411348,-6.074476722410328,-143.58624343308102,209.02781676168715,-42.9521285892733,-20.510664597095207,-64.82630824663539,211.74248633065457,99.18504166951863,-184.691252596591,243.11155320036718,-217.42475702836327,-13.452363007075517,-11.970658798460898,47.135430828219434
1272,426.70899049702814,-27.687049711179387,-15.169379101435528,-125.87166358807599,152.36047688427632,132.81574754936682,-19.517998160691093,-22.29774109529929,22.87651721343255,94.75801834148814,-152.0875355018739,168.56190076422794,-192.854471694937,-15.896140253908104,10.87653363039342,61.431711614675436
1273,620.0470042636055,-27.370439236975745,-85.97324242612092,-179.03174230225963,197.16572214684578,-39.36389425184138,-26.416345055534705,18.17973316505015,28.18361988706595,160.85927644232143,-199.0554124905129,204.97101361049067,-288.2412114917577,-7.871684078638424,25.96853584492687,107.78581760444091
1274,411.86278433550814,92.54403411649326,0.6192600993721226,-120.7797781970283,153.5971311343272,-36.091688534745074,-17.240344494782697,-80.87599375284309,14.874676711497438,80.47843025996559,-147.51553915983942,210.9818880363196,-180.7671660502316,-26.944510725982383,-18.98992145596766,39.052427810551315
1275,547.2378695654185,-49.367726905735374,-5.760520550051151,-143.3589676255661,212.14459017884136,-43.039832291847134,-20.47779252284693,-65.01340448485041,211.04314106223924,99.22304048707797,-184.48356089743996,239.43598557834417,-217.3070864121863,-13.516417456551142,-11.538126225694915,48.06049356378178
1276,527.8091760034325,-50.72045354436812,-9.081662347552836,-202.73595856974507,243.87834976029706,-54.11802583051419,-30.391004868824975,-85.50666992827792,49.44297845424216,137.55246420035877,-249.72508909754126,272.70508818121766,-297.0021382225022,-20.481797665268445,-9.86792896054221,84.11316918257876
1277,667.7133694305871,-67.73783692750217,-17.319266324073574,-201.02510003858728,232.99877075619978,-69.95438984770804,-25.42917530575752,-198.86951185094452,3.79995771571385,124.84401922623796,-228.5726710490583,273.0642400809087,-302.60548387824366,-75.57145471405599,-38.908636753627015,42.190557985665585
1278,422.7739684809445,-27.36942168788637,-10.757876228870161,-124.65731449797401,151.13080775047055,133.24246953437316,-19.329666044736875,-21.633813274504465,22.549085551130368,94.19169882045807,-150.34521704595835,167.23137613443905,-190.545229548203,-14.773148905517106,11.519745107938487,60.88475229856301
1279,579.7415437113137,-53.088144455241675,-12.454522614134033,-217.41049550186108,242.19494535846704,-58.07515302393862,-32.29393894531203,-90.00278406919472,91.43848788944355,141.0417876496715,-263.8162914466019,280.5321634550367,-306.94312194994393,-19.499695810023947,-9.76225031415795,84.4274200528224
1280,597.53932078011,-54.51388054871596,93.60736054031474,-173.12083121039865,244.2417803202102,-59.44937277887375,-42.36901121096245,-79.75897420938537,10.890802529437629,124.41333729253992,-199.25865213274784,251.19573836814104,-275.39363726284125,56.81395439585789,19.789355369359576,70.99102876131396
1281,671.8348979175319,-61.99753883229508,91.3739361836997,-194.11757819084173,235.35797126943086,-67.09369429065872,-44.18814047164722,-108.53138212326637,13.907004046230167,136.19294056989966,-222.71676367531785,278.1916260938683,-307.77407800999663,44.62258986847496,13.61060098426941,73.20360540183518
1282,524.5148142512148,-16.901001047169768,-53.637199074962204,-154.91494923245656,154.07906460732522,-30.68619939033508,-29.502018459494753,27.578917260218528,29.931669936291478,133.72314595871364,-142.3711329347328,151.5315336277941,-240.86255825358472,-30.267486672937927,17.931138709281445,104.59634288706772
1283,575.8566544589269,-52.22043816659122,-10.770979524815418,-216.6888942156152,241.92012427517867,-57.66720147365491,-31.89524560673002,-89.69647771724905,91.03623585912885,142.1244735572599,-262.85176477306806,278.7892588317217,-307.9057667970063,-19.987978736397626,-9.41332895957483,85.9328894934372
1284,530.6979128364937,-51.07876720957169,-9.502783232196501,-204.08980762537982,241.05534255876898,-54.47625013991473,-30.521191324361848,-85.91828186292491,53.08970589689881,137.850634122866,-251.23280315534024,273.68360917953765,-298.2961401046979,-20.28373296427813,-9.86240601162219,83.97355668674001
1285,618.9732457457181,-27.324882499714047,-84.11019968904819,-178.60013514900157,196.8555237755769,-39.233511395638814,-26.83883295075888,20.549719903199666,28.294187815112743,160.59346925319554,-198.6982376138596,204.96433627264574,-287.5355862008287,-5.036576536295613,27.0861895911326,107.9934219913639
1286,575.8566544589269,-52.22043816659122,-10.770979524815418,-216.6888942156152,241.92012427517867,-57.66720147365491,-31.89524560673002,-89.69647771724905,91.03623585912885,142.1244735572599,-262.85176477306806,278.7892588317217,-307.9057667970063,-19.987978736397626,-9.41332895957483,85.9328894934372
1287,338.8235769193207,-15.94503533361074,-9.991339803166928,-104.3579037880029,283.7649529975666,-22.641952816509853,-19.847159081436132,-32.44560191431343,38.189205708831324,58.20320395197195,-158.0364984586453,131.11540113274182,-131.2784148078312,-9.490726579362315,-1.4309991857392415,20.11579806010345
1288,837.0314561722629,-69.68680744639484,-141.58651332943512,-244.31704362347034,283.34036220848907,-80.38974256796972,-48.92452258817672,-94.88222917741581,32.8483179067233,165.86776827277035,-298.978687666597,326.75814656283023,-406.7932328366073,4.583475867044732,-5.129411001403969,106.90201437415912
1289,847.1218722180955,-70.5737081595619,-141.49141088451867,-247.2394600080649,286.97340889057205,-81.44447099945633,-52.31811623476098,-98.21458242005575,32.87334675305914,168.11356781398578,-302.1850078101294,330.5753476893615,-411.5735241965586,3.3229819474093976,-5.587295040193384,107.68643712609837
1290,835.6275868293487,-66.4461265110427,-141.46631419090534,-243.8443868124863,283.131913301388,-80.38038718515813,-51.97620415244145,-94.60143000580864,32.72343990118765,165.52664846157202,-298.52804255327095,325.19560846104054,-406.0304131735365,5.0291323934190055,-4.975568661719624,106.3683859079603
1291,693.0129812460588,-62.61039046568304,10.530370392762363,-205.40077496269637,239.0150705951654,-68.79781850597283,-19.91924180041736,-195.963957731039,7.724161781022382,143.1870899883732,-256.42298647496415,272.5652399849628,-328.8729389351881,-83.35320808480941,-36.543685725248906,58.63666389425865
1292,446.565131397606,-40.434587119061725,-12.003770946754221,-172.45545418459977,141.03860948698056,-48.39364287034971,-26.33344950232715,-68.41606178589139,187.68083898012642,93.76972928790188,-186.58755048377265,179.47719698856864,-226.5516007737242,-14.234468969733706,-7.010866436164588,49.93250480749199
1294,529.5651641308325,-51.819621169664416,-11.045415622335236,-203.41151040159957,241.2340767846785,-54.529651542005084,-30.76721196490295,-85.80478867550121,49.275676820299054,136.2930771670116,-250.9063340935711,274.8592193970544,-296.26575895849015,-19.828311618780063,-10.261224816432792,82.25038360093662
1295,420.9365887965271,-27.25968272020016,-11.31203719521896,-124.18855346357317,150.2801093670353,133.545258730238,-19.02402585832646,-20.965761474260514,22.43685638095749,93.81115488827767,-152.1794433960314,166.62173821418943,-189.9972187661999,-16.40909432998565,10.896213273440246,60.38047959382109
1296,868.9351890881084,-78.9271270735387,-131.55824806335042,-254.87695346287336,298.1358113814525,-88.59127442290003,-52.97159182295055,-141.53003071302714,29.25814123997252,164.2433599051314,-312.52307625155237,347.79049066227054,-422.08258562918036,-9.179637392917915,-18.02902560995203,98.075473353594
1297,534.9350683887207,-34.88302198318072,-21.92321532312218,-164.86335196176017,189.85067214411447,-41.20986626895015,-17.343302328186592,-80.15385685889576,42.57342078152136,136.04579760766524,-234.24740097834982,220.0839999505242,-49.33050625155058,-25.171251651606458,-0.6685506035022059,89.25472339166357
1298,534.9666562600445,-49.99094951913358,-4.980730282830108,-134.35580357942598,208.6574666166437,-39.4021273590167,-19.59462290087204,-62.16816128030577,181.80965901197789,97.28062348579371,-174.25747690284888,269.50805065857975,-209.0952426735155,-16.022910017888485,-16.50362713657356,40.383687207468064
1299,847.1218722180955,-70.5737081595619,-141.49141088451867,-247.2394600080649,286.97340889057205,-81.44447099945633,-52.31811623476098,-98.21458242005575,32.87334675305914,168.11356781398578,-302.1850078101294,330.5753476893615,-411.5735241965586,3.3229819474093976,-5.587295040193384,107.68643712609837
1300,377.8562505503274,-52.29428238247036,39.02820136080473,-117.51182201360594,138.09458359216438,-53.42456067073591,-13.69557217644967,147.15617437936217,2.9960998893164024,49.31681693091596,-152.3428532361917,171.44773369204094,-176.53003899703276,-57.47937823872432,-49.51122333020642,16.999482294829395
1301,386.87941898392916,-25.85105420824838,50.42429248232917,-131.56393318448124,81.69535154084339,-44.308921028765205,-72.33860488982559,-73.67796263254203,39.511712092663274,28.583293028562228,-27.122824301977484,81.47378499770733,-182.42091471455345,-94.62745103366618,-47.23112366424992,86.24462525852253
1302,649.4154713975272,-61.21945431576528,103.77760969131587,-186.74283368438927,227.13819871380474,-63.333404127331406,-44.43723020821044,-80.79697406620323,13.277587029697745,132.14253007329316,-241.770562785831,276.04857421924885,-298.3719657486876,57.14167511269574,18.881117546248174,69.80130599234799
1303,547.2378695654185,-49.367726905735374,-5.760520550051151,-143.3589676255661,212.14459017884136,-43.039832291847134,-20.47779252284693,-65.01340448485041,211.04314106223924,99.22304048707797,-184.48356089743996,239.43598557834417,-217.3070864121863,-13.516417456551142,-11.538126225694915,48.06049356378178
1304,529.7409547572419,-48.4157030922514,-9.31264792317447,-203.13877655382026,241.3990832411731,-54.202049331377246,-30.390132733066398,-85.74778781495384,49.82804333970921,137.59321073844097,-250.63263832127208,274.4680853683535,-297.3586484792663,-20.28664041700896,-10.007554195694286,83.84465869878565
1305,443.68915746458066,-81.43668827081574,-111.54276718241539,-145.80346243214706,158.71121396555355,-56.650184975056405,-42.564203728994656,-70.43011834146886,-8.236267352651442,20.96865242525412,-179.06549788398388,248.4106852434514,-147.83335030607032,11.509643390273595,-27.615874288104276,-32.090674273480765
1306,757.9162760945973,-67.61566538369449,-26.639064453762913,-224.25392440466027,262.29089569495454,-76.71448669410393,-28.36940617946168,-209.57806864567323,12.144137709982749,154.25517294038713,-260.18727915034134,295.16775135378464,-360.9721235095783,-78.28499912579498,-36.70424428279909,69.63673853692238
1308,420.9365887965271,-27.25968272020016,-11.31203719521896,-124.18855346357317,150.2801093670353,133.545258730238,-19.02402585832646,-20.965761474260514,22.43685638095749,93.81115488827767,-152.1794433960314,166.62173821418943,-189.9972187661999,-16.40909432998565,10.896213273440246,60.38047959382109
1310,578.8372957600329,-52.327027448323484,-10.804725511710812,-216.96221947752153,241.72244491693138,-57.57582360987391,-31.950603923482333,-89.51756908375641,92.30513479180196,142.26317586545932,-262.8427381497232,282.053599861223,-307.7971718301329,-20.089127407036703,-9.801487031033348,85.36514289890218
1311,847.1218722180955,-70.5737081595619,-141.49141088451867,-247.2394600080649,286.97340889057205,-81.44447099945633,-52.31811623476098,-98.21458242005575,32.87334675305914,168.11356781398578,-302.1850078101294,330.5753476893615,-411.5735241965586,3.3229819474093976,-5.587295040193384,107.68643712609837
1312,847.1218722180955,-70.5737081595619,-141.49141088451867,-247.2394600080649,286.97340889057205,-81.44447099945633,-52.31811623476098,-98.21458242005575,32.87334675305914,168.11356781398578,-302.1850078101294,330.5753476893615,-411.5735241965586,3.3229819474093976,-5.587295040193384,107.68643712609837
1313,532.465311576316,-50.967735906854074,-9.701172119723859,-203.93796558092302,242.03158381191167,-54.33257460788674,-30.341388380879035,-86.15303776438499,50.18755753292672,138.69615548926126,-252.1860001652318,274.49574523877675,-294.7517182142544,-20.502468617915586,-9.735559694968941,84.76000105842344
1314,645.3524458168856,-60.94585934311483,104.79248411713189,-185.64311895959182,226.15773304453,-62.921853156444676,-44.784018928919,-77.30626924451752,13.301077568052774,130.4660126124822,-238.92720216342207,274.8531573735731,-293.78621536292553,58.495891322782576,19.105762086535638,68.90886562298014
1315,847.1218722180955,-70.5737081595619,-141.49141088451867,-247.2394600080649,286.97340889057205,-81.44447099945633,-52.31811623476098,-98.21458242005575,32.87334675305914,168.11356781398578,-302.1850078101294,330.5753476893615,-411.5735241965586,3.3229819474093976,-5.587295040193384,107.68643712609837
1316,553.7411296201459,-36.39502681362839,-20.517887116078878,-162.7117854266768,187.2970461321593,-43.422997505679405,-15.451057321182047,-102.05944218235261,32.57013104914654,135.43878778596675,-227.60447107853835,216.05103678276035,-51.807296350706096,-37.499492413341805,-5.88539106339035,83.8040799479415
1317,342.6845488550013,96.98834553365371,0.5012672239236248,-101.32675023374057,128.57426568171002,-27.242138981300876,-16.863728346314943,-48.08736936315631,19.311567162303206,66.75272916561207,-122.74287104485734,220.74969906308118,-147.96870454361547,-14.980567403421036,-16.86260054894599,30.541207791495484
1318,590.8622618483536,-53.979401816637065,1.3439025530063171,-215.45862128118554,253.8313631999032,-58.43167120827328,-35.992857952546736,-82.59574419660068,58.62996168931501,135.7531745265778,-245.35655078295156,286.7361403681755,-284.81388820304977,-21.949421339120494,-13.941438623701705,81.15219958061702
1319,394.1743864716391,-25.728050861698453,31.466212195054567,-134.81944329318156,83.50003071108316,-45.005723181250175,-67.97413525872686,-94.88235932606902,38.910272198727824,30.965785809342186,-30.381344544312547,80.22961659051018,-183.67527869407928,-121.83280736355094,-57.690346166715315,84.63771722421491
1320,686.2943170145627,-55.13695938814113,-5.7147773414192065,-203.32618578950124,237.44254381061597,-67.04991954842903,-20.406539487974687,-201.10883706368472,12.658290062072151,146.55369028544672,-238.0695413854603,264.05643660765617,-282.62759070379343,-83.44198180174442,-34.15791290672048,65.76107695547272
1321,649.4154713975272,-61.21945431576528,103.77760969131587,-186.74283368438927,227.13819871380474,-63.333404127331406,-44.43723020821044,-80.79697406620323,13.277587029697745,132.14253007329316,-241.770562785831,276.04857421924885,-298.3719657486876,57.14167511269574,18.881117546248174,69.80130599234799
1322,694.445787006719,-62.58636978785599,5.136939253106957,-207.11246791274908,245.37189889407932,-70.36509687807015,-26.223065577127976,-193.06358922340178,8.438708022518368,135.43173846644612,-217.81032923947225,271.9152725276258,-301.93570402264464,-81.35104488836721,-39.22190120957789,54.21792983374395
1323,575.8566544589269,-52.22043816659122,-10.770979524815418,-216.6888942156152,241.92012427517867,-57.66720147365491,-31.89524560673002,-89.69647771724905,91.03623585912885,142.1244735572599,-262.85176477306806,278.7892588317217,-307.9057667970063,-19.987978736397626,-9.41332895957483,85.9328894934372
1324,675.6157152182699,-62.61711566029645,91.9976737548004,-194.8461473733192,237.5862695061419,-67.23195259593817,-43.38560082888658,-108.13932091174443,13.292538208832552,137.95969016504995,-228.47709952505338,281.59541154209944,-309.65469040507685,46.34921605182737,14.434020340880778,72.47132085271816
1325,750.7369982510694,-66.88406037547533,-28.04304866940331,-222.23187620772458,259.8187457675757,-76.09293031468475,-24.858964824063662,-209.28375394142674,12.120770105773001,152.65572452047797,-255.5039075333891,291.9668654853479,-357.4454682225591,-78.22366732403393,-36.74048215571716,69.14898410280203
1326,128.35418685536678,-19.146846877244275,13.699143828447136,-43.40562360089206,46.0158550920266,-19.227049400352758,-14.05480743713835,-32.072302652660476,6.775742882656963,7.473529200913843,-34.53099566644581,77.98386453740773,-54.35237765174354,-31.254826347665787,257.66776097324816,17.259614744254904
1327,874.2041957068675,-78.60825579263354,-128.0233089071191,-256.03236291281894,299.9204245798658,-88.87084104211976,-53.10784681300779,-142.00376375172957,29.776350494114517,166.65621014873426,-313.75879597075783,348.7312809517942,-425.66480852378015,-8.164405943253962,-17.103021701874347,100.32355936308146
1328,846.0481137002082,-70.52815142230021,-139.62836814744588,-246.8078528548069,286.6632105193033,-81.31408814325377,-52.74060412998515,-95.84459568190624,32.98391468110593,167.84776062485986,-301.8278329334761,330.5686703515165,-410.8678989056296,6.158089489752207,-4.469641293987655,107.89404151302138
1329,663.2980211246404,-33.25641042735891,-1.8767313862739952,-196.69407608650943,232.39172168119657,-65.89947170814524,-21.17879297550508,-197.34055522133005,9.672060558031882,136.65389291271646,-223.62644030998374,269.7335459105623,-310.80620607159443,-81.75940574302167,-37.337171171195045,56.82294580074825
1330,847.1218722180955,-70.5737081595619,-141.49141088451867,-247.2394600080649,286.97340889057205,-81.44447099945633,-52.31811623476098,-98.21458242005575,32.87334675305914,168.11356781398578,-302.1850078101294,330.5753476893615,-411.5735241965586,3.3229819474093976,-5.587295040193384,107.68643712609837
1331,718.5660559337612,-64.43938515076431,17.475964271890746,-212.11043350364054,249.99420435689683,-72.44726684404058,-26.48608501991952,-202.938790437725,8.869821086960929,148.59197773008634,-242.76409459118577,281.8625050558956,-337.87970204223825,-67.055085641885,-30.272129507348414,64.1671453757981
1332,809.0346946576245,-80.57894752929657,-147.76582175981022,-239.67135302824119,277.9567858482573,-84.14605385421274,-55.5109637011507,-111.32063591437722,25.910125723814808,140.2545980581849,-296.9939285850955,337.44702095592584,-382.012260997606,8.631496984492419,-15.040839026010946,80.46818696550804
1333,637.8965976141586,-60.03646163873984,100.83753624223662,-184.74936831300346,228.94250956809876,-63.54961493913834,-46.73664032715841,-76.27031123328072,13.529104834508923,121.84086667824648,-198.56644182754454,270.25755834343664,-265.0508226203879,58.69221603482144,16.186343832047942,63.8435854768586
1334,847.1218722180955,-70.5737081595619,-141.49141088451867,-247.2394600080649,286.97340889057205,-81.44447099945633,-52.31811623476098,-98.21458242005575,32.87334675305914,168.11356781398578,-302.1850078101294,330.5753476893615,-411.5735241965586,3.3229819474093976,-5.587295040193384,107.68643712609837
1335,629.7066569846339,-57.863001555837535,-31.916234889561455,-160.94913262009194,241.43048278450826,-51.048358066502225,-26.560077084450487,-75.55319995280949,181.19195782674035,112.17978154151642,-212.18049702698804,276.0593681624741,-255.18154609943443,-9.386316942352538,-13.091685824365356,56.916430380104465
1336,639.749809640015,-60.226885316186774,103.92525586375298,-184.04258559675569,223.5498377474834,-62.39138796800076,-44.34350493966155,-77.62564217373487,13.4809354839327,129.91400727371922,-238.05470133660967,271.9238113253993,-293.90675734283263,63.02852232939698,18.910483649729304,69.2874230334224
1337,671.8348979175319,-61.99753883229508,91.3739361836997,-194.11757819084173,235.35797126943086,-67.09369429065872,-44.18814047164722,-108.53138212326637,13.907004046230167,136.19294056989966,-222.71676367531785,278.1916260938683,-307.77407800999663,44.62258986847496,13.61060098426941,73.20360540183518
1339,450.41233669073995,-39.9576470938893,-10.37780237251397,-172.79010792042274,142.7348910947533,-48.28980532168707,-26.007642311332926,-68.57539781365524,191.47755631023617,95.64752501888171,-187.2817083585499,180.04911999949644,-228.78432165330204,-14.688785698239807,-6.7242156636523704,51.753456533014976
1340,847.1218722180955,-70.5737081595619,-141.49141088451867,-247.2394600080649,286.97340889057205,-81.44447099945633,-52.31811623476098,-98.21458242005575,32.87334675305914,168.11356781398578,-302.1850078101294,330.5753476893615,-411.5735241965586,3.3229819474093976,-5.587295040193384,107.68643712609837
1341,414.94320869912445,-33.348230845361066,12.048350931509873,-123.04291955575431,150.45912995187197,134.08971412074308,-20.371967760394064,-37.06320263310324,19.306220776953882,84.86040749219765,-174.7968486455508,176.57507799308615,-189.53366480415895,-18.50144845372215,2.8229311524377,49.319071730655374
1342,578.8372957600329,-52.327027448323484,-10.804725511710812,-216.96221947752153,241.72244491693138,-57.57582360987391,-31.950603923482333,-89.51756908375641,92.30513479180196,142.26317586545932,-262.8427381497232,282.053599861223,-307.7971718301329,-20.089127407036703,-9.801487031033348,85.36514289890218
1343,332.37873721431134,-73.24355903274825,-86.26751232468257,-115.31449889882826,121.4737535750364,-43.77610376644258,-35.77252201716807,-51.051333763315554,-8.836100849918969,1.794865411662246,-136.9921618945933,238.221527861505,-94.1339953561561,8.024519573721683,-30.29559456947327,-51.19891125063123
1344,874.2041957068675,-78.60825579263354,-128.0233089071191,-256.03236291281894,299.9204245798658,-88.87084104211976,-53.10784681300779,-142.00376375172957,29.776350494114517,166.65621014873426,-313.75879597075783,348.7312809517942,-425.66480852378015,-8.164405943253962,-17.103021701874347,100.32355936308146
1345,519.4536389503763,-33.38576254348041,-8.697246438760114,-153.30165478190565,179.58720100909414,-39.717437272234456,-18.632711623100697,-69.99611374234742,33.21267775879202,121.35227061058576,-200.763759450308,205.04433595337156,-10.237640678613838,-25.777206405152306,-3.830595498643744,76.92015787682747
1346,811.8503028582904,-81.3869579663299,-146.60531583577756,-240.59380403404236,279.2825072543136,-84.90172914409935,-55.547687969452966,-115.93655272135955,25.589369305115667,140.13544301057235,-298.1870248888236,339.2632820159536,-383.4919519594211,7.199247441191802,-16.304177066799614,79.71113875051404
1347,509.51727444665437,-32.41081256794103,-8.671363864886075,-150.3217999680881,176.1328959727095,-38.75317663200366,-18.33288973555809,-66.77820641445948,33.31750748891142,122.64386843683944,-198.0081445734084,201.26182644703943,-4.352520712671031,-23.94021394673315,-3.119811137808528,76.5362429265615
1348,522.720735146212,-51.64381413945006,46.60848000208175,-160.7541203808033,203.13898979087125,-53.1967694383751,-39.77002729945887,-52.297735496475894,8.532688640275314,65.39187026937405,-101.09786616799481,221.8272837812838,-112.61422355082672,-27.074636586166804,-30.518912028611883,15.725269733430233
1349,616.6043865724425,-26.791868517808858,-86.30089534266811,-177.9711808783796,195.8684176043968,-38.75686784230074,-26.276754376677726,20.67520385301833,28.687859273598406,160.5836973318423,-198.74218396631485,203.66007182484447,-282.4393225619932,-6.725964985095089,26.68585080451877,108.25495343936329
1350,342.44603319018313,-17.791416247166676,-5.313963435369518,-104.36464325494302,316.08649948280566,-23.087265309748734,-15.03087933918604,-34.760544827484445,30.893699594108668,66.03420669817034,-122.70573678372183,136.97226002418316,-141.85192001501807,-7.8190112733812205,1.535138171766456,21.316558241346886
1351,309.38667072980235,-16.497432665790484,0.2792224986715346,-103.20661327928936,102.14147645122812,-29.654494566145168,-43.01492460828388,-42.668971801473305,33.164259294465175,39.66314798962207,-307.9399040645287,103.34269185486471,-115.33133257360902,-38.67881220285511,-25.32477393906938,48.78196392443249
1352,695.4522737271633,-62.56938531400697,10.42040637096052,-206.2862058090448,239.91047789406727,-69.06859801991368,-23.71348664940669,-196.23716201069414,8.262435515893594,143.37244589552535,-260.6656571532892,273.0053162634651,-329.39955774505563,-83.73112249347142,-36.77173237517212,59.14108419124347
1353,807.5321383777147,-76.26702641312373,-123.26953271625726,-237.48764944233253,278.2210591336676,-85.30853116415071,-50.79425639344215,-72.51921222850734,28.691389590723915,147.10561313464456,-294.2071666197006,327.13603701522294,-393.83328454034154,-4.940508123046982,-20.452014998847343,91.29344491068125
1354,620.0470042636055,-27.370439236975745,-85.97324242612092,-179.03174230225963,197.16572214684578,-39.36389425184138,-26.416345055534705,18.17973316505015,28.18361988706595,160.85927644232143,-199.0554124905129,204.97101361049067,-288.2412114917577,-7.871684078638424,25.96853584492687,107.78581760444091
1355,278.7116710870853,-29.44447010969697,-3.404200346444673,-87.38267107590981,104.8391777264542,175.8966438275698,-18.023862839653535,-61.80494743061304,14.652821232244746,43.06847029093112,-98.06265207242218,129.994932841946,-119.27427952091345,-11.786296502658233,-28.350434838283856,19.486006369068875
1356,576.5674531538691,-56.39856226776677,62.88564122172003,-169.38604745634117,192.57920040700031,-51.470936423276115,-24.593150152967837,-74.4424161953004,7.657712095978801,117.33304513612094,-315.50504541175354,247.9126296611821,-278.7274960179026,-35.38672336983889,-16.778809256949366,46.76993118150228
1357,515.4147769016807,-50.75963651824172,68.2196855626917,-157.1246972637675,200.9709208931605,-51.86971829970437,-43.82552105534746,-28.40354935343924,10.044348004712337,64.76610468953741,-100.59606347074015,222.09166277210878,-108.59218275413303,0.655724862456709,-19.039902492975145,19.545126907405773
1358,711.3867780902333,-63.70778014254515,16.07198005625035,-210.08838530670485,247.52205442951796,-71.82571046462141,-22.975643664521506,-202.64447573347852,8.846453482751182,146.9925293101772,-238.08072297423362,278.6616191874589,-334.35304675521905,-66.99375384012394,-30.308367380266485,63.67939094167776
1359,579.0067456349738,-56.357557116090696,62.77567719991819,-170.2714783026896,193.47460770590217,-51.74171593721696,-28.38739500195717,-74.71562047495551,8.195985830850011,117.51840104327304,-319.7477160900786,248.35270593968445,-279.25411482777014,-35.764637778500905,-17.006855906872588,47.2743514784871
1360,645.3524458168856,-60.94585934311483,104.79248411713189,-185.64311895959182,226.15773304453,-62.921853156444676,-44.784018928919,-77.30626924451752,13.301077568052774,130.4660126124822,-238.92720216342207,274.8531573735731,-293.78621536292553,58.495891322782576,19.105762086535638,68.90886562298014
1361,541.2778335253671,-34.60970743953726,-20.251318903963607,-166.4503685649636,191.9454837137966,-41.61981574437245,-17.057069423019655,-82.99757663574772,42.98106210761656,138.72445504039402,-235.84029557420857,221.03146757789276,-53.61835443707938,-26.991127744285315,-0.8602004416302519,91.29520501422802
1362,695.4522737271633,-62.56938531400697,10.42040637096052,-206.2862058090448,239.91047789406727,-69.06859801991368,-23.71348664940669,-196.23716201069414,8.262435515893594,143.37244589552535,-260.6656571532892,273.0053162634651,-329.39955774505563,-83.73112249347142,-36.77173237517212,59.14108419124347
1363,613.704239126959,-27.643753780619214,-87.64513884527949,-177.44472569905616,195.07091057716366,-38.95394477641908,-26.70257796070164,21.023452941902104,27.775978560970746,158.18061900959265,-197.46251789465416,204.02354598312212,-283.95336330622894,-6.0518079859595675,26.16018568305492,105.74533598187647
1364,465.63584891639414,-54.10364503224126,31.561412229654607,-146.47097095197233,184.28568566373232,-49.507224159574406,-42.34612344596128,-26.704257504808282,4.863916705418463,41.283953374814956,-86.76181480526606,213.30007513496676,-74.02358988106747,-10.695751752057088,-28.79406348545947,-2.6390648696497347
1365,658.5594735594411,-67.18900191975688,-19.170662390986273,-199.14808930239596,230.93933647449813,-69.26687167820461,-24.89422697711827,-198.08947246029643,2.8794964312571656,123.51385489022348,-226.37242465631897,270.38054516807006,-299.98590583070626,-77.07496909009363,-39.48571930712158,41.44794141679295
1366,872.36681602245,-78.49851682494733,-128.5774698734679,-255.56360187841793,299.0697261964305,-88.56805184625489,-52.802206626597375,-141.33571195148562,29.664121323941636,166.2756662165539,-315.5930223208309,348.1216430315446,-425.116797741777,-9.80035136772251,-17.726553536372588,99.81928665833955
1367,575.920284020829,-56.82989560831688,81.6111710373639,-167.9923923083554,193.11026337639458,-51.2218362927371,-32.211622751793854,-54.0749020564452,8.788420222782543,116.92077278607726,-315.13961678875285,251.66305740926427,-276.4515344685636,-8.296141866046106,-6.060155833681482,49.63039780267154
1368,620.0470042636055,-27.370439236975745,-85.97324242612092,-179.03174230225963,197.16572214684578,-39.36389425184138,-26.416345055534705,18.17973316505015,28.18361988706595,160.85927644232143,-199.0554124905129,204.97101361049067,-288.2412114917577,-7.871684078638424,25.96853584492687,107.78581760444091
1369,693.0129812460588,-62.61039046568304,10.530370392762363,-205.40077496269637,239.0150705951654,-68.79781850597283,-19.91924180041736,-195.963957731039,7.724161781022382,143.1870899883732,-256.42298647496415,272.5652399849628,-328.8729389351881,-83.35320808480941,-36.543685725248906,58.63666389425865
1370,649.4154713975272,-61.21945431576528,103.77760969131587,-186.74283368438927,227.13819871380474,-63.333404127331406,-44.43723020821044,-80.79697406620323,13.277587029697745,132.14253007329316,-241.770562785831,276.04857421924885,-298.3719657486876,57.14167511269574,18.881117546248174,69.80130599234799
1371,614.1967456637776,-59.96061910398536,39.359185048782976,-179.7042760561171,205.09675634318342,-55.35867328659788,-34.51743180656019,-58.34419352624392,12.173304773851152,122.31816080725214,-332.205626471255,264.9616263693084,-298.8383306449746,-16.690947807613277,-11.374616862926427,55.307595350718806
1372,639.1387571261437,-60.4305706909941,104.04627357771597,-183.8143508887972,223.70048072845861,-62.437274263108314,-44.30656073808778,-77.55843646318968,13.313929314160182,129.59595693341618,-238.15885053284092,272.0907658641226,-293.38728824065487,58.17611258692722,24.60543926983861,68.60640586355665
1373,445.66088344632516,-39.673470112143534,-10.353973844330998,-172.00717816026022,140.5661090454449,-47.894313456285,-25.990114480497454,-67.93084680045308,188.54748588248484,94.9911175036897,-185.61399718689384,180.9986333947549,-227.40565065391317,-14.823900566746461,-7.050103153039987,50.87022765357177
1374,660.4543430031291,-60.48425148004753,-36.64648367886194,-234.32510866453248,274.1251109397525,-65.67205308710282,-38.00001641083761,-100.2444607899305,61.75460628788772,155.25791573745713,-290.33198258012015,315.00141482332987,-345.55396090120405,-16.02308134231372,-10.922514056937807,95.14614245078721
1375,530.6979128364937,-51.07876720957169,-9.502783232196501,-204.08980762537982,241.05534255876898,-54.47625013991473,-30.521191324361848,-85.91828186292491,53.08970589689881,137.850634122866,-251.23280315534024,273.68360917953765,-298.2961401046979,-20.28373296427813,-9.86240601162219,83.97355668674001
1376,579.0067456349738,-56.357557116090696,62.77567719991819,-170.2714783026896,193.47460770590217,-51.74171593721696,-28.38739500195717,-74.71562047495551,8.195985830850011,117.51840104327304,-319.7477160900786,248.35270593968445,-279.25411482777014,-35.764637778500905,-17.006855906872588,47.2743514784871
1378,634.9854594118539,-59.88116593379193,102.14641801296058,-183.8490001253446,227.78161281339462,-63.11644288707092,-46.85348803597217,-73.23227269488727,13.527443592382832,121.19451555694017,-200.04349330096426,269.64124308534207,-263.7971865474558,59.891378152695715,16.68046574375543,63.54691715903969
1379,613.8800297533684,-24.23983570320619,-85.91237114611873,-177.17199185127686,195.23591703365824,-38.62634256579124,-26.32549872886509,21.080453802449483,28.328345080380906,159.48075258102202,-197.18882212235513,203.63241195442123,-285.0462528270051,-6.510136784188465,26.41385630379342,107.3396110797255
1380,166.8620452740193,-26.669531969387332,4.7726079861750605,-56.160404063489636,69.61694265183382,-17.962745854154416,-24.105015985210485,-7.262523362822517,1.425693795654332,215.48997077651316,-20.45858337888038,87.54152330726842,-121.2970307189719,-27.24502271059252,-23.64870164928567,-19.49431958221698
1381,588.5232310793375,-24.494430671714632,-59.179759300470735,-170.30395474616134,186.81011776677263,-35.96733091173622,-20.424992652564548,4.157182529896708,23.80196274145014,157.20780200197342,-186.68102817131026,191.11622543295616,-270.95140686077593,-23.793683900282286,21.718235070027735,99.94351225626772
1382,840.8517773131255,-72.86810533822639,-133.1628808096638,-245.85835582727688,287.257577526645,-82.93095980291594,-51.28945212921384,-119.4190436101973,34.70817643139224,164.16622623306895,-310.9836856054307,335.62854043317714,-368.351544517064,0.457677449836577,-11.047525852161113,104.80731332538222
1383,420.9365887965271,-27.25968272020016,-11.31203719521896,-124.18855346357317,150.2801093670353,133.545258730238,-19.02402585832646,-20.965761474260514,22.43685638095749,93.81115488827767,-152.1794433960314,166.62173821418943,-189.9972187661999,-16.40909432998565,10.896213273440246,60.38047959382109
1384,521.9914482464111,-27.066657924112214,-30.425167363373074,-152.0944371580508,172.6803386048942,-35.311933442004914,-14.497759845449858,-55.52608656149325,36.290166292352566,140.60059352107479,-214.5107877602158,195.05338430351904,-35.413114952141555,-23.159880614595323,7.267123867203509,93.03112877017989
1386,645.3524458168856,-60.94585934311483,104.79248411713189,-185.64311895959182,226.15773304453,-62.921853156444676,-44.784018928919,-77.30626924451752,13.301077568052774,130.4660126124822,-238.92720216342207,274.8531573735731,-293.78621536292553,58.495891322782576,19.105762086535638,68.90886562298014
1387,235.2829680581499,-14.810935171838874,24.858272893745724,-77.09802912196147,70.57615604082983,-25.346458877508585,-21.79982159247513,-44.372195814306586,19.03724379870877,37.16583775139027,-56.97102213011983,75.62436036341916,-114.61928174948793,227.28727519317687,-28.803824333291846,38.47299742951892
1388,807.1789463912502,-71.12706684061187,-132.71208548775988,-236.8096443392019,309.402771501283,-80.01502436704942,-51.72884440083703,-108.83047745515184,34.364399933374635,149.9094618949984,-293.64074441521404,324.87902161502996,-388.31798927032537,6.244844896662362,-10.503331587413355,90.2166231188306
1389,565.8298679749963,-55.9429948951498,81.51606859244745,-165.06997592376084,189.47721669431158,-50.1671078612505,-28.818029105209607,-50.74254881380524,8.763391376446705,114.67497324486186,-311.9332966452205,247.84585628273305,-271.67124310861226,-7.03564794641077,-5.602271794892066,48.84597505073229
1390,390.82684383079544,-23.08578638356225,-8.896876907509311,-112.42971339347156,303.86894642116664,-25.38119802048545,-15.935529592428615,-36.27594361437107,67.70110144431041,70.15785004043371,-142.4961160265853,160.85567744379986,-152.5616636205926,-4.944738582585114,0.6985247268490007,20.618217225201104
1391,400.4782676609983,-26.57869286689666,29.245404976109143,-136.66274665390551,85.71680601606901,-45.909088719594585,-68.72454594876223,-95.6717710966825,38.84403240254434,31.541877251725477,-32.07971664777282,82.86440566810039,-191.08078447964874,-121.26641026314246,-57.93321885764655,84.92314509232796
1392,577.3729347791509,-52.18443747084039,-10.640584934247544,-216.33783793949198,240.77031355712393,-57.513347219905,-31.840413527704413,-89.5825563444585,91.56557790084298,142.075658739742,-262.2872625382837,280.8741314683428,-307.09599994565804,-20.07662580209542,-8.663865975972792,87.95925364311229
1393,529.5651641308325,-51.819621169664416,-11.045415622335236,-203.41151040159957,241.2340767846785,-54.529651542005084,-30.76721196490295,-85.80478867550121,49.275676820299054,136.2930771670116,-250.9063340935711,274.8592193970544,-296.26575895849015,-19.828311618780063,-10.261224816432792,82.25038360093662
1395,443.68915746458066,-81.43668827081574,-111.54276718241539,-145.80346243214706,158.71121396555355,-56.650184975056405,-42.564203728994656,-70.43011834146886,-8.236267352651442,20.96865242525412,-179.06549788398388,248.4106852434514,-147.83335030607032,11.509643390273595,-27.615874288104276,-32.090674273480765
1396,868.9351890881084,-78.9271270735387,-131.55824806335042,-254.87695346287336,298.1358113814525,-88.59127442290003,-52.97159182295055,-141.53003071302714,29.25814123997252,164.2433599051314,-312.52307625155237,347.79049066227054,-422.08258562918036,-9.179637392917915,-18.02902560995203,98.075473353594
1397,872.4623460240889,-77.8458020928619,-131.0468575682245,-255.54151906027562,298.90490154507836,-88.24554860843571,-52.64863464948135,-139.75783368289675,29.986538984766867,167.04117238547275,-312.922874543683,346.92169722961137,-424.89074285289405,-9.567263942296156,-16.95733740729141,100.87300319115245
1398,620.0470042636055,-27.370439236975745,-85.97324242612092,-179.03174230225963,197.16572214684578,-39.36389425184138,-26.416345055534705,18.17973316505015,28.18361988706595,160.85927644232143,-199.0554124905129,204.97101361049067,-288.2412114917577,-7.871684078638424,25.96853584492687,107.78581760444091
1400,503.91467391478676,-50.13180930900239,45.20315179503844,-162.90568691588663,205.69261580282642,-50.98363820164585,-41.662272306463414,-30.392150173019047,18.535978372650135,65.99888009107252,-107.74079606780626,225.86024694904765,-110.1374334516712,-14.746395824431463,-25.302071568723736,21.1759131771523
1401,534.9350683887207,-34.88302198318072,-21.92321532312218,-164.86335196176017,189.85067214411447,-41.20986626895015,-17.343302328186592,-80.15385685889576,42.57342078152136,136.04579760766524,-234.24740097834982,220.0839999505242,-49.33050625155058,-25.171251651606458,-0.6685506035022059,89.25472339166357
1402,868.9351890881084,-78.9271270735387,-131.55824806335042,-254.87695346287336,298.1358113814525,-88.59127442290003,-52.97159182295055,-141.53003071302714,29.25814123997252,164.2433599051314,-312.52307625155237,347.79049066227054,-422.08258562918036,-9.179637392917915,-18.02902560995203,98.075473353594
1403,661.5401148605472,-67.29559120148913,-19.204408377881663,-199.42141456430232,230.74165711625088,-69.1754938144236,-24.949585293870587,-197.91056382680378,4.148395363930268,123.65255719842288,-226.36339803297406,273.64488619757134,-299.87731086383286,-77.1761177607327,-39.8738773785801,40.88019482225793
1404,445.8792263023739,-25.640056390238723,-33.656262066531866,-132.9579965229791,317.85678793562295,-33.52885678086816,-21.947975033410724,-46.217620257290726,37.82181761243436,81.85351014972893,-162.43197812707226,179.8881197196066,-190.20781912348286,-1.0002025013179272,0.8754243770533463,30.192949156208876
1405,872.4623460240889,-77.8458020928619,-131.0468575682245,-255.54151906027562,298.90490154507836,-88.24554860843571,-52.64863464948135,-139.75783368289675,29.986538984766867,167.04117238547275,-312.922874543683,346.92169722961137,-424.89074285289405,-9.567263942296156,-16.95733740729141,100.87300319115245
1406,320.5472190554885,-17.101997936692715,0.37214950176407735,-106.47391443498277,105.76614811819186,-30.655101060171766,-43.34539556725537,-46.33886282443756,33.41143505412691,42.4107078264232,-311.4468333581276,107.52619871004927,-120.96960279095028,-40.48472645577868,-25.509700320728506,45.42096389847672
1407,420.07681878177783,-33.134115308968994,10.91245205759065,-124.38729882685396,151.76353122920446,130.64272958986538,-20.406173652370697,-35.16666589156036,19.535097433530403,86.92159936800786,-176.21077339036256,177.42125043158873,-192.03171276614614,-18.50688115882283,3.9732681117096194,50.89703079850498
1408,421.8186684645565,-33.89656900874063,13.936000718696071,-124.87814267939711,152.77905426399184,130.01743715618133,-20.865385815897138,-37.41259596039318,19.32490894287805,86.53663713126939,-177.0466948174374,179.23083415377158,-192.80577843703216,-17.104023159780635,3.82758381712668,50.34758697043399
1409,575.920284020829,-56.82989560831688,81.6111710373639,-167.9923923083554,193.11026337639458,-51.2218362927371,-32.211622751793854,-54.0749020564452,8.788420222782543,116.92077278607726,-315.13961678875285,251.66305740926427,-276.4515344685636,-8.296141866046106,-6.060155833681482,49.63039780267154
1410,609.9565882177728,-26.483538523808672,-86.06834487103738,-176.10932591766505,193.53267546476278,-38.30916582035478,-23.022751408950448,21.512086407690102,28.158591040730112,158.613476901106,-195.84909234698048,201.15381248395946,-283.4609201318064,-6.6111901590030895,26.42641988371629,107.00139485250166
1411,811.8503028582904,-81.3869579663299,-146.60531583577756,-240.59380403404236,279.2825072543136,-84.90172914409935,-55.547687969452966,-115.93655272135955,25.589369305115667,140.13544301057235,-298.1870248888236,339.2632820159536,-383.4919519594211,7.199247441191802,-16.304177066799614,79.71113875051404
1412,576.5674531538691,-56.39856226776677,62.88564122172003,-169.38604745634117,192.57920040700031,-51.470936423276115,-24.593150152967837,-74.4424161953004,7.657712095978801,117.33304513612094,-315.50504541175354,247.9126296611821,-278.7274960179026,-35.38672336983889,-16.778809256949366,46.76993118150228
1413,426.2948293288442,-26.32201834972638,-10.780992127100435,-127.7730695423664,311.51135618597834,-31.599356307684342,-16.5414412594748,-64.47287115088228,33.735096105978656,80.52742302389085,-151.83227628186987,169.31209574818007,-178.97022608599082,-17.7707955413342,-3.839876499759168,23.84808235360543
1414,811.8503028582904,-81.3869579663299,-146.60531583577756,-240.59380403404236,279.2825072543136,-84.90172914409935,-55.547687969452966,-115.93655272135955,25.589369305115667,140.13544301057235,-298.1870248888236,339.2632820159536,-383.4919519594211,7.199247441191802,-16.304177066799614,79.71113875051404
1415,527.3760777494111,-17.17307233320109,-56.18565921045483,-155.69769116930053,154.99853536986214,-30.982538519138853,-30.112838470673147,29.28497617757322,30.36966952664045,134.02365829061782,-143.75627651399503,152.8553809197381,-242.4661751093897,-28.555370478986116,18.40558097794211,105.35090659010315
1416,844.2107340157908,-70.418412454614,-140.18252911379471,-246.33909182040603,285.81251213586796,-81.0112989473889,-52.434963943574736,-95.1765438816623,32.87168551093305,167.4672166926795,-303.6620592835492,329.9590324312669,-410.31988812362647,4.522144065283661,-5.093173128485896,107.38976880827947
1417,575.920284020829,-56.82989560831688,81.6111710373639,-167.9923923083554,193.11026337639458,-51.2218362927371,-32.211622751793854,-54.0749020564452,8.788420222782543,116.92077278607726,-315.13961678875285,251.66305740926427,-276.4515344685636,-8.296141866046106,-6.060155833681482,49.63039780267154
1418,649.4154713975272,-61.21945431576528,103.77760969131587,-186.74283368438927,227.13819871380474,-63.333404127331406,-44.43723020821044,-80.79697406620323,13.277587029697745,132.14253007329316,-241.770562785831,276.04857421924885,-298.3719657486876,57.14167511269574,18.881117546248174,69.80130599234799
1419,529.5651641308325,-51.819621169664416,-11.045415622335236,-203.41151040159957,241.2340767846785,-54.529651542005084,-30.76721196490295,-85.80478867550121,49.275676820299054,136.2930771670116,-250.9063340935711,274.8592193970544,-296.26575895849015,-19.828311618780063,-10.261224816432792,82.25038360093662
1420,540.7136974293935,-21.02687593699095,-50.43499925795095,-157.28475930125103,174.53331114664653,-31.230264823449804,-20.382438504252118,39.35854545100035,24.01350052079067,138.8431789739545,-153.564050330269,175.9611711077621,-221.56724771613574,-10.190189997652869,23.928442599984315,90.53135412846892
1421,637.8965976141586,-60.03646163873984,100.83753624223662,-184.74936831300346,228.94250956809876,-63.54961493913834,-46.73664032715841,-76.27031123328072,13.529104834508923,121.84086667824648,-198.56644182754454,270.25755834343664,-265.0508226203879,58.69221603482144,16.186343832047942,63.8435854768586
1422,530.6979128364937,-51.07876720957169,-9.502783232196501,-204.08980762537982,241.05534255876898,-54.47625013991473,-30.521191324361848,-85.91828186292491,53.08970589689881,137.850634122866,-251.23280315534024,273.68360917953765,-298.2961401046979,-20.28373296427813,-9.86240601162219,83.97355668674001
1423,545.680544442459,-47.06891391895404,-5.913574539886072,-136.64142073118452,245.59754684865172,-39.91866619803618,-18.92289664538611,-62.757955645333006,182.3258619427479,97.51941764507049,-181.03962399388612,240.856893823162,-209.66862936805856,-12.902872684969243,-10.502064326561353,43.55242473755123
1424,412.80201093661105,-33.055225032835246,11.977855536706878,-122.3873334480606,149.45620595317774,130.9417827314654,-17.049304274088705,-36.45022945590275,19.18931216849542,84.55664477917989,-174.1975495505583,175.42031036508527,-188.73111236800986,-18.678636782488113,3.167814109710365,49.355559831571746
1425,526.4492544988526,-46.61044333535248,-1.8411685592383396,-132.08304550427655,239.82520078818558,-40.27916438475496,-19.265902158389256,-64.03912366245584,174.8162063278248,97.66061166138715,-172.1805599113386,232.75237443834973,-207.91853651174577,-16.66345451264473,-12.17830140891374,49.634314563091515
1426,645.3524458168856,-60.94585934311483,104.79248411713189,-185.64311895959182,226.15773304453,-62.921853156444676,-44.784018928919,-77.30626924451752,13.301077568052774,130.4660126124822,-238.92720216342207,274.8531573735731,-293.78621536292553,58.495891322782576,19.105762086535638,68.90886562298014
1427,484.6799502234881,-48.37089911200139,63.892761954544696,-142.65269284173212,159.57158189698455,-41.84799768369419,5.5267047710662585,-42.081250273391284,7.543020407003047,96.85504207605626,-286.2909892433086,213.55114218455617,-234.99924848741165,-21.20717055077805,-11.540199161638899,39.91773080097212
1428,872.4623460240889,-77.8458020928619,-131.0468575682245,-255.54151906027562,298.90490154507836,-88.24554860843571,-52.64863464948135,-139.75783368289675,29.986538984766867,167.04117238547275,-312.922874543683,346.92169722961137,-424.89074285289405,-9.567263942296156,-16.95733740729141,100.87300319115245
1429,573.104675820163,-56.02188517128354,80.45066511333123,-167.0699413025542,191.78454197033832,-50.4661610028505,-32.174898483491596,-49.458985249462856,9.109176641481685,117.03992783368983,-313.94652048502473,249.84679634923648,-274.9718435067485,-6.863892322745488,-4.796817792892813,50.38744601766553
1430,705.9646607900877,-63.76936246488144,8.077012702186192,-209.1059332841349,243.56758803978528,-70.1488860662632,-23.923655458180008,-197.59025205632426,8.187190217707192,145.7334018614928,-261.01445019775883,277.70628840343795,-335.25684715094434,-82.90158581049292,-36.527127495377655,60.175650349233315
1431,675.6157152182699,-62.61711566029645,91.9976737548004,-194.8461473733192,237.5862695061419,-67.23195259593817,-43.38560082888658,-108.13932091174443,13.292538208832552,137.95969016504995,-228.47709952505338,281.59541154209944,-309.65469040507685,46.34921605182737,14.434020340880778,72.47132085271816
1432,521.3147624121352,-26.607999280147933,-76.52246106315714,-153.70521953164942,163.6337038332406,-31.729577852233795,-24.08986134699453,32.20231908689435,20.340015317895695,128.65447807953527,-164.99174636298724,178.23776371103943,-226.19231261040775,-7.321549156846116,22.811314094696826,80.27098057974034
1433,575.920284020829,-56.82989560831688,81.6111710373639,-167.9923923083554,193.11026337639458,-51.2218362927371,-32.211622751793854,-54.0749020564452,8.788420222782543,116.92077278607726,-315.13961678875285,251.66305740926427,-276.4515344685636,-8.296141866046106,-6.060155833681482,49.63039780267154
1434,450.41233669073995,-39.9576470938893,-10.37780237251397,-172.79010792042274,142.7348910947533,-48.28980532168707,-26.007642311332926,-68.57539781365524,191.47755631023617,95.64752501888171,-187.2817083585499,180.04911999949644,-228.78432165330204,-14.688785698239807,-6.7242156636523704,51.753456533014976
1435,369.6960179716324,-28.748123352035527,-2.4224361507833643,-110.72267793443422,137.07127194235818,168.33760727683435,-18.528394961444132,-38.35325062110035,20.470507476017502,73.96474229909454,-135.370048170766,156.96006802723036,-164.79068425744512,-16.121679853552486,0.1620598098022339,45.65460544813793
1436,805.6746785886046,-80.60695194303722,-146.7206995782185,-238.78707312167523,280.40920326629674,-84.04410413851429,-55.42341322724161,-112.66659739557203,26.09999517445588,138.70205320955904,-296.2987917051898,336.97213511122953,-380.1154923235356,8.741695670149829,-15.551607664545747,78.9252537270377
1437,872.36681602245,-78.49851682494733,-128.5774698734679,-255.56360187841793,299.0697261964305,-88.56805184625489,-52.802206626597375,-141.33571195148562,29.664121323941636,166.2756662165539,-315.5930223208309,348.1216430315446,-425.116797741777,-9.80035136772251,-17.726553536372588,99.81928665833955
1439,645.3524458168856,-60.94585934311483,104.79248411713189,-185.64311895959182,226.15773304453,-62.921853156444676,-44.784018928919,-77.30626924451752,13.301077568052774,130.4660126124822,-238.92720216342207,274.8531573735731,-293.78621536292553,58.495891322782576,19.105762086535638,68.90886562298014
1440,383.5116090691845,-73.202339504865,-91.88315512845371,-128.15317076175168,137.46293167823177,-47.91286872041606,-35.67091683981935,-60.829941717979246,-7.135869800467667,15.50825033332535,-163.46692042864333,223.38664175949336,-75.38190930618039,7.557788580140629,-24.712705110131278,-34.19038925157583
1441,548.0896097415377,-49.70577752411348,-6.074476722410328,-143.58624343308102,209.02781676168715,-42.9521285892733,-20.510664597095207,-64.82630824663539,211.74248633065457,99.18504166951863,-184.691252596591,243.11155320036718,-217.42475702836327,-13.452363007075517,-11.970658798460898,47.135430828219434
1442,530.6979128364937,-51.07876720957169,-9.502783232196501,-204.08980762537982,241.05534255876898,-54.47625013991473,-30.521191324361848,-85.91828186292491,53.08970589689881,137.850634122866,-251.23280315534024,273.68360917953765,-298.2961401046979,-20.28373296427813,-9.86240601162219,83.97355668674001
1443,583.4207094769067,-52.889429904983935,-6.294329351539767,-155.95157701051616,234.6106669451849,-45.81843413964489,-22.098101339130018,-70.82169699032323,190.6292807322252,111.3392250000276,-205.29846019594626,265.67824819328115,-238.698968588437,-14.634659465633389,-12.220449246273237,56.54460987927563
1444,417.15577149578905,-26.64010589219879,-11.935774766319655,-123.45998428109569,148.05181113032427,133.68351703551744,-19.826565501087096,-21.357822685782452,23.051322218355104,92.04440529312737,-146.4191075462959,163.2179527659583,-188.11660637111967,-18.135720513338054,10.072793916828877,61.11276414293811
1445,356.98674835638593,-23.57067185436083,41.94260936976195,-124.88285746908696,74.99267856078487,-41.49723988192357,-71.58161314466942,-62.47078179718004,38.64093819574565,14.476190311711525,-2.260966844421464,69.58638991939901,-143.61966376622271,-109.43636435622594,-56.16121572343256,75.24417769561406
1446,649.4154713975272,-61.21945431576528,103.77760969131587,-186.74283368438927,227.13819871380474,-63.333404127331406,-44.43723020821044,-80.79697406620323,13.277587029697745,132.14253007329316,-241.770562785831,276.04857421924885,-298.3719657486876,57.14167511269574,18.881117546248174,69.80130599234799
1447,337.6151286471711,-35.62757448229785,-6.2421575107262015,-104.76810131568091,123.67042141738861,135.65238445127838,-19.20867035609766,-92.00163416828562,12.79779074509911,55.095071664673966,-115.89288303656558,150.7477660578655,-148.9062616901541,-23.00909456917068,-35.818292536615054,22.09679088464169
1448,811.8503028582904,-81.3869579663299,-146.60531583577756,-240.59380403404236,279.2825072543136,-84.90172914409935,-55.547687969452966,-115.93655272135955,25.589369305115667,140.13544301057235,-298.1870248888236,339.2632820159536,-383.4919519594211,7.199247441191802,-16.304177066799614,79.71113875051404
1449,301.7495762241938,-19.05737841778782,-8.545258381482604,-92.55282265304565,119.01649559973025,-25.673848000134463,180.04098007734294,-21.87650725325119,29.537772323230733,53.78049489756919,-88.65408943748322,130.19170884657245,-120.82167384118877,0.70778465684695,-2.3468719064954455,40.05036182626113
1450,807.1789463912502,-71.12706684061187,-132.71208548775988,-236.8096443392019,309.402771501283,-80.01502436704942,-51.72884440083703,-108.83047745515184,34.364399933374635,149.9094618949984,-293.64074441521404,324.87902161502996,-388.31798927032537,6.244844896662362,-10.503331587413355,90.2166231188306
1451,671.9356325679263,-62.02993411166695,90.5861742028213,-193.8355178264803,236.76896381277143,-66.90586194514292,-39.903765080665536,-107.68782631657864,13.73464460571804,137.0928830776977,-224.51721803140381,279.9280893285828,-307.3570264063338,46.84421730682672,14.64023996090776,72.4781255609624
1452,809.0346946576245,-80.57894752929657,-147.76582175981022,-239.67135302824119,277.9567858482573,-84.14605385421274,-55.5109637011507,-111.32063591437722,25.910125723814808,140.2545980581849,-296.9939285850955,337.44702095592584,-382.012260997606,8.631496984492419,-15.040839026010946,80.46818696550804
1453,510.14663355242124,-48.00640433250236,60.93007899945354,-151.9386084584741,168.83585325727196,-44.68617567930518,-31.993255823602844,-47.18327980809206,12.81518982766838,98.97440833670325,-329.0748709032122,217.95858230742436,-240.97106187701615,-27.821422179740992,-14.938319407076822,44.754329383897286
1454,530.6979128364937,-51.07876720957169,-9.502783232196501,-204.08980762537982,241.05534255876898,-54.47625013991473,-30.521191324361848,-85.91828186292491,53.08970589689881,137.850634122866,-251.23280315534024,273.68360917953765,-298.2961401046979,-20.28373296427813,-9.86240601162219,83.97355668674001
1455,207.64148056689203,-25.150499617153443,29.6002768211714,-66.58666191169631,79.26920184429437,-28.07394568495375,-19.835763804973162,-44.0499488254406,10.688596552208828,21.9096718575439,-60.70143046826246,84.58840255767808,-89.89946271353222,-16.532374048185783,255.44983476046596,4.7188072540493655
1456,872.4623460240889,-77.8458020928619,-131.0468575682245,-255.54151906027562,298.90490154507836,-88.24554860843571,-52.64863464948135,-139.75783368289675,29.986538984766867,167.04117238547275,-312.922874543683,346.92169722961137,-424.89074285289405,-9.567263942296156,-16.95733740729141,100.87300319115245
1457,664.7241023678328,-67.5097986921134,-18.1674346353303,-200.35699246704786,232.32850345819392,-69.67322173302388,-25.353476131241905,-197.74879376740833,3.7128803260220877,123.43330895455288,-226.0864853033027,271.8755005730779,-298.72535878341057,-77.05234604631197,-39.80164595954528,41.090513229374736
1458,838.0361691124596,-72.06009490119305,-134.32338673369645,-244.9359048214757,285.93185612058875,-82.17528451302933,-51.25272786091158,-114.80312680321498,35.02893285009139,164.28538128068152,-309.7905893017026,333.81227937314935,-366.8718535552489,1.8899269931371938,-9.784187811372444,105.56436154037623
1459,312.79997859228405,-72.77205796043262,-85.94169912588869,-114.88986416921414,125.82017981047962,-45.507783429958664,-35.33139928305999,-55.99044622703955,-20.715196820240102,2.0038138548086093,-139.6398493974349,208.2684898171759,-98.54514836335638,7.70441311380725,-26.954585047599263,-44.98643312333135
1460,570.31606461464,-56.23879229965993,81.6401207402428,-166.3321234780627,191.31908608355482,-47.22704426798833,-32.154224001267295,-50.88462749094247,9.017723230532003,115.74816388189339,-313.4951080502648,249.72015881686673,-273.64869793722,-7.002650439999679,-5.265925836982296,49.4447757214178
1461,805.4229582638502,-70.02789921531559,-130.74833221297746,-236.13409250734742,312.04704447690153,-79.60339865555852,-51.35263730475906,-108.53235870792855,34.53170156731774,151.16884892834554,-292.4594994191843,322.7248903991932,-389.0543685343374,5.591358850173984,-10.110035731522771,92.07940870047273
1462,445.7034356759646,-29.043974467651747,-35.389029765692634,-133.2307303707584,317.6917814791284,-33.856458991496,-22.325054265247275,-46.274621117838095,37.2694510930242,80.55337657829958,-162.70567389937128,180.2792537483075,-189.11492960270672,-0.5418737030890288,0.6217537563148416,28.59867405835984
1463,868.9351890881084,-78.9271270735387,-131.55824806335042,-254.87695346287336,298.1358113814525,-88.59127442290003,-52.97159182295055,-141.53003071302714,29.25814123997252,164.2433599051314,-312.52307625155237,347.79049066227054,-422.08258562918036,-9.179637392917915,-18.02902560995203,98.075473353594
1464,578.8372957600329,-52.327027448323484,-10.804725511710812,-216.96221947752153,241.72244491693138,-57.57582360987391,-31.950603923482333,-89.51756908375641,92.30513479180196,142.26317586545932,-262.8427381497232,282.053599861223,-307.7971718301329,-20.089127407036703,-9.801487031033348,85.36514289890218
1465,701.1475591059748,-56.814848153047954,-12.759522339163475,-207.20199497820897,239.838974009023,-66.19434250720019,-21.893963384655116,-180.47948974939675,10.971705993484449,152.441600097471,-234.40488032043717,263.76666783406694,-330.1390453333781,-81.08366563230693,-28.815286561519024,69.66158365650801
1466,805.6746785886046,-80.60695194303722,-146.7206995782185,-238.78707312167523,280.40920326629674,-84.04410413851429,-55.42341322724161,-112.66659739557203,26.09999517445588,138.70205320955904,-296.2987917051898,336.97213511122953,-380.1154923235356,8.741695670149829,-15.551607664545747,78.9252537270377
1467,649.4154713975272,-61.21945431576528,103.77760969131587,-186.74283368438927,227.13819871380474,-63.333404127331406,-44.43723020821044,-80.79697406620323,13.277587029697745,132.14253007329316,-241.770562785831,276.04857421924885,-298.3719657486876,57.14167511269574,18.881117546248174,69.80130599234799
1468,426.70899049702814,-27.687049711179387,-15.169379101435528,-125.87166358807599,152.36047688427632,132.81574754936682,-19.517998160691093,-22.29774109529929,22.87651721343255,94.75801834148814,-152.0875355018739,168.56190076422794,-192.854471694937,-15.896140253908104,10.87653363039342,61.431711614675436
1469,514.4243982053822,-16.01410033400269,-53.73230151987866,-151.992532847862,150.44601792524224,-29.631470958848485,-26.108424812910496,30.911270502858482,29.906641089955638,131.4773464174982,-139.1648127912004,147.71433250126287,-236.0822668936334,-29.006992753302594,18.38902274807086,103.81192013512847
1470,575.920284020829,-56.82989560831688,81.6111710373639,-167.9923923083554,193.11026337639458,-51.2218362927371,-32.211622751793854,-54.0749020564452,8.788420222782543,116.92077278607726,-315.13961678875285,251.66305740926427,-276.4515344685636,-8.296141866046106,-6.060155833681482,49.63039780267154
1471,629.8737978515945,-56.80968098890139,-30.359722212843828,-160.72941831092825,244.6519903661734,-50.60068253633946,-26.149569437072202,-75.12696440387391,182.11022502217574,113.4250491732319,-211.88515843921294,274.7156888851186,-256.0929346490777,-9.663744806073367,-12.530766260239535,58.17102697919256
1473,299.4830057473946,-8.723697286139387,-2.817556645578112,-94.30506317132985,103.07398976050075,-20.37305084382594,-18.213496746589215,-30.958804367519296,31.882782480233338,63.60291493995021,-94.74857006166663,297.2525164585678,-138.41511892012926,-20.224679354775247,-28.57889405350215,4.279117720725581
1474,486.7198788866061,-37.87990773088021,-35.53907231463197,-145.4487811840283,164.98943696863572,-38.76919158664793,-17.727331580141847,-73.24805686279704,29.00618884440909,112.62246871766135,-210.51280483891,203.74131863011118,-7.33154271500405,-19.28361512081292,-3.4497581594027222,65.05583039459556
1475,548.0896097415377,-49.70577752411348,-6.074476722410328,-143.58624343308102,209.02781676168715,-42.9521285892733,-20.510664597095207,-64.82630824663539,211.74248633065457,99.18504166951863,-184.691252596591,243.11155320036718,-217.42475702836327,-13.452363007075517,-11.970658798460898,47.135430828219434
1476,645.3524458168856,-60.94585934311483,104.79248411713189,-185.64311895959182,226.15773304453,-62.921853156444676,-44.784018928919,-77.30626924451752,13.301077568052774,130.4660126124822,-238.92720216342207,274.8531573735731,-293.78621536292553,58.495891322782576,19.105762086535638,68.90886562298014
1477,628.3994806543076,-56.02594539171053,-2.1054875480012085,-187.2023411902753,216.76572124875568,-63.20381109120024,11.674730398164774,-193.3151253928206,7.513853343134644,128.79205420919124,-214.2726419223948,243.7572671690324,-297.13304135201537,-82.80122186895976,-36.86982658151157,54.24687398717568
1478,261.4206065180046,-31.5856040807533,-3.3909727247253447,-90.61631250125352,100.26535262050885,-19.803761040673074,-18.073801864905693,-28.82897631772526,22.761873490995587,61.694700782899574,-89.09559418533705,283.0017084704198,-138.05268370805356,-20.405619442380477,-28.471100432502674,1.4535026559424984
1479,193.49042124571514,-14.108067545629522,-0.6458433166951492,73.43096367700262,77.73843899885087,-17.37538928352644,-10.973005768514628,-30.852168580283237,6.91979193680641,44.728342177047544,-80.26514271284621,88.6578681305699,-96.75686488295656,-10.778536319320956,-4.715336994039202,29.978915622335055
1480,705.9646607900877,-63.76936246488144,8.077012702186192,-209.1059332841349,243.56758803978528,-70.1488860662632,-23.923655458180008,-197.59025205632426,8.187190217707192,145.7334018614928,-261.01445019775883,277.70628840343795,-335.25684715094434,-82.90158581049292,-36.527127495377655,60.175650349233315
1481,618.9732457457181,-27.324882499714047,-84.11019968904819,-178.60013514900157,196.8555237755769,-39.233511395638814,-26.83883295075888,20.549719903199666,28.294187815112743,160.59346925319554,-198.6982376138596,204.96433627264574,-287.5355862008287,-5.036576536295613,27.0861895911326,107.9934219913639
1482,840.8517773131255,-72.86810533822639,-133.1628808096638,-245.85835582727688,287.257577526645,-82.93095980291594,-51.28945212921384,-119.4190436101973,34.70817643139224,164.16622623306895,-310.9836856054307,335.62854043317714,-368.351544517064,0.457677449836577,-11.047525852161113,104.80731332538222
1483,843.6792545269326,-69.99513744039503,-141.81906380106585,-246.1788985841849,285.67610434812315,-80.83744458991568,-52.178525555904,-95.71911173208757,33.37758613959159,167.83798870350668,-301.8717792859314,329.26440590371527,-405.7716352667941,4.468701040952731,-4.869980080601488,108.15557296102075
1484,805.6746785886046,-80.60695194303722,-146.7206995782185,-238.78707312167523,280.40920326629674,-84.04410413851429,-55.42341322724161,-112.66659739557203,26.09999517445588,138.70205320955904,-296.2987917051898,336.97213511122953,-380.1154923235356,8.741695670149829,-15.551607664545747,78.9252537270377
1485,222.29533887205702,-28.501401074645987,4.277192178777595,-64.20539532332951,52.86715876204587,-16.282401466794738,-13.39793607090282,-30.999415122956375,-0.6713779503006703,55.14509242249769,-63.76243073805737,258.4135970942683,-104.85541947041278,-20.92074911998364,24.604735193062247,126.47284479018498
1486,661.5401148605472,-67.29559120148913,-19.204408377881663,-199.42141456430232,230.74165711625088,-69.1754938144236,-24.949585293870587,-197.91056382680378,4.148395363930268,123.65255719842288,-226.36339803297406,273.64488619757134,-299.87731086383286,-77.1761177607327,-39.8738773785801,40.88019482225793
1487,518.7981309341245,-45.682537470509324,-2.046235025956635,-130.04605996603038,237.08756140500444,-39.4952154672092,-19.66655336079433,-60.979974699471,175.32945121636016,95.60016802732385,-173.2169104461312,229.37524959032083,-203.66486396166198,-15.780875001671408,-11.948464020047544,49.35431210813708
1488,707.1394884025378,-65.49312422555757,65.20419062915019,-203.57393492941748,247.941873886215,-70.62851593604334,-49.37695323185674,-94.11677027659098,17.674195354448354,141.61116460539793,-240.85148384425602,295.45019971963393,-326.9444950360587,62.27121587347122,18.684321115779916,80.31362620089138
1489,617.1358660613007,-27.215143532027838,-84.66436065539698,-178.13137411460073,196.00482539214164,-38.93072219977396,-26.533192764348467,21.217771703443614,28.18195864493986,160.21292532101512,-200.53246396393263,204.35469835239616,-286.9875754188256,-6.67252196076416,26.46265775663436,107.489149286622
1492,530.6979128364937,-51.07876720957169,-9.502783232196501,-204.08980762537982,241.05534255876898,-54.47625013991473,-30.521191324361848,-85.91828186292491,53.08970589689881,137.850634122866,-251.23280315534024,273.68360917953765,-298.2961401046979,-20.28373296427813,-9.86240601162219,83.97355668674001
1493,807.3547370176595,-67.72314876319886,-130.97931778859913,-236.5369104914226,309.56777795777754,-79.68742215642158,-51.35176516900049,-108.77347659460446,34.91676645278479,151.20959546642777,-293.36704864291505,324.48788758632907,-389.41087879110154,5.786516098433464,-10.249660966674849,91.81089821667963
1494,847.1218722180955,-70.5737081595619,-141.49141088451867,-247.2394600080649,286.97340889057205,-81.44447099945633,-52.31811623476098,-98.21458242005575,32.87334675305914,168.11356781398578,-302.1850078101294,330.5753476893615,-411.5735241965586,3.3229819474093976,-5.587295040193384,107.68643712609837
1495,485.75370874137536,-48.41645584926309,62.029719217471936,-143.08429999499015,159.88178026825344,-41.978380539896754,5.949192666290438,-44.4512370115408,7.4324524789562565,97.12084926518217,-286.64816411996185,213.55781952240105,-235.7048737783407,-24.04227809312086,-12.657852907844628,39.71012641404913
1496,238.19410626045465,-14.966230876786781,23.54939112302178,-77.99839730962034,71.73705279553396,-25.779630929576,-21.68297388366137,-47.41023435270006,19.03890504083486,37.812188872696574,-55.4939706567001,76.24067562151367,-115.87291782242006,226.0881130753026,-29.297946244999334,38.76966574733783
1497,811.8503028582904,-81.3869579663299,-146.60531583577756,-240.59380403404236,279.2825072543136,-84.90172914409935,-55.547687969452966,-115.93655272135955,25.589369305115667,140.13544301057235,-298.1870248888236,339.2632820159536,-383.4919519594211,7.199247441191802,-16.304177066799614,79.71113875051404
1498,300.6758177063065,-19.011821680526126,-6.682215644409864,-92.12121549978764,118.70629722846138,-25.543465143931904,179.61849218211876,-19.50652051510167,29.64834025127752,53.51468770844328,-88.29691456082992,130.18503150872755,-120.11604855025975,3.5428921991897613,-1.2292181602897156,40.257966213184126
1499,802.3611632022106,-70.24918702606617,-131.13311607169385,-235.12935978671192,307.87291140400134,-79.42436734844512,-51.112140536698604,-108.00430620903954,34.5248654998081,149.84055949092607,-291.7267097174739,321.642982387214,-386.9675672385129,6.230883056907063,-10.510055043882275,95.61810476735081
1500,724.3384576342622,-64.86675214174353,13.618622365674181,-213.79354362814334,252.07457187413786,-73.17677802491178,-26.980057322284154,-204.27077005876376,9.309481919435992,149.5388411832968,-242.67218669702828,283.8026676059341,-340.7369549709754,-66.54213156580747,-30.29180915039524,65.21837739665244
1501,847.1218722180955,-70.5737081595619,-141.49141088451867,-247.2394600080649,286.97340889057205,-81.44447099945633,-52.31811623476098,-98.21458242005575,32.87334675305914,168.11356781398578,-302.1850078101294,330.5753476893615,-411.5735241965586,3.3229819474093976,-5.587295040193384,107.68643712609837
1502,868.9351890881084,-78.9271270735387,-131.55824806335042,-254.87695346287336,298.1358113814525,-88.59127442290003,-52.97159182295055,-141.53003071302714,29.25814123997252,164.2433599051314,-312.52307625155237,347.79049066227054,-422.08258562918036,-9.179637392917915,-18.02902560995203,98.075473353594
1503,521.3147624121352,-26.607999280147933,-76.52246106315714,-153.70521953164942,163.6337038332406,-31.729577852233795,-24.08986134699453,32.20231908689435,20.340015317895695,128.65447807953527,-164.99174636298724,178.23776371103943,-226.19231261040775,-7.321549156846116,22.811314094696826,80.27098057974034
1504,847.1218722180955,-70.5737081595619,-141.49141088451867,-247.2394600080649,286.97340889057205,-81.44447099945633,-52.31811623476098,-98.21458242005575,32.87334675305914,168.11356781398578,-302.1850078101294,330.5753476893615,-411.5735241965586,3.3229819474093976,-5.587295040193384,107.68643712609837
1505,757.9162760945973,-67.61566538369449,-26.639064453762913,-224.25392440466027,262.29089569495454,-76.71448669410393,-28.36940617946168,-209.57806864567323,12.144137709982749,154.25517294038713,-260.18727915034134,295.16775135378464,-360.9721235095783,-78.28499912579498,-36.70424428279909,69.63673853692238
1506,847.1218722180955,-70.5737081595619,-141.49141088451867,-247.2394600080649,286.97340889057205,-81.44447099945633,-52.31811623476098,-98.21458242005575,32.87334675305914,168.11356781398578,-302.1850078101294,330.5753476893615,-411.5735241965586,3.3229819474093976,-5.587295040193384,107.68643712609837
1507,662.3840860822066,-57.146227193888514,5.696978897395811,-200.13713133485723,219.204238155434,-68.03679183259763,-31.45507958342173,-200.17888455050485,13.892187759208275,127.11904245677934,-203.50299959456117,241.72827137108808,-313.5934702714052,-100.6808017200945,-44.741641418444516,66.44726381954919
1508,872.4623460240889,-77.8458020928619,-131.0468575682245,-255.54151906027562,298.90490154507836,-88.24554860843571,-52.64863464948135,-139.75783368289675,29.986538984766867,167.04117238547275,-312.922874543683,346.92169722961137,-424.89074285289405,-9.567263942296156,-16.95733740729141,100.87300319115245
1509,467.39375518048735,-20.064464258111038,48.889089221262275,-143.7436324741794,185.93575022867802,-46.231202053296045,-38.57533112759578,-26.13424889933454,10.387581899520077,54.2852890891085,-84.02485708227572,209.3887348479578,-84.952485088829,-15.279039734346073,-26.257357278074423,13.303686108840594
1510,628.2309358566464,-59.04389263916133,100.98518241467373,-182.04912022536988,225.3541486017774,-62.60759877980769,-46.642915058609525,-73.09897934081236,13.732453288743878,119.61234387867258,-194.8505803783232,266.1327954495871,-260.58561421453294,64.57906325152271,16.215709935529073,63.329702517933015
1511,807.1789463912502,-71.12706684061187,-132.71208548775988,-236.8096443392019,309.402771501283,-80.01502436704942,-51.72884440083703,-108.83047745515184,34.364399933374635,149.9094618949984,-293.64074441521404,324.87902161502996,-388.31798927032537,6.244844896662362,-10.503331587413355,90.2166231188306
1512,874.2041957068675,-78.60825579263354,-128.0233089071191,-256.03236291281894,299.9204245798658,-88.87084104211976,-53.10784681300779,-142.00376375172957,29.776350494114517,166.65621014873426,-313.75879597075783,348.7312809517942,-425.66480852378015,-8.164405943253962,-17.103021701874347,100.32355936308146
1513,553.4560167063224,-50.042379504343444,-6.192910226379309,-145.83669271413237,211.85049137410044,-43.64009435508739,-20.756991214458424,-65.96468447657998,212.28380972762884,100.70301186862945,-187.9219934793097,242.94088073832586,-220.61087632378752,-13.449983426568087,-11.60138787372473,48.7832539490763
1514,444.8777532074109,-39.4858221075315,-9.526357590439885,-159.58243223242346,136.84985802680933,-45.65754021797896,-23.948453232583244,-64.13097086297346,212.97627958722964,87.89346086361239,-173.21444095898613,173.0395516005424,-212.5172869889835,-13.494168106246795,-7.114666581789329,44.87210836029209
1515,613.3550487605627,-26.595566704026467,-85.28809822649768,-177.40280493212325,193.7765271554306,-38.79246389449452,-27.335732407109102,20.82571049192168,28.79642448233748,158.44617572586483,-194.77212811419713,200.950912904165,-285.1069630237454,-8.399148144116564,25.63923840002299,108.22143383573902
1516,525.6208825916955,-50.79192887663971,47.95272350469312,-161.28057556012675,203.9364968181044,-52.99969250425676,-39.34420371543496,-52.64598458535968,9.44456935290297,67.79494859162371,-102.37753223965552,221.46380962300614,-111.10018280659101,-27.748793585302327,-29.993246907148034,18.234887190917053
1517,579.7415437113137,-53.088144455241675,-12.454522614134033,-217.41049550186108,242.19494535846704,-58.07515302393862,-32.29393894531203,-90.00278406919472,91.43848788944355,141.0417876496715,-263.8162914466019,280.5321634550367,-306.94312194994393,-19.499695810023947,-9.76225031415795,84.4274200528224
1518,664.7241023678328,-67.5097986921134,-18.1674346353303,-200.35699246704786,232.32850345819392,-69.67322173302388,-25.353476131241905,-197.74879376740833,3.7128803260220877,123.43330895455288,-226.0864853033027,271.8755005730779,-298.72535878341057,-77.05234604631197,-39.80164595954528,41.090513229374736
1519,548.6283055351424,-23.83501010021663,-6.6994844509473,-136.89396728187265,215.9520063594829,-41.41573852218921,-19.868000811981865,-64.74424361186034,179.1048547728443,98.36858937411336,-182.6411957279088,251.7061936016521,-213.08725593519196,-12.99976583609812,-13.100111491773855,47.703773428195966
1520,872.36681602245,-78.49851682494733,-128.5774698734679,-255.56360187841793,299.0697261964305,-88.56805184625489,-52.802206626597375,-141.33571195148562,29.664121323941636,166.2756662165539,-315.5930223208309,348.1216430315446,-425.116797741777,-9.80035136772251,-17.726553536372588,99.81928665833955
1521,346.9223301833672,-16.77088841526358,-10.283196658790757,-106.62047222306083,283.2154915916301,-23.463528003423033,-19.937133272347168,-35.58744043838868,38.42954540098342,59.62247435135358,-160.8106380505339,134.21699997594712,-134.829883729348,-10.657116625552794,-2.0159448797578707,20.293494101025765
1522,724.3384576342622,-64.86675214174353,13.618622365674181,-213.79354362814334,252.07457187413786,-73.17677802491178,-26.980057322284154,-204.27077005876376,9.309481919435992,149.5388411832968,-242.67218669702828,283.8026676059341,-340.7369549709754,-66.54213156580747,-30.29180915039524,65.21837739665244
1523,718.5660559337612,-64.43938515076431,17.475964271890746,-212.11043350364054,249.99420435689683,-72.44726684404058,-26.48608501991952,-202.938790437725,8.869821086960929,148.59197773008634,-242.76409459118577,281.8625050558956,-337.87970204223825,-67.055085641885,-30.272129507348414,64.1671453757981
1524,846.1665722017074,-77.10085548041617,-116.79753393695243,-247.46028818948798,288.62165540409336,-84.66950337764814,-53.85383600592123,-113.99336510594448,29.64917014480683,160.45850612479714,-328.88648558160844,342.574805708694,-413.83407308538784,0.9921076931458667,-13.279456331005191,97.14927179796935
1525,547.071827866291,-17.88906920945431,-63.73928766279258,-157.61885388120274,171.54366406060245,-29.36597822816647,-18.612416267638398,29.291758199073,28.95084757902015,156.38995984474218,-179.31607657901054,174.8406133282565,-208.30103367012015,-11.69866262430404,29.108047115074424,104.54762397304444
1526,809.0346946576245,-80.57894752929657,-147.76582175981022,-239.67135302824119,277.9567858482573,-84.14605385421274,-55.5109637011507,-111.32063591437722,25.910125723814808,140.2545980581849,-296.9939285850955,337.44702095592584,-382.012260997606,8.631496984492419,-15.040839026010946,80.46818696550804
1527,868.9351890881084,-78.9271270735387,-131.55824806335042,-254.87695346287336,298.1358113814525,-88.59127442290003,-52.97159182295055,-141.53003071302714,29.25814123997252,164.2433599051314,-312.52307625155237,347.79049066227054,-422.08258562918036,-9.179637392917915,-18.02902560995203,98.075473353594
1528,336.7523131149901,97.78385286772684,2.0006317378283827,-97.74260901901744,122.5723954546606,-27.589130361067703,-15.929116900976403,-52.001189471765265,12.196549567409026,66.52234425109732,-120.31003843464036,209.56051474834166,-145.09195588868135,-16.098497454615618,-6.77642417465363,54.990963265871066
1529,753.5804012089748,-67.28315862536766,-27.970045541222202,-223.11899996477615,260.8844804384409,-76.23837985668435,-28.195456353985158,-209.28717242177646,12.604804528372048,153.44425484475244,-256.14377978418406,296.35803539069684,-358.7919612771706,-78.25371674800314,-37.04595307325393,68.83064807825663
1530,440.415594193907,-39.91033713421972,-11.057721188894124,-157.78025897571166,134.49968385593172,-45.46890386622959,-24.045461637049723,-63.47780961846718,211.56830928789697,85.15410244871374,-170.95725337314627,171.68878765639747,-208.47711781337026,-12.907116089741471,-7.444700789650098,42.28656239335544
1531,675.6157152182699,-62.61711566029645,91.9976737548004,-194.8461473733192,237.5862695061419,-67.23195259593817,-43.38560082888658,-108.13932091174443,13.292538208832552,137.95969016504995,-228.47709952505338,281.59541154209944,-309.65469040507685,46.34921605182737,14.434020340880778,72.47132085271816
1532,813.5217115278966,-70.85375229696841,-131.0401890686013,-238.39666094240533,311.49758307096505,-80.42497384247172,-51.4426114956701,-111.67419723200379,34.77204125946984,152.58811932772718,-295.2336390110728,325.82648924239857,-392.60583745585416,4.424968803983505,-10.6949814255414,92.25710474139504
1533,575.920284020829,-56.82989560831688,81.6111710373639,-167.9923923083554,193.11026337639458,-51.2218362927371,-32.211622751793854,-54.0749020564452,8.788420222782543,116.92077278607726,-315.13961678875285,251.66305740926427,-276.4515344685636,-8.296141866046106,-6.060155833681482,49.63039780267154
1534,305.4853174371403,-20.27760889831616,-10.833698441691807,-92.73029944538472,272.2503571841219,-20.887002763192275,-12.912144563748415,-26.63630006174244,30.417697592917115,50.0726548912466,-113.78494517075991,125.20571227702196,-116.69605887124432,0.39610688662842714,-2.273405113700525,54.663037287563306
1535,575.920284020829,-56.82989560831688,81.6111710373639,-167.9923923083554,193.11026337639458,-51.2218362927371,-32.211622751793854,-54.0749020564452,8.788420222782543,116.92077278607726,-315.13961678875285,251.66305740926427,-276.4515344685636,-8.296141866046106,-6.060155833681482,49.63039780267154
1536,671.8348979175319,-61.99753883229508,91.3739361836997,-194.11757819084173,235.35797126943086,-67.09369429065872,-44.18814047164722,-108.53138212326637,13.907004046230167,136.19294056989966,-222.71676367531785,278.1916260938683,-307.77407800999663,44.62258986847496,13.61060098426941,73.20360540183518
1537,557.2682865561264,-35.313701832951594,-20.006496620952987,-163.37635102407907,188.06613629578516,-43.0772716912151,-15.128100147712848,-100.28724515222224,33.29852879394089,138.2366002663081,-228.0042693706689,215.18224335010112,-54.615453574419845,-37.88711896272005,-4.813702860729727,86.60160978549995
1538,811.8503028582904,-81.3869579663299,-146.60531583577756,-240.59380403404236,279.2825072543136,-84.90172914409935,-55.547687969452966,-115.93655272135955,25.589369305115667,140.13544301057235,-298.1870248888236,339.2632820159536,-383.4919519594211,7.199247441191802,-16.304177066799614,79.71113875051404
1540,847.1218722180955,-70.5737081595619,-141.49141088451867,-247.2394600080649,286.97340889057205,-81.44447099945633,-52.31811623476098,-98.21458242005575,32.87334675305914,168.11356781398578,-302.1850078101294,330.5753476893615,-411.5735241965586,3.3229819474093976,-5.587295040193384,107.68643712609837
1541,705.9646607900877,-63.76936246488144,8.077012702186192,-209.1059332841349,243.56758803978528,-70.1488860662632,-23.923655458180008,-197.59025205632426,8.187190217707192,145.7334018614928,-261.01445019775883,277.70628840343795,-335.25684715094434,-82.90158581049292,-36.527127495377655,60.175650349233315
1542,269.04600932957305,-28.45190111011846,-3.256554174007573,-84.68242298827623,101.25081676013285,176.83865998690044,-17.93013757110465,-58.633615538144674,14.856169686479703,40.839947491357194,-94.34679062320086,125.87016994809647,-114.80907111505844,-5.8994492859569965,-28.321068734802726,18.972123410143293
1543,494.6373233712292,-45.584792404137744,45.00384725576837,-151.73552274520682,192.2607559360637,-47.536454818391014,-38.08788760572216,-30.18674839364604,13.982723831695044,65.3147365973116,-99.55847552187315,209.66533355219028,-58.88318243871032,-17.437321743412312,-23.537412270820973,22.45710970521846
1544,530.6979128364937,-51.07876720957169,-9.502783232196501,-204.08980762537982,241.05534255876898,-54.47625013991473,-30.521191324361848,-85.91828186292491,53.08970589689881,137.850634122866,-251.23280315534024,273.68360917953765,-298.2961401046979,-20.28373296427813,-9.86240601162219,83.97355668674001
1545,588.6965297387555,-38.84242513029813,-44.33059205184655,-172.12622139831967,198.5865653272104,-46.79633826913943,-21.273024527799027,-87.84257278565767,37.35776827873146,141.12256853773724,-243.04880146701947,230.2369773295689,-72.13131309428458,-22.198206566502527,-1.3326182149117716,93.39019860086023
1546,811.8503028582904,-81.3869579663299,-146.60531583577756,-240.59380403404236,279.2825072543136,-84.90172914409935,-55.547687969452966,-115.93655272135955,25.589369305115667,140.13544301057235,-298.1870248888236,339.2632820159536,-383.4919519594211,7.199247441191802,-16.304177066799614,79.71113875051404
1547,583.5580476009658,-24.46623029007689,-44.40667383595989,-167.6709933380838,185.78850157132496,-35.39301353058181,-25.14384390717094,26.525070290353085,25.347302854393106,155.49659356392482,-183.01737151061965,192.98961460454564,-266.7524068802227,5.070345599223365,32.87509288903821,103.07078814635207
1548,377.8562505503274,-52.29428238247036,39.02820136080473,-117.51182201360594,138.09458359216438,-53.42456067073591,-13.69557217644967,147.15617437936217,2.9960998893164024,49.31681693091596,-152.3428532361917,171.44773369204094,-176.53003899703276,-57.47937823872432,-49.51122333020642,16.999482294829395
1549,320.5472190554885,-17.101997936692715,0.37214950176407735,-106.47391443498277,105.76614811819186,-30.655101060171766,-43.34539556725537,-46.33886282443756,33.41143505412691,42.4107078264232,-311.4468333581276,107.52619871004927,-120.96960279095028,-40.48472645577868,-25.509700320728506,45.42096389847672
1550,225.00057222228222,-17.81367669561734,12.245964613231308,-81.11227257648908,258.0338285914057,-24.926497855414457,-16.521044479161375,-41.084508865874874,-12.350115123084885,64.9731655221662,-80.5775995959435,100.56192902533911,-135.36411156395764,-24.96988921061167,-7.289792253070126,48.15284595877511
1551,422.7739684809445,-27.36942168788637,-10.757876228870161,-124.65731449797401,151.13080775047055,133.24246953437316,-19.329666044736875,-21.633813274504465,22.549085551130368,94.19169882045807,-150.34521704595835,167.23137613443905,-190.545229548203,-14.773148905517106,11.519745107938487,60.88475229856301
1552,312.79997859228405,-72.77205796043262,-85.94169912588869,-114.88986416921414,125.82017981047962,-45.507783429958664,-35.33139928305999,-55.99044622703955,-20.715196820240102,2.0038138548086093,-139.6398493974349,208.2684898171759,-98.54514836335638,7.70441311380725,-26.954585047599263,-44.98643312333135
1553,754.4846491602556,-68.04427563228586,-29.619842643645427,-223.5672759891157,261.35698087997656,-76.73770927074906,-28.538791375814853,-209.77238740721475,11.738157626013633,152.22286662896462,-257.1173330810628,294.83659898451054,-357.93791139698163,-77.6642851509904,-37.00671635637853,67.89292523217684
1554,234.13108067981304,-14.69263590413633,24.564265548837803,-76.8986825848229,70.75658712625922,-25.36807995868928,-22.029762604369925,-43.91952953101434,19.06239557918989,36.135671411885596,-52.650610034291184,75.04525877583794,-111.28716743665797,227.44232928538946,-29.07330170471187,37.877225377969985
1555,575.920284020829,-56.82989560831688,81.6111710373639,-167.9923923083554,193.11026337639458,-51.2218362927371,-32.211622751793854,-54.0749020564452,8.788420222782543,116.92077278607726,-315.13961678875285,251.66305740926427,-276.4515344685636,-8.296141866046106,-6.060155833681482,49.63039780267154
1556,545.1089684404317,-49.59918824238122,-6.040730735514935,-143.3129181711747,209.22549611993443,-43.04350645305431,-20.455306280342892,-65.00521688012803,210.47358739798145,99.04633936131923,-184.70027921993588,239.84721217086593,-217.53335199523664,-13.351214336436444,-11.58250072700238,47.703177422754464
1557,575.920284020829,-56.82989560831688,81.6111710373639,-167.9923923083554,193.11026337639458,-51.2218362927371,-32.211622751793854,-54.0749020564452,8.788420222782543,116.92077278607726,-315.13961678875285,251.66305740926427,-276.4515344685636,-8.296141866046106,-6.060155833681482,49.63039780267154
1558,868.9351890881084,-78.9271270735387,-131.55824806335042,-254.87695346287336,298.1358113814525,-88.59127442290003,-52.97159182295055,-141.53003071302714,29.25814123997252,164.2433599051314,-312.52307625155237,347.79049066227054,-422.08258562918036,-9.179637392917915,-18.02902560995203,98.075473353594
1559,541.2778335253671,-34.60970743953726,-20.251318903963607,-166.4503685649636,191.9454837137966,-41.61981574437245,-17.057069423019655,-82.99757663574772,42.98106210761656,138.72445504039402,-235.84029557420857,221.03146757789276,-53.61835443707938,-26.991127744285315,-0.8602004416302519,91.29520501422802
1560,649.4154713975272,-61.21945431576528,103.77760969131587,-186.74283368438927,227.13819871380474,-63.333404127331406,-44.43723020821044,-80.79697406620323,13.277587029697745,132.14253007329316,-241.770562785831,276.04857421924885,-298.3719657486876,57.14167511269574,18.881117546248174,69.80130599234799
1562,575.8566544589269,-52.22043816659122,-10.770979524815418,-216.6888942156152,241.92012427517867,-57.66720147365491,-31.89524560673002,-89.69647771724905,91.03623585912885,142.1244735572599,-262.85176477306806,278.7892588317217,-307.9057667970063,-19.987978736397626,-9.41332895957483,85.9328894934372
1563,481.52551849381155,-14.313713383007363,-59.85351274201051,-138.4265327098733,150.06939169612,-25.8038864001981,-17.36248051226292,36.758959222324314,24.658871221368663,171.99233982044615,-153.45355531707008,150.44626662215794,-209.26963265985216,-5.5589051823415545,28.430955215934514,94.6196579393012
1564,759.7536557790147,-67.72540435138069,-26.084903487414113,-224.7226854390611,263.14159407838974,-77.01727588996879,-28.67504636587209,-210.2461204459172,12.25636688015563,154.6357168725675,-258.3530528002683,295.77738927403425,-361.52013429158137,-76.64905370132644,-36.08071244830085,70.14101124166429
1565,865.1875381789222,-77.76691181672817,-129.9814540891083,-253.54155368148224,296.5975762690517,-87.94649546683571,-49.29176527119936,-141.04139724723913,29.640753719731887,164.67621779664475,-310.90965070387875,344.9207571631079,-421.5901424547578,-9.739019565961438,-17.76279140929066,99.3315322242192
1566,675.6157152182699,-62.61711566029645,91.9976737548004,-194.8461473733192,237.5862695061419,-67.23195259593817,-43.38560082888658,-108.13932091174443,13.292538208832552,137.95969016504995,-228.47709952505338,281.59541154209944,-309.65469040507685,46.34921605182737,14.434020340880778,72.47132085271816
1567,534.7890762483294,-28.313679185682915,-32.999510072739746,-155.8570339087123,177.05411440381573,-36.572533211039485,-15.408401744170861,-57.03793497202651,36.62333615258214,139.60950802672528,-218.65154621637762,200.1597411017952,-42.901851773889334,-23.28475687906267,7.030781775028957,94.1696074234813
1568,522.3715447798156,-50.59562706285732,48.965520620863565,-160.71219961387038,201.8446063691382,-53.03528855645054,-40.40318174586633,-52.495477946456326,9.553134561642047,65.65742698564623,-98.4074763875378,218.7546507023267,-113.7678232683432,-29.4219767443238,-31.03985931164381,18.201367587292783
1569,620.0470042636055,-27.370439236975745,-85.97324242612092,-179.03174230225963,197.16572214684578,-39.36389425184138,-26.416345055534705,18.17973316505015,28.18361988706595,160.85927644232143,-199.0554124905129,204.97101361049067,-288.2412114917577,-7.871684078638424,25.96853584492687,107.78581760444091
1570,556.0208691761508,-35.848117297334475,-17.831116271104285,-163.1990873050828,188.41139203256668,-43.42139601021498,-15.511613136723671,-101.41245713751886,33.00126291359677,136.44092775788457,-226.3540050519882,215.8030875644532,-51.509394150472794,-37.965152295933834,-5.85239636123093,84.9521212011381
1571,690.5107649906354,-62.268741764562975,9.548442125672322,-205.8981188226471,244.14222976027355,-69.93837489306381,-26.03473346117376,-192.39966140260694,8.111276360216186,134.86541894541602,-216.0680107835567,270.5847478978369,-299.62646187591065,-80.22805353997622,-38.57868973203282,53.670970517631524
1572,561.2492287407075,-23.051212589921768,-45.53678062688252,-161.76903390397337,176.0518486031666,-31.9383995869269,-21.89910992711258,33.869516113587416,23.897579490362123,151.12483472109076,-199.61731655543457,185.5627107722606,-258.96305691345765,-10.166117297071102,27.28298602160086,97.48110178282053
1573,649.4154713975272,-61.21945431576528,103.77760969131587,-186.74283368438927,227.13819871380474,-63.333404127331406,-44.43723020821044,-80.79697406620323,13.277587029697745,132.14253007329316,-241.770562785831,276.04857421924885,-298.3719657486876,57.14167511269574,18.881117546248174,69.80130599234799
1574,620.0470042636055,-27.370439236975745,-85.97324242612092,-179.03174230225963,197.16572214684578,-39.36389425184138,-26.416345055534705,18.17973316505015,28.18361988706595,160.85927644232143,-199.0554124905129,204.97101361049067,-288.2412114917577,-7.871684078638424,25.96853584492687,107.78581760444091
1575,702.0296387740041,-63.45173444158842,12.488515574751556,-207.8915841940329,242.3379189059795,-69.72216408125686,-23.73532334222579,-196.92632423552945,7.859758555405011,145.16708234046274,-259.2721317418433,276.37576377364906,-332.94760500421035,-81.77859446210192,-35.88391601783259,59.628691033120894
1576,315.8833544855803,-35.83353041705535,-5.001483817230667,-106.69020470600609,103.41138890868042,-23.86550108498381,-19.88059967268484,-33.737133816472415,65.78028834006258,67.88263610902875,-104.53643489650675,290.4165505012481,-151.67732635434444,-20.20572685190079,-27.89576234310556,4.621809976915894
1577,541.2778335253671,-34.60970743953726,-20.251318903963607,-166.4503685649636,191.9454837137966,-41.61981574437245,-17.057069423019655,-82.99757663574772,42.98106210761656,138.72445504039402,-235.84029557420857,221.03146757789276,-53.61835443707938,-26.991127744285315,-0.8602004416302519,91.29520501422802
1578,652.2767348957235,-61.4915256017966,101.22914955582326,-187.5255756212332,228.05766947634163,-63.62974325613517,-45.04805021938883,-79.09091514884855,13.715586620046718,132.44304240519733,-243.15570636509324,277.3724215111928,-299.9755826044926,58.85379130664756,19.355559814908837,70.55586969538342
1579,811.8503028582904,-81.3869579663299,-146.60531583577756,-240.59380403404236,279.2825072543136,-84.90172914409935,-55.547687969452966,-115.93655272135955,25.589369305115667,140.13544301057235,-298.1870248888236,339.2632820159536,-383.4919519594211,7.199247441191802,-16.304177066799614,79.71113875051404
1580,813.5217115278966,-70.85375229696841,-131.0401890686013,-238.39666094240533,311.49758307096505,-80.42497384247172,-51.4426114956701,-111.67419723200379,34.77204125946984,152.58811932772718,-295.2336390110728,325.82648924239857,-392.60583745585416,4.424968803983505,-10.6949814255414,92.25710474139504
1581,813.5217115278966,-70.85375229696841,-131.0401890686013,-238.39666094240533,311.49758307096505,-80.42497384247172,-51.4426114956701,-111.67419723200379,34.77204125946984,152.58811932772718,-295.2336390110728,325.82648924239857,-392.60583745585416,4.424968803983505,-10.6949814255414,92.25710474139504
1582,695.4522737271633,-62.56938531400697,10.42040637096052,-206.2862058090448,239.91047789406727,-69.06859801991368,-23.71348664940669,-196.23716201069414,8.262435515893594,143.37244589552535,-260.6656571532892,273.0053162634651,-329.39955774505563,-83.73112249347142,-36.77173237517212,59.14108419124347
1583,527.9897417649711,-51.3249428585449,50.14341915831306,-161.9095298307487,204.9236029892845,-53.476336057594835,-39.906282289516106,-52.77146853517834,9.050897894417309,67.80472051297693,-102.33358588720026,222.76807407080744,-116.19644644542649,-26.05940513650285,-29.5929081205342,17.973355742917676
1584,356.98674835638593,-23.57067185436083,41.94260936976195,-124.88285746908696,74.99267856078487,-41.49723988192357,-71.58161314466942,-62.47078179718004,38.64093819574565,14.476190311711525,-2.260966844421464,69.58638991939901,-143.61966376622271,-109.43636435622594,-56.16121572343256,75.24417769561406
1585,489.4092303024009,-38.36705524314487,-35.58705420524136,-146.39334337030286,165.8764299938026,-38.82417333739171,-17.9700513510217,-73.13702942839474,29.3603646905529,109.8736016744667,-210.70197182307203,208.09779691526103,-9.78286437560705,-19.890163083565977,-4.00812939898529,64.33698656837689
1586,521.3147624121352,-26.607999280147933,-76.52246106315714,-153.70521953164942,163.6337038332406,-31.729577852233795,-24.08986134699453,32.20231908689435,20.340015317895695,128.65447807953527,-164.99174636298724,178.23776371103943,-226.19231261040775,-7.321549156846116,22.811314094696826,80.27098057974034
1587,444.1965224654431,-39.53088013466044,-10.189833266867732,-171.38279662223067,139.61397768563745,-47.83183706631609,-25.879924084719534,-67.99583406115516,187.80792899152584,94.80360037797237,-185.05852157545445,179.81916500187472,-226.7044787694383,-14.81139896180518,-5.912482097979431,53.46433839778187
1588,585.5841106818145,-57.23990624367215,64.84378640370925,-171.8768566876777,195.90204871781444,-52.39528199856015,-28.40923169477627,-75.40478269979083,7.79330887036143,119.31303748821044,-318.3541906786327,251.72315344986845,-282.8021620869249,-33.812109747131416,-16.119039549533053,47.76195832036452
1589,321.1014918429299,-22.97758812239456,12.014114169189915,-102.39172055861542,282.8568511330937,-32.2478831068894,-17.52137407110077,-69.31481482806355,-3.7405556896457357,79.49949097255671,-104.26357910623628,125.17450462745056,-165.23968531273638,-36.74337264470544,-11.9429347779279,52.71708275479508
1590,530.6979128364937,-51.07876720957169,-9.502783232196501,-204.08980762537982,241.05534255876898,-54.47625013991473,-30.521191324361848,-85.91828186292491,53.08970589689881,137.850634122866,-251.23280315534024,273.68360917953765,-298.2961401046979,-20.28373296427813,-9.86240601162219,83.97355668674001
1591,342.6845488550013,96.98834553365371,0.5012672239236248,-101.32675023374057,128.57426568171002,-27.242138981300876,-16.863728346314943,-48.08736936315631,19.311567162303206,66.75272916561207,-122.74287104485734,220.74969906308118,-147.96870454361547,-14.980567403421036,-16.86260054894599,30.541207791495484
1592,645.3524458168856,-60.94585934311483,104.79248411713189,-185.64311895959182,226.15773304453,-62.921853156444676,-44.784018928919,-77.30626924451752,13.301077568052774,130.4660126124822,-238.92720216342207,274.8531573735731,-293.78621536292553,58.495891322782576,19.105762086535638,68.90886562298014
1593,581.2067148926088,-24.055334631655548,-60.47699440103463,-168.89570504437086,185.60138186850628,-35.58260193809764,-20.19568451033571,4.2691701203008625,22.993730627166336,156.25818159813934,-182.64655542849786,189.0421684403671,-268.8798395952416,-23.661252851851373,21.76468435103141,99.705168392137
1594,449.09267080318637,-35.33978709053349,0.29302204510785385,-133.41306352158512,163.53732342759787,125.988505831372,-19.391268541349103,-67.1249295440839,19.229292193966067,92.61960441215206,-164.1104064333131,184.78434881446714,-204.79412838435042,-30.731589762991824,-1.7371671344464443,52.80999744388117
1595,805.6746785886046,-80.60695194303722,-146.7206995782185,-238.78707312167523,280.40920326629674,-84.04410413851429,-55.42341322724161,-112.66659739557203,26.09999517445588,138.70205320955904,-296.2987917051898,336.97213511122953,-380.1154923235356,8.741695670149829,-15.551607664545747,78.9252537270377
1596,583.4207094769067,-52.889429904983935,-6.294329351539767,-155.95157701051616,234.6106669451849,-45.81843413964489,-22.098101339130018,-70.82169699032323,190.6292807322252,111.3392250000276,-205.29846019594626,265.67824819328115,-238.698968588437,-14.634659465633389,-12.220449246273237,56.54460987927563
1597,620.0470042636055,-27.370439236975745,-85.97324242612092,-179.03174230225963,197.16572214684578,-39.36389425184138,-26.416345055534705,18.17973316505015,28.18361988706595,160.85927644232143,-199.0554124905129,204.97101361049067,-288.2412114917577,-7.871684078638424,25.96853584492687,107.78581760444091
1598,539.5135699322219,-43.93831038518448,-5.852703259883877,-134.78167028020178,243.66774173546418,-39.18111451198604,-18.832050318716497,-59.857235007933674,182.47058713606287,96.14089378377106,-179.17303362572835,239.51829216709257,-206.47367070330588,-11.541325390519285,-10.056743867694802,43.10621821283581
1599,530.6979128364937,-51.07876720957169,-9.502783232196501,-204.08980762537982,241.05534255876898,-54.47625013991473,-30.521191324361848,-85.91828186292491,53.08970589689881,137.850634122866,-251.23280315534024,273.68360917953765,-298.2961401046979,-20.28373296427813,-9.86240601162219,83.97355668674001
1600,872.4623460240889,-77.8458020928619,-131.0468575682245,-255.54151906027562,298.90490154507836,-88.24554860843571,-52.64863464948135,-139.75783368289675,29.986538984766867,167.04117238547275,-312.922874543683,346.92169722961137,-424.89074285289405,-9.567263942296156,-16.95733740729141,100.87300319115245
1601,530.6979128364937,-51.07876720957169,-9.502783232196501,-204.08980762537982,241.05534255876898,-54.47625013991473,-30.521191324361848,-85.91828186292491,53.08970589689881,137.850634122866,-251.23280315534024,273.68360917953765,-298.2961401046979,-20.28373296427813,-9.86240601162219,83.97355668674001
1602,204.7303423645873,-24.995203912205536,30.90915859189534,-65.68629372403743,78.10830508959023,-27.64077363288633,-19.952611513786923,-41.01191028704713,10.686935310082738,21.263320736237592,-62.178481941682186,83.97208729958356,-88.64582664060008,-15.333211930311524,255.94395667217344,4.422138936230456
1603,526.8534859769663,6.811604665980927,-58.57104650044877,-151.706450236334,167.51206663489728,-28.591814051234877,-19.516529385868388,33.16438890389003,25.249214674599695,143.4225633889791,-168.01512448973241,177.7302088722616,-239.00182021324946,-10.178210955782697,26.17143965869324,95.48144700911364
1604,323.4084825536848,-17.374069222724042,-2.1763106337285483,-107.25665637182674,106.68561888072875,-30.951440188975543,-43.95621557843376,-44.632803907082874,33.849434644475885,42.711220158327365,-312.83197693738987,108.85004600199328,-122.57321964675525,-38.772610261826856,-25.035258052067842,46.175527601512144
1605,579.7415437113137,-53.088144455241675,-12.454522614134033,-217.41049550186108,242.19494535846704,-58.07515302393862,-32.29393894531203,-90.00278406919472,91.43848788944355,141.0417876496715,-263.8162914466019,280.5321634550367,-306.94312194994393,-19.499695810023947,-9.76225031415795,84.4274200528224
1606,868.9351890881084,-78.9271270735387,-131.55824806335042,-254.87695346287336,298.1358113814525,-88.59127442290003,-52.97159182295055,-141.53003071302714,29.25814123997252,164.2433599051314,-312.52307625155237,347.79049066227054,-422.08258562918036,-9.179637392917915,-18.02902560995203,98.075473353594
1607,404.79980821123394,-77.92709178573136,-85.78950194108906,-135.04756026811557,146.0787883548384,-52.79066382279558,-36.32533414708808,-84.2521699120022,-12.579920971678732,15.41695596633544,-161.60234983837142,231.21440396888516,-126.81250423998785,-4.57708107501306,-26.635975251120463,-40.8312114326264
1608,515.4147769016807,-50.75963651824172,68.2196855626917,-157.1246972637675,200.9709208931605,-51.86971829970437,-43.82552105534746,-28.40354935343924,10.044348004712337,64.76610468953741,-100.59606347074015,222.09166277210878,-108.59218275413303,0.655724862456709,-19.039902492975145,19.545126907405773
1609,754.1354587938592,-66.99608855569312,-27.262802024863607,-223.52535522218278,260.0625974582435,-76.57622838882449,-29.171945822222312,-209.97012985719516,12.758603547380364,152.4884233452368,-254.42694330060573,291.7639659055535,-359.0915111144981,-80.01162530914739,-37.527663639410456,70.36902308603939
1610,339.9504733466707,-17.58779076563771,-5.3598912802878385,-103.11228038756255,315.68796952089633,-22.573478285663796,-14.99130505335875,-32.076161078396346,34.282775598123195,65.23334499642135,-121.80700006264034,136.59671540774244,-139.7967927090671,-6.4534519092084635,2.0134387824067193,21.09702834430544
1611,450.41233669073995,-39.9576470938893,-10.37780237251397,-172.79010792042274,142.7348910947533,-48.28980532168707,-26.007642311332926,-68.57539781365524,191.47755631023617,95.64752501888171,-187.2817083585499,180.04911999949644,-228.78432165330204,-14.688785698239807,-6.7242156636523704,51.753456533014976
1612,517.5692148941116,-47.24291794728739,48.30547311485365,-158.94606378842815,201.3923057713693,-52.5426350994992,-39.1418823119724,-51.528302859080746,8.790423114499028,65.48360834968906,-99.03379550699509,217.39501218033143,-111.35896071333342,-27.188362232836056,-30.09883548826617,16.447700137856604
1613,805.6746785886046,-80.60695194303722,-146.7206995782185,-238.78707312167523,280.40920326629674,-84.04410413851429,-55.42341322724161,-112.66659739557203,26.09999517445588,138.70205320955904,-296.2987917051898,336.97213511122953,-380.1154923235356,8.741695670149829,-15.551607664545747,78.9252537270377
1614,204.7303423645873,-24.995203912205536,30.90915859189534,-65.68629372403743,78.10830508959023,-27.64077363288633,-19.952611513786923,-41.01191028704713,10.686935310082738,21.263320736237592,-62.178481941682186,83.97208729958356,-88.64582664060008,-15.333211930311524,255.94395667217344,4.422138936230456
1615,599.6952706655414,-51.430921911771556,-11.751640644433035,-216.37937693569916,253.0717037903012,-56.636796208194276,-30.55646532602554,-91.70335803896184,62.84813611417276,150.49914128554198,-272.09779551896725,288.40557482912067,-271.20100084527587,-22.15271222899052,-8.460792445466051,93.43990502285331
1616,515.4147769016807,-50.75963651824172,68.2196855626917,-157.1246972637675,200.9709208931605,-51.86971829970437,-43.82552105534746,-28.40354935343924,10.044348004712337,64.76610468953741,-100.59606347074015,222.09166277210878,-108.59218275413303,0.655724862456709,-19.039902492975145,19.545126907405773
1618,302.3215176774913,-21.721339330397583,11.670219462447653,-91.67482279717781,277.74485550201706,-27.967637871625094,-17.24990595503925,-45.74093266297002,29.639578481159415,72.92426375608035,-97.16444507905517,123.71020536776732,-148.06487188911245,-24.630227231935873,-7.912498073779131,51.30766880785695
1619,717.4141685554243,-64.32108588306177,17.181956926982824,-211.91108696650195,250.17463544232623,-72.46888792522128,-26.71602603181432,-202.48612415443276,8.894972867442048,147.56181139058165,-238.44368249535714,281.28340346831436,-334.5475877294083,-66.90003154967243,-30.541606878768437,63.57137332424916
1620,645.3524458168856,-60.94585934311483,104.79248411713189,-185.64311895959182,226.15773304453,-62.921853156444676,-44.784018928919,-77.30626924451752,13.301077568052774,130.4660126124822,-238.92720216342207,274.8531573735731,-293.78621536292553,58.495891322782576,19.105762086535638,68.90886562298014
1621,575.920284020829,-56.82989560831688,81.6111710373639,-167.9923923083554,193.11026337639458,-51.2218362927371,-32.211622751793854,-54.0749020564452,8.788420222782543,116.92077278607726,-315.13961678875285,251.66305740926427,-276.4515344685636,-8.296141866046106,-6.060155833681482,49.63039780267154
1622,422.7739684809445,-27.36942168788637,-10.757876228870161,-124.65731449797401,151.13080775047055,133.24246953437316,-19.329666044736875,-21.633813274504465,22.549085551130368,94.19169882045807,-150.34521704595835,167.23137613443905,-190.545229548203,-14.773148905517106,11.519745107938487,60.88475229856301
1623,329.50530002706284,98.27165533100157,1.978532421093035,-95.70731639147444,120.00508344344283,-26.679851471580694,-15.872014784313645,-48.672254709475006,12.655555143672235,65.06507503415634,-117.7435905419028,210.13448352715938,-141.65815758334153,-14.868052958949518,-6.6240110534009835,53.88820448938641
1624,702.0296387740041,-63.45173444158842,12.488515574751556,-207.8915841940329,242.3379189059795,-69.72216408125686,-23.73532334222579,-196.92632423552945,7.859758555405011,145.16708234046274,-259.2721317418433,276.37576377364906,-332.94760500421035,-81.77859446210192,-35.88391601783259,59.628691033120894
1625,693.0129812460588,-62.61039046568304,10.530370392762363,-205.40077496269637,239.0150705951654,-68.79781850597283,-19.91924180041736,-195.963957731039,7.724161781022382,143.1870899883732,-256.42298647496415,272.5652399849628,-328.8729389351881,-83.35320808480941,-36.543685725248906,58.63666389425865
1626,229.37211136591225,-1.6334875440855214,5.276380669736248,-64.08539160513115,57.19568784831291,-14.22619460008763,-12.813870719607221,-34.28184033870859,-4.5852077452712265,54.699236092559445,-68.45220425538578,236.94169783622274,-104.68865835485632,-19.5490537822722,27.806354519911654,132.3076808822515
1627,807.1789463912502,-71.12706684061187,-132.71208548775988,-236.8096443392019,309.402771501283,-80.01502436704942,-51.72884440083703,-108.83047745515184,34.364399933374635,149.9094618949984,-293.64074441521404,324.87902161502996,-388.31798927032537,6.244844896662362,-10.503331587413355,90.2166231188306
1628,378.8115505667155,-45.767135061616095,14.334324413238503,-117.29099383218282,136.4463370786431,-50.199528292544095,-12.159852405289406,162.9349570652509,6.220276497568723,56.97187862010463,-125.64137546471261,159.4482756727084,-174.2694901082036,-55.148503984460795,-41.81906203939461,27.536647622958423
1629,530.6979128364937,-51.07876720957169,-9.502783232196501,-204.08980762537982,241.05534255876898,-54.47625013991473,-30.521191324361848,-85.91828186292491,53.08970589689881,137.850634122866,-251.23280315534024,273.68360917953765,-298.2961401046979,-20.28373296427813,-9.86240601162219,83.97355668674001
1630,553.4560167063224,-50.042379504343444,-6.192910226379309,-145.83669271413237,211.85049137410044,-43.64009435508739,-20.756991214458424,-65.96468447657998,212.28380972762884,100.70301186862945,-187.9219934793097,242.94088073832586,-220.61087632378752,-13.449983426568087,-11.60138787372473,48.7832539490763
1631,868.9351890881084,-78.9271270735387,-131.55824806335042,-254.87695346287336,298.1358113814525,-88.59127442290003,-52.97159182295055,-141.53003071302714,29.25814123997252,164.2433599051314,-312.52307625155237,347.79049066227054,-422.08258562918036,-9.179637392917915,-18.02902560995203,98.075473353594
1632,529.5651641308325,-51.819621169664416,-11.045415622335236,-203.41151040159957,241.2340767846785,-54.529651542005084,-30.76721196490295,-85.80478867550121,49.275676820299054,136.2930771670116,-250.9063340935711,274.8592193970544,-296.26575895849015,-19.828311618780063,-10.261224816432792,82.25038360093662
1633,724.3384576342622,-64.86675214174353,13.618622365674181,-213.79354362814334,252.07457187413786,-73.17677802491178,-26.980057322284154,-204.27077005876376,9.309481919435992,149.5388411832968,-242.67218669702828,283.8026676059341,-340.7369549709754,-66.54213156580747,-30.29180915039524,65.21837739665244
1634,758.0118060962361,-66.96295065160906,-29.108452148519536,-224.23184158651796,262.1260710436024,-76.39198345628475,-28.215834202345654,-208.00019037708435,12.466555370807981,155.02067910930597,-257.5171313731934,293.96780555185137,-360.7460686206953,-78.05191170036863,-35.93502815371791,70.69045506973528
1635,494.77563726718563,-38.703657223374826,-35.705487709210345,-148.64379265135418,168.69910460621588,-39.5121391032058,-18.21637796838491,-74.27540565833931,29.90168808752717,111.39157187357752,-213.93271270579072,207.9271244532197,-12.968983671031305,-19.887783503058547,-3.6388584742491235,65.98480968923374
1636,868.9351890881084,-78.9271270735387,-131.55824806335042,-254.87695346287336,298.1358113814525,-88.59127442290003,-52.97159182295055,-141.53003071302714,29.25814123997252,164.2433599051314,-312.52307625155237,347.79049066227054,-422.08258562918036,-9.179637392917915,-18.02902560995203,98.075473353594
1637,519.4536389503763,-33.38576254348041,-8.697246438760114,-153.30165478190565,179.58720100909414,-39.717437272234456,-18.632711623100697,-69.99611374234742,33.21267775879202,121.35227061058576,-200.763759450308,205.04433595337156,-10.237640678613838,-25.777206405152306,-3.830595498643744,76.92015787682747
1638,702.0296387740041,-63.45173444158842,12.488515574751556,-207.8915841940329,242.3379189059795,-69.72216408125686,-23.73532334222579,-196.92632423552945,7.859758555405011,145.16708234046274,-259.2721317418433,276.37576377364906,-332.94760500421035,-81.77859446210192,-35.88391601783259,59.628691033120894
1639,387.5265881169693,-25.419720867698267,31.69876266668531,-132.957588332467,81.16428857144912,-44.55802115930422,-64.7201322909996,-94.04547677139725,38.381003965859534,28.99556537860589,-27.48825292497818,77.72335724962514,-184.69687626389248,-121.71803253745895,-57.949777087517795,83.38415863735328
1640,278.7116710870853,-29.44447010969697,-3.404200346444673,-87.38267107590981,104.8391777264542,175.8966438275698,-18.023862839653535,-61.80494743061304,14.652821232244746,43.06847029093112,-98.06265207242218,129.994932841946,-119.27427952091345,-11.786296502658233,-28.350434838283856,19.486006369068875
1641,690.5107649906354,-62.268741764562975,9.548442125672322,-205.8981188226471,244.14222976027355,-69.93837489306381,-26.03473346117376,-192.39966140260694,8.111276360216186,134.86541894541602,-216.0680107835567,270.5847478978369,-299.62646187591065,-80.22805353997622,-38.57868973203282,53.670970517631524
1642,492.75671724808666,-45.433591921092976,44.863314435064034,-151.95067939871518,192.51611853725922,-47.315141694718086,-38.277112106422614,-27.99618986130036,14.983052804932525,65.37543757948143,-100.2227685118543,210.06862986896667,-58.63550342879477,-16.20449766723878,-23.015728224832156,23.002174049590664
1643,868.9351890881084,-78.9271270735387,-131.55824806335042,-254.87695346287336,298.1358113814525,-88.59127442290003,-52.97159182295055,-141.53003071302714,29.25814123997252,164.2433599051314,-312.52307625155237,347.79049066227054,-422.08258562918036,-9.179637392917915,-18.02902560995203,98.075473353594
1644,525.6208825916955,-50.79192887663971,47.95272350469312,-161.28057556012675,203.9364968181044,-52.99969250425676,-39.34420371543496,-52.64598458535968,9.44456935290297,67.79494859162371,-102.37753223965552,221.46380962300614,-111.10018280659101,-27.748793585302327,-29.993246907148034,18.234887190917053
1646,556.0208691761508,-35.848117297334475,-17.831116271104285,-163.1990873050828,188.41139203256668,-43.42139601021498,-15.511613136723671,-101.41245713751886,33.00126291359677,136.44092775788457,-226.3540050519882,215.8030875644532,-51.509394150472794,-37.965152295933834,-5.85239636123093,84.9521212011381
1647,807.1789463912502,-71.12706684061187,-132.71208548775988,-236.8096443392019,309.402771501283,-80.01502436704942,-51.72884440083703,-108.83047745515184,34.364399933374635,149.9094618949984,-293.64074441521404,324.87902161502996,-388.31798927032537,6.244844896662362,-10.503331587413355,90.2166231188306
1648,411.0134969019758,-78.44238043785208,-85.04329140167313,-136.87632833891018,148.5360406709098,-53.27524271613194,-36.80279233791929,-84.00000269333005,-12.592772717786138,16.28701164540144,-162.3707014689526,233.97679547833567,-127.21143136225851,-4.257302339157702,-32.13565243442344,-40.52875167320289
1649,558.2032886336499,-35.97051178694016,-18.986523517624637,-164.5139586833886,189.64722030303693,-43.61163385742878,-15.354048916715566,-102.71260342685889,33.97810134847922,138.17814620086537,-229.86165866437824,217.4018007269053,-55.84746552631935,-38.08654442984714,-5.555356855529581,86.38962591487815
1650,579.7415437113137,-53.088144455241675,-12.454522614134033,-217.41049550186108,242.19494535846704,-58.07515302393862,-32.29393894531203,-90.00278406919472,91.43848788944355,141.0417876496715,-263.8162914466019,280.5321634550367,-306.94312194994393,-19.499695810023947,-9.76225031415795,84.4274200528224
1651,611.6072983901472,-55.02368603575158,97.54023398030891,-179.45714185961444,204.8552163466945,-61.95082107453702,-52.4626266358168,-84.71758618142259,19.42224540367388,114.47503412179019,-184.16720428847592,242.0107197369374,-279.5658417978856,39.87541327917172,10.646923980134485,77.12415148351819
1652,535.907929267479,-51.54630662602096,-9.373519203176665,-204.998527004803,243.32888835436063,-54.939601017427385,-30.48097905973601,-88.64850845235317,49.68331814639426,138.9717345997404,-252.49922868942986,275.806687024423,-300.55360714401894,-21.64818771145892,-10.452874654560837,84.29086522350106
1653,865.3415897210328,-77.67886255435586,-129.8604690703178,-253.48411525225924,296.77631791474994,-88.03696325809153,-52.385537030241004,-141.15584316199116,29.770612296187117,168.21361516411386,-311.3603559705116,344.95544878330696,-420.4853138487664,-9.162521027177611,-17.50989108724486,99.73204002589247
1654,575.8566544589269,-52.22043816659122,-10.770979524815418,-216.6888942156152,241.92012427517867,-57.66720147365491,-31.89524560673002,-89.69647771724905,91.03623585912885,142.1244735572599,-262.85176477306806,278.7892588317217,-307.9057667970063,-19.987978736397626,-9.41332895957483,85.9328894934372
1655,545.1089684404317,-49.59918824238122,-6.040730735514935,-143.3129181711747,209.22549611993443,-43.04350645305431,-20.455306280342892,-65.00521688012803,210.47358739798145,99.04633936131923,-184.70027921993588,239.84721217086593,-217.53335199523664,-13.351214336436444,-11.58250072700238,47.703177422754464
1656,526.1523620805536,-51.21520389085869,49.589258191964255,-161.44076879634787,204.07290460584923,-53.17354686172998,-39.60064210310569,-52.10341673493439,8.93866872424443,67.42417658079653,-104.16781223727328,222.15843615055783,-115.64843566342338,-27.695350560971395,-30.216439955032442,17.469083038175764
1657,575.8566544589269,-52.22043816659122,-10.770979524815418,-216.6888942156152,241.92012427517867,-57.66720147365491,-31.89524560673002,-89.69647771724905,91.03623585912885,142.1244735572599,-262.85176477306806,278.7892588317217,-307.9057667970063,-19.987978736397626,-9.41332895957483,85.9328894934372
1658,420.9365887965271,-27.25968272020016,-11.31203719521896,-124.18855346357317,150.2801093670353,133.545258730238,-19.02402585832646,-20.965761474260514,22.43685638095749,93.81115488827767,-152.1794433960314,166.62173821418943,-189.9972187661999,-16.40909432998565,10.896213273440246,60.38047959382109
1659,675.6157152182699,-62.61711566029645,91.9976737548004,-194.8461473733192,237.5862695061419,-67.23195259593817,-43.38560082888658,-108.13932091174443,13.292538208832552,137.95969016504995,-228.47709952505338,281.59541154209944,-309.65469040507685,46.34921605182737,14.434020340880778,72.47132085271816
1661,757.9162760945973,-67.61566538369449,-26.639064453762913,-224.25392440466027,262.29089569495454,-76.71448669410393,-28.36940617946168,-209.57806864567323,12.144137709982749,154.25517294038713,-260.18727915034134,295.16775135378464,-360.9721235095783,-78.28499912579498,-36.70424428279909,69.63673853692238
1662,649.4154713975272,-61.21945431576528,103.77760969131587,-186.74283368438927,227.13819871380474,-63.333404127331406,-44.43723020821044,-80.79697406620323,13.277587029697745,132.14253007329316,-241.770562785831,276.04857421924885,-298.3719657486876,57.14167511269574,18.881117546248174,69.80130599234799
1663,583.4207094769067,-52.889429904983935,-6.294329351539767,-155.95157701051616,234.6106669451849,-45.81843413964489,-22.098101339130018,-70.82169699032323,190.6292807322252,111.3392250000276,-205.29846019594626,265.67824819328115,-238.698968588437,-14.634659465633389,-12.220449246273237,56.54460987927563
1664,693.0129812460588,-62.61039046568304,10.530370392762363,-205.40077496269637,239.0150705951654,-68.79781850597283,-19.91924180041736,-195.963957731039,7.724161781022382,143.1870899883732,-256.42298647496415,272.5652399849628,-328.8729389351881,-83.35320808480941,-36.543685725248906,58.63666389425865
1665,809.0346946576245,-80.57894752929657,-147.76582175981022,-239.67135302824119,277.9567858482573,-84.14605385421274,-55.5109637011507,-111.32063591437722,25.910125723814808,140.2545980581849,-296.9939285850955,337.44702095592584,-382.012260997606,8.631496984492419,-15.040839026010946,80.46818696550804
1666,524.6844550531627,-55.32604385514155,65.74022068835451,-155.0152533416943,176.28305078885714,-49.56248330146229,-26.589613577575264,-7.252210797607327,7.14800879944589,100.70930392733116,-298.7106534334179,232.06807206333568,-253.82789103222345,-30.075257850846874,-19.487712489552877,39.783075888818644
1667,525.5259331190196,-22.372679227577226,-53.3176611769113,-152.69676334447678,166.81214908744485,-33.010599425496885,-18.722682605819735,72.30563045263108,22.941460178405297,138.41829285224446,-163.4609461201069,170.74025733688413,-240.21590444134358,-17.297895231138213,19.61630544205121,91.92194321335133
1668,675.6157152182699,-62.61711566029645,91.9976737548004,-194.8461473733192,237.5862695061419,-67.23195259593817,-43.38560082888658,-108.13932091174443,13.292538208832552,137.95969016504995,-228.47709952505338,281.59541154209944,-309.65469040507685,46.34921605182737,14.434020340880778,72.47132085271816
1669,534.9350683887207,-34.88302198318072,-21.92321532312218,-164.86335196176017,189.85067214411447,-41.20986626895015,-17.343302328186592,-80.15385685889576,42.57342078152136,136.04579760766524,-234.24740097834982,220.0839999505242,-49.33050625155058,-25.171251651606458,-0.6685506035022059,89.25472339166357
1670,840.7791070814491,-70.84702270320537,-143.16330730367724,-245.65244340486146,284.8785973208899,-81.03452152403403,-52.60434913992791,-95.3708626432038,32.465705426963936,165.434910381257,-300.5921132142706,329.62788006199287,-407.2856760110298,5.142858040088254,-5.395645202065339,105.64595550353393
1671,868.9351890881084,-78.9271270735387,-131.55824806335042,-254.87695346287336,298.1358113814525,-88.59127442290003,-52.97159182295055,-141.53003071302714,29.25814123997252,164.2433599051314,-312.52307625155237,347.79049066227054,-422.08258562918036,-9.179637392917915,-18.02902560995203,98.075473353594
1672,847.1218722180955,-70.5737081595619,-141.49141088451867,-247.2394600080649,286.97340889057205,-81.44447099945633,-52.31811623476098,-98.21458242005575,32.87334675305914,168.11356781398578,-302.1850078101294,330.5753476893615,-411.5735241965586,3.3229819474093976,-5.587295040193384,107.68643712609837
1673,575.920284020829,-56.82989560831688,81.6111710373639,-167.9923923083554,193.11026337639458,-51.2218362927371,-32.211622751793854,-54.0749020564452,8.788420222782543,116.92077278607726,-315.13961678875285,251.66305740926427,-276.4515344685636,-8.296141866046106,-6.060155833681482,49.63039780267154
1674,394.754671780036,93.03288550962769,13.669036837788603,-115.33566879815434,146.15786161787162,-32.974962634952696,-18.77051911352083,-54.260279103712406,14.985450293106002,76.50669646461708,-166.2997882106072,209.45235830802136,-173.90529705750686,-16.536337281946818,-14.735546820710779,37.1107604104275
1676,562.9451582549887,-36.39378355601625,-21.394450832412932,-165.0815439667242,190.3113284643783,-44.12928610990547,-15.775644427193505,-103.1971030418499,33.415771965590714,138.4179575505997,-230.58250925365934,218.32235170207292,-57.69876139203987,-37.60725231206886,-5.602598632857733,86.59912527354138
1677,649.4154713975272,-61.21945431576528,103.77760969131587,-186.74283368438927,227.13819871380474,-63.333404127331406,-44.43723020821044,-80.79697406620323,13.277587029697745,132.14253007329316,-241.770562785831,276.04857421924885,-298.3719657486876,57.14167511269574,18.881117546248174,69.80130599234799
1678,571.8572584401873,-56.556300635666425,82.62604546317993,-166.89267758355794,192.12979770711985,-50.81028532185037,-32.558411472502414,-50.58419723475948,8.811910761137572,115.24425532526628,-312.29625616634394,250.46764056358853,-271.8657840828015,-6.94192565595927,-5.835511293394015,48.73795743330369
1679,593.5306418571497,-51.11012513941502,-12.75486840008901,-215.17047377104726,251.68253680660544,-56.230446153375,-30.097216171901906,-92.04403673184994,62.01475221940783,150.57968722121257,-272.3837348719835,286.9106194241129,-272.46154789257156,-22.175335272772177,-8.144865793042353,93.79733321027153
1680,645.3524458168856,-60.94585934311483,104.79248411713189,-185.64311895959182,226.15773304453,-62.921853156444676,-44.784018928919,-77.30626924451752,13.301077568052774,130.4660126124822,-238.92720216342207,274.8531573735731,-293.78621536292553,58.495891322782576,19.105762086535638,68.90886562298014
1681,649.4154713975272,-61.21945431576528,103.77760969131587,-186.74283368438927,227.13819871380474,-63.333404127331406,-44.43723020821044,-80.79697406620323,13.277587029697745,132.14253007329316,-241.770562785831,276.04857421924885,-298.3719657486876,57.14167511269574,18.881117546248174,69.80130599234799
1682,562.9451582549887,-36.39378355601625,-21.394450832412932,-165.0815439667242,190.3113284643783,-44.12928610990547,-15.775644427193505,-103.1971030418499,33.415771965590714,138.4179575505997,-230.58250925365934,218.32235170207292,-57.69876139203987,-37.60725231206886,-5.602598632857733,86.59912527354138
1683,529.4609551351032,-22.690307250870244,-57.729164049476665,-153.91111243457874,168.04181822125062,-33.43732141050322,-18.911014721773952,71.64170263183625,23.26889184070748,138.98461237327456,-165.20326457602246,172.07078196667302,-242.5251465880776,-18.42088657952921,18.973093964506145,92.46890252946376
1686,649.4154713975272,-61.21945431576528,103.77760969131587,-186.74283368438927,227.13819871380474,-63.333404127331406,-44.43723020821044,-80.79697406620323,13.277587029697745,132.14253007329316,-241.770562785831,276.04857421924885,-298.3719657486876,57.14167511269574,18.881117546248174,69.80130599234799
1687,485.75370874137536,-48.41645584926309,62.029719217471936,-143.08429999499015,159.88178026825344,-41.978380539896754,5.949192666290438,-44.4512370115408,7.4324524789562565,97.12084926518217,-286.64816411996185,213.55781952240105,-235.7048737783407,-24.04227809312086,-12.657852907844628,39.71012641404913
1688,592.3442009204111,-54.28673493313708,0.5294943243632344,-216.1788392718987,254.94701239572672,-58.53975068810749,-35.11368286559817,-82.51149493404395,61.42354484454804,137.04517476616005,-248.37340962517771,288.6331632296158,-285.69066963174106,-20.057502526461565,-13.021672535859176,80.39927481255786
1689,674.4638278399331,-62.49881639259391,91.70366640989246,-194.64680083618063,237.7667005915713,-67.25357367711885,-43.61554184078138,-107.68665462845217,13.31768998931367,136.9295238255453,-224.15668742922472,281.0163099545182,-306.32257609224683,46.504270144039936,14.164542969460754,71.87554880116923
1690,579.7415437113137,-53.088144455241675,-12.454522614134033,-217.41049550186108,242.19494535846704,-58.07515302393862,-32.29393894531203,-90.00278406919472,91.43848788944355,141.0417876496715,-263.8162914466019,280.5321634550367,-306.94312194994393,-19.499695810023947,-9.76225031415795,84.4274200528224
1691,438.04698526174406,-39.00663014981844,-9.243783509007635,-156.70760141334256,133.0750520545886,-44.90709806219597,-23.591936219442108,-63.057581893730955,211.69539929929638,86.18797353878423,-169.42822446482808,172.03075566970355,-208.62999580908436,-13.484046081812945,-6.346316451464941,45.818395983645324
1692,376.974170882298,-45.65739609392988,13.780163446889704,-116.82223279778198,135.59563869520787,-49.89673909667924,-11.854212218878992,163.60300886549484,6.108047327395843,56.59133468792423,-127.47560181478565,158.8386377524588,-173.7214793262005,-56.78444940892934,-42.44259387389285,27.03237491821651
1693,413.67507827302876,-44.53041723765338,52.06928489955204,-129.56886131247705,168.19377170906697,-43.10235666059012,-39.70951694613167,-17.316128426023944,7.114659062474795,81.58420987465296,-57.99241976870651,184.380451846608,-70.17484562613359,-16.41735770419259,-29.009793013283588,-0.431894915526896
1694,670.4281001565282,-61.946558283591514,90.98064883970028,-193.48394712592017,239.29662766678243,-66.8435494610924,-43.17877892916178,-108.03552092606265,13.05385975880654,137.18677088697464,-224.22590845974506,279.11012795698866,-307.3568575564922,46.31644398014358,14.524844123191919,72.59029312961476
1695,446.565131397606,-40.434587119061725,-12.003770946754221,-172.45545418459977,141.03860948698056,-48.39364287034971,-26.33344950232715,-68.41606178589139,187.68083898012642,93.76972928790188,-186.58755048377265,179.47719698856864,-226.5516007737242,-14.234468969733706,-7.010866436164588,49.93250480749199
1696,872.4623460240889,-77.8458020928619,-131.0468575682245,-255.54151906027562,298.90490154507836,-88.24554860843571,-52.64863464948135,-139.75783368289675,29.986538984766867,167.04117238547275,-312.922874543683,346.92169722961137,-424.89074285289405,-9.567263942296156,-16.95733740729141,100.87300319115245
1697,872.36681602245,-78.49851682494733,-128.5774698734679,-255.56360187841793,299.0697261964305,-88.56805184625489,-52.802206626597375,-141.33571195148562,29.664121323941636,166.2756662165539,-315.5930223208309,348.1216430315446,-425.116797741777,-9.80035136772251,-17.726553536372588,99.81928665833955
1698,834.509012176479,-73.14141988186985,-134.83477722882236,-244.27133922407344,285.1627659569629,-82.52101032749364,-51.575685034380776,-116.57532383334535,34.30053510529704,161.48756880034017,-309.39079100957196,334.6810728058085,-364.0636963315352,2.2775535425154345,-10.855876014033068,102.76683170281778
1699,805.6833283480534,-78.25635443256036,-146.54444455577539,-238.73405358305962,277.3527021411261,-84.16417745804921,-55.45684164278335,-113.03583208396022,25.734094498430622,138.75691914927293,-296.32043452066586,337.9246803598841,-380.2969932946685,8.56079473564176,-15.858856607933065,79.26493222579863
1700,718.5660559337612,-64.43938515076431,17.475964271890746,-212.11043350364054,249.99420435689683,-72.44726684404058,-26.48608501991952,-202.938790437725,8.869821086960929,148.59197773008634,-242.76409459118577,281.8625050558956,-337.87970204223825,-67.055085641885,-30.272129507348414,64.1671453757981
1701,575.8566544589269,-52.22043816659122,-10.770979524815418,-216.6888942156152,241.92012427517867,-57.66720147365491,-31.89524560673002,-89.69647771724905,91.03623585912885,142.1244735572599,-262.85176477306806,278.7892588317217,-307.9057667970063,-19.987978736397626,-9.41332895957483,85.9328894934372
1702,494.77563726718563,-38.703657223374826,-35.705487709210345,-148.64379265135418,168.69910460621588,-39.5121391032058,-18.21637796838491,-74.27540565833931,29.90168808752717,111.39157187357752,-213.93271270579072,207.9271244532197,-12.968983671031305,-19.887783503058547,-3.6388584742491235,65.98480968923374
1703,223.11996609913967,-17.66247621257257,12.105431792526977,-81.32742922999742,258.2891911926013,-24.705184731741536,-16.710268979861834,-38.89395033352919,-11.349786149847404,65.03386650433605,-81.24189258592465,100.9652253421155,-135.11643255404206,-23.737065134438136,-6.768108207081311,48.69791030314731
1704,869.102329955069,-77.87380650660255,-130.0017353866328,-254.65723915370967,301.35731896311773,-88.14359889273726,-52.56108417557226,-141.10379516409157,30.17640843540794,165.48862753684688,-312.2277376637773,346.44681138491507,-422.99397417882363,-9.457065256638746,-17.468106045826207,99.33006995268211
1705,450.41233669073995,-39.9576470938893,-10.37780237251397,-172.79010792042274,142.7348910947533,-48.28980532168707,-26.007642311332926,-68.57539781365524,191.47755631023617,95.64752501888171,-187.2817083585499,180.04911999949644,-228.78432165330204,-14.688785698239807,-6.7242156636523704,51.753456533014976
1706,265.7069749050992,-34.56500713147809,-3.5923768254318706,-92.69121960574458,102.4505203348919,-20.319999603050285,-18.353872692275765,-29.53913842277891,23.617477270918116,63.13392562636885,-91.62647754347599,284.7436064432657,-140.99996336289067,-20.534342660656904,-28.394736845380404,2.4447735250301132
1707,446.565131397606,-40.434587119061725,-12.003770946754221,-172.45545418459977,141.03860948698056,-48.39364287034971,-26.33344950232715,-68.41606178589139,187.68083898012642,93.76972928790188,-186.58755048377265,179.47719698856864,-226.5516007737242,-14.234468969733706,-7.010866436164588,49.93250480749199
1708,515.4147769016807,-50.75963651824172,68.2196855626917,-157.1246972637675,200.9709208931605,-51.86971829970437,-43.82552105534746,-28.40354935343924,10.044348004712337,64.76610468953741,-100.59606347074015,222.09166277210878,-108.59218275413303,0.655724862456709,-19.039902492975145,19.545126907405773
1709,320.5472190554885,-17.101997936692715,0.37214950176407735,-106.47391443498277,105.76614811819186,-30.655101060171766,-43.34539556725537,-46.33886282443756,33.41143505412691,42.4107078264232,-311.4468333581276,107.52619871004927,-120.96960279095028,-40.48472645577868,-25.509700320728506,45.42096389847672
1710,838.0361691124596,-72.06009490119305,-134.32338673369645,-244.9359048214757,285.93185612058875,-82.17528451302933,-51.25272786091158,-114.80312680321498,35.02893285009139,164.28538128068152,-309.7905893017026,333.81227937314935,-366.8718535552489,1.8899269931371938,-9.784187811372444,105.56436154037623
1711,639.3250553516946,-60.3325536025982,103.68250724639942,-183.8204172997947,223.50515203172174,-62.278675695844804,-41.04363656162618,-77.4646208235633,13.252558183361907,129.89673053207773,-238.56424264229858,272.2313730927176,-293.5916743887363,58.40216903233108,19.33900158503759,69.01688324040875
1712,517.7300036437945,-26.593988188326033,-76.93894137638028,-152.40567410619371,163.58518083930963,-31.40487834535757,-23.03980452529748,32.79487936303638,19.763553007086607,128.5210056561149,-165.66331848631293,178.30005606223884,-224.34188357038732,-5.759647617136508,28.864933263191144,78.64046421965088
1713,872.4623460240889,-77.8458020928619,-131.0468575682245,-255.54151906027562,298.90490154507836,-88.24554860843571,-52.64863464948135,-139.75783368289675,29.986538984766867,167.04117238547275,-312.922874543683,346.92169722961137,-424.89074285289405,-9.567263942296156,-16.95733740729141,100.87300319115245
1714,510.25743905143315,-49.858494765358934,46.87504821419701,-164.49270351909007,207.78742737250855,-51.393587677068155,-41.37603940129648,-33.235869949870995,18.94361969874534,68.6775375238013,-109.33369066366501,226.8077145764162,-114.4252816372,-16.56627191711032,-25.493721406851783,23.216394799716742
1715,571.8572584401873,-56.556300635666425,82.62604546317993,-166.89267758355794,192.12979770711985,-50.81028532185037,-32.558411472502414,-50.58419723475948,8.811910761137572,115.24425532526628,-312.29625616634394,250.46764056358853,-271.8657840828015,-6.94192565595927,-5.835511293394015,48.73795743330369
1716,565.8298679749963,-55.9429948951498,81.51606859244745,-165.06997592376084,189.47721669431158,-50.1671078612505,-28.818029105209607,-50.74254881380524,8.763391376446705,114.67497324486186,-311.9332966452205,247.84585628273305,-271.67124310861226,-7.03564794641077,-5.602271794892066,48.84597505073229
1717,521.9914482464111,-27.066657924112214,-30.425167363373074,-152.0944371580508,172.6803386048942,-35.311933442004914,-14.497759845449858,-55.52608656149325,36.290166292352566,140.60059352107479,-214.5107877602158,195.05338430351904,-35.413114952141555,-23.159880614595323,7.267123867203509,93.03112877017989
1718,550.1475302530704,-35.14676229444555,-18.820108123046264,-161.3189472160627,185.93755266545676,-42.86868634087091,-14.865002528472502,-101.68525463131662,33.08260210536114,139.40904304494921,-226.44175079749752,213.21599490379677,-50.21002457029209,-37.482376047601505,-5.366256540683181,85.46064662023997
1719,813.5217115278966,-70.85375229696841,-131.0401890686013,-238.39666094240533,311.49758307096505,-80.42497384247172,-51.4426114956701,-111.67419723200379,34.77204125946984,152.58811932772718,-295.2336390110728,325.82648924239857,-392.60583745585416,4.424968803983505,-10.6949814255414,92.25710474139504
1720,529.5651641308325,-51.819621169664416,-11.045415622335236,-203.41151040159957,241.2340767846785,-54.529651542005084,-30.76721196490295,-85.80478867550121,49.275676820299054,136.2930771670116,-250.9063340935711,274.8592193970544,-296.26575895849015,-19.828311618780063,-10.261224816432792,82.25038360093662
1721,838.0361691124596,-72.06009490119305,-134.32338673369645,-244.9359048214757,285.93185612058875,-82.17528451302933,-51.25272786091158,-114.80312680321498,35.02893285009139,164.28538128068152,-309.7905893017026,333.81227937314935,-366.8718535552489,1.8899269931371938,-9.784187811372444,105.56436154037623
1722,650.1534881565868,-56.746160674539105,2.318266423750427,-194.26958172004228,259.44150051238495,-65.83813273279922,-21.667104344977798,-195.8883243787116,5.472974055144894,137.43788955970945,-216.76022108876003,251.52292792254136,-309.9692765183639,-82.10631517893978,-34.97567819472119,60.81841380208687
1723,441.8085513414381,-81.28548778777098,-111.68330000311973,-146.0186190856554,158.96657656674907,-56.42887185138348,-42.75342822969511,-68.23955980912316,-7.235938379413961,21.029353407423972,-179.72979087396502,248.81398156022777,-147.58567129615477,12.74246746644713,-27.094190242115463,-31.54560992910856
1724,578.7815475190253,-57.101966894348195,79.06271090187128,-168.77513424519933,194.02973413893147,-51.518175421540874,-32.82244276297225,-52.3688431390905,9.226419813131516,117.22128511798144,-316.5247603680151,252.98690470120826,-278.0551513243686,-6.584025672094294,-5.585713565020819,50.38496150570696
1725,421.3704939595709,91.68355394167757,0.5342912856308613,-123.08698780736268,157.36829920300355,-36.792896131541944,-17.562467739555924,-81.95628073855897,18.391138718381438,82.16934597593118,-150.63053675532836,215.2399662725258,-184.3865304808773,-27.1623990965167,-19.1984653271454,39.85791369157515
1726,437.5221829543436,-78.30608473704619,-111.4818959024132,-143.94371198116428,156.781408852366,-55.912633289006266,-42.47335740232504,-67.52939770406951,-8.091542159336488,19.59012856395469,-177.1989075158261,247.07208358738194,-144.63839164131767,12.871190684723553,-27.17055382923773,-32.53688079819617
1727,840.7791070814491,-70.84702270320537,-143.16330730367724,-245.65244340486146,284.8785973208899,-81.03452152403403,-52.60434913992791,-95.3708626432038,32.465705426963936,165.434910381257,-300.5921132142706,329.62788006199287,-407.2856760110298,5.142858040088254,-5.395645202065339,105.64595550353393
1729,872.4623460240889,-77.8458020928619,-131.0468575682245,-255.54151906027562,298.90490154507836,-88.24554860843571,-52.64863464948135,-139.75783368289675,29.986538984766867,167.04117238547275,-312.922874543683,346.92169722961137,-424.89074285289405,-9.567263942296156,-16.95733740729141,100.87300319115245
1730,351.39592292381064,96.3579530928959,0.3592259631957049,-103.98642439931314,132.09370905273525,-28.213894260756796,-17.031020858755625,-51.3513168647445,19.59211847699899,68.39751550827036,-125.8647945490343,221.35519867714368,-152.10367473343015,-16.223513504028418,-18.152634725259194,29.049855823770038
1731,847.1218722180955,-70.5737081595619,-141.49141088451867,-247.2394600080649,286.97340889057205,-81.44447099945633,-52.31811623476098,-98.21458242005575,32.87334675305914,168.11356781398578,-302.1850078101294,330.5753476893615,-411.5735241965586,3.3229819474093976,-5.587295040193384,107.68643712609837
1732,582.0212832673186,-52.54123493894776,-9.767751769159446,-217.89779738026706,243.30929125887442,-58.07355152847419,-32.35449476085364,-89.35579902436096,91.86961975389377,142.04392762158932,-262.5658254200518,280.28421423672955,-306.64521974971063,-19.96535569261597,-9.729255611998529,85.575461306019
1733,420.9365887965271,-27.25968272020016,-11.31203719521896,-124.18855346357317,150.2801093670353,133.545258730238,-19.02402585832646,-20.965761474260514,22.43685638095749,93.81115488827767,-152.1794433960314,166.62173821418943,-189.9972187661999,-16.40909432998565,10.896213273440246,60.38047959382109
1734,634.1214475771708,-57.21662910344042,-8.475111478961095,-226.98499117449904,266.04474921479084,-62.70706030360066,-31.952372114595313,-116.65806491864366,57.805742248848226,153.2549323903332,-275.23008076094766,301.51499268558274,-329.2198901429211,-33.60990316442388,-15.633942041385012,88.74854667362953
1735,675.6157152182699,-62.61711566029645,91.9976737548004,-194.8461473733192,237.5862695061419,-67.23195259593817,-43.38560082888658,-108.13932091174443,13.292538208832552,137.95969016504995,-228.47709952505338,281.59541154209944,-309.65469040507685,46.34921605182737,14.434020340880778,72.47132085271816
1736,872.4623460240889,-77.8458020928619,-131.0468575682245,-255.54151906027562,298.90490154507836,-88.24554860843571,-52.64863464948135,-139.75783368289675,29.986538984766867,167.04117238547275,-312.922874543683,346.92169722961137,-424.89074285289405,-9.567263942296156,-16.95733740729141,100.87300319115245
1737,534.9350683887207,-34.88302198318072,-21.92321532312218,-164.86335196176017,189.85067214411447,-41.20986626895015,-17.343302328186592,-80.15385685889576,42.57342078152136,136.04579760766524,-234.24740097834982,220.0839999505242,-49.33050625155058,-25.171251651606458,-0.6685506035022059,89.25472339166357
1738,356.98674835638593,-23.57067185436083,41.94260936976195,-124.88285746908696,74.99267856078487,-41.49723988192357,-71.58161314466942,-62.47078179718004,38.64093819574565,14.476190311711525,-2.260966844421464,69.58638991939901,-143.61966376622271,-109.43636435622594,-56.16121572343256,75.24417769561406
1739,320.5472190554885,-17.101997936692715,0.37214950176407735,-106.47391443498277,105.76614811819186,-30.655101060171766,-43.34539556725537,-46.33886282443756,33.41143505412691,42.4107078264232,-311.4468333581276,107.52619871004927,-120.96960279095028,-40.48472645577868,-25.509700320728506,45.42096389847672
1740,301.7495762241938,-19.05737841778782,-8.545258381482604,-92.55282265304565,119.01649559973025,-25.673848000134463,180.04098007734294,-21.87650725325119,29.537772323230733,53.78049489756919,-88.65408943748322,130.19170884657245,-120.82167384118877,0.70778465684695,-2.3468719064954455,40.05036182626113
1741,528.6609161795517,-51.058504162746225,-9.395618519912013,-202.96323437726002,240.76157634314285,-54.03032212794037,-30.423876943073253,-85.31957369006291,50.14232372265747,137.51446538279941,-249.9327807966923,276.3806558032407,-297.11980883867915,-20.417743215792818,-10.30046153330819,83.18810644701641
1742,531.8449036868374,-51.27271165337051,-8.358644777360647,-203.89881228000556,242.3484226850859,-54.528050046540656,-30.82776778044457,-85.15780363066746,49.70680868474929,137.29521713892942,-249.65586806702092,274.61127017874725,-295.96785675825686,-20.293971501372088,-10.228230114273373,83.39842485413321
1743,724.3384576342622,-64.86675214174353,13.618622365674181,-213.79354362814334,252.07457187413786,-73.17677802491178,-26.980057322284154,-204.27077005876376,9.309481919435992,149.5388411832968,-242.67218669702828,283.8026676059341,-340.7369549709754,-66.54213156580747,-30.29180915039524,65.21837739665244
1744,528.6609161795517,-51.058504162746225,-9.395618519912013,-202.96323437726002,240.76157634314285,-54.03032212794037,-30.423876943073253,-85.31957369006291,50.14232372265747,137.51446538279941,-249.9327807966923,276.3806558032407,-297.11980883867915,-20.417743215792818,-10.30046153330819,83.18810644701641
1745,613.5635364991319,-27.147290195793385,-85.44244871039986,-177.22414705865108,195.08085544056945,-39.03794218363095,-26.21555003221918,25.06138313734798,28.08634671374418,158.9422711341305,-196.91682692039987,202.87245300885849,-285.11286017161416,-7.385699754170871,25.695989698679394,106.93323342967507
1746,575.920284020829,-56.82989560831688,81.6111710373639,-167.9923923083554,193.11026337639458,-51.2218362927371,-32.211622751793854,-54.0749020564452,8.788420222782543,116.92077278607726,-315.13961678875285,251.66305740926427,-276.4515344685636,-8.296141866046106,-6.060155833681482,49.63039780267154
1747,649.4154713975272,-61.21945431576528,103.77760969131587,-186.74283368438927,227.13819871380474,-63.333404127331406,-44.43723020821044,-80.79697406620323,13.277587029697745,132.14253007329316,-241.770562785831,276.04857421924885,-298.3719657486876,57.14167511269574,18.881117546248174,69.80130599234799
1748,376.974170882298,-45.65739609392988,13.780163446889704,-116.82223279778198,135.59563869520787,-49.89673909667924,-11.854212218878992,163.60300886549484,6.108047327395843,56.59133468792423,-127.47560181478565,158.8386377524588,-173.7214793262005,-56.78444940892934,-42.44259387389285,27.03237491821651
1749,583.5580476009658,-24.46623029007689,-44.40667383595989,-167.6709933380838,185.78850157132496,-35.39301353058181,-25.14384390717094,26.525070290353085,25.347302854393106,155.49659356392482,-183.01737151061965,192.98961460454564,-266.7524068802227,5.070345599223365,32.87509288903821,103.07078814635207
1750,813.5217115278966,-70.85375229696841,-131.0401890686013,-238.39666094240533,311.49758307096505,-80.42497384247172,-51.4426114956701,-111.67419723200379,34.77204125946984,152.58811932772718,-295.2336390110728,325.82648924239857,-392.60583745585416,4.424968803983505,-10.6949814255414,92.25710474139504
1751,718.5660559337612,-64.43938515076431,17.475964271890746,-212.11043350364054,249.99420435689683,-72.44726684404058,-26.48608501991952,-202.938790437725,8.869821086960929,148.59197773008634,-242.76409459118577,281.8625050558956,-337.87970204223825,-67.055085641885,-30.272129507348414,64.1671453757981
1752,578.8372957600329,-52.327027448323484,-10.804725511710812,-216.96221947752153,241.72244491693138,-57.57582360987391,-31.950603923482333,-89.51756908375641,92.30513479180196,142.26317586545932,-262.8427381497232,282.053599861223,-307.7971718301329,-20.089127407036703,-9.801487031033348,85.36514289890218
1753,868.9351890881084,-78.9271270735387,-131.55824806335042,-254.87695346287336,298.1358113814525,-88.59127442290003,-52.97159182295055,-141.53003071302714,29.25814123997252,164.2433599051314,-312.52307625155237,347.79049066227054,-422.08258562918036,-9.179637392917915,-18.02902560995203,98.075473353594
1754,260.5665714196393,-18.444891592506544,-26.981470447332047,-75.1009904775606,89.43923608797668,-28.32760032509124,-13.121873414660444,-49.22527010170115,17.891524844611034,219.20583626389808,-120.61625530774505,105.34764950962558,-62.16787235560573,13.51118077083208,-0.9418331931539085,51.206795176364295
1755,579.7415437113137,-53.088144455241675,-12.454522614134033,-217.41049550186108,242.19494535846704,-58.07515302393862,-32.29393894531203,-90.00278406919472,91.43848788944355,141.0417876496715,-263.8162914466019,280.5321634550367,-306.94312194994393,-19.499695810023947,-9.76225031415795,84.4274200528224
1756,433.31700554329905,-34.44562052222317,17.58996059499786,-127.73052989976277,158.96611378622453,131.0618221620945,-23.42836962449821,-43.74372063554275,20.428512478682684,88.66584681400164,-156.45458514482036,182.6714571955823,-195.01377262418995,-2.141994209036688,9.058249497420116,54.36179877807448
1757,553.4560167063224,-50.042379504343444,-6.192910226379309,-145.83669271413237,211.85049137410044,-43.64009435508739,-20.756991214458424,-65.96468447657998,212.28380972762884,100.70301186862945,-187.9219934793097,242.94088073832586,-220.61087632378752,-13.449983426568087,-11.60138787372473,48.7832539490763
1758,868.9351890881084,-78.9271270735387,-131.55824806335042,-254.87695346287336,298.1358113814525,-88.59127442290003,-52.97159182295055,-141.53003071302714,29.25814123997252,164.2433599051314,-312.52307625155237,347.79049066227054,-422.08258562918036,-9.179637392917915,-18.02902560995203,98.075473353594
1759,666.291568104962,-67.57976818323489,-19.228236906064637,-200.20434432446484,232.91043916555927,-69.57098567982567,-24.967113124706056,-198.55511484000593,7.078465791681594,124.3089647136149,-228.03110920463013,272.6953728023129,-301.25598186322173,-77.04100289222605,-39.54798988919248,41.763423701701136
1760,575.920284020829,-56.82989560831688,81.6111710373639,-167.9923923083554,193.11026337639458,-51.2218362927371,-32.211622751793854,-54.0749020564452,8.788420222782543,116.92077278607726,-315.13961678875285,251.66305740926427,-276.4515344685636,-8.296141866046106,-6.060155833681482,49.63039780267154
1761,618.9732457457181,-27.324882499714047,-84.11019968904819,-178.60013514900157,196.8555237755769,-39.233511395638814,-26.83883295075888,20.549719903199666,28.294187815112743,160.59346925319554,-198.6982376138596,204.96433627264574,-287.5355862008287,-5.036576536295613,27.0861895911326,107.9934219913639
1762,868.9351890881084,-78.9271270735387,-131.55824806335042,-254.87695346287336,298.1358113814525,-88.59127442290003,-52.97159182295055,-141.53003071302714,29.25814123997252,164.2433599051314,-312.52307625155237,347.79049066227054,-422.08258562918036,-9.179637392917915,-18.02902560995203,98.075473353594
1763,830.9154128094035,-71.89315536268701,-133.13699823578975,-242.87850101345933,283.8032724902603,-81.96669916268515,-50.98963024167123,-116.20113628230936,34.81300616151164,165.45782405932263,-308.2280707285312,331.84603092684495,-362.46642455112124,2.2946699082557376,-10.336741491325897,104.42339837511625
1764,537.2148079447254,-34.33611246688681,-19.236444478147586,-165.35065384016616,190.96501804452186,-41.20826477348572,-17.40385814372822,-79.50687181406201,43.004552645971586,137.04793757958305,-232.99693495179966,219.83605073221705,-49.03260405131727,-25.636911534198482,-0.6355559013427867,90.40276464486017
1765,599.7856635745892,-53.94106828703772,-4.964803582194926,-152.67174431660985,231.59294734564023,-47.710967336341035,-20.566295269904703,-92.39835994022351,177.73284813788118,109.7928720211402,-200.95830636501702,260.3912380223737,-239.17955317682976,-27.4447754635762,-17.79792096023383,51.1312725173602
1766,606.36302862143,-54.82341741461917,-2.896694378403892,-154.277122701598,234.0203883575525,-48.36453339768423,-20.588131962723804,-93.08752216505883,177.3301711773926,111.5875084660776,-199.5647809535711,263.7616855325577,-242.7276004359845,-25.49224743220671,-16.910104602894297,51.61887935923763
1767,532.465311576316,-50.967735906854074,-9.701172119723859,-203.93796558092302,242.03158381191167,-54.33257460788674,-30.341388380879035,-86.15303776438499,50.18755753292672,138.69615548926126,-252.1860001652318,274.49574523877675,-294.7517182142544,-20.502468617915586,-9.735559694968941,84.76000105842344
1768,796.4650582088356,-74.04910244079142,-131.77924123070392,-234.52402718744335,272.4626912692749,-79.49848552802995,-52.40057065632296,-108.2406830901246,33.84819700260461,149.67066773572162,-286.85859732417686,353.53017845044764,-387.74460257578227,3.124807563743122,-16.504894397425563,87.04788558874745
1769,359.44215348543895,-19.545019076484245,-7.967642012932367,-108.12080902569447,290.0499898116552,12.847562889371389,-15.285703582751788,-31.556804347770242,35.682006355246905,66.55878482195037,-131.39502426918654,145.89682903373023,-145.360504992948,-5.110315226420451,3.740982280088772,20.416386985177002
1770,567.5098087034208,-59.735567049250804,-26.231049413098177,-210.17924723971907,243.50978717602678,-58.109837630777385,-34.41081032889335,-88.38263720951953,54.164844025804356,126.68760630691536,-259.5780475320314,293.80970203639066,-287.49336036805533,-15.53491395205603,-13.789675079139373,68.13341204086831
1771,526.4492544988526,-46.61044333535248,-1.8411685592383396,-132.08304550427655,239.82520078818558,-40.27916438475496,-19.265902158389256,-64.03912366245584,174.8162063278248,97.66061166138715,-172.1805599113386,232.75237443834973,-207.91853651174577,-16.66345451264473,-12.17830140891374,49.634314563091515
1772,334.7949096254551,-16.86351038232353,-5.519029902087815,-102.32765771669686,313.3488600996246,-22.303316392202984,-15.431530541591114,-31.701395864499624,31.40694448264404,63.973763064107004,-123.74208731851446,133.59513517615426,-137.59824746493425,-6.936431762407898,1.764975560632653,21.03655578639246
1773,847.1218722180955,-70.5737081595619,-141.49141088451867,-247.2394600080649,286.97340889057205,-81.44447099945633,-52.31811623476098,-98.21458242005575,32.87334675305914,168.11356781398578,-302.1850078101294,330.5753476893615,-411.5735241965586,3.3229819474093976,-5.587295040193384,107.68643712609837
1774,196.81598220086136,-33.351116731082726,-3.415603597621497,-103.13882590707246,136.05553239212844,-30.612734058591712,-18.453793959740644,-47.53957800484752,-19.31918728899621,71.58373383045681,-122.36423278038797,149.93686648114016,-175.19516696266314,-16.332969359012367,-9.10692014272821,40.77049563386646
1775,394.70586596049725,-26.151325875917433,33.10274688232571,-134.97963652940268,83.63643849882799,-45.1795775387234,-68.23057364639762,-94.33979147564374,38.40437157006929,30.595013798515,-32.17162454193032,80.92424311806187,-188.22353155091164,-121.77936433922002,-57.91353921459972,83.87191307147363
1776,299.4830057473946,-8.723697286139387,-2.817556645578112,-94.30506317132985,103.07398976050075,-20.37305084382594,-18.213496746589215,-30.958804367519296,31.882782480233338,63.60291493995021,-94.74857006166663,297.2525164585678,-138.41511892012926,-20.224679354775247,-28.57889405350215,4.279117720725581
1777,834.6476984183388,-75.91786280339072,-119.73760738603168,-245.46682281810217,290.4259662583874,-84.88571418945509,-56.153246124869206,-109.46670227302197,29.900687949618007,150.1568427297504,-285.682364623322,336.78378983288184,-380.5129299570881,2.5426486152715753,-15.974230045205424,91.19155128247998
1778,754.4846491602556,-68.04427563228586,-29.619842643645427,-223.5672759891157,261.35698087997656,-76.73770927074906,-28.538791375814853,-209.77238740721475,11.738157626013633,152.22286662896462,-257.1173330810628,294.83659898451054,-357.93791139698163,-77.6642851509904,-37.00671635637853,67.89292523217684
1779,534.9350683887207,-34.88302198318072,-21.92321532312218,-164.86335196176017,189.85067214411447,-41.20986626895015,-17.343302328186592,-80.15385685889576,42.57342078152136,136.04579760766524,-234.24740097834982,220.0839999505242,-49.33050625155058,-25.171251651606458,-0.6685506035022059,89.25472339166357
1780,571.3142041001851,-59.644798793358646,-26.53660301291002,-211.1539784433821,244.7797946447956,-58.41209011072375,-34.328321766699126,-89.21610128384161,54.2100778360736,127.8692964133772,-261.83126690057094,291.92479147192677,-285.1252697436306,-15.619639354178798,-13.224773240800124,69.70530665227534
1781,685.2417583718762,-62.58761304546814,6.013502969441011,-204.74270937270168,242.3576165618603,-69.65880827384409,-25.89847847111652,-191.92592836390452,7.593067106074191,132.45256870181316,-214.8322910643513,269.6439576083132,-296.0442389813109,-81.24328498964016,-39.50469364011051,51.42288450814409
1782,269.04600932957305,-28.45190111011846,-3.256554174007573,-84.68242298827623,101.25081676013285,176.83865998690044,-17.93013757110465,-58.633615538144674,14.856169686479703,40.839947491357194,-94.34679062320086,125.87016994809647,-114.80907111505844,-5.8994492859569965,-28.321068734802726,18.972123410143293
1783,516.5124325264311,-23.255290164578003,-77.18250856916706,-151.93908370620719,163.1814032354717,-31.23692439528246,-22.828561913100604,33.169494174269936,19.577303870752676,128.48065944357813,-165.61806548244456,176.87812518904417,-223.78345005539796,-5.087934645358367,23.752337918074463,78.51731313030416
1784,583.8422609990358,-56.47745254390051,61.82023774260381,-171.38601283513455,194.88652568302706,-51.76998956487611,-27.95001953124983,-73.15885263095801,8.00349736101378,119.69799972494891,-317.5182692515578,249.91356972768554,-282.0280964160388,-35.21496774617361,-15.97335525495011,48.31140214843552
1785,847.1218722180955,-70.5737081595619,-141.49141088451867,-247.2394600080649,286.97340889057205,-81.44447099945633,-52.31811623476098,-98.21458242005575,32.87334675305914,168.11356781398578,-302.1850078101294,330.5753476893615,-411.5735241965586,3.3229819474093976,-5.587295040193384,107.68643712609837
1786,342.6845488550013,96.98834553365371,0.5012672239236248,-101.32675023374057,128.57426568171002,-27.242138981300876,-16.863728346314943,-48.08736936315631,19.311567162303206,66.75272916561207,-122.74287104485734,220.74969906308118,-147.96870454361547,-14.980567403421036,-16.86260054894599,30.541207791495484
1787,805.6833283480534,-78.25635443256036,-146.54444455577539,-238.73405358305962,277.3527021411261,-84.16417745804921,-55.45684164278335,-113.03583208396022,25.734094498430622,138.75691914927293,-296.32043452066586,337.9246803598841,-380.2969932946685,8.56079473564176,-15.858856607933065,79.26493222579863
1788,301.85161467955754,-9.62740427054068,-4.631494325464603,-95.37772073369898,104.49862156184389,-20.934856647859558,-18.667022164196833,-31.37903209225552,31.75569246883392,62.569043849879705,-96.27759896998481,296.9105484452617,-138.26224092441515,-19.647749362703774,-29.677278391687306,0.7472841304356944
1789,575.920284020829,-56.82989560831688,81.6111710373639,-167.9923923083554,193.11026337639458,-51.2218362927371,-32.211622751793854,-54.0749020564452,8.788420222782543,116.92077278607726,-315.13961678875285,251.66305740926427,-276.4515344685636,-8.296141866046106,-6.060155833681482,49.63039780267154
1790,348.5625038436374,-38.94449475261614,-5.019566758289611,-116.46144551443263,128.0465803134471,-25.993404722969025,-21.141923246903318,-38.63998917055583,44.108447598168915,78.83908801555233,-122.28059042615139,314.90145118464795,-169.96775835236397,-21.389298273974124,-28.626991747952452,12.48094454683484
1791,750.7369982510694,-66.88406037547533,-28.04304866940331,-222.23187620772458,259.8187457675757,-76.09293031468475,-24.858964824063662,-209.28375394142674,12.120770105773001,152.65572452047797,-255.5039075333891,291.9668654853479,-357.4454682225591,-78.22366732403393,-36.74048215571716,69.14898410280203
1792,588.6307259078919,-53.356969321433205,-6.165065322519933,-156.86029638993935,236.88421274077655,-46.281785017157546,-22.057889074504182,-73.55192357975149,187.22289298172063,112.46032547690199,-206.56488573003588,267.8013260381665,-240.95643562775805,-15.999114212814185,-12.810917889211884,56.861918416036694
1793,549.1696483192279,-47.06297645361865,-5.991506125672784,-143.76178560964127,209.6653236597174,-43.12385579271018,-20.476920387088352,-65.25452237152632,211.42820594770632,99.26378702516017,-185.39111012117078,241.19898276548003,-217.66359666895042,-13.321260208291664,-11.677751460846993,47.79198307998868
1794,575.920284020829,-56.82989560831688,81.6111710373639,-167.9923923083554,193.11026337639458,-51.2218362927371,-32.211622751793854,-54.0749020564452,8.788420222782543,116.92077278607726,-315.13961678875285,251.66305740926427,-276.4515344685636,-8.296141866046106,-6.060155833681482,49.63039780267154
1795,579.7415437113137,-53.088144455241675,-12.454522614134033,-217.41049550186108,242.19494535846704,-58.07515302393862,-32.29393894531203,-90.00278406919472,91.43848788944355,141.0417876496715,-263.8162914466019,280.5321634550367,-306.94312194994393,-19.499695810023947,-9.76225031415795,84.4274200528224
1796,674.4638278399331,-62.49881639259391,91.70366640989246,-194.64680083618063,237.7667005915713,-67.25357367711885,-43.61554184078138,-107.68665462845217,13.31768998931367,136.9295238255453,-224.15668742922472,281.0163099545182,-306.32257609224683,46.504270144039936,14.164542969460754,71.87554880116923
1797,603.6580801068279,-54.42979113511032,97.51562693019545,-177.19031158271358,202.22509366330573,-57.7481612537727,-52.3916964755379,-81.99820611598312,19.514125165796504,112.53299729359254,-181.56018323993598,239.34828623840707,-275.58810287408335,41.313095527573026,10.759925061651234,76.30324063066257
1798,695.4522737271633,-62.56938531400697,10.42040637096052,-206.2862058090448,239.91047789406727,-69.06859801991368,-23.71348664940669,-196.23716201069414,8.262435515893594,143.37244589552535,-260.6656571532892,273.0053162634651,-329.39955774505563,-83.73112249347142,-36.77173237517212,59.14108419124347
1799,556.0208691761508,-35.848117297334475,-17.831116271104285,-163.1990873050828,188.41139203256668,-43.42139601021498,-15.511613136723671,-101.41245713751886,33.00126291359677,136.44092775788457,-226.3540050519882,215.8030875644532,-51.509394150472794,-37.965152295933834,-5.85239636123093,84.9521212011381
1800,320.5472190554885,-17.101997936692715,0.37214950176407735,-106.47391443498277,105.76614811819186,-30.655101060171766,-43.34539556725537,-46.33886282443756,33.41143505412691,42.4107078264232,-311.4468333581276,107.52619871004927,-120.96960279095028,-40.48472645577868,-25.509700320728506,45.42096389847672
1801,441.8085513414381,-81.28548778777098,-111.68330000311973,-146.0186190856554,158.96657656674907,-56.42887185138348,-42.75342822969511,-68.23955980912316,-7.235938379413961,21.029353407423972,-179.72979087396502,248.81398156022777,-147.58567129615477,12.74246746644713,-27.094190242115463,-31.54560992910856
1802,872.4623460240889,-77.8458020928619,-131.0468575682245,-255.54151906027562,298.90490154507836,-88.24554860843571,-52.64863464948135,-139.75783368289675,29.986538984766867,167.04117238547275,-312.922874543683,346.92169722961137,-424.89074285289405,-9.567263942296156,-16.95733740729141,100.87300319115245
1803,376.11440086754874,-51.531828682698716,36.00465269969931,-117.02097816106279,137.079060557377,-52.79926823705187,-13.236360012923228,149.402104448195,3.2062883799687545,49.70177916765443,-151.50693180911682,169.63814996985806,-175.75597332614677,-58.88223623776652,-49.36553903562348,17.548926122900394
1804,807.2654439857372,-47.621091735843144,-130.9495352633285,-236.27944895304603,278.8377602495772,-81.2157575623987,-52.0631285562544,-112.52282433903386,30.705393173122076,150.4581212921371,-293.8571725699745,334.404474101576,-390.1329989816539,4.435835551581674,-13.57582102128652,93.61340810643992
1805,519.4536389503763,-33.38576254348041,-8.697246438760114,-153.30165478190565,179.58720100909414,-39.717437272234456,-18.632711623100697,-69.99611374234742,33.21267775879202,121.35227061058576,-200.763759450308,205.04433595337156,-10.237640678613838,-25.777206405152306,-3.830595498643744,76.92015787682747
1806,488.61497223957167,-48.68852713529441,59.48125908197931,-143.8670419318341,160.80125103079033,-42.27471966870052,5.338372655112041,-42.74517809418611,7.8704520693052284,97.42136159708635,-288.03330769922417,214.88166681434507,-237.30849063414564,-22.33016189916905,-12.183410639183966,40.46469011708455
1807,269.04600932957305,-28.45190111011846,-3.256554174007573,-84.68242298827623,101.25081676013285,176.83865998690044,-17.93013757110465,-58.633615538144674,14.856169686479703,40.839947491357194,-94.34679062320086,125.87016994809647,-114.80907111505844,-5.8994492859569965,-28.321068734802726,18.972123410143293
1808,342.6845488550013,96.98834553365371,0.5012672239236248,-101.32675023374057,128.57426568171002,-27.242138981300876,-16.863728346314943,-48.08736936315631,19.311567162303206,66.75272916561207,-122.74287104485734,220.74969906308118,-147.96870454361547,-14.980567403421036,-16.86260054894599,30.541207791495484
1809,519.4536389503763,-33.38576254348041,-8.697246438760114,-153.30165478190565,179.58720100909414,-39.717437272234456,-18.632711623100697,-69.99611374234742,33.21267775879202,121.35227061058576,-200.763759450308,205.04433595337156,-10.237640678613838,-25.777206405152306,-3.830595498643744,76.92015787682747
1810,840.4299167150527,-69.79883562661263,-140.8062666848954,-245.61052263792854,283.58421389915685,-80.87304064210947,-53.23750358633537,-95.56860509318422,33.486151348330665,165.70046709752918,-297.90172343381363,326.5552469830358,-408.43927572854625,2.795517881931259,-5.916592485097263,108.12205335739648
1811,805.6746785886046,-80.60695194303722,-146.7206995782185,-238.78707312167523,280.40920326629674,-84.04410413851429,-55.42341322724161,-112.66659739557203,26.09999517445588,138.70205320955904,-296.2987917051898,336.97213511122953,-380.1154923235356,8.741695670149829,-15.551607664545747,78.9252537270377
1812,370.1724827964526,-20.549814764832163,-37.909412704777765,-121.04244724495305,127.11928469653856,-37.12863768197049,-48.19514439999064,-56.516820510750065,37.56770368672543,50.46007195914634,-307.7536148246641,123.82622536722913,-145.9906631568045,-34.1887956488127,-25.121551057178134,55.755588066097786
1813,497.2861532615205,-41.852335447660906,-4.054299883492685,-94.26709871668014,196.58632724815502,-36.83821518026107,-17.46207822135923,-57.1729997750343,175.19446827382328,88.91977811644354,-163.80804964781376,222.84562346840656,-190.84707985369113,-12.266098459673342,-11.180315604796306,43.39316891844441
1814,392.5633206366876,-27.039484836291507,-7.689336377234514,-118.85457011439668,151.71391573847708,-35.166403883513816,149.49863725808464,-51.86768643701078,29.763031940253278,73.99269076850798,-117.5109707292749,164.5465189853535,-163.84429608075075,-10.63666061987107,-6.467828255600182,47.11016659371428
1815,420.9365887965271,-27.25968272020016,-11.31203719521896,-124.18855346357317,150.2801093670353,133.545258730238,-19.02402585832646,-20.965761474260514,22.43685638095749,93.81115488827767,-152.1794433960314,166.62173821418943,-189.9972187661999,-16.40909432998565,10.896213273440246,60.38047959382109
1816,805.6833283480534,-78.25635443256036,-146.54444455577539,-238.73405358305962,277.3527021411261,-84.16417745804921,-55.45684164278335,-113.03583208396022,25.734094498430622,138.75691914927293,-296.32043452066586,337.9246803598841,-380.2969932946685,8.56079473564176,-15.858856607933065,79.26493222579863
1817,872.36681602245,-78.49851682494733,-128.5774698734679,-255.56360187841793,299.0697261964305,-88.56805184625489,-52.802206626597375,-141.33571195148562,29.664121323941636,166.2756662165539,-315.5930223208309,348.1216430315446,-425.116797741777,-9.80035136772251,-17.726553536372588,99.81928665833955
1818,847.1218722180955,-70.5737081595619,-141.49141088451867,-247.2394600080649,286.97340889057205,-81.44447099945633,-52.31811623476098,-98.21458242005575,32.87334675305914,168.11356781398578,-302.1850078101294,330.5753476893615,-411.5735241965586,3.3229819474093976,-5.587295040193384,107.68643712609837
1819,575.8566544589269,-52.22043816659122,-10.770979524815418,-216.6888942156152,241.92012427517867,-57.66720147365491,-31.89524560673002,-89.69647771724905,91.03623585912885,142.1244735572599,-262.85176477306806,278.7892588317217,-307.9057667970063,-19.987978736397626,-9.41332895957483,85.9328894934372
1820,649.4154713975272,-61.21945431576528,103.77760969131587,-186.74283368438927,227.13819871380474,-63.333404127331406,-44.43723020821044,-80.79697406620323,13.277587029697745,132.14253007329316,-241.770562785831,276.04857421924885,-298.3719657486876,57.14167511269574,18.881117546248174,69.80130599234799
1821,193.9272453678001,-32.99280306587915,-2.994482712977833,-101.78497685143772,138.87853959365648,-30.25450974919118,-18.323607504203775,-47.127966070200536,-22.965914731652866,71.28556390794957,-120.85651872258897,148.9583454828202,-173.9011650804674,-16.53103406000268,-9.11244309164823,40.91010812970521
1822,530.6979128364937,-51.07876720957169,-9.502783232196501,-204.08980762537982,241.05534255876898,-54.47625013991473,-30.521191324361848,-85.91828186292491,53.08970589689881,137.850634122866,-251.23280315534024,273.68360917953765,-298.2961401046979,-20.28373296427813,-9.86240601162219,83.97355668674001
1823,675.6157152182699,-62.61711566029645,91.9976737548004,-194.8461473733192,237.5862695061419,-67.23195259593817,-43.38560082888658,-108.13932091174443,13.292538208832552,137.95969016504995,-228.47709952505338,281.59541154209944,-309.65469040507685,46.34921605182737,14.434020340880778,72.47132085271816
1824,525.5850476134866,-28.31492244329506,-32.122946356405684,-153.4872753686649,174.03983207159672,-35.86624460681341,-15.083814638159403,-55.90027411252923,35.777695236137966,136.63033826209232,-215.67350804125664,197.88842618248262,-37.01038673255556,-23.176996980335623,6.7479893444963395,91.37456209788142
1825,565.8298679749963,-55.9429948951498,81.51606859244745,-165.06997592376084,189.47721669431158,-50.1671078612505,-28.818029105209607,-50.74254881380524,8.763391376446705,114.67497324486186,-311.9332966452205,247.84585628273305,-271.67124310861226,-7.03564794641077,-5.602271794892066,48.84597505073229
1826,301.7495762241938,-19.05737841778782,-8.545258381482604,-92.55282265304565,119.01649559973025,-25.673848000134463,180.04098007734294,-21.87650725325119,29.537772323230733,53.78049489756919,-88.65408943748322,130.19170884657245,-120.82167384118877,0.70778465684695,-2.3468719064954455,40.05036182626113
1827,517.5730328272338,-33.23456206043564,-8.837779259464446,-153.516811435414,179.84256361028966,-39.49612414856153,-18.821936123801155,-67.80555521000174,34.2130067320295,121.41297159275561,-201.42805244028912,205.44763227014795,-9.989961668698285,-24.544382328978774,-3.3089114526549293,77.46522222119968
1828,688.6733853062179,-62.15900279687676,8.994281159323524,-205.42935778824625,243.2915313768383,-69.63558569719895,-25.729093274763347,-191.731609602363,7.999047190043306,134.48487501323564,-217.90223713362977,269.9751099775873,-299.0784510939076,-81.86399896444476,-39.202221566531065,53.166697812889616
1829,275.26905339592236,-28.865899390530082,-3.7318532629918666,-86.32210965202981,103.54187318400523,176.50367023711044,-17.884272160796556,-59.30947674264486,15.157060618777198,42.79289118045199,-97.74942354822414,128.6839910562998,-113.47239059114894,-10.640577409114897,-27.63311987869196,19.955142203991254
1830,195.68323349520017,-34.091970691175455,-4.958235987760232,-102.46052868329222,136.23426661803796,-30.66613546068206,-18.699814600281744,-47.42608481742383,-23.13321636559597,70.02617687460241,-122.03776371861879,151.11247669865693,-173.16478581645538,-15.877548013514302,-9.505738947538813,39.04732254806308
1831,847.1218722180955,-70.5737081595619,-141.49141088451867,-247.2394600080649,286.97340889057205,-81.44447099945633,-52.31811623476098,-98.21458242005575,32.87334675305914,168.11356781398578,-302.1850078101294,330.5753476893615,-411.5735241965586,3.3229819474093976,-5.587295040193384,107.68643712609837
1832,575.8566544589269,-52.22043816659122,-10.770979524815418,-216.6888942156152,241.92012427517867,-57.66720147365491,-31.89524560673002,-89.69647771724905,91.03623585912885,142.1244735572599,-262.85176477306806,278.7892588317217,-307.9057667970063,-19.987978736397626,-9.41332895957483,85.9328894934372
1833,578.9590976431476,-52.69142566451136,93.4741354791714,-167.8436664969834,201.70265984292848,-57.81179100263176,-42.4483481433977,-76.42600198706074,15.326022751182117,115.67446216931076,-191.3184850328402,240.34778260360417,-265.00260634652676,105.21768821883977,14.72768137569209,67.33249126346233
1834,754.4846491602556,-68.04427563228586,-29.619842643645427,-223.5672759891157,261.35698087997656,-76.73770927074906,-28.538791375814853,-209.77238740721475,11.738157626013633,152.22286662896462,-257.1173330810628,294.83659898451054,-357.93791139698163,-77.6642851509904,-37.00671635637853,67.89292523217684
1835,649.4154713975272,-61.21945431576528,103.77760969131587,-186.74283368438927,227.13819871380474,-63.333404127331406,-44.43723020821044,-80.79697406620323,13.277587029697745,132.14253007329316,-241.770562785831,276.04857421924885,-298.3719657486876,57.14167511269574,18.881117546248174,69.80130599234799
1836,645.3524458168856,-60.94585934311483,104.79248411713189,-185.64311895959182,226.15773304453,-62.921853156444676,-44.784018928919,-77.30626924451752,13.301077568052774,130.4660126124822,-238.92720216342207,274.8531573735731,-293.78621536292553,58.495891322782576,19.105762086535638,68.90886562298014
1837,529.7409547572419,-48.4157030922514,-9.31264792317447,-203.13877655382026,241.3990832411731,-54.202049331377246,-30.390132733066398,-85.74778781495384,49.82804333970921,137.59321073844097,-250.63263832127208,274.4680853683535,-297.3586484792663,-20.28664041700896,-10.007554195694286,83.84465869878565
1838,541.2778335253671,-34.60970743953726,-20.251318903963607,-166.4503685649636,191.9454837137966,-41.61981574437245,-17.057069423019655,-82.99757663574772,42.98106210761656,138.72445504039402,-235.84029557420857,221.03146757789276,-53.61835443707938,-26.991127744285315,-0.8602004416302519,91.29520501422802
1839,376.974170882298,-45.65739609392988,13.780163446889704,-116.82223279778198,135.59563869520787,-49.89673909667924,-11.854212218878992,163.60300886549484,6.108047327395843,56.59133468792423,-127.47560181478565,158.8386377524588,-173.7214793262005,-56.78444940892934,-42.44259387389285,27.03237491821651
1840,531.9278127501331,-28.04160789965159,-30.451049937247117,-155.07429197186838,176.13464364127884,-36.276194082235705,-14.79758173299247,-58.743993889381194,36.18533656223317,139.3089956948211,-217.2664026371154,198.83589380985117,-41.29823491808436,-24.99687307301448,6.556339506368293,93.41504372044587
1841,576.5674531538691,-56.39856226776677,62.88564122172003,-169.38604745634117,192.57920040700031,-51.470936423276115,-24.593150152967837,-74.4424161953004,7.657712095978801,117.33304513612094,-315.50504541175354,247.9126296611821,-278.7274960179026,-35.38672336983889,-16.778809256949366,46.76993118150228
1842,754.6517900272162,-66.99095506534971,-28.0633299669278,-223.347561679952,264.57848846164165,-76.29003374058628,-28.128283728436564,-209.34615185827917,12.65642482144905,153.46813426068013,-256.8219944932878,293.49291970715507,-358.8492999466249,-77.94171301471123,-36.445796792252715,69.14752183126494
1843,579.7415437113137,-53.088144455241675,-12.454522614134033,-217.41049550186108,242.19494535846704,-58.07515302393862,-32.29393894531203,-90.00278406919472,91.43848788944355,141.0417876496715,-263.8162914466019,280.5321634550367,-306.94312194994393,-19.499695810023947,-9.76225031415795,84.4274200528224
1844,501.57252164861507,-44.8317384983857,-4.25570398419921,-96.3420058211712,198.77149496253807,-37.35445374263828,-17.742149048729303,-57.88316188008795,176.0500720537458,90.35900295991281,-166.33893300595267,224.5875214412524,-193.79435950852823,-12.394821677949766,-11.103952017674043,44.384439787532024
1845,696.9364227816543,-60.36668764508056,10.686344117681012,-206.46344089630819,240.71831216406088,-69.1149952514093,-23.221989120332,-196.39559033627964,7.893915820673176,144.05436566828922,-257.76271625033877,275.0438394554245,-330.4582716303868,-83.25215470999478,-36.55624930517177,58.974880121482485
1846,702.0296387740041,-63.45173444158842,12.488515574751556,-207.8915841940329,242.3379189059795,-69.72216408125686,-23.73532334222579,-196.92632423552945,7.859758555405011,145.16708234046274,-259.2721317418433,276.37576377364906,-332.94760500421035,-81.77859446210192,-35.88391601783259,59.628691033120894
1847,532.465311576316,-50.967735906854074,-9.701172119723859,-203.93796558092302,242.03158381191167,-54.33257460788674,-30.341388380879035,-86.15303776438499,50.18755753292672,138.69615548926126,-252.1860001652318,274.49574523877675,-294.7517182142544,-20.502468617915586,-9.735559694968941,84.76000105842344
1848,668.8611916630624,-61.77984236566585,90.83643815651355,-193.0462674733445,235.15880529452468,-66.72310848867494,-43.175027851523936,-108.00602755766953,13.497547905193597,136.37751848678235,-223.28418660241232,278.0869639063444,-306.44311807215394,51.03690115065434,13.969264532654421,72.25410621161149
1850,376.974170882298,-45.65739609392988,13.780163446889704,-116.82223279778198,135.59563869520787,-49.89673909667924,-11.854212218878992,163.60300886549484,6.108047327395843,56.59133468792423,-127.47560181478565,158.8386377524588,-173.7214793262005,-56.78444940892934,-42.44259387389285,27.03237491821651
1851,378.8115505667155,-45.767135061616095,14.334324413238503,-117.29099383218282,136.4463370786431,-50.199528292544095,-12.159852405289406,162.9349570652509,6.220276497568723,56.97187862010463,-125.64137546471261,159.4482756727084,-174.2694901082036,-55.148503984460795,-41.81906203939461,27.536647622958423
1852,392.5633206366876,-27.039484836291507,-7.689336377234514,-118.85457011439668,151.71391573847708,-35.166403883513816,149.49863725808464,-51.86768643701078,29.763031940253278,73.99269076850798,-117.5109707292749,164.5465189853535,-163.84429608075075,-10.63666061987107,-6.467828255600182,47.11016659371428
1854,198.58259500025923,-19.15225552049632,5.870350591856085,-62.202372117563066,60.995783173099106,-17.11612536312965,146.36684688221106,-32.67864884168125,6.497748310566308,33.14291246881777,-99.31329944187611,85.52238478493283,-94.63866229757294,-21.589006022677992,-14.107367824567556,20.199949049235943
1855,376.974170882298,-45.65739609392988,13.780163446889704,-116.82223279778198,135.59563869520787,-49.89673909667924,-11.854212218878992,163.60300886549484,6.108047327395843,56.59133468792423,-127.47560181478565,158.8386377524588,-173.7214793262005,-56.78444940892934,-42.44259387389285,27.03237491821651
1856,872.4623460240889,-77.8458020928619,-131.0468575682245,-255.54151906027562,298.90490154507836,-88.24554860843571,-52.64863464948135,-139.75783368289675,29.986538984766867,167.04117238547275,-312.922874543683,346.92169722961137,-424.89074285289405,-9.567263942296156,-16.95733740729141,100.87300319115245
1857,702.0296387740041,-63.45173444158842,12.488515574751556,-207.8915841940329,242.3379189059795,-69.72216408125686,-23.73532334222579,-196.92632423552945,7.859758555405011,145.16708234046274,-259.2721317418433,276.37576377364906,-332.94760500421035,-81.77859446210192,-35.88391601783259,59.628691033120894
1858,344.8910891769127,-36.01751670037555,-4.912767633369095,-115.85405793083036,126.51530516216899,-25.76964006100383,-21.09065120606099,-38.4236522822446,40.86409678746933,78.26142585600186,-121.3127367790751,313.93839414501923,-168.82792699356227,-21.39331034369692,-28.659971899726166,12.25426791916088
1859,480.5938443195938,-14.805769269452398,-61.41378294648519,-139.00030427405707,148.18624266426227,-24.888958008706894,13.927613409634358,37.66058374579073,23.658165250337237,136.68775553737922,-150.38516038566686,149.77801991940626,-218.51700936825202,-10.550914363384035,26.513737907049617,92.01203810442826
1860,649.4154713975272,-61.21945431576528,103.77760969131587,-186.74283368438927,227.13819871380474,-63.333404127331406,-44.43723020821044,-80.79697406620323,13.277587029697745,132.14253007329316,-241.770562785831,276.04857421924885,-298.3719657486876,57.14167511269574,18.881117546248174,69.80130599234799
1861,847.1218722180955,-70.5737081595619,-141.49141088451867,-247.2394600080649,286.97340889057205,-81.44447099945633,-52.31811623476098,-98.21458242005575,32.87334675305914,168.11356781398578,-302.1850078101294,330.5753476893615,-411.5735241965586,3.3229819474093976,-5.587295040193384,107.68643712609837
1862,869.102329955069,-77.87380650660255,-130.0017353866328,-254.65723915370967,301.35731896311773,-88.14359889273726,-52.56108417557226,-141.10379516409157,30.17640843540794,165.48862753684688,-312.2277376637773,346.44681138491507,-422.99397417882363,-9.457065256638746,-17.468106045826207,99.33006995268211
1863,754.4846491602556,-68.04427563228586,-29.619842643645427,-223.5672759891157,261.35698087997656,-76.73770927074906,-28.538791375814853,-209.77238740721475,11.738157626013633,152.22286662896462,-257.1173330810628,294.83659898451054,-357.93791139698163,-77.6642851509904,-37.00671635637853,67.89292523217684
1864,226.6202185054193,-20.659655832713696,-5.355424378310595,-70.77444684089383,72.29455234887152,-21.31746302760127,147.1128360751245,-60.689047487466404,6.624928659873994,39.34061649275493,-84.18560983102545,91.67886002803309,-106.46939773596526,-30.745519659077825,-17.930933195436708,23.37423661434804
1865,811.8503028582904,-81.3869579663299,-146.60531583577756,-240.59380403404236,279.2825072543136,-84.90172914409935,-55.547687969452966,-115.93655272135955,25.589369305115667,140.13544301057235,-298.1870248888236,339.2632820159536,-383.4919519594211,7.199247441191802,-16.304177066799614,79.71113875051404
1866,256.0932956394949,-30.588625966003644,-3.4267473111142044,-89.08098975665764,98.35366214451233,-19.477228912425016,-17.82273610925578,-28.116544540877484,22.467241445809137,60.486305291785236,-87.30521929663637,278.9605708981684,-135.7045313497841,-20.06101629082083,-28.304694512895463,0.5816579625198353
1867,675.6157152182699,-62.61711566029645,91.9976737548004,-194.8461473733192,237.5862695061419,-67.23195259593817,-43.38560082888658,-108.13932091174443,13.292538208832552,137.95969016504995,-228.47709952505338,281.59541154209944,-309.65469040507685,46.34921605182737,14.434020340880778,72.47132085271816
1868,450.41233669073995,-39.9576470938893,-10.37780237251397,-172.79010792042274,142.7348910947533,-48.28980532168707,-26.007642311332926,-68.57539781365524,191.47755631023617,95.64752501888171,-187.2817083585499,180.04911999949644,-228.78432165330204,-14.688785698239807,-6.7242156636523704,51.753456533014976
1869,575.920284020829,-56.82989560831688,81.6111710373639,-167.9923923083554,193.11026337639458,-51.2218362927371,-32.211622751793854,-54.0749020564452,8.788420222782543,116.92077278607726,-315.13961678875285,251.66305740926427,-276.4515344685636,-8.296141866046106,-6.060155833681482,49.63039780267154
1870,530.6979128364937,-51.07876720957169,-9.502783232196501,-204.08980762537982,241.05534255876898,-54.47625013991473,-30.521191324361848,-85.91828186292491,53.08970589689881,137.850634122866,-251.23280315534024,273.68360917953765,-298.2961401046979,-20.28373296427813,-9.86240601162219,83.97355668674001
1871,757.9162760945973,-67.61566538369449,-26.639064453762913,-224.25392440466027,262.29089569495454,-76.71448669410393,-28.36940617946168,-209.57806864567323,12.144137709982749,154.25517294038713,-260.18727915034134,295.16775135378464,-360.9721235095783,-78.28499912579498,-36.70424428279909,69.63673853692238
1872,518.3259151039856,-50.91493222318963,66.91080379196774,-158.02506545142637,202.13181764786464,-52.30289035177179,-43.7086733465337,-31.441587891832704,10.046009246838427,65.41245581084374,-99.11901199732041,222.7079780302033,-109.84581882706516,-0.5434372554175547,-19.534024404682633,19.841795225224683
1873,578.8372957600329,-52.327027448323484,-10.804725511710812,-216.96221947752153,241.72244491693138,-57.57582360987391,-31.950603923482333,-89.51756908375641,92.30513479180196,142.26317586545932,-262.8427381497232,282.053599861223,-307.7971718301329,-20.089127407036703,-9.801487031033348,85.36514289890218
1874,805.6833283480534,-78.25635443256036,-146.54444455577539,-238.73405358305962,277.3527021411261,-84.16417745804921,-55.45684164278335,-113.03583208396022,25.734094498430622,138.75691914927293,-296.32043452066586,337.9246803598841,-380.2969932946685,8.56079473564176,-15.858856607933065,79.26493222579863
1876,628.3994806543076,-56.02594539171053,-2.1054875480012085,-187.2023411902753,216.76572124875568,-63.20381109120024,11.674730398164774,-193.3151253928206,7.513853343134644,128.79205420919124,-214.2726419223948,243.7572671690324,-297.13304135201537,-82.80122186895976,-36.86982658151157,54.24687398717568
1877,649.4154713975272,-61.21945431576528,103.77760969131587,-186.74283368438927,227.13819871380474,-63.333404127331406,-44.43723020821044,-80.79697406620323,13.277587029697745,132.14253007329316,-241.770562785831,276.04857421924885,-298.3719657486876,57.14167511269574,18.881117546248174,69.80130599234799
1878,575.8566544589269,-52.22043816659122,-10.770979524815418,-216.6888942156152,241.92012427517867,-57.66720147365491,-31.89524560673002,-89.69647771724905,91.03623585912885,142.1244735572599,-262.85176477306806,278.7892588317217,-307.9057667970063,-19.987978736397626,-9.41332895957483,85.9328894934372
1879,378.7697394478456,-72.77906773578891,-89.47522781366541,-127.58558547841606,136.7988235168904,-47.395216467939356,-35.24932132934141,-60.34544210298825,-6.573540417579157,15.268438983591029,-162.74606983936224,222.46609078432573,-73.53061344045987,7.0784964623623505,-24.665463332803128,-34.39988861023905
1880,847.1218722180955,-70.5737081595619,-141.49141088451867,-247.2394600080649,286.97340889057205,-81.44447099945633,-52.31811623476098,-98.21458242005575,32.87334675305914,168.11356781398578,-302.1850078101294,330.5753476893615,-411.5735241965586,3.3229819474093976,-5.587295040193384,107.68643712609837
1881,309.38667072980235,-16.497432665790484,0.2792224986715346,-103.20661327928936,102.14147645122812,-29.654494566145168,-43.01492460828388,-42.668971801473305,33.164259294465175,39.66314798962207,-307.9399040645287,103.34269185486471,-115.33133257360902,-38.67881220285511,-25.32477393906938,48.78196392443249
1882,868.9351890881084,-78.9271270735387,-131.55824806335042,-254.87695346287336,298.1358113814525,-88.59127442290003,-52.97159182295055,-141.53003071302714,29.25814123997252,164.2433599051314,-312.52307625155237,347.79049066227054,-422.08258562918036,-9.179637392917915,-18.02902560995203,98.075473353594
1883,529.7409547572419,-48.4157030922514,-9.31264792317447,-203.13877655382026,241.3990832411731,-54.202049331377246,-30.390132733066398,-85.74778781495384,49.82804333970921,137.59321073844097,-250.63263832127208,274.4680853683535,-297.3586484792663,-20.28664041700896,-10.007554195694286,83.84465869878565
1884,562.9451582549887,-36.39378355601625,-21.394450832412932,-165.0815439667242,190.3113284643783,-44.12928610990547,-15.775644427193505,-103.1971030418499,33.415771965590714,138.4179575505997,-230.58250925365934,218.32235170207292,-57.69876139203987,-37.60725231206886,-5.602598632857733,86.59912527354138
1885,530.6979128364937,-51.07876720957169,-9.502783232196501,-204.08980762537982,241.05534255876898,-54.47625013991473,-30.521191324361848,-85.91828186292491,53.08970589689881,137.850634122866,-251.23280315534024,273.68360917953765,-298.2961401046979,-20.28373296427813,-9.86240601162219,83.97355668674001
1886,522.3715447798156,-50.59562706285732,48.965520620863565,-160.71219961387038,201.8446063691382,-53.03528855645054,-40.40318174586633,-52.495477946456326,9.553134561642047,65.65742698564623,-98.4074763875378,218.7546507023267,-113.7678232683432,-29.4219767443238,-31.03985931164381,18.201367587292783
1887,531.8449036868374,-51.27271165337051,-8.358644777360647,-203.89881228000556,242.3484226850859,-54.528050046540656,-30.82776778044457,-85.15780363066746,49.70680868474929,137.29521713892942,-249.65586806702092,274.61127017874725,-295.96785675825686,-20.293971501372088,-10.228230114273373,83.39842485413321
1888,658.5594735594411,-67.18900191975688,-19.170662390986273,-199.14808930239596,230.93933647449813,-69.26687167820461,-24.89422697711827,-198.08947246029643,2.8794964312571656,123.51385489022348,-226.37242465631897,270.38054516807006,-299.98590583070626,-77.07496909009363,-39.48571930712158,41.44794141679295
1889,333.68010663108754,-35.309946459004834,-1.8306546381608353,-103.55375222557893,122.44075228358284,136.07910643628472,-19.02033824014344,-91.3377063474908,12.470359082796929,54.528752143643885,-114.15056458065003,149.4172414280766,-146.5970195434201,-21.886103220779685,-35.17508105906998,21.54983156852926
1890,320.5472190554885,-17.101997936692715,0.37214950176407735,-106.47391443498277,105.76614811819186,-30.655101060171766,-43.34539556725537,-46.33886282443756,33.41143505412691,42.4107078264232,-311.4468333581276,107.52619871004927,-120.96960279095028,-40.48472645577868,-25.509700320728506,45.42096389847672
1891,868.9351890881084,-78.9271270735387,-131.55824806335042,-254.87695346287336,298.1358113814525,-88.59127442290003,-52.97159182295055,-141.53003071302714,29.25814123997252,164.2433599051314,-312.52307625155237,347.79049066227054,-422.08258562918036,-9.179637392917915,-18.02902560995203,98.075473353594
1892,498.87835974192376,-49.771985809065825,63.23223686555247,-152.90584795415987,193.3146354422432,-49.144615536920654,-41.07475937765372,-22.39108315124368,9.034285473156414,61.341209299913835,-117.10410062139758,216.60492148986225,-103.66008571610513,-14.067783957760213,-24.651689003459317,15.00667256472858
1893,696.7606321552449,-63.77060572249358,8.953576418520246,-206.7361747440875,240.5533057075663,-69.44259746203714,-23.59906835216855,-196.452591196827,7.341549301263014,142.75423209685985,-258.03641202263776,275.4349734841254,-329.3653821096106,-82.79382591176588,-36.80991992591028,57.38060502363346
1895,333.68010663108754,-35.309946459004834,-1.8306546381608353,-103.55375222557893,122.44075228358284,136.07910643628472,-19.02033824014344,-91.3377063474908,12.470359082796929,54.528752143643885,-114.15056458065003,149.4172414280766,-146.5970195434201,-21.886103220779685,-35.17508105906998,21.54983156852926
1896,426.2948293288442,-26.32201834972638,-10.780992127100435,-127.7730695423664,311.51135618597834,-31.599356307684342,-16.5414412594748,-64.47287115088228,33.735096105978656,80.52742302389085,-151.83227628186987,169.31209574818007,-178.97022608599082,-17.7707955413342,-3.839876499759168,23.84808235360543
1897,649.4154713975272,-61.21945431576528,103.77760969131587,-186.74283368438927,227.13819871380474,-63.333404127331406,-44.43723020821044,-80.79697406620323,13.277587029697745,132.14253007329316,-241.770562785831,276.04857421924885,-298.3719657486876,57.14167511269574,18.881117546248174,69.80130599234799
1898,805.6746785886046,-80.60695194303722,-146.7206995782185,-238.78707312167523,280.40920326629674,-84.04410413851429,-55.42341322724161,-112.66659739557203,26.09999517445588,138.70205320955904,-296.2987917051898,336.97213511122953,-380.1154923235356,8.741695670149829,-15.551607664545747,78.9252537270377
1899,396.27046125119216,-77.20397058005487,-87.46349403453245,-140.127609598791,152.07013235213972,-51.47366245028942,-38.34824862421529,-65.58512219155891,-2.6129735237663483,18.57053892791091,-171.85699199117295,239.20517549177526,-129.3203916488651,6.716722212490808,-27.14345651482276,-34.18566786011297
1900,872.4623460240889,-77.8458020928619,-131.0468575682245,-255.54151906027562,298.90490154507836,-88.24554860843571,-52.64863464948135,-139.75783368289675,29.986538984766867,167.04117238547275,-312.922874543683,346.92169722961137,-424.89074285289405,-9.567263942296156,-16.95733740729141,100.87300319115245
1901,583.4207094769067,-52.889429904983935,-6.294329351539767,-155.95157701051616,234.6106669451849,-45.81843413964489,-22.098101339130018,-70.82169699032323,190.6292807322252,111.3392250000276,-205.29846019594626,265.67824819328115,-238.698968588437,-14.634659465633389,-12.220449246273237,56.54460987927563
1902,705.9646607900877,-63.76936246488144,8.077012702186192,-209.1059332841349,243.56758803978528,-70.1488860662632,-23.923655458180008,-197.59025205632426,8.187190217707192,145.7334018614928,-261.01445019775883,277.70628840343795,-335.25684715094434,-82.90158581049292,-36.527127495377655,60.175650349233315
1904,585.5841106818145,-57.23990624367215,64.84378640370925,-171.8768566876777,195.90204871781444,-52.39528199856015,-28.40923169477627,-75.40478269979083,7.79330887036143,119.31303748821044,-318.3541906786327,251.72315344986845,-282.8021620869249,-33.812109747131416,-16.119039549533053,47.76195832036452
1905,441.8085513414381,-81.28548778777098,-111.68330000311973,-146.0186190856554,158.96657656674907,-56.42887185138348,-42.75342822969511,-68.23955980912316,-7.235938379413961,21.029353407423972,-179.72979087396502,248.81398156022777,-147.58567129615477,12.74246746644713,-27.094190242115463,-31.54560992910856
1906,579.7415437113137,-53.088144455241675,-12.454522614134033,-217.41049550186108,242.19494535846704,-58.07515302393862,-32.29393894531203,-90.00278406919472,91.43848788944355,141.0417876496715,-263.8162914466019,280.5321634550367,-306.94312194994393,-19.499695810023947,-9.76225031415795,84.4274200528224
1907,600.1897740513899,-54.38117168860614,-4.781836432211979,-152.673437227313,231.7632747176036,-47.58563736439977,-20.10854195083687,-92.12857414091809,177.67860882560902,110.39604643826253,-197.35550793748686,264.34233164922034,-239.99942742157376,-27.096910478883416,-17.875345227847383,50.30851619582997
1908,346.7474628762313,-18.499659281223884,-11.407786434751396,-114.57722812391269,116.21421891052901,-34.55364952877852,-42.29376618793152,-73.68120966997877,33.426386233261724,48.22786791817995,-298.15337009735003,113.07303603289994,-132.2523274473395,-51.277185516647044,-29.9567975260959,48.09097875884691
1909,362.42121012646567,-28.669233075901786,-1.3570326716671368,-108.72271255564085,134.76394666633144,168.63666041843433,-15.171525583162145,-39.63681418544274,20.124722210982522,71.59978771026657,-133.35682433096179,154.95912796072693,-161.49008385930887,-16.29343547721777,-0.6433941921970194,44.11313448120469
1910,324.3659779103109,-23.602298440739336,13.438379682354801,-103.29808328332368,280.5692583664066,-32.672336060407034,-17.762496522125883,-69.54673161545762,-4.252842801112034,80.2865296522637,-107.62886376328984,126.8493362740801,-167.36250887568974,-37.0866587557892,-12.201382268474278,53.20629946045251
1911,420.9365887965271,-27.25968272020016,-11.31203719521896,-124.18855346357317,150.2801093670353,133.545258730238,-19.02402585832646,-20.965761474260514,22.43685638095749,93.81115488827767,-152.1794433960314,166.62173821418943,-189.9972187661999,-16.40909432998565,10.896213273440246,60.38047959382109
1912,573.104675820163,-56.02188517128354,80.45066511333123,-167.0699413025542,191.78454197033832,-50.4661610028505,-32.174898483491596,-49.458985249462856,9.109176641481685,117.03992783368983,-313.94652048502473,249.84679634923648,-274.9718435067485,-6.863892322745488,-4.796817792892813,50.38744601766553
1914,195.85902412160945,-30.688052613762437,-3.2254682885994663,-102.18779483551293,136.39927307453254,-30.338533250054226,-18.322735368445194,-47.36908395687646,-22.58084984618581,71.32631044603177,-121.76406794631976,150.72134266995604,-174.25767533723152,-16.335876811743198,-9.252068326800307,40.64159764591211
1915,645.3524458168856,-60.94585934311483,104.79248411713189,-185.64311895959182,226.15773304453,-62.921853156444676,-44.784018928919,-77.30626924451752,13.301077568052774,130.4660126124822,-238.92720216342207,274.8531573735731,-293.78621536292553,58.495891322782576,19.105762086535638,68.90886562298014
1916,320.5472190554885,-17.101997936692715,0.37214950176407735,-106.47391443498277,105.76614811819186,-30.655101060171766,-43.34539556725537,-46.33886282443756,33.41143505412691,42.4107078264232,-311.4468333581276,107.52619871004927,-120.96960279095028,-40.48472645577868,-25.509700320728506,45.42096389847672
1918,840.7791070814491,-70.84702270320537,-143.16330730367724,-245.65244340486146,284.8785973208899,-81.03452152403403,-52.60434913992791,-95.3708626432038,32.465705426963936,165.434910381257,-300.5921132142706,329.62788006199287,-407.2856760110298,5.142858040088254,-5.395645202065339,105.64595550353393
1919,601.0940220026707,-55.14228869552433,-6.4316335346352025,-153.12171325165255,232.23577515913925,-48.08496677846449,-20.451876972666565,-92.61378912635638,176.8119619232506,109.17465822247472,-198.32906123436567,262.82089524303404,-239.14537754138476,-26.50747888187066,-17.836108510971982,49.37079334975019
1920,718.5660559337612,-64.43938515076431,17.475964271890746,-212.11043350364054,249.99420435689683,-72.44726684404058,-26.48608501991952,-202.938790437725,8.869821086960929,148.59197773008634,-242.76409459118577,281.8625050558956,-337.87970204223825,-67.055085641885,-30.272129507348414,64.1671453757981
1921,463.7552427932516,-53.95244454919649,31.42087940895027,-146.68612760548066,184.54104826492784,-49.28591103590148,-42.53534794666174,-24.513698972462592,5.864245678655942,41.344654356984805,-87.42610779524719,213.70337145174315,-73.77591087115192,-9.462927675883554,-28.272379439470654,-2.094000525277525
1922,578.8372957600329,-52.327027448323484,-10.804725511710812,-216.96221947752153,241.72244491693138,-57.57582360987391,-31.950603923482333,-89.51756908375641,92.30513479180196,142.26317586545932,-262.8427381497232,282.053599861223,-307.7971718301329,-20.089127407036703,-9.801487031033348,85.36514289890218
1923,643.576123109746,-55.863811546957656,0.250157219959393,-192.66420333505414,257.01405950047274,-65.18456667145603,-21.645267652158697,-195.19916215387627,5.875651015633478,135.64325311477205,-218.15374650020595,248.15248041235736,-306.4212292592092,-84.05884321030926,-35.86349455206072,60.33080696020944
1924,452.4786887850466,88.7592155998354,-24.90438222437707,-132.16677004318257,166.9615367902819,-40.27007444366462,-23.710242137167135,-67.58007531410017,19.382058617856625,85.97533099672185,-165.38070926903222,228.85398380840655,-202.4778263448779,-11.406796521171332,-14.932343251179038,47.62308061897088
1926,524.4136438787322,-47.418724977501746,-9.34842250956333,-201.60345380922442,239.48739276517657,-53.875517203129185,-30.139066977416483,-85.03535603810606,49.53341129452277,136.38481524732663,-248.8422634325714,270.42694779610207,-295.01049612099683,-19.942037265449315,-9.841148276087079,82.97281400536299
1928,369.6004879699936,-29.400838084120956,0.04695154397325963,-110.74476075257652,137.2360965937103,168.01510403901514,-18.68196693856016,-39.93112888968923,20.14808981519227,73.19923613017566,-138.04019594791393,158.16001382916363,-165.01673914632804,-16.35476727897884,-0.6071563192789466,44.60088891532502
1929,754.4846491602556,-68.04427563228586,-29.619842643645427,-223.5672759891157,261.35698087997656,-76.73770927074906,-28.538791375814853,-209.77238740721475,11.738157626013633,152.22286662896462,-257.1173330810628,294.83659898451054,-357.93791139698163,-77.6642851509904,-37.00671635637853,67.89292523217684
1930,872.4623460240889,-77.8458020928619,-131.0468575682245,-255.54151906027562,298.90490154507836,-88.24554860843571,-52.64863464948135,-139.75783368289675,29.986538984766867,167.04117238547275,-312.922874543683,346.92169722961137,-424.89074285289405,-9.567263942296156,-16.95733740729141,100.87300319115245
1931,575.8566544589269,-52.22043816659122,-10.770979524815418,-216.6888942156152,241.92012427517867,-57.66720147365491,-31.89524560673002,-89.69647771724905,91.03623585912885,142.1244735572599,-262.85176477306806,278.7892588317217,-307.9057667970063,-19.987978736397626,-9.41332895957483,85.9328894934372
1932,320.5472190554885,-17.101997936692715,0.37214950176407735,-106.47391443498277,105.76614811819186,-30.655101060171766,-43.34539556725537,-46.33886282443756,33.41143505412691,42.4107078264232,-311.4468333581276,107.52619871004927,-120.96960279095028,-40.48472645577868,-25.509700320728506,45.42096389847672
1933,526.2552821912352,-49.360557078375756,-4.838689022102188,-131.69612941385344,205.13802324561846,-38.43037207956078,-19.42733038843136,-58.90421377871758,181.52910769728211,95.63583714313542,-171.13555339867193,268.9025510445172,-204.96027248370078,-14.7799639172811,-15.213592960260357,41.87503917519351
1935,529.4609551351032,-22.690307250870244,-57.729164049476665,-153.91111243457874,168.04181822125062,-33.43732141050322,-18.911014721773952,71.64170263183625,23.26889184070748,138.98461237327456,-165.20326457602246,172.07078196667302,-242.5251465880776,-18.42088657952921,18.973093964506145,92.46890252946376
1936,571.0314721095998,-53.160926979996184,89.63514975365676,-164.61135398053472,200.43849699194155,-56.35857763027696,-5.967828614823004,-74.36429389017908,13.484356142359658,114.63488766554353,-192.45401659607973,241.7560780632706,-259.5541128068205,59.44915650318008,19.219080348801914,64.63389804156999
1937,356.98674835638593,-23.57067185436083,41.94260936976195,-124.88285746908696,74.99267856078487,-41.49723988192357,-71.58161314466942,-62.47078179718004,38.64093819574565,14.476190311711525,-2.260966844421464,69.58638991939901,-143.61966376622271,-109.43636435622594,-56.16121572343256,75.24417769561406
1938,470.8872959879852,17.217193417186486,-60.20872443218243,-135.5933221477415,147.7648813367965,-21.76487279607298,-16.831625370028934,40.440942699477084,22.533858472610767,130.8123506949582,-146.98981539081774,135.992249815444,-213.97109617214332,-6.637850132014041,28.135606939757036,86.87404631145218
1939,337.6151286471711,-35.62757448229785,-6.2421575107262015,-104.76810131568091,123.67042141738861,135.65238445127838,-19.20867035609766,-92.00163416828562,12.79779074509911,55.095071664673966,-115.89288303656558,150.7477660578655,-148.9062616901541,-23.00909456917068,-35.818292536615054,22.09679088464169
1940,628.3994806543076,-56.02594539171053,-2.1054875480012085,-187.2023411902753,216.76572124875568,-63.20381109120024,11.674730398164774,-193.3151253928206,7.513853343134644,128.79205420919124,-214.2726419223948,243.7572671690324,-297.13304135201537,-82.80122186895976,-36.86982658151157,54.24687398717568
1941,579.7415437113137,-53.088144455241675,-12.454522614134033,-217.41049550186108,242.19494535846704,-58.07515302393862,-32.29393894531203,-90.00278406919472,91.43848788944355,141.0417876496715,-263.8162914466019,280.5321634550367,-306.94312194994393,-19.499695810023947,-9.76225031415795,84.4274200528224
1942,381.82573545781474,-26.583917463674542,10.941090993492898,-114.53849858181637,148.61193202578832,-33.862575321488215,145.27375830584288,-28.167819055515636,30.86871122072118,71.33461887724887,-113.9392219627418,164.47974560690443,-156.78804317146037,17.71441480355703,4.708709206457117,49.18621046294429
1943,649.4154713975272,-61.21945431576528,103.77760969131587,-186.74283368438927,227.13819871380474,-63.333404127331406,-44.43723020821044,-80.79697406620323,13.277587029697745,132.14253007329316,-241.770562785831,276.04857421924885,-298.3719657486876,57.14167511269574,18.881117546248174,69.80130599234799
1944,847.1218722180955,-70.5737081595619,-141.49141088451867,-247.2394600080649,286.97340889057205,-81.44447099945633,-52.31811623476098,-98.21458242005575,32.87334675305914,168.11356781398578,-302.1850078101294,330.5753476893615,-411.5735241965586,3.3229819474093976,-5.587295040193384,107.68643712609837
1945,724.3384576342622,-64.86675214174353,13.618622365674181,-213.79354362814334,252.07457187413786,-73.17677802491178,-26.980057322284154,-204.27077005876376,9.309481919435992,149.5388411832968,-242.67218669702828,283.8026676059341,-340.7369549709754,-66.54213156580747,-30.29180915039524,65.21837739665244
1946,724.3384576342622,-64.86675214174353,13.618622365674181,-213.79354362814334,252.07457187413786,-73.17677802491178,-26.980057322284154,-204.27077005876376,9.309481919435992,149.5388411832968,-242.67218669702828,283.8026676059341,-340.7369549709754,-66.54213156580747,-30.29180915039524,65.21837739665244
1947,342.44603319018313,-17.791416247166676,-5.313963435369518,-104.36464325494302,316.08649948280566,-23.087265309748734,-15.03087933918604,-34.760544827484445,30.893699594108668,66.03420669817034,-122.70573678372183,136.97226002418316,-141.85192001501807,-7.8190112733812205,1.535138171766456,21.316558241346886
1948,620.0470042636055,-27.370439236975745,-85.97324242612092,-179.03174230225963,197.16572214684578,-39.36389425184138,-26.416345055534705,18.17973316505015,28.18361988706595,160.85927644232143,-199.0554124905129,204.97101361049067,-288.2412114917577,-7.871684078638424,25.96853584492687,107.78581760444091
1949,381.82573545781474,-26.583917463674542,10.941090993492898,-114.53849858181637,148.61193202578832,-33.862575321488215,145.27375830584288,-28.167819055515636,30.86871122072118,71.33461887724887,-113.9392219627418,164.47974560690443,-156.78804317146037,17.71441480355703,4.708709206457117,49.18621046294429
1950,401.57997816463296,-27.880828812196885,-5.7311911952453185,-121.3453793457332,155.0367640492912,-36.09074945879785,145.68255571627623,-52.83005294150122,29.898628714635905,75.97268312059748,-120.36011599615401,168.3570427740398,-167.91896214977305,-9.062046997163593,-5.808058548183867,48.102193732576524
1952,501.4352594836119,-47.37601189174454,61.07212026018146,-149.27893429290157,165.31640988624673,-43.71442039984926,-31.82596331116217,-43.919332306503875,12.534638512972592,97.32962199404496,-325.9529473990352,217.3530826933619,-236.83609168720145,-26.57847607913361,-13.64828523076362,46.24568135162273
1953,528.006717915178,-27.382871813097207,-77.20760526278038,-155.33415690178578,167.02289882465573,-32.30100820958065,-23.170473995420135,29.55634176002282,19.72721072262417,131.0675787959919,-169.275030739303,182.25786441736508,-229.32656107842007,-6.794085091367977,23.140611539600705,79.83536434844223
1954,575.920284020829,-56.82989560831688,81.6111710373639,-167.9923923083554,193.11026337639458,-51.2218362927371,-32.211622751793854,-54.0749020564452,8.788420222782543,116.92077278607726,-315.13961678875285,251.66305740926427,-276.4515344685636,-8.296141866046106,-6.060155833681482,49.63039780267154
1955,530.6979128364937,-51.07876720957169,-9.502783232196501,-204.08980762537982,241.05534255876898,-54.47625013991473,-30.521191324361848,-85.91828186292491,53.08970589689881,137.850634122866,-251.23280315534024,273.68360917953765,-298.2961401046979,-20.28373296427813,-9.86240601162219,83.97355668674001
1956,555.336622829465,-50.19357998738821,-6.05237740567498,-145.621536060624,211.59512877290493,-43.86140747876032,-20.567766713757965,-68.15524300892565,211.28348075439135,100.6423108864596,-187.25770048932856,242.53758442154947,-220.8585553337031,-14.682807502741621,-12.123071919713544,48.2381896047041
1957,675.6157152182699,-62.61711566029645,91.9976737548004,-194.8461473733192,237.5862695061419,-67.23195259593817,-43.38560082888658,-108.13932091174443,13.292538208832552,137.95969016504995,-228.47709952505338,281.59541154209944,-309.65469040507685,46.34921605182737,14.434020340880778,72.47132085271816
1958,319.4734605376012,-17.056441199431024,2.235192238836816,-106.04230728172476,105.45594974692298,-30.524718203969208,-43.767883462479546,-43.96887608628805,33.5220029821737,42.14490063729729,-311.0896584814743,107.51952137220438,-120.26397750002124,-37.64961891343586,-24.392046574522777,45.628568285399716
1959,329.50530002706284,98.27165533100157,1.978532421093035,-95.70731639147444,120.00508344344283,-26.679851471580694,-15.872014784313645,-48.672254709475006,12.655555143672235,65.06507503415634,-117.7435905419028,210.13448352715938,-141.65815758334153,-14.868052958949518,-6.6240110534009835,53.88820448938641
1960,501.57252164861507,-44.8317384983857,-4.25570398419921,-96.3420058211712,198.77149496253807,-37.35445374263828,-17.742149048729303,-57.88316188008795,176.0500720537458,90.35900295991281,-166.33893300595267,224.5875214412524,-193.79435950852823,-12.394821677949766,-11.103952017674043,44.384439787532024
1961,872.4623460240889,-77.8458020928619,-131.0468575682245,-255.54151906027562,298.90490154507836,-88.24554860843571,-52.64863464948135,-139.75783368289675,29.986538984766867,167.04117238547275,-312.922874543683,346.92169722961137,-424.89074285289405,-9.567263942296156,-16.95733740729141,100.87300319115245
1962,575.920284020829,-56.82989560831688,81.6111710373639,-167.9923923083554,193.11026337639458,-51.2218362927371,-32.211622751793854,-54.0749020564452,8.788420222782543,116.92077278607726,-315.13961678875285,251.66305740926427,-276.4515344685636,-8.296141866046106,-6.060155833681482,49.63039780267154
1963,378.27123606049906,-21.375667846485,-38.20126956040159,-123.30501568001098,126.56982329060213,-37.95021286888368,-48.28511859090168,-59.65865903482532,37.80804337887753,51.87934235852797,-310.5277544165526,126.92782421043442,-149.5421320783213,-35.355185695003186,-25.706496751196763,55.9332841070201
1964,530.6979128364937,-51.07876720957169,-9.502783232196501,-204.08980762537982,241.05534255876898,-54.47625013991473,-30.521191324361848,-85.91828186292491,53.08970589689881,137.850634122866,-251.23280315534024,273.68360917953765,-298.2961401046979,-20.28373296427813,-9.86240601162219,83.97355668674001
1965,308.9231999156153,132.7557449453407,0.8311860666825435,-90.38861871895713,119.3518732730724,-26.665845012644976,-14.182921202187938,-48.50914034517596,13.502994195651974,57.101014153542486,-114.95962090782515,161.81811860575743,-131.01054755660698,-11.466454000593375,-13.559502153048062,26.896931407235886
1966,583.5580476009658,-24.46623029007689,-44.40667383595989,-167.6709933380838,185.78850157132496,-35.39301353058181,-25.14384390717094,26.525070290353085,25.347302854393106,155.49659356392482,-183.01737151061965,192.98961460454564,-266.7524068802227,5.070345599223365,32.87509288903821,103.07078814635207
1967,702.0296387740041,-63.45173444158842,12.488515574751556,-207.8915841940329,242.3379189059795,-69.72216408125686,-23.73532334222579,-196.92632423552945,7.859758555405011,145.16708234046274,-259.2721317418433,276.37576377364906,-332.94760500421035,-81.77859446210192,-35.88391601783259,59.628691033120894
1968,392.5633206366876,-27.039484836291507,-7.689336377234514,-118.85457011439668,151.71391573847708,-35.166403883513816,149.49863725808464,-51.86768643701078,29.763031940253278,73.99269076850798,-117.5109707292749,164.5465189853535,-163.84429608075075,-10.63666061987107,-6.467828255600182,47.11016659371428
1969,522.720735146212,-51.64381413945006,46.60848000208175,-160.7541203808033,203.13898979087125,-53.1967694383751,-39.77002729945887,-52.297735496475894,8.532688640275314,65.39187026937405,-101.09786616799481,221.8272837812838,-112.61422355082672,-27.074636586166804,-30.518912028611883,15.725269733430233
1970,864.5403690458819,-78.19824515727828,-111.25592427346444,-252.14789853349646,297.128639238446,-87.69739533629672,-56.91023787002538,-120.67388310838398,30.77146184653563,164.2639454466011,-310.544222080878,348.6711849111901,-419.3141809054188,17.35156193783133,-7.044137986022775,102.19199884538847
1971,525.6208825916955,-50.79192887663971,47.95272350469312,-161.28057556012675,203.9364968181044,-52.99969250425676,-39.34420371543496,-52.64598458535968,9.44456935290297,67.79494859162371,-102.37753223965552,221.46380962300614,-111.10018280659101,-27.748793585302327,-29.993246907148034,18.234887190917053
1972,417.15577149578905,-26.64010589219879,-11.935774766319655,-123.45998428109569,148.05181113032427,133.68351703551744,-19.826565501087096,-21.357822685782452,23.051322218355104,92.04440529312737,-146.4191075462959,163.2179527659583,-188.11660637111967,-18.135720513338054,10.072793916828877,61.11276414293811
1975,369.6960179716324,-28.748123352035527,-2.4224361507833643,-110.72267793443422,137.07127194235818,168.33760727683435,-18.528394961444132,-38.35325062110035,20.470507476017502,73.96474229909454,-135.370048170766,156.96006802723036,-164.79068425744512,-16.121679853552486,0.1620598098022339,45.65460544813793
1976,759.7536557790147,-67.72540435138069,-26.084903487414113,-224.7226854390611,263.14159407838974,-77.01727588996879,-28.67504636587209,-210.2461204459172,12.25636688015563,154.6357168725675,-258.3530528002683,295.77738927403425,-361.52013429158137,-76.64905370132644,-36.08071244830085,70.14101124166429
1978,413.5710127274483,-26.62609480037689,-12.35225507954281,-122.16043885564,148.0032881363933,134.00821654239368,-18.776508679390048,-20.76526240964042,22.474859907546012,91.910932869707,-147.09067966962158,163.2802451171577,-186.26617733109924,-16.573818973628445,16.126413085323193,59.48224778284865
1979,524.4136438787322,-47.418724977501746,-9.34842250956333,-201.60345380922442,239.48739276517657,-53.875517203129185,-30.139066977416483,-85.03535603810606,49.53341129452277,136.38481524732663,-248.8422634325714,270.42694779610207,-295.01049612099683,-19.942037265449315,-9.841148276087079,82.97281400536299
1980,492.75671724808666,-45.433591921092976,44.863314435064034,-151.95067939871518,192.51611853725922,-47.315141694718086,-38.277112106422614,-27.99618986130036,14.983052804932525,65.37543757948143,-100.2227685118543,210.06862986896667,-58.63550342879477,-16.20449766723878,-23.015728224832156,23.002174049590664
1981,392.5633206366876,-27.039484836291507,-7.689336377234514,-118.85457011439668,151.71391573847708,-35.166403883513816,149.49863725808464,-51.86768643701078,29.763031940253278,73.99269076850798,-117.5109707292749,164.5465189853535,-163.84429608075075,-10.63666061987107,-6.467828255600182,47.11016659371428
1982,603.0012203336547,-54.85957751579421,-9.937617683800275,-213.25245933604242,260.6702826120015,-57.16284000793201,-31.097380102198812,-90.1549061206507,90.86311839422866,145.32686130851417,-266.52865290314895,296.26459111616765,-309.9291641307073,-19.97693256647795,-10.53500928255868,86.91067589063327
1985,525.509563330723,-50.557703108975915,-9.30906260797849,-199.1403389360837,239.74744291761274,-53.84768607866982,-30.219707107788935,-85.1101296032757,49.46633212951051,136.81623323199435,-249.07449710800455,271.8482732498303,-295.61448842317196,-20.1782167894163,-9.812662426017122,83.53367527058559
1986,645.3524458168856,-60.94585934311483,104.79248411713189,-185.64311895959182,226.15773304453,-62.921853156444676,-44.784018928919,-77.30626924451752,13.301077568052774,130.4660126124822,-238.92720216342207,274.8531573735731,-293.78621536292553,58.495891322782576,19.105762086535638,68.90886562298014
1987,553.4560167063224,-50.042379504343444,-6.192910226379309,-145.83669271413237,211.85049137410044,-43.64009435508739,-20.756991214458424,-65.96468447657998,212.28380972762884,100.70301186862945,-187.9219934793097,242.94088073832586,-220.61087632378752,-13.449983426568087,-11.60138787372473,48.7832539490763
1988,575.920284020829,-56.82989560831688,81.6111710373639,-167.9923923083554,193.11026337639458,-51.2218362927371,-32.211622751793854,-54.0749020564452,8.788420222782543,116.92077278607726,-315.13961678875285,251.66305740926427,-276.4515344685636,-8.296141866046106,-6.060155833681482,49.63039780267154
1989,412.80201093661105,-33.055225032835246,11.977855536706878,-122.3873334480606,149.45620595317774,130.9417827314654,-17.049304274088705,-36.45022945590275,19.18931216849542,84.55664477917989,-174.1975495505583,175.42031036508527,-188.73111236800986,-18.678636782488113,3.167814109710365,49.355559831571746
1990,510.14663355242124,-48.00640433250236,60.93007899945354,-151.9386084584741,168.83585325727196,-44.68617567930518,-31.993255823602844,-47.18327980809206,12.81518982766838,98.97440833670325,-329.0748709032122,217.95858230742436,-240.97106187701615,-27.821422179740992,-14.938319407076822,44.754329383897286
1991,444.8777532074109,-39.4858221075315,-9.526357590439885,-159.58243223242346,136.84985802680933,-45.65754021797896,-23.948453232583244,-64.13097086297346,212.97627958722964,87.89346086361239,-173.21444095898613,173.0395516005424,-212.5172869889835,-13.494168106246795,-7.114666581789329,44.87210836029209
1992,687.6981863574769,-58.37764032349326,-5.834976479948997,-203.79884260048527,237.65099271771703,-67.05927493124062,-17.35485792370996,-201.38963623529185,12.783168067607805,146.89481009664505,-238.52018649878633,265.61897470944587,-283.3904103668642,-83.8876383281187,-34.31175524640483,66.29470542167154
1993,301.7495762241938,-19.05737841778782,-8.545258381482604,-92.55282265304565,119.01649559973025,-25.673848000134463,180.04098007734294,-21.87650725325119,29.537772323230733,53.78049489756919,-88.65408943748322,130.19170884657245,-120.82167384118877,0.70778465684695,-2.3468719064954455,40.05036182626113
1994,545.680544442459,-47.06891391895404,-5.913574539886072,-136.64142073118452,245.59754684865172,-39.91866619803618,-18.92289664538611,-62.757955645333006,182.3258619427479,97.51941764507049,-181.03962399388612,240.856893823162,-209.66862936805856,-12.902872684969243,-10.502064326561353,43.55242473755123
1995,811.8503028582904,-81.3869579663299,-146.60531583577756,-240.59380403404236,279.2825072543136,-84.90172914409935,-55.547687969452966,-115.93655272135955,25.589369305115667,140.13544301057235,-298.1870248888236,339.2632820159536,-383.4919519594211,7.199247441191802,-16.304177066799614,79.71113875051404
1996,369.46092215614266,-18.22651721053201,20.188805871274955,-126.65549465904965,71.54012119296954,-38.055996691924825,-67.74648325456118,-51.218661944213814,41.6135969991868,32.4329153959469,-18.763610031228865,63.37794777587865,-174.68025800569328,-108.65603102408811,-45.77428071842052,91.73906353923245
1997,634.1718823548086,-56.45331238268976,-5.962829454217775,-188.8854513147781,218.8460887659967,-63.93332227207143,11.180758095800142,-194.64710501385937,7.953514175609706,129.73891766240172,-214.18073402823728,245.69742971907093,-299.99029428075244,-82.28826779288221,-36.88950622455839,55.298106008030025
1998,272.9976224521166,-27.5554429633397,-4.847534799643016,-85.9180502551655,134.01791077468204,144.52497363593278,-17.35510292280575,-61.008139827764964,17.46604984815226,40.46066132263678,-95.62540762096503,126.51244971868088,-113.53804847549412,-9.296728473542217,-28.767040782737038,13.483376946842862
1999,195.68323349520017,-34.091970691175455,-4.958235987760232,-102.46052868329222,136.23426661803796,-30.66613546068206,-18.699814600281744,-47.42608481742383,-23.13321636559597,70.02617687460241,-122.03776371861879,151.11247669865693,-173.16478581645538,-15.877548013514302,-9.505738947538813,39.04732254806308
2000,611.6072983901472,-55.02368603575158,97.54023398030891,-179.45714185961444,204.8552163466945,-61.95082107453702,-52.4626266358168,-84.71758618142259,19.42224540367388,114.47503412179019,-184.16720428847592,242.0107197369374,-279.5658417978856,39.87541327917172,10.646923980134485,77.12415148351819
2001,702.0296387740041,-63.45173444158842,12.488515574751556,-207.8915841940329,242.3379189059795,-69.72216408125686,-23.73532334222579,-196.92632423552945,7.859758555405011,145.16708234046274,-259.2721317418433,276.37576377364906,-332.94760500421035,-81.77859446210192,-35.88391601783259,59.628691033120894
2002,473.0488977030112,17.20466082769642,-60.56532705160851,-136.1930295541542,148.25875408718727,-25.152638411281103,-16.749433441698528,39.74613882194254,22.808794851393756,131.70938048866296,-148.3210956051078,136.62420662219537,-210.97204377372236,-6.785622464517132,28.058691902649745,87.52880422762829
2003,529.5651641308325,-51.819621169664416,-11.045415622335236,-203.41151040159957,241.2340767846785,-54.529651542005084,-30.76721196490295,-85.80478867550121,49.275676820299054,136.2930771670116,-250.9063340935711,274.8592193970544,-296.26575895849015,-19.828311618780063,-10.261224816432792,82.25038360093662
2004,537.5817911784126,-46.2430608373012,-5.621717684262243,-134.37885229612658,246.14700825458812,-39.09709101112299,-18.832922454475078,-59.61611712125776,182.08552225059583,96.10014724568886,-178.26548440199753,237.75529497995672,-206.11716044654176,-11.736482638778764,-9.917118632542724,43.374728696628914
2005,510.14663355242124,-48.00640433250236,60.93007899945354,-151.9386084584741,168.83585325727196,-44.68617567930518,-31.993255823602844,-47.18327980809206,12.81518982766838,98.97440833670325,-329.0748709032122,217.95858230742436,-240.97106187701615,-27.821422179740992,-14.938319407076822,44.754329383897286
2006,579.7415437113137,-53.088144455241675,-12.454522614134033,-217.41049550186108,242.19494535846704,-58.07515302393862,-32.29393894531203,-90.00278406919472,91.43848788944355,141.0417876496715,-263.8162914466019,280.5321634550367,-306.94312194994393,-19.499695810023947,-9.76225031415795,84.4274200528224
2007,422.7739684809445,-27.36942168788637,-10.757876228870161,-124.65731449797401,151.13080775047055,133.24246953437316,-19.329666044736875,-21.633813274504465,22.549085551130368,94.19169882045807,-150.34521704595835,167.23137613443905,-190.545229548203,-14.773148905517106,11.519745107938487,60.88475229856301
2008,575.8566544589269,-52.22043816659122,-10.770979524815418,-216.6888942156152,241.92012427517867,-57.66720147365491,-31.89524560673002,-89.69647771724905,91.03623585912885,142.1244735572599,-262.85176477306806,278.7892588317217,-307.9057667970063,-19.987978736397626,-9.41332895957483,85.9328894934372
2009,526.2552821912352,-49.360557078375756,-4.838689022102188,-131.69612941385344,205.13802324561846,-38.43037207956078,-19.42733038843136,-58.90421377871758,181.52910769728211,95.63583714313542,-171.13555339867193,268.9025510445172,-204.96027248370078,-14.7799639172811,-15.213592960260357,41.87503917519351
2010,548.9938576928186,-50.46689453103167,-7.724273824833551,-144.03451945742057,209.5003172032228,-43.45145800333802,-20.853999618924902,-65.3115232320737,210.87583942829616,97.96365345373081,-185.6648058934698,241.59011679418091,-216.57070714817428,-12.862931410062764,-11.931422081585499,46.197707982139654
2011,232.48077092858875,-2.0209653712135127,5.201503121939038,-64.4932975680434,58.588335179243295,-17.70719960075146,-12.831695184306508,-34.78773115512321,-1.4254347490061519,55.07098329499435,-69.1979762727924,238.50905181217956,-105.43636758024893,-19.47698584414587,27.490425133852735,132.2737730664638
2012,397.3632207632624,-36.64405229007388,-9.288072308610156,-151.7531346307982,115.16203753372538,-41.702621563958246,-23.773174924228528,-57.68546073095194,183.67557530971638,81.32938571169224,-156.53732924242556,182.53468555312682,-198.73057699509488,-14.845316791313333,-10.373541475665498,36.03981956586
2013,358.9157164055319,-17.640003972270623,20.565108461718722,-123.67625257327845,68.18154873145936,-37.10198653062717,-67.79903769849943,-47.75791999227222,41.42054693578529,33.65512383057655,-14.56933741940411,59.916768770307435,-170.59604739126536,-107.59201477246472,-45.67528226915841,89.95769040710688
2014,493.1569737814086,-47.8609510454663,-4.604229445053241,-128.06297848264768,206.4645621685307,-39.100911375944975,-18.67934220274837,-60.19257688042815,168.9932836823774,93.40182298608514,-170.3340088197274,232.2310175109202,-204.50670060565267,-13.427975576790669,-11.935201940170387,45.03613737475303
2017,868.9351890881084,-78.9271270735387,-131.55824806335042,-254.87695346287336,298.1358113814525,-88.59127442290003,-52.97159182295055,-141.53003071302714,29.25814123997252,164.2433599051314,-312.52307625155237,347.79049066227054,-422.08258562918036,-9.179637392917915,-18.02902560995203,98.075473353594
2018,528.7910319903586,-49.210943495840894,-5.096114025271052,-132.54907266705885,209.78416262862672,-38.54450235343164,-19.470348158660688,-58.89820595451824,182.32028488131812,95.8472336847804,-172.36924371921504,267.21690375385566,-205.71878303762995,-14.480461788930457,-15.751057734319692,39.597802183991725
2019,601.0940220026707,-55.14228869552433,-6.4316335346352025,-153.12171325165255,232.23577515913925,-48.08496677846449,-20.451876972666565,-92.61378912635638,176.8119619232506,109.17465822247472,-198.32906123436567,262.82089524303404,-239.14537754138476,-26.50747888187066,-17.836108510971982,49.37079334975019
2020,553.4560167063224,-50.042379504343444,-6.192910226379309,-145.83669271413237,211.85049137410044,-43.64009435508739,-20.756991214458424,-65.96468447657998,212.28380972762884,100.70301186862945,-187.9219934793097,242.94088073832586,-220.61087632378752,-13.449983426568087,-11.60138787372473,48.7832539490763
2021,541.2778335253671,-34.60970743953726,-20.251318903963607,-166.4503685649636,191.9454837137966,-41.61981574437245,-17.057069423019655,-82.99757663574772,42.98106210761656,138.72445504039402,-235.84029557420857,221.03146757789276,-53.61835443707938,-26.991127744285315,-0.8602004416302519,91.29520501422802
2022,529.5651641308325,-51.819621169664416,-11.045415622335236,-203.41151040159957,241.2340767846785,-54.529651542005084,-30.76721196490295,-85.80478867550121,49.275676820299054,136.2930771670116,-250.9063340935711,274.8592193970544,-296.26575895849015,-19.828311618780063,-10.261224816432792,82.25038360093662
2023,718.5660559337612,-64.43938515076431,17.475964271890746,-212.11043350364054,249.99420435689683,-72.44726684404058,-26.48608501991952,-202.938790437725,8.869821086960929,148.59197773008634,-242.76409459118577,281.8625050558956,-337.87970204223825,-67.055085641885,-30.272129507348414,64.1671453757981
2024,390.379214131477,-23.18783916675256,-8.399953585167184,-112.20413049665979,307.1560472102842,-25.34357175111802,-15.444904199112504,-36.193254053280654,66.94751686362292,70.79902327511539,-138.6856258999041,161.13120344862347,-153.2638672491596,-4.660928047367957,1.053633032001433,20.720523639233217
2025,518.3259151039856,-50.91493222318963,66.91080379196774,-158.02506545142637,202.13181764786464,-52.30289035177179,-43.7086733465337,-31.441587891832704,10.046009246838427,65.41245581084374,-99.11901199732041,222.7079780302033,-109.84581882706516,-0.5434372554175547,-19.534024404682633,19.841795225224683
2026,757.9162760945973,-67.61566538369449,-26.639064453762913,-224.25392440466027,262.29089569495454,-76.71448669410393,-28.36940617946168,-209.57806864567323,12.144137709982749,154.25517294038713,-260.18727915034134,295.16775135378464,-360.9721235095783,-78.28499912579498,-36.70424428279909,69.63673853692238
2027,649.4154713975272,-61.21945431576528,103.77760969131587,-186.74283368438927,227.13819871380474,-63.333404127331406,-44.43723020821044,-80.79697406620323,13.277587029697745,132.14253007329316,-241.770562785831,276.04857421924885,-298.3719657486876,57.14167511269574,18.881117546248174,69.80130599234799
2028,585.5841106818145,-57.23990624367215,64.84378640370925,-171.8768566876777,195.90204871781444,-52.39528199856015,-28.40923169477627,-75.40478269979083,7.79330887036143,119.31303748821044,-318.3541906786327,251.72315344986845,-282.8021620869249,-33.812109747131416,-16.119039549533053,47.76195832036452
2029,705.9646607900877,-63.76936246488144,8.077012702186192,-209.1059332841349,243.56758803978528,-70.1488860662632,-23.923655458180008,-197.59025205632426,8.187190217707192,145.7334018614928,-261.01445019775883,277.70628840343795,-335.25684715094434,-82.90158581049292,-36.527127495377655,60.175650349233315
2030,275.8005328847805,-29.289174404749062,-2.0953185757207313,-86.48230288825093,103.67828097175006,176.3298158796372,-18.140710548467297,-58.766908892219575,14.651159990118655,42.42211916962481,-99.53970354584192,129.37861758385148,-118.02064344798131,-10.587134384783969,-27.85631292657637,19.189338051249965
2031,847.1218722180955,-70.5737081595619,-141.49141088451867,-247.2394600080649,286.97340889057205,-81.44447099945633,-52.31811623476098,-98.21458242005575,32.87334675305914,168.11356781398578,-302.1850078101294,330.5753476893615,-411.5735241965586,3.3229819474093976,-5.587295040193384,107.68643712609837
2032,390.0948369815063,-76.42396455676219,-87.57887777697339,-138.32087868642384,153.19682836412275,-50.61603744470436,-38.22397388200393,-62.31516686577137,-2.102347654426137,17.137149126897608,-169.96875880753913,236.9140285870512,-125.94393201297959,8.259170441448838,-26.39088711256889,-34.97155288358931
2033,393.5539785821604,-26.03302660821489,32.80873953741779,-134.7802899922641,83.81686958425739,-45.20119861990409,-68.4605146582924,-93.88712519235149,38.4295233505504,29.56484745901033,-27.851212446101677,80.34514153048066,-184.8914172380817,-121.62431024700744,-58.18301658601975,83.27614101992468
2034,517.7300036437945,-26.593988188326033,-76.93894137638028,-152.40567410619371,163.58518083930963,-31.40487834535757,-23.03980452529748,32.79487936303638,19.763553007086607,128.5210056561149,-165.66331848631293,178.30005606223884,-224.34188357038732,-5.759647617136508,28.864933263191144,78.64046421965088
2035,342.6845488550013,96.98834553365371,0.5012672239236248,-101.32675023374057,128.57426568171002,-27.242138981300876,-16.863728346314943,-48.08736936315631,19.311567162303206,66.75272916561207,-122.74287104485734,220.74969906308118,-147.96870454361547,-14.980567403421036,-16.86260054894599,30.541207791495484
2036,754.6517900272162,-66.99095506534971,-28.0633299669278,-223.347561679952,264.57848846164165,-76.29003374058628,-28.128283728436564,-209.34615185827917,12.65642482144905,153.46813426068013,-256.8219944932878,293.49291970715507,-358.8492999466249,-77.94171301471123,-36.445796792252715,69.14752183126494
2037,415.33481256660133,-25.224093982042223,-7.940675135983981,-124.72775917046452,311.1413468293779,-30.481441991967387,-15.840647057385377,-63.03709154416171,33.05675682347756,78.80764029260506,-147.67299311071906,164.88664961303078,-173.81514030866907,-18.316521689095534,-3.7293730744012024,22.915822609647694
2038,810.7926009217177,-46.53976675516635,-130.4381447682026,-236.9440145504483,279.60685041320295,-80.87003174793438,-51.7401713827852,-110.75062730890349,31.433790917916422,153.25593377247844,-294.25697086210516,333.5356806689168,-392.9411562053676,4.048209002203434,-12.504132818625896,96.41093794399836
2039,872.36681602245,-78.49851682494733,-128.5774698734679,-255.56360187841793,299.0697261964305,-88.56805184625489,-52.802206626597375,-141.33571195148562,29.664121323941636,166.2756662165539,-315.5930223208309,348.1216430315446,-425.116797741777,-9.80035136772251,-17.726553536372588,99.81928665833955
2040,693.0129812460588,-62.61039046568304,10.530370392762363,-205.40077496269637,239.0150705951654,-68.79781850597283,-19.91924180041736,-195.963957731039,7.724161781022382,143.1870899883732,-256.42298647496415,272.5652399849628,-328.8729389351881,-83.35320808480941,-36.543685725248906,58.63666389425865
2041,675.6157152182699,-62.61711566029645,91.9976737548004,-194.8461473733192,237.5862695061419,-67.23195259593817,-43.38560082888658,-108.13932091174443,13.292538208832552,137.95969016504995,-228.47709952505338,281.59541154209944,-309.65469040507685,46.34921605182737,14.434020340880778,72.47132085271816
2042,718.5660559337612,-64.43938515076431,17.475964271890746,-212.11043350364054,249.99420435689683,-72.44726684404058,-26.48608501991952,-202.938790437725,8.869821086960929,148.59197773008634,-242.76409459118577,281.8625050558956,-337.87970204223825,-67.055085641885,-30.272129507348414,64.1671453757981
2043,400.4782676609983,-26.57869286689666,29.245404976109143,-136.66274665390551,85.71680601606901,-45.909088719594585,-68.72454594876223,-95.6717710966825,38.84403240254434,31.541877251725477,-32.07971664777282,82.86440566810039,-191.08078447964874,-121.26641026314246,-57.93321885764655,84.92314509232796
2044,872.4623460240889,-77.8458020928619,-131.0468575682245,-255.54151906027562,298.90490154507836,-88.24554860843571,-52.64863464948135,-139.75783368289675,29.986538984766867,167.04117238547275,-312.922874543683,346.92169722961137,-424.89074285289405,-9.567263942296156,-16.95733740729141,100.87300319115245
2045,585.5841106818145,-57.23990624367215,64.84378640370925,-171.8768566876777,195.90204871781444,-52.39528199856015,-28.40923169477627,-75.40478269979083,7.79330887036143,119.31303748821044,-318.3541906786327,251.72315344986845,-282.8021620869249,-33.812109747131416,-16.119039549533053,47.76195832036452
2046,494.77563726718563,-38.703657223374826,-35.705487709210345,-148.64379265135418,168.69910460621588,-39.5121391032058,-18.21637796838491,-74.27540565833931,29.90168808752717,111.39157187357752,-213.93271270579072,207.9271244532197,-12.968983671031305,-19.887783503058547,-3.6388584742491235,65.98480968923374
2047,450.41233669073995,-39.9576470938893,-10.37780237251397,-172.79010792042274,142.7348910947533,-48.28980532168707,-26.007642311332926,-68.57539781365524,191.47755631023617,95.64752501888171,-187.2817083585499,180.04911999949644,-228.78432165330204,-14.688785698239807,-6.7242156636523704,51.753456533014976
2048,811.0261516843842,-70.65012681543945,-131.08611691351965,-237.14429807502486,311.0990531090557,-79.91118681838677,-51.403037209842815,-108.9898134829157,38.16111726348438,151.78725762597824,-294.33490228999136,325.4509446259578,-390.55071014990324,5.790528168156262,-10.216680814901135,92.0375748443536
2049,528.6609161795517,-51.058504162746225,-9.395618519912013,-202.96323437726002,240.76157634314285,-54.03032212794037,-30.423876943073253,-85.31957369006291,50.14232372265747,137.51446538279941,-249.9327807966923,276.3806558032407,-297.11980883867915,-20.417743215792818,-10.30046153330819,83.18810644701641
2050,872.4623460240889,-77.8458020928619,-131.0468575682245,-255.54151906027562,298.90490154507836,-88.24554860843571,-52.64863464948135,-139.75783368289675,29.986538984766867,167.04117238547275,-312.922874543683,346.92169722961137,-424.89074285289405,-9.567263942296156,-16.95733740729141,100.87300319115245
2051,553.4560167063224,-50.042379504343444,-6.192910226379309,-145.83669271413237,211.85049137410044,-43.64009435508739,-20.756991214458424,-65.96468447657998,212.28380972762884,100.70301186862945,-187.9219934793097,242.94088073832586,-220.61087632378752,-13.449983426568087,-11.60138787372473,48.7832539490763
2052,510.25743905143315,-49.858494765358934,46.87504821419701,-164.49270351909007,207.78742737250855,-51.393587677068155,-41.37603940129648,-33.235869949870995,18.94361969874534,68.6775375238013,-109.33369066366501,226.8077145764162,-114.4252816372,-16.56627191711032,-25.493721406851783,23.216394799716742
2054,530.6979128364937,-51.07876720957169,-9.502783232196501,-204.08980762537982,241.05534255876898,-54.47625013991473,-30.521191324361848,-85.91828186292491,53.08970589689881,137.850634122866,-251.23280315534024,273.68360917953765,-298.2961401046979,-20.28373296427813,-9.86240601162219,83.97355668674001
2056,485.7560883655027,-16.605594424002877,-56.49312043646981,-141.0191267902407,152.4329379133113,-27.006032269505372,-19.118297951338025,36.54255856003229,24.1653855860745,131.74207060320367,-150.56390564140955,151.53814188169372,-221.10463178044836,-13.449309157967587,78.96145230593211,87.99451096835419
2057,306.10759171494936,133.563755382374,-0.32931985735013825,-89.46616771315594,118.02615186701614,-25.91016972275838,-14.146196933885674,-43.89322353819362,13.823750614351116,57.220169201155045,-113.76652460409699,160.00185754572965,-129.53085659479194,-10.034204457292757,-12.296164112259392,27.653979622229876
2058,559.3715771418931,-52.88551398698704,-11.38287549128916,-206.14476302066305,239.2572832022058,-53.615872904195,-31.320795132426106,-84.01570234057483,61.96466614703009,137.68010024900562,-250.81606786012216,307.50262969206705,-295.1798092897563,-20.839798325170808,-14.142805531017965,76.57291765558637
2059,655.2048082386788,-56.414622185669344,4.292994681755415,-198.11508313792154,216.73208822805515,-67.41523545317844,-27.94463822802371,-199.88456984625836,13.868820154998527,125.51959403687025,-198.819627977609,238.52738550265138,-310.06681498438604,-100.61946991833342,-44.77787929136259,65.95950938542885
2060,872.4623460240889,-77.8458020928619,-131.0468575682245,-255.54151906027562,298.90490154507836,-88.24554860843571,-52.64863464948135,-139.75783368289675,29.986538984766867,167.04117238547275,-312.922874543683,346.92169722961137,-424.89074285289405,-9.567263942296156,-16.95733740729141,100.87300319115245
2061,872.4623460240889,-77.8458020928619,-131.0468575682245,-255.54151906027562,298.90490154507836,-88.24554860843571,-52.64863464948135,-139.75783368289675,29.986538984766867,167.04117238547275,-312.922874543683,346.92169722961137,-424.89074285289405,-9.567263942296156,-16.95733740729141,100.87300319115245
2062,576.8930534902976,-52.28168895352431,-6.085875615983823,-150.55297700649038,232.7505793860651,-45.10575030869586,-21.741479959095628,-69.84648157154484,187.03236232624678,109.9826852648732,-202.573439646005,263.24152551362874,-235.39505241108802,-14.477839918567318,-12.177144350897938,55.8873954263413
2063,390.379214131477,-23.18783916675256,-8.399953585167184,-112.20413049665979,307.1560472102842,-25.34357175111802,-15.444904199112504,-36.193254053280654,66.94751686362292,70.79902327511539,-138.6856258999041,161.13120344862347,-153.2638672491596,-4.660928047367957,1.053633032001433,20.720523639233217
2064,443.9474475485645,-27.94480684235544,-33.425276490910235,-132.55517853890393,320.33605445474694,-33.444833280005106,-21.9488471691693,-45.9765023706148,37.436752726967306,81.81276361164673,-161.52442890334143,178.12512253247075,-189.85130886671874,-1.1953597495774075,1.0150496122054244,30.46145964000197
2065,675.6157152182699,-62.61711566029645,91.9976737548004,-194.8461473733192,237.5862695061419,-67.23195259593817,-43.38560082888658,-108.13932091174443,13.292538208832552,137.95969016504995,-228.47709952505338,281.59541154209944,-309.65469040507685,46.34921605182737,14.434020340880778,72.47132085271816
2066,195.68323349520017,-34.091970691175455,-4.958235987760232,-102.46052868329222,136.23426661803796,-30.66613546068206,-18.699814600281744,-47.42608481742383,-23.13321636559597,70.02617687460241,-122.03776371861879,151.11247669865693,-173.16478581645538,-15.877548013514302,-9.505738947538813,39.04732254806308
2067,578.8372957600329,-52.327027448323484,-10.804725511710812,-216.96221947752153,241.72244491693138,-57.57582360987391,-31.950603923482333,-89.51756908375641,92.30513479180196,142.26317586545932,-262.8427381497232,282.053599861223,-307.7971718301329,-20.089127407036703,-9.801487031033348,85.36514289890218
2068,530.6979128364937,-51.07876720957169,-9.502783232196501,-204.08980762537982,241.05534255876898,-54.47625013991473,-30.521191324361848,-85.91828186292491,53.08970589689881,137.850634122866,-251.23280315534024,273.68360917953765,-298.2961401046979,-20.28373296427813,-9.86240601162219,83.97355668674001
2069,529.5651641308325,-51.819621169664416,-11.045415622335236,-203.41151040159957,241.2340767846785,-54.529651542005084,-30.76721196490295,-85.80478867550121,49.275676820299054,136.2930771670116,-250.9063340935711,274.8592193970544,-296.26575895849015,-19.828311618780063,-10.261224816432792,82.25038360093662
2070,674.4638278399331,-62.49881639259391,91.70366640989246,-194.64680083618063,237.7667005915713,-67.25357367711885,-43.61554184078138,-107.68665462845217,13.31768998931367,136.9295238255453,-224.15668742922472,281.0163099545182,-306.32257609224683,46.504270144039936,14.164542969460754,71.87554880116923
2071,620.0470042636055,-27.370439236975745,-85.97324242612092,-179.03174230225963,197.16572214684578,-39.36389425184138,-26.416345055534705,18.17973316505015,28.18361988706595,160.85927644232143,-199.0554124905129,204.97101361049067,-288.2412114917577,-7.871684078638424,25.96853584492687,107.78581760444091
2072,872.4623460240889,-77.8458020928619,-131.0468575682245,-255.54151906027562,298.90490154507836,-88.24554860843571,-52.64863464948135,-139.75783368289675,29.986538984766867,167.04117238547275,-312.922874543683,346.92169722961137,-424.89074285289405,-9.567263942296156,-16.95733740729141,100.87300319115245
2073,529.5651641308325,-51.819621169664416,-11.045415622335236,-203.41151040159957,241.2340767846785,-54.529651542005084,-30.76721196490295,-85.80478867550121,49.275676820299054,136.2930771670116,-250.9063340935711,274.8592193970544,-296.26575895849015,-19.828311618780063,-10.261224816432792,82.25038360093662
2075,519.3978385253462,-50.37793059622809,48.42802259367741,-159.64088889637316,201.64544039423203,-52.66470275446675,-39.39006912574305,-51.97012338085949,9.143678420605475,65.84200490252891,-98.97489931463225,218.64998851480283,-112.43686333050051,-23.007665462144423,-30.6811957632588,17.25186839706909
2076,575.920284020829,-56.82989560831688,81.6111710373639,-167.9923923083554,193.11026337639458,-51.2218362927371,-32.211622751793854,-54.0749020564452,8.788420222782543,116.92077278607726,-315.13961678875285,251.66305740926427,-276.4515344685636,-8.296141866046106,-6.060155833681482,49.63039780267154
2077,844.2107340157908,-70.418412454614,-140.18252911379471,-246.33909182040603,285.81251213586796,-81.0112989473889,-52.434963943574736,-95.1765438816623,32.87168551093305,167.4672166926795,-303.6620592835492,329.9590324312669,-410.31988812362647,4.522144065283661,-5.093173128485896,107.38976880827947
2078,556.0208691761508,-35.848117297334475,-17.831116271104285,-163.1990873050828,188.41139203256668,-43.42139601021498,-15.511613136723671,-101.41245713751886,33.00126291359677,136.44092775788457,-226.3540050519882,215.8030875644532,-51.509394150472794,-37.965152295933834,-5.85239636123093,84.9521212011381
2079,508.6602533464734,-49.92236322361112,67.05844996440484,-155.3248173637928,198.5434566815433,-51.36087419244114,-43.61494807798481,-28.270255999364334,10.249357701073382,63.18393301126981,-95.40315054809909,218.58321513635377,-105.38061042121015,5.343409961283682,-19.504658301201502,19.327912266299098
2080,868.9351890881084,-78.9271270735387,-131.55824806335042,-254.87695346287336,298.1358113814525,-88.59127442290003,-52.97159182295055,-141.53003071302714,29.25814123997252,164.2433599051314,-312.52307625155237,347.79049066227054,-422.08258562918036,-9.179637392917915,-18.02902560995203,98.075473353594
2082,645.3524458168856,-60.94585934311483,104.79248411713189,-185.64311895959182,226.15773304453,-62.921853156444676,-44.784018928919,-77.30626924451752,13.301077568052774,130.4660126124822,-238.92720216342207,274.8531573735731,-293.78621536292553,58.495891322782576,19.105762086535638,68.90886562298014
2083,696.9277730222055,-62.717285155557434,10.510089095237872,-206.5164604349238,243.77481328923142,-68.99492193187437,-23.188560704790262,-196.02635564789142,8.25981649669843,143.99949972857533,-257.74107343486276,274.09129420676993,-330.2767706592539,-83.07125377548671,-36.249000361784454,58.63520162272155
2084,865.3415897210328,-77.67886255435586,-129.8604690703178,-253.48411525225924,296.77631791474994,-88.03696325809153,-52.385537030241004,-141.15584316199116,29.770612296187117,168.21361516411386,-311.3603559705116,344.95544878330696,-420.4853138487664,-9.162521027177611,-17.50989108724486,99.73204002589247
2085,872.36681602245,-78.49851682494733,-128.5774698734679,-255.56360187841793,299.0697261964305,-88.56805184625489,-52.802206626597375,-141.33571195148562,29.664121323941636,166.2756662165539,-315.5930223208309,348.1216430315446,-425.116797741777,-9.80035136772251,-17.726553536372588,99.81928665833955
2086,539.3377793058125,-47.3422284625975,-7.585470959044644,-135.0544041279811,243.5027352789696,-39.508716722613876,-19.209129550553047,-59.91423586848104,181.91822061665272,94.8407602123417,-179.44672939802737,239.90942619579346,-205.38078118252974,-11.082996592290385,-10.310414488433308,41.511943114986785
2087,553.7411296201459,-36.39502681362839,-20.517887116078878,-162.7117854266768,187.2970461321593,-43.422997505679405,-15.451057321182047,-102.05944218235261,32.57013104914654,135.43878778596675,-227.60447107853835,216.05103678276035,-51.807296350706096,-37.499492413341805,-5.88539106339035,83.8040799479415
2088,869.102329955069,-77.87380650660255,-130.0017353866328,-254.65723915370967,301.35731896311773,-88.14359889273726,-52.56108417557226,-141.10379516409157,30.17640843540794,165.48862753684688,-312.2277376637773,346.44681138491507,-422.99397417882363,-9.457065256638746,-17.468106045826207,99.33006995268211
2090,523.9731594012193,-47.009797160633475,-8.833773282635319,-167.19420732265402,228.8411278636163,-51.38156086120579,-28.880403441000897,-81.61495512075705,54.8024981852458,131.78046464854327,-241.26870429971092,260.4358995346483,-281.089249981747,-18.932816987779304,-8.915893103524143,81.53407533189294
2091,532.465311576316,-50.967735906854074,-9.701172119723859,-203.93796558092302,242.03158381191167,-54.33257460788674,-30.341388380879035,-86.15303776438499,50.18755753292672,138.69615548926126,-252.1860001652318,274.49574523877675,-294.7517182142544,-20.502468617915586,-9.735559694968941,84.76000105842344
2092,493.16433972636503,-28.37298694049215,-11.994548700687826,-148.00942832851663,155.49990778768986,-38.11864340763314,-24.358697931759075,-78.44338869048929,39.10581832795699,113.98643805412945,-186.3645219112394,176.79749734687232,-24.752659856111496,-44.59400916080204,-9.370015350557196,90.20072388348704
2093,872.36681602245,-78.49851682494733,-128.5774698734679,-255.56360187841793,299.0697261964305,-88.56805184625489,-52.802206626597375,-141.33571195148562,29.664121323941636,166.2756662165539,-315.5930223208309,348.1216430315446,-425.116797741777,-9.80035136772251,-17.726553536372588,99.81928665833955
2094,757.3847966057391,-67.1923903694755,-28.27559914103405,-224.09373116843915,262.15448790720967,-76.54063233663071,-28.11296779179094,-210.1206364960985,12.650038338641291,154.6259449512143,-258.39699915272354,294.47312482623295,-356.4238706527459,-78.33844215012591,-36.48105123491468,70.40254268966366
2095,672.1840882839282,-63.04572590888782,89.01689556491789,-194.15949895777464,236.6523546911639,-67.2551751725833,-43.55498602523976,-108.33363967328593,12.886558124863436,135.92738385362748,-225.4071534557749,281.26425917282535,-306.6204782924802,46.969930026631964,14.131548267301335,70.72750754797262
2096,620.0470042636055,-27.370439236975745,-85.97324242612092,-179.03174230225963,197.16572214684578,-39.36389425184138,-26.416345055534705,18.17973316505015,28.18361988706595,160.85927644232143,-199.0554124905129,204.97101361049067,-288.2412114917577,-7.871684078638424,25.96853584492687,107.78581760444091
2097,519.4536389503763,-33.38576254348041,-8.697246438760114,-153.30165478190565,179.58720100909414,-39.717437272234456,-18.632711623100697,-69.99611374234742,33.21267775879202,121.35227061058576,-200.763759450308,205.04433595337156,-10.237640678613838,-25.777206405152306,-3.830595498643744,76.92015787682747
2098,421.8186684645565,-33.89656900874063,13.936000718696071,-124.87814267939711,152.77905426399184,130.01743715618133,-20.865385815897138,-37.41259596039318,19.32490894287805,86.53663713126939,-177.0466948174374,179.23083415377158,-192.80577843703216,-17.104023159780635,3.82758381712668,50.34758697043399
2099,675.6157152182699,-62.61711566029645,91.9976737548004,-194.8461473733192,237.5862695061419,-67.23195259593817,-43.38560082888658,-108.13932091174443,13.292538208832552,137.95969016504995,-228.47709952505338,281.59541154209944,-309.65469040507685,46.34921605182737,14.434020340880778,72.47132085271816
2100,872.4623460240889,-77.8458020928619,-131.0468575682245,-255.54151906027562,298.90490154507836,-88.24554860843571,-52.64863464948135,-139.75783368289675,29.986538984766867,167.04117238547275,-312.922874543683,346.92169722961137,-424.89074285289405,-9.567263942296156,-16.95733740729141,100.87300319115245
2101,650.3707714139153,-54.69230699491102,79.08373274374964,-186.52200550296618,225.48995220028345,-60.10837174913959,-42.901510437050185,-65.0181913803145,16.501763637950067,139.79759176248186,-215.06908501435194,264.0491161999162,-296.1114168598584,59.472549366959264,26.57327883705998,80.338471320477
2102,377.8562505503274,-52.29428238247036,39.02820136080473,-117.51182201360594,138.09458359216438,-53.42456067073591,-13.69557217644967,147.15617437936217,2.9960998893164024,49.31681693091596,-152.3428532361917,171.44773369204094,-176.53003899703276,-57.47937823872432,-49.51122333020642,16.999482294829395
2103,522.720735146212,-51.64381413945006,46.60848000208175,-160.7541203808033,203.13898979087125,-53.1967694383751,-39.77002729945887,-52.297735496475894,8.532688640275314,65.39187026937405,-101.09786616799481,221.8272837812838,-112.61422355082672,-27.074636586166804,-30.518912028611883,15.725269733430233
2104,872.36681602245,-78.49851682494733,-128.5774698734679,-255.56360187841793,299.0697261964305,-88.56805184625489,-52.802206626597375,-141.33571195148562,29.664121323941636,166.2756662165539,-315.5930223208309,348.1216430315446,-425.116797741777,-9.80035136772251,-17.726553536372588,99.81928665833955
2105,668.8611916630624,-61.77984236566585,90.83643815651355,-193.0462674733445,235.15880529452468,-66.72310848867494,-43.175027851523936,-108.00602755766953,13.497547905193597,136.37751848678235,-223.28418660241232,278.0869639063444,-306.44311807215394,51.03690115065434,13.969264532654421,72.25410621161149
2106,555.336622829465,-50.19357998738821,-6.05237740567498,-145.621536060624,211.59512877290493,-43.86140747876032,-20.567766713757965,-68.15524300892565,211.28348075439135,100.6423108864596,-187.25770048932856,242.53758442154947,-220.8585553337031,-14.682807502741621,-12.123071919713544,48.2381896047041
2107,298.83843802188903,-18.902082712839917,-7.236376610758663,-91.65245446538678,117.85559884502612,-25.240675948067047,179.92413236852917,-18.83846871485772,29.536111081104643,53.13414377626288,-90.13114091090297,129.57539358847794,-119.56803776825664,1.9069467747212143,-1.8527499947879569,39.75369350844221
2108,634.9854594118539,-59.88116593379193,102.14641801296058,-183.8490001253446,227.78161281339462,-63.11644288707092,-46.85348803597217,-73.23227269488727,13.527443592382832,121.19451555694017,-200.04349330096426,269.64124308534207,-263.7971865474558,59.891378152695715,16.68046574375543,63.54691715903969
2109,344.7152985505034,-39.42143477778857,-6.645535332529861,-116.12679177860966,126.35029870567443,-26.097242271631664,-21.46773043789754,-38.48065314279197,40.31173026805917,76.96129228457251,-121.58643255137413,314.3295281737201,-167.73503747278613,-20.934981545468023,-28.913642520464666,10.659992821311846
2110,369.6004879699936,-29.400838084120956,0.04695154397325963,-110.74476075257652,137.2360965937103,168.01510403901514,-18.68196693856016,-39.93112888968923,20.14808981519227,73.19923613017566,-138.04019594791393,158.16001382916363,-165.01673914632804,-16.35476727897884,-0.6071563192789466,44.60088891532502
2111,805.6746785886046,-80.60695194303722,-146.7206995782185,-238.78707312167523,280.40920326629674,-84.04410413851429,-55.42341322724161,-112.66659739557203,26.09999517445588,138.70205320955904,-296.2987917051898,336.97213511122953,-380.1154923235356,8.741695670149829,-15.551607664545747,78.9252537270377
2112,847.1218722180955,-70.5737081595619,-141.49141088451867,-247.2394600080649,286.97340889057205,-81.44447099945633,-52.31811623476098,-98.21458242005575,32.87334675305914,168.11356781398578,-302.1850078101294,330.5753476893615,-411.5735241965586,3.3229819474093976,-5.587295040193384,107.68643712609837
2113,847.1218722180955,-70.5737081595619,-141.49141088451867,-247.2394600080649,286.97340889057205,-81.44447099945633,-52.31811623476098,-98.21458242005575,32.87334675305914,168.11356781398578,-302.1850078101294,330.5753476893615,-411.5735241965586,3.3229819474093976,-5.587295040193384,107.68643712609837
2114,872.4623460240889,-77.8458020928619,-131.0468575682245,-255.54151906027562,298.90490154507836,-88.24554860843571,-52.64863464948135,-139.75783368289675,29.986538984766867,167.04117238547275,-312.922874543683,346.92169722961137,-424.89074285289405,-9.567263942296156,-16.95733740729141,100.87300319115245
2115,489.4092303024009,-38.36705524314487,-35.58705420524136,-146.39334337030286,165.8764299938026,-38.82417333739171,-17.9700513510217,-73.13702942839474,29.3603646905529,109.8736016744667,-210.70197182307203,208.09779691526103,-9.78286437560705,-19.890163083565977,-4.00812939898529,64.33698656837689
2116,526.2552821912352,-49.360557078375756,-4.838689022102188,-131.69612941385344,205.13802324561846,-38.43037207956078,-19.42733038843136,-58.90421377871758,181.52910769728211,95.63583714313542,-171.13555339867193,268.9025510445172,-204.96027248370078,-14.7799639172811,-15.213592960260357,41.87503917519351
2117,847.1218722180955,-70.5737081595619,-141.49141088451867,-247.2394600080649,286.97340889057205,-81.44447099945633,-52.31811623476098,-98.21458242005575,32.87334675305914,168.11356781398578,-302.1850078101294,330.5753476893615,-411.5735241965586,3.3229819474093976,-5.587295040193384,107.68643712609837
2118,376.11440086754874,-51.531828682698716,36.00465269969931,-117.02097816106279,137.079060557377,-52.79926823705187,-13.236360012923228,149.402104448195,3.2062883799687545,49.70177916765443,-151.50693180911682,169.63814996985806,-175.75597332614677,-58.88223623776652,-49.36553903562348,17.548926122900394
2119,339.90163753506386,100.48553474141511,0.384322656809041,-100.59135120373453,128.2522134635512,-27.149810446458606,-16.689108776436097,-47.738164450497386,19.4422116251275,65.81059615585659,-122.20782929217583,215.97545944882276,-146.56056371040802,-14.517363058018812,-17.540908346785432,27.731804605631968
2120,524.4136438787322,-47.418724977501746,-9.34842250956333,-201.60345380922442,239.48739276517657,-53.875517203129185,-30.139066977416483,-85.03535603810606,49.53341129452277,136.38481524732663,-248.8422634325714,270.42694779610207,-295.01049612099683,-19.942037265449315,-9.841148276087079,82.97281400536299
2121,531.8449036868374,-51.27271165337051,-8.358644777360647,-203.89881228000556,242.3484226850859,-54.528050046540656,-30.82776778044457,-85.15780363066746,49.70680868474929,137.29521713892942,-249.65586806702092,274.61127017874725,-295.96785675825686,-20.293971501372088,-10.228230114273373,83.39842485413321
2122,588.6307259078919,-53.356969321433205,-6.165065322519933,-156.86029638993935,236.88421274077655,-46.281785017157546,-22.057889074504182,-73.55192357975149,187.22289298172063,112.46032547690199,-206.56488573003588,267.8013260381665,-240.95643562775805,-15.999114212814185,-12.810917889211884,56.861918416036694
2123,175.6032116244218,-12.508537192878626,0.37939614770105745,94.4134782693397,67.06588001309059,-13.274615570944635,-8.368608787828647,-22.20847440465238,30.616731589103107,33.63507512583062,-60.64339951818895,76.309658273861,-73.12099870593262,-7.929909145081859,-4.515397809210765,21.358450218503116
2124,579.7415437113137,-53.088144455241675,-12.454522614134033,-217.41049550186108,242.19494535846704,-58.07515302393862,-32.29393894531203,-90.00278406919472,91.43848788944355,141.0417876496715,-263.8162914466019,280.5321634550367,-306.94312194994393,-19.499695810023947,-9.76225031415795,84.4274200528224
2125,754.6517900272162,-66.99095506534971,-28.0633299669278,-223.347561679952,264.57848846164165,-76.29003374058628,-28.128283728436564,-209.34615185827917,12.65642482144905,153.46813426068013,-256.8219944932878,293.49291970715507,-358.8492999466249,-77.94171301471123,-36.445796792252715,69.14752183126494
2126,637.8965976141586,-60.03646163873984,100.83753624223662,-184.74936831300346,228.94250956809876,-63.54961493913834,-46.73664032715841,-76.27031123328072,13.529104834508923,121.84086667824648,-198.56644182754454,270.25755834343664,-265.0508226203879,58.69221603482144,16.186343832047942,63.8435854768586
2127,847.1218722180955,-70.5737081595619,-141.49141088451867,-247.2394600080649,286.97340889057205,-81.44447099945633,-52.31811623476098,-98.21458242005575,32.87334675305914,168.11356781398578,-302.1850078101294,330.5753476893615,-411.5735241965586,3.3229819474093976,-5.587295040193384,107.68643712609837
2128,695.4522737271633,-62.56938531400697,10.42040637096052,-206.2862058090448,239.91047789406727,-69.06859801991368,-23.71348664940669,-196.23716201069414,8.262435515893594,143.37244589552535,-260.6656571532892,273.0053162634651,-329.39955774505563,-83.73112249347142,-36.77173237517212,59.14108419124347
2129,420.07681878177783,-33.134115308968994,10.91245205759065,-124.38729882685396,151.76353122920446,130.64272958986538,-20.406173652370697,-35.16666589156036,19.535097433530403,86.92159936800786,-176.21077339036256,177.42125043158873,-192.03171276614614,-18.50688115882283,3.9732681117096194,50.89703079850498
2130,195.68323349520017,-34.091970691175455,-4.958235987760232,-102.46052868329222,136.23426661803796,-30.66613546068206,-18.699814600281744,-47.42608481742383,-23.13321636559597,70.02617687460241,-122.03776371861879,151.11247669865693,-173.16478581645538,-15.877548013514302,-9.505738947538813,39.04732254806308
2131,618.9732457457181,-27.324882499714047,-84.11019968904819,-178.60013514900157,196.8555237755769,-39.233511395638814,-26.83883295075888,20.549719903199666,28.294187815112743,160.59346925319554,-198.6982376138596,204.96433627264574,-287.5355862008287,-5.036576536295613,27.0861895911326,107.9934219913639
2132,650.1534881565868,-56.746160674539105,2.318266423750427,-194.26958172004228,259.44150051238495,-65.83813273279922,-21.667104344977798,-195.8883243787116,5.472974055144894,137.43788955970945,-216.76022108876003,251.52292792254136,-309.9692765183639,-82.10631517893978,-34.97567819472119,60.81841380208687
2134,718.5660559337612,-64.43938515076431,17.475964271890746,-212.11043350364054,249.99420435689683,-72.44726684404058,-26.48608501991952,-202.938790437725,8.869821086960929,148.59197773008634,-242.76409459118577,281.8625050558956,-337.87970204223825,-67.055085641885,-30.272129507348414,64.1671453757981
2135,531.8449036868374,-51.27271165337051,-8.358644777360647,-203.89881228000556,242.3484226850859,-54.528050046540656,-30.82776778044457,-85.15780363066746,49.70680868474929,137.29521713892942,-249.65586806702092,274.61127017874725,-295.96785675825686,-20.293971501372088,-10.228230114273373,83.39842485413321
2136,339.90163753506386,100.48553474141511,0.384322656809041,-100.59135120373453,128.2522134635512,-27.149810446458606,-16.689108776436097,-47.738164450497386,19.4422116251275,65.81059615585659,-122.20782929217583,215.97545944882276,-146.56056371040802,-14.517363058018812,-17.540908346785432,27.731804605631968
2137,569.4368162563553,-56.606746567134515,82.14196475308498,-166.18479706474685,191.02539667011825,-50.89588422452668,-32.01082772847834,-47.19325208414736,8.69114704946077,115.00376747788633,-313.00103121863987,249.5644968076321,-273.32318314842007,-7.810157541578553,-6.332701979928958,48.77781362790571
2138,380.2284849729154,-69.86099850721992,-96.9780808681927,-127.12259563555935,132.8700972882068,-45.558610430805814,-37.00814828576249,-38.68556211832084,-8.795894473878219,16.741978865881414,-148.99981467776402,212.98950101740803,-113.86602366185774,8.1835128182835,-20.05621401172809,-31.63021292259701
2139,529.7566398290593,-49.52341010268431,-5.109994311849943,-133.4470842000028,206.38392082105204,-38.93877648150405,-19.634835165497876,-59.4379346908775,185.21604676248245,96.15952300891932,-172.99105136875926,267.3849728136944,-206.83777563419443,-14.658455270707693,-15.913158493634912,40.066378670707
2140,865.1875381789222,-77.76691181672817,-129.9814540891083,-253.54155368148224,296.5975762690517,-87.94649546683571,-49.29176527119936,-141.04139724723913,29.640753719731887,164.67621779664475,-310.90965070387875,344.9207571631079,-421.5901424547578,-9.739019565961438,-17.76279140929066,99.3315322242192
2141,629.7066569846339,-57.863001555837535,-31.916234889561455,-160.94913262009194,241.43048278450826,-51.048358066502225,-26.560077084450487,-75.55319995280949,181.19195782674035,112.17978154151642,-212.18049702698804,276.0593681624741,-255.18154609943443,-9.386316942352538,-13.091685824365356,56.916430380104465
2142,442.6802421452191,-39.56688083041127,-10.320227857435606,-171.73385289835386,140.76378840369216,-47.985691320066,-25.93475616374514,-68.10975543394572,187.27858694981174,94.8524151954903,-185.62302381023872,177.73429236525362,-227.51424562078657,-14.722751896107386,-6.66194508158147,51.43797424810679
2143,392.5633206366876,-27.039484836291507,-7.689336377234514,-118.85457011439668,151.71391573847708,-35.166403883513816,149.49863725808464,-51.86768643701078,29.763031940253278,73.99269076850798,-117.5109707292749,164.5465189853535,-163.84429608075075,-10.63666061987107,-6.467828255600182,47.11016659371428
2144,575.8566544589269,-52.22043816659122,-10.770979524815418,-216.6888942156152,241.92012427517867,-57.66720147365491,-31.89524560673002,-89.69647771724905,91.03623585912885,142.1244735572599,-262.85176477306806,278.7892588317217,-307.9057667970063,-19.987978736397626,-9.41332895957483,85.9328894934372
2145,396.54324564491475,-26.26106484360364,33.656907848674514,-135.44839756380352,84.48713688226324,-45.482366734588254,-68.53621383280802,-95.00784327588768,38.51660074024216,30.9755577306954,-30.33739819185728,81.53388103831148,-188.77154233291475,-120.14341891475148,-57.290007380101486,84.37618577621554
2146,847.1218722180955,-70.5737081595619,-141.49141088451867,-247.2394600080649,286.97340889057205,-81.44447099945633,-52.31811623476098,-98.21458242005575,32.87334675305914,168.11356781398578,-302.1850078101294,330.5753476893615,-411.5735241965586,3.3229819474093976,-5.587295040193384,107.68643712609837
2147,401.57997816463296,-27.880828812196885,-5.7311911952453185,-121.3453793457332,155.0367640492912,-36.09074945879785,145.68255571627623,-52.83005294150122,29.898628714635905,75.97268312059748,-120.36011599615401,168.3570427740398,-167.91896214977305,-9.062046997163593,-5.808058548183867,48.102193732576524
2148,339.90163753506386,100.48553474141511,0.384322656809041,-100.59135120373453,128.2522134635512,-27.149810446458606,-16.689108776436097,-47.738164450497386,19.4422116251275,65.81059615585659,-122.20782929217583,215.97545944882276,-146.56056371040802,-14.517363058018812,-17.540908346785432,27.731804605631968
2149,381.82573545781474,-26.583917463674542,10.941090993492898,-114.53849858181637,148.61193202578832,-33.862575321488215,145.27375830584288,-28.167819055515636,30.86871122072118,71.33461887724887,-113.9392219627418,164.47974560690443,-156.78804317146037,17.71441480355703,4.708709206457117,49.18621046294429
2150,639.3250553516946,-60.3325536025982,103.68250724639942,-183.8204172997947,223.50515203172174,-62.278675695844804,-41.04363656162618,-77.4646208235633,13.252558183361907,129.89673053207773,-238.56424264229858,272.2313730927176,-293.5916743887363,58.40216903233108,19.33900158503759,69.01688324040875
2151,383.5116090691845,-73.202339504865,-91.88315512845371,-128.15317076175168,137.46293167823177,-47.91286872041606,-35.67091683981935,-60.829941717979246,-7.135869800467667,15.50825033332535,-163.46692042864333,223.38664175949336,-75.38190930618039,7.557788580140629,-24.712705110131278,-34.19038925157583
2152,545.680544442459,-47.06891391895404,-5.913574539886072,-136.64142073118452,245.59754684865172,-39.91866619803618,-18.92289664538611,-62.757955645333006,182.3258619427479,97.51941764507049,-181.03962399388612,240.856893823162,-209.66862936805856,-12.902872684969243,-10.502064326561353,43.55242473755123
2153,805.6833283480534,-78.25635443256036,-146.54444455577539,-238.73405358305962,277.3527021411261,-84.16417745804921,-55.45684164278335,-113.03583208396022,25.734094498430622,138.75691914927293,-296.32043452066586,337.9246803598841,-380.2969932946685,8.56079473564176,-15.858856607933065,79.26493222579863
2154,529.7409547572419,-48.4157030922514,-9.31264792317447,-203.13877655382026,241.3990832411731,-54.202049331377246,-30.390132733066398,-85.74778781495384,49.82804333970921,137.59321073844097,-250.63263832127208,274.4680853683535,-297.3586484792663,-20.28664041700896,-10.007554195694286,83.84465869878565
2155,548.0896097415377,-49.70577752411348,-6.074476722410328,-143.58624343308102,209.02781676168715,-42.9521285892733,-20.510664597095207,-64.82630824663539,211.74248633065457,99.18504166951863,-184.691252596591,243.11155320036718,-217.42475702836327,-13.452363007075517,-11.970658798460898,47.135430828219434
2156,443.68915746458066,-81.43668827081574,-111.54276718241539,-145.80346243214706,158.71121396555355,-56.650184975056405,-42.564203728994656,-70.43011834146886,-8.236267352651442,20.96865242525412,-179.06549788398388,248.4106852434514,-147.83335030607032,11.509643390273595,-27.615874288104276,-32.090674273480765
2157,265.5208734157575,-15.957533912760415,10.975660487221417,-86.1311423473111,292.99711524094107,-24.52925805662385,-16.4029013911986,-39.88521689597574,0.855077134416167,66.59898276343696,-87.2694804535318,104.55418248493399,-134.85154858976688,-22.86133858408317,-5.1698101576430915,45.644117543508024
2158,580.4908946894647,-54.15485944716429,63.04161494663869,-170.44871338995299,194.28244197589578,-51.78811316871258,-27.895897472882478,-74.874048800541,7.827466135629595,118.20032081603692,-316.84477518712816,250.39122913164388,-280.3128287131013,-35.28566999502427,-16.791372836872235,47.10814740872611
2159,336.43941709310764,-70.7073472439857,-86.21828771484043,-115.7633663372949,121.91358111481935,-43.85645310609845,-35.79413612391353,-51.30063925471384,-7.88148230019412,2.012313075503193,-137.6829927958282,239.5732984561191,-94.26424002986988,8.054473701866463,-30.390845303317885,-51.11010559339701
2160,575.8566544589269,-52.22043816659122,-10.770979524815418,-216.6888942156152,241.92012427517867,-57.66720147365491,-31.89524560673002,-89.69647771724905,91.03623585912885,142.1244735572599,-262.85176477306806,278.7892588317217,-307.9057667970063,-19.987978736397626,-9.41332895957483,85.9328894934372
2161,530.6979128364937,-51.07876720957169,-9.502783232196501,-204.08980762537982,241.05534255876898,-54.47625013991473,-30.521191324361848,-85.91828186292491,53.08970589689881,137.850634122866,-251.23280315534024,273.68360917953765,-298.2961401046979,-20.28373296427813,-9.86240601162219,83.97355668674001
2162,529.5651641308325,-51.819621169664416,-11.045415622335236,-203.41151040159957,241.2340767846785,-54.529651542005084,-30.76721196490295,-85.80478867550121,49.275676820299054,136.2930771670116,-250.9063340935711,274.8592193970544,-296.26575895849015,-19.828311618780063,-10.261224816432792,82.25038360093662
2163,571.8572584401873,-56.556300635666425,82.62604546317993,-166.89267758355794,192.12979770711985,-50.81028532185037,-32.558411472502414,-50.58419723475948,8.811910761137572,115.24425532526628,-312.29625616634394,250.46764056358853,-271.8657840828015,-6.94192565595927,-5.835511293394015,48.73795743330369
2164,717.4141685554243,-64.32108588306177,17.181956926982824,-211.91108696650195,250.17463544232623,-72.46888792522128,-26.71602603181432,-202.48612415443276,8.894972867442048,147.56181139058165,-238.44368249535714,281.28340346831436,-334.5475877294083,-66.90003154967243,-30.541606878768437,63.57137332424916
2165,529.5651641308325,-51.819621169664416,-11.045415622335236,-203.41151040159957,241.2340767846785,-54.529651542005084,-30.76721196490295,-85.80478867550121,49.275676820299054,136.2930771670116,-250.9063340935711,274.8592193970544,-296.26575895849015,-19.828311618780063,-10.261224816432792,82.25038360093662
2166,620.0470042636055,-27.370439236975745,-85.97324242612092,-179.03174230225963,197.16572214684578,-39.36389425184138,-26.416345055534705,18.17973316505015,28.18361988706595,160.85927644232143,-199.0554124905129,204.97101361049067,-288.2412114917577,-7.871684078638424,25.96853584492687,107.78581760444091
2168,193.9272453678001,-32.99280306587915,-2.994482712977833,-101.78497685143772,138.87853959365648,-30.25450974919118,-18.323607504203775,-47.127966070200536,-22.965914731652866,71.28556390794957,-120.85651872258897,148.9583454828202,-173.9011650804674,-16.53103406000268,-9.11244309164823,40.91010812970521
2169,623.7626111549196,-58.3263247549666,-2.4622619104011,-192.4339634170191,231.68745430656776,-65.14763219548855,-20.8954792825019,-194.90647974384987,0.17749535386038587,134.5032956902346,-217.3963460067387,253.3507242808796,-309.561098003911,-81.74694329117757,-35.784507551747694,56.25176298141434
2171,647.4596332116106,-54.53701128996311,80.39261451447359,-185.6216373153073,224.3290554455793,-59.67519969707217,-43.01835814586394,-61.98015284192105,16.500102395823976,139.15124064117555,-216.54613648777166,263.4328009418217,-294.8577807869263,60.67171148483354,27.06740074876747,80.04180300265809
2172,394.3926677100845,-53.28193309164625,44.015650057943915,-121.73067132321356,145.75086904308168,-56.14966343351962,-16.4463338541434,141.14370817716662,4.006162420872326,52.74171232053953,-135.8348160855343,176.93447497428747,-181.4621360350607,-42.7558694185074,-43.89943681972225,21.537936637506597
2173,847.1218722180955,-70.5737081595619,-141.49141088451867,-247.2394600080649,286.97340889057205,-81.44447099945633,-52.31811623476098,-98.21458242005575,32.87334675305914,168.11356781398578,-302.1850078101294,330.5753476893615,-411.5735241965586,3.3229819474093976,-5.587295040193384,107.68643712609837
2174,553.4560167063224,-50.042379504343444,-6.192910226379309,-145.83669271413237,211.85049137410044,-43.64009435508739,-20.756991214458424,-65.96468447657998,212.28380972762884,100.70301186862945,-187.9219934793097,242.94088073832586,-220.61087632378752,-13.449983426568087,-11.60138787372473,48.7832539490763
2175,868.9351890881084,-78.9271270735387,-131.55824806335042,-254.87695346287336,298.1358113814525,-88.59127442290003,-52.97159182295055,-141.53003071302714,29.25814123997252,164.2433599051314,-312.52307625155237,347.79049066227054,-422.08258562918036,-9.179637392917915,-18.02902560995203,98.075473353594
2177,553.4560167063224,-50.042379504343444,-6.192910226379309,-145.83669271413237,211.85049137410044,-43.64009435508739,-20.756991214458424,-65.96468447657998,212.28380972762884,100.70301186862945,-187.9219934793097,242.94088073832586,-220.61087632378752,-13.449983426568087,-11.60138787372473,48.7832539490763
2178,695.2559114122392,-61.94988775669487,-2.8835823499208693,-201.24367207236017,246.1020871746103,-67.83140259640244,-21.38691796999061,-199.06818813192857,41.52917708589501,141.39600630744752,-231.85769035691376,274.1565246753849,-319.96382622835466,-81.36628180675272,-36.47293829289257,59.16745507590723
2179,872.4623460240889,-77.8458020928619,-131.0468575682245,-255.54151906027562,298.90490154507836,-88.24554860843571,-52.64863464948135,-139.75783368289675,29.986538984766867,167.04117238547275,-312.922874543683,346.92169722961137,-424.89074285289405,-9.567263942296156,-16.95733740729141,100.87300319115245
2181,645.3524458168856,-60.94585934311483,104.79248411713189,-185.64311895959182,226.15773304453,-62.921853156444676,-44.784018928919,-77.30626924451752,13.301077568052774,130.4660126124822,-238.92720216342207,274.8531573735731,-293.78621536292553,58.495891322782576,19.105762086535638,68.90886562298014
2182,620.0470042636055,-27.370439236975745,-85.97324242612092,-179.03174230225963,197.16572214684578,-39.36389425184138,-26.416345055534705,18.17973316505015,28.18361988706595,160.85927644232143,-199.0554124905129,204.97101361049067,-288.2412114917577,-7.871684078638424,25.96853584492687,107.78581760444091
2183,342.6845488550013,96.98834553365371,0.5012672239236248,-101.32675023374057,128.57426568171002,-27.242138981300876,-16.863728346314943,-48.08736936315631,19.311567162303206,66.75272916561207,-122.74287104485734,220.74969906308118,-147.96870454361547,-14.980567403421036,-16.86260054894599,30.541207791495484
2184,342.44603319018313,-17.791416247166676,-5.313963435369518,-104.36464325494302,316.08649948280566,-23.087265309748734,-15.03087933918604,-34.760544827484445,30.893699594108668,66.03420669817034,-122.70573678372183,136.97226002418316,-141.85192001501807,-7.8190112733812205,1.535138171766456,21.316558241346886
2185,620.0470042636055,-27.370439236975745,-85.97324242612092,-179.03174230225963,197.16572214684578,-39.36389425184138,-26.416345055534705,18.17973316505015,28.18361988706595,160.85927644232143,-199.0554124905129,204.97101361049067,-288.2412114917577,-7.871684078638424,25.96853584492687,107.78581760444091
